fragmento_id,review_id,topico,topico_sin_reduccion
ChZDSUhNMG9nS0VJQ0FnSUM5aHFMOElnEAE_01,ChZDSUhNMG9nS0VJQ0FnSUM5aHFMOElnEAE,13,15
ChZDSUhNMG9nS0VJQ0FnSUM5aHFMOElnEAE_02,ChZDSUhNMG9nS0VJQ0FnSUM5aHFMOElnEAE,-1,-1
ChZDSUhNMG9nS0VJQ0FnSURqcXJXS1lnEAE_01,ChZDSUhNMG9nS0VJQ0FnSURqcXJXS1lnEAE,3,-1
ChZDSUhNMG9nS0VJQ0FnSURqcXJXS1lnEAE_02,ChZDSUhNMG9nS0VJQ0FnSURqcXJXS1lnEAE,-1,-1
ChZDSUhNMG9nS0VJQ0FnSUNUM192REl3EAE_01,ChZDSUhNMG9nS0VJQ0FnSUNUM192REl3EAE,3,3
ChdDSUhNMG9nS0VJQ0FnSUN1bEotdG13RRAB_01,ChdDSUhNMG9nS0VJQ0FnSUN1bEotdG13RRAB,9,9
ChZDSUhNMG9nS0VJQ0FnSURiM1o2UWJ3EAE_01,ChZDSUhNMG9nS0VJQ0FnSURiM1o2UWJ3EAE,14,13
ChZDSUhNMG9nS0VJQ0FnSURiM1o2UWJ3EAE_02,ChZDSUhNMG9nS0VJQ0FnSURiM1o2UWJ3EAE,-1,-1
ChZDSUhNMG9nS0VJQ0FnSURYdjk3SlBnEAE_01,ChZDSUhNMG9nS0VJQ0FnSURYdjk3SlBnEAE,4,5
ChZDSUhNMG9nS0VJQ0FnSUNmb2Jlb1lBEAE_01,ChZDSUhNMG9nS0VJQ0FnSUNmb2Jlb1lBEAE,9,9
ChZDSUhNMG9nS0VJQ0FnSUNmb2Jlb1lBEAE_02,ChZDSUhNMG9nS0VJQ0FnSUNmb2Jlb1lBEAE,32,-1
ChZDSUhNMG9nS0VJQ0FnSUNmb2Jlb1lBEAE_03,ChZDSUhNMG9nS0VJQ0FnSUNmb2Jlb1lBEAE,40,41
ChZDSUhNMG9nS0VJQ0FnSUNmb2Jlb1lBEAE_04,ChZDSUhNMG9nS0VJQ0FnSUNmb2Jlb1lBEAE,1,0
ChZDSUhNMG9nS0VJQ0FnSUNmb2Jlb1lBEAE_05,ChZDSUhNMG9nS0VJQ0FnSUNmb2Jlb1lBEAE,8,8
ChZDSUhNMG9nS0VJQ0FnSUNmb2Jlb1lBEAE_06,ChZDSUhNMG9nS0VJQ0FnSUNmb2Jlb1lBEAE,14,13
ChZDSUhNMG9nS0VJQ0FnSUNmb2Jlb1lBEAE_07,ChZDSUhNMG9nS0VJQ0FnSUNmb2Jlb1lBEAE,2,2
ChZDSUhNMG9nS0VJQ0FnSUNma1p6RGVREAE_01,ChZDSUhNMG9nS0VJQ0FnSUNma1p6RGVREAE,36,37
ChdDSUhNMG9nS0VJQ0FnTUNnamRDRnZBRRAB_01,ChdDSUhNMG9nS0VJQ0FnTUNnamRDRnZBRRAB,6,6
ChZDSUhNMG9nS0VJQ0FnTUR3LWY2Qkh3EAE_01,ChZDSUhNMG9nS0VJQ0FnTUR3LWY2Qkh3EAE,11,12
ChZDSUhNMG9nS0VJQ0FnTUR3LWY2Qkh3EAE_02,ChZDSUhNMG9nS0VJQ0FnTUR3LWY2Qkh3EAE,-1,-1
ChZDSUhNMG9nS0VJQ0FnTUR3LWY2Qkh3EAE_03,ChZDSUhNMG9nS0VJQ0FnTUR3LWY2Qkh3EAE,6,-1
ChZDSUhNMG9nS0VJQ0FnTUR3LWY2Qkh3EAE_04,ChZDSUhNMG9nS0VJQ0FnTUR3LWY2Qkh3EAE,34,-1
Ci9DQUlRQUNvZENodHljRjlvT2tvMFpWVnhkMnRMYUVoUVZtaGlPVEpVTldkU1VWRRAB_01,Ci9DQUlRQUNvZENodHljRjlvT2tvMFpWVnhkMnRMYUVoUVZtaGlPVEpVTldkU1VWRRAB,6,6
Ci9DQUlRQUNvZENodHljRjlvT2xwYWR5MHpSMmxZVldRd2JURjJOV3RoYW5keFFYYxAB_01,Ci9DQUlRQUNvZENodHljRjlvT2xwYWR5MHpSMmxZVldRd2JURjJOV3RoYW5keFFYYxAB,1,0
ChdDSUhNMG9nS0VJQ0FnSUN6cHFIeW53RRAB_01,ChdDSUhNMG9nS0VJQ0FnSUN6cHFIeW53RRAB,3,3
ChZDSUhNMG9nS0VJQ0FnSURia2MzY2VBEAE_01,ChZDSUhNMG9nS0VJQ0FnSURia2MzY2VBEAE,26,26
ChZDSUhNMG9nS0VJQ0FnSURia2MzY2VBEAE_02,ChZDSUhNMG9nS0VJQ0FnSURia2MzY2VBEAE,36,37
ChdDSUhNMG9nS0VJQ0FnTUNBbTdYZzBBRRAB_01,ChdDSUhNMG9nS0VJQ0FnTUNBbTdYZzBBRRAB,7,7
ChdDSUhNMG9nS0VJQ0FnTUNBbTdYZzBBRRAB_02,ChdDSUhNMG9nS0VJQ0FnTUNBbTdYZzBBRRAB,5,-1
ChZDSUhNMG9nS0VJQ0FnTURvM2FUR0FREAE_01,ChZDSUhNMG9nS0VJQ0FnTURvM2FUR0FREAE,7,7
ChZDSUhNMG9nS0VJQ0FnTURvM2FUR0FREAE_02,ChZDSUhNMG9nS0VJQ0FnTURvM2FUR0FREAE,5,-1
ChdDSUhNMG9nS0VJQ0FnTURvM1otSW93RRAB_01,ChdDSUhNMG9nS0VJQ0FnTURvM1otSW93RRAB,3,3
ChdDSUhNMG9nS0VJQ0FnTURvM1otSW93RRAB_02,ChdDSUhNMG9nS0VJQ0FnTURvM1otSW93RRAB,31,27
ChdDSUhNMG9nS0VKSzhoTC1EZ1pMam9nRRAB_01,ChdDSUhNMG9nS0VKSzhoTC1EZ1pMam9nRRAB,7,7
ChdDSUhNMG9nS0VNYUE3b19faThxa3R3RRAB_01,ChdDSUhNMG9nS0VNYUE3b19faThxa3R3RRAB,12,-1
ChdDSUhNMG9nS0VNYUE3b19faThxa3R3RRAB_02,ChdDSUhNMG9nS0VNYUE3b19faThxa3R3RRAB,31,27
ChZDSUhNMG9nS0VQV0F3YjJiNTgtWlB3EAE_01,ChZDSUhNMG9nS0VQV0F3YjJiNTgtWlB3EAE,3,3
ChZDSUhNMG9nS0VQV0F3YjJiNTgtWlB3EAE_02,ChZDSUhNMG9nS0VQV0F3YjJiNTgtWlB3EAE,-1,-1
Ci9DQUlRQUNvZENodHljRjlvT2tKc2FXWllVRkZGZWtjM1FtSk1NVWxLYXpFME5IYxAB_01,Ci9DQUlRQUNvZENodHljRjlvT2tKc2FXWllVRkZGZWtjM1FtSk1NVWxLYXpFME5IYxAB,3,3
Ci9DQUlRQUNvZENodHljRjlvT2xSQldWcDRiVTEzU2w5UE1GOVdNMEpqV2pOeGMwRRAB_01,Ci9DQUlRQUNvZENodHljRjlvT2xSQldWcDRiVTEzU2w5UE1GOVdNMEpqV2pOeGMwRRAB,25,-1
Ci9DQUlRQUNvZENodHljRjlvT2xSQldWcDRiVTEzU2w5UE1GOVdNMEpqV2pOeGMwRRAB_02,Ci9DQUlRQUNvZENodHljRjlvT2xSQldWcDRiVTEzU2w5UE1GOVdNMEpqV2pOeGMwRRAB,39,38
Ci9DQUlRQUNvZENodHljRjlvT2t0eUxWaElTMU4xZUZKUk1XWktVamxmUVVKR1NXYxAB_01,Ci9DQUlRQUNvZENodHljRjlvT2t0eUxWaElTMU4xZUZKUk1XWktVamxmUVVKR1NXYxAB,8,8
Ci9DQUlRQUNvZENodHljRjlvT21WdFpXNXllalZLYzB4Rk5IQktOR2RHUjBaVlRGRRAB_01,Ci9DQUlRQUNvZENodHljRjlvT21WdFpXNXllalZLYzB4Rk5IQktOR2RHUjBaVlRGRRAB,34,34
Ci9DQUlRQUNvZENodHljRjlvT21WdFpXNXllalZLYzB4Rk5IQktOR2RHUjBaVlRGRRAB_02,Ci9DQUlRQUNvZENodHljRjlvT21WdFpXNXllalZLYzB4Rk5IQktOR2RHUjBaVlRGRRAB,-1,-1
Ci9DQUlRQUNvZENodHljRjlvT2pKMlRtRndkRGRGYVU1eGFFaEVObGsyY1ZWTWMyYxAB_01,Ci9DQUlRQUNvZENodHljRjlvT2pKMlRtRndkRGRGYVU1eGFFaEVObGsyY1ZWTWMyYxAB,9,9
Ci9DQUlRQUNvZENodHljRjlvT2pKMlRtRndkRGRGYVU1eGFFaEVObGsyY1ZWTWMyYxAB_02,Ci9DQUlRQUNvZENodHljRjlvT2pKMlRtRndkRGRGYVU1eGFFaEVObGsyY1ZWTWMyYxAB,32,32
Ci9DQUlRQUNvZENodHljRjlvT2tOWVNIcE5SRlZZWjBOWFEwTlRUMjVDWjBodmNrRRAB_01,Ci9DQUlRQUNvZENodHljRjlvT2tOWVNIcE5SRlZZWjBOWFEwTlRUMjVDWjBodmNrRRAB,13,-1
Ci9DQUlRQUNvZENodHljRjlvT25OdWJVNUdRVFIyYkUxVE5GOURUVlpHVms1T2FrRRAB_01,Ci9DQUlRQUNvZENodHljRjlvT25OdWJVNUdRVFIyYkUxVE5GOURUVlpHVms1T2FrRRAB,0,1
Ci9DQUlRQUNvZENodHljRjlvT25OdWJVNUdRVFIyYkUxVE5GOURUVlpHVms1T2FrRRAB_02,Ci9DQUlRQUNvZENodHljRjlvT25OdWJVNUdRVFIyYkUxVE5GOURUVlpHVms1T2FrRRAB,8,8
ChdDSUhNMG9nS0VJQ0FnSUQxOWRLOTFnRRAB_01,ChdDSUhNMG9nS0VJQ0FnSUQxOWRLOTFnRRAB,24,33
ChZDSUhNMG9nS0VJQ0FnSURlOUxld1JnEAE_01,ChZDSUhNMG9nS0VJQ0FnSURlOUxld1JnEAE,3,3
ChZDSUhNMG9nS0VJQ0FnSURlOUxld1JnEAE_02,ChZDSUhNMG9nS0VJQ0FnSURlOUxld1JnEAE,4,5
ChZDSUhNMG9nS0VJQ0FnSURlOUxld1JnEAE_03,ChZDSUhNMG9nS0VJQ0FnSURlOUxld1JnEAE,13,15
ChZDSUhNMG9nS0VJQ0FnSUREcXFuTFJREAE_01,ChZDSUhNMG9nS0VJQ0FnSUREcXFuTFJREAE,0,1
ChZDSUhNMG9nS0VJQ0FnSURqN0xhZVZ3EAE_01,ChZDSUhNMG9nS0VJQ0FnSURqN0xhZVZ3EAE,14,13
ChZDSUhNMG9nS0VJQ0FnSURqN0xhZVZ3EAE_02,ChZDSUhNMG9nS0VJQ0FnSURqN0xhZVZ3EAE,19,16
ChZDSUhNMG9nS0VJQ0FnSUNYLXBtZGZREAE_01,ChZDSUhNMG9nS0VJQ0FnSUNYLXBtZGZREAE,3,3
Ci9DQUlRQUNvZENodHljRjlvT2kxaU4ycERTMnh2WDFSVWIyaG1ZVkJZV20xaWRuYxAB_01,Ci9DQUlRQUNvZENodHljRjlvT2kxaU4ycERTMnh2WDFSVWIyaG1ZVkJZV20xaWRuYxAB,11,-1
Ci9DQUlRQUNvZENodHljRjlvT2kxaU4ycERTMnh2WDFSVWIyaG1ZVkJZV20xaWRuYxAB_02,Ci9DQUlRQUNvZENodHljRjlvT2kxaU4ycERTMnh2WDFSVWIyaG1ZVkJZV20xaWRuYxAB,-1,-1
Ci9DQUlRQUNvZENodHljRjlvT2xaNWFqRjBlWFZrTWtsNmRIQkRXVXhaV0ZRd1JFRRAB_01,Ci9DQUlRQUNvZENodHljRjlvT2xaNWFqRjBlWFZrTWtsNmRIQkRXVXhaV0ZRd1JFRRAB,13,-1
ChZDSUhNMG9nS0VJQ0FnSURMX3Zpc1NREAE_01,ChZDSUhNMG9nS0VJQ0FnSURMX3Zpc1NREAE,24,-1
ChZDSUhNMG9nS0VJQ0FnSURMX3Zpc1NREAE_02,ChZDSUhNMG9nS0VJQ0FnSURMX3Zpc1NREAE,4,5
ChZDSUhNMG9nS0VJQ0FnSURMX3Zpc1NREAE_03,ChZDSUhNMG9nS0VJQ0FnSURMX3Zpc1NREAE,0,1
ChZDSUhNMG9nS0VJQ0FnSURMX3Zpc1NREAE_04,ChZDSUhNMG9nS0VJQ0FnSURMX3Zpc1NREAE,-1,-1
ChZDSUhNMG9nS0VJQ0FnSURMX3Zpc1NREAE_05,ChZDSUhNMG9nS0VJQ0FnSURMX3Zpc1NREAE,19,16
ChdDSUhNMG9nS0VJQ0FnSUNyd0lHdzd3RRAB_01,ChdDSUhNMG9nS0VJQ0FnSUNyd0lHdzd3RRAB,23,-1
ChdDSUhNMG9nS0VJQ0FnSUNyd0lHdzd3RRAB_02,ChdDSUhNMG9nS0VJQ0FnSUNyd0lHdzd3RRAB,0,1
ChZDSUhNMG9nS0VJQ0FnSUNyd0tIZEdREAE_01,ChZDSUhNMG9nS0VJQ0FnSUNyd0tIZEdREAE,0,1
ChZDSUhNMG9nS0VJQ0FnSUNyd0tIZEdREAE_02,ChZDSUhNMG9nS0VJQ0FnSUNyd0tIZEdREAE,1,0
ChZDSUhNMG9nS0VJQ0FnSURQLVluM09nEAE_01,ChZDSUhNMG9nS0VJQ0FnSURQLVluM09nEAE,21,28
ChZDSUhNMG9nS0VJQ0FnSURQLVluM09nEAE_02,ChZDSUhNMG9nS0VJQ0FnSURQLVluM09nEAE,10,10
ChdDSUhNMG9nS0VJQ0FnSUN2bDRDT3JRRRAB_01,ChdDSUhNMG9nS0VJQ0FnSUN2bDRDT3JRRRAB,11,12
ChdDSUhNMG9nS0VJQ0FnSUN2bDRDT3JRRRAB_02,ChdDSUhNMG9nS0VJQ0FnSUN2bDRDT3JRRRAB,12,21
ChZDSUhNMG9nS0VJQ0FnSUR2dTdtdVFnEAE_01,ChZDSUhNMG9nS0VJQ0FnSUR2dTdtdVFnEAE,-1,-1
ChZDSUhNMG9nS0VJQ0FnSUNmbmJId1N3EAE_01,ChZDSUhNMG9nS0VJQ0FnSUNmbmJId1N3EAE,29,23
ChZDSUhNMG9nS0VJQ0FnSUR4enB2bVZ3EAE_01,ChZDSUhNMG9nS0VJQ0FnSUR4enB2bVZ3EAE,29,23
Ci9DQUlRQUNvZENodHljRjlvT2t4TFpIbDVObkpGV0daZmRVeEJRV1ZRWDJGTWVGRRAB_01,Ci9DQUlRQUNvZENodHljRjlvT2t4TFpIbDVObkpGV0daZmRVeEJRV1ZRWDJGTWVGRRAB,-1,-1
Ci9DQUlRQUNvZENodHljRjlvT2t4TFpIbDVObkpGV0daZmRVeEJRV1ZRWDJGTWVGRRAB_02,Ci9DQUlRQUNvZENodHljRjlvT2t4TFpIbDVObkpGV0daZmRVeEJRV1ZRWDJGTWVGRRAB,1,0
Ci9DQUlRQUNvZENodHljRjlvT2xacGRrZzROVlp0ZEMxS1dWTTVPVmsyY1dsTFRGRRAB_01,Ci9DQUlRQUNvZENodHljRjlvT2xacGRrZzROVlp0ZEMxS1dWTTVPVmsyY1dsTFRGRRAB,25,25
Ci9DQUlRQUNvZENodHljRjlvT2xacGRrZzROVlp0ZEMxS1dWTTVPVmsyY1dsTFRGRRAB_02,Ci9DQUlRQUNvZENodHljRjlvT2xacGRrZzROVlp0ZEMxS1dWTTVPVmsyY1dsTFRGRRAB,0,1
Ci9DQUlRQUNvZENodHljRjlvT2xCUFJWZHFXVWxFYW0wNWFsOXFMV3MzY1RSMVpIYxAB_01,Ci9DQUlRQUNvZENodHljRjlvT2xCUFJWZHFXVWxFYW0wNWFsOXFMV3MzY1RSMVpIYxAB,14,13
ChdDSUhNMG9nS0VJQ0FnSUNYakxpMnpRRRAB_01,ChdDSUhNMG9nS0VJQ0FnSUNYakxpMnpRRRAB,29,23
ChdDSUhNMG9nS0VJQ0FnSUNYakxpMnpRRRAB_02,ChdDSUhNMG9nS0VJQ0FnSUNYakxpMnpRRRAB,2,2
ChdDSUhNMG9nS0VJQ0FnSUN0eUxlampRRRAB_01,ChdDSUhNMG9nS0VJQ0FnSUN0eUxlampRRRAB,30,29
ChdDSUhNMG9nS0VJQ0FnSUN0eUxlampRRRAB_02,ChdDSUhNMG9nS0VJQ0FnSUN0eUxlampRRRAB,16,14
ChdDSUhNMG9nS0VJQ0FnSUN0OG9tbXRBRRAB_01,ChdDSUhNMG9nS0VJQ0FnSUN0OG9tbXRBRRAB,-1,-1
ChdDSUhNMG9nS0VJX0F3ZHl3c19HaTRnRRAB_01,ChdDSUhNMG9nS0VJX0F3ZHl3c19HaTRnRRAB,19,16
Ci9DQUlRQUNvZENodHljRjlvT2tkWU0xSjJXSHBGUkdkSU9VdFBSRzlLU1V4UlNtYxAB_01,Ci9DQUlRQUNvZENodHljRjlvT2tkWU0xSjJXSHBGUkdkSU9VdFBSRzlLU1V4UlNtYxAB,13,15
Ci9DQUlRQUNvZENodHljRjlvT2tkWU0xSjJXSHBGUkdkSU9VdFBSRzlLU1V4UlNtYxAB_02,Ci9DQUlRQUNvZENodHljRjlvT2tkWU0xSjJXSHBGUkdkSU9VdFBSRzlLU1V4UlNtYxAB,10,10
Ci9DQUlRQUNvZENodHljRjlvT2tkWU0xSjJXSHBGUkdkSU9VdFBSRzlLU1V4UlNtYxAB_03,Ci9DQUlRQUNvZENodHljRjlvT2tkWU0xSjJXSHBGUkdkSU9VdFBSRzlLU1V4UlNtYxAB,-1,-1
Ci9DQUlRQUNvZENodHljRjlvT2xreFVWZFpTSFpqYkRKQ1ZUSmZSblJpY1ZGUGVGRRAB_01,Ci9DQUlRQUNvZENodHljRjlvT2xreFVWZFpTSFpqYkRKQ1ZUSmZSblJpY1ZGUGVGRRAB,-1,-1
Ci9DQUlRQUNvZENodHljRjlvT21ObVptMTRiekJQVGs5RFFrMDVlak00VlZac2JYYxAB_01,Ci9DQUlRQUNvZENodHljRjlvT21ObVptMTRiekJQVGs5RFFrMDVlak00VlZac2JYYxAB,10,10
ChZDSUhNMG9nS0VJQ0FnSUN0eWRHc0V3EAE_01,ChZDSUhNMG9nS0VJQ0FnSUN0eWRHc0V3EAE,-1,-1
ChZDSUhNMG9nS0VJQ0FnSUNkeElHY1BBEAE_01,ChZDSUhNMG9nS0VJQ0FnSUNkeElHY1BBEAE,1,0
ChZDSUhNMG9nS0VJQ0FnSUNkeElHY1BBEAE_02,ChZDSUhNMG9nS0VJQ0FnSUNkeElHY1BBEAE,34,34
ChdDSUhNMG9nS0VJQ0FnSUREcFBuczBRRRAB_01,ChdDSUhNMG9nS0VJQ0FnSUREcFBuczBRRRAB,27,24
ChdDSUhNMG9nS0VJQ0FnSURCcGRTOXhnRRAB_01,ChdDSUhNMG9nS0VJQ0FnSURCcGRTOXhnRRAB,-1,-1
ChZDSUhNMG9nS0VJQ0FnSUREbHNIT2NnEAE_01,ChZDSUhNMG9nS0VJQ0FnSUREbHNIT2NnEAE,26,-1
ChdDSUhNMG9nS0VJQ0FnSUNucUxMTTBRRRAB_01,ChdDSUhNMG9nS0VJQ0FnSUNucUxMTTBRRRAB,0,-1
ChZDSUhNMG9nS0VJQ0FnSURYaDZEU0VREAE_01,ChZDSUhNMG9nS0VJQ0FnSURYaDZEU0VREAE,-1,-1
ChdDSUhNMG9nS0VJQ0FnSURQZzhMVWpBRRAB_01,ChdDSUhNMG9nS0VJQ0FnSURQZzhMVWpBRRAB,7,7
ChZDSUhNMG9nS0VJQ0FnSUR2aWNqX1lREAE_01,ChZDSUhNMG9nS0VJQ0FnSUR2aWNqX1lREAE,6,6
ChdDSUhNMG9nS0VJQ0FnSURmNmNXVDRBRRAB_01,ChdDSUhNMG9nS0VJQ0FnSURmNmNXVDRBRRAB,0,1
ChdDSUhNMG9nS0VJQ0FnSUNfck5tUjVRRRAB_01,ChdDSUhNMG9nS0VJQ0FnSUNfck5tUjVRRRAB,10,10
ChdDSUhNMG9nS0VJQ0FnSUNfck5tUjVRRRAB_02,ChdDSUhNMG9nS0VJQ0FnSUNfck5tUjVRRRAB,1,0
ChdDSUhNMG9nS0VJQ0FnSUNfck5tUjVRRRAB_03,ChdDSUhNMG9nS0VJQ0FnSUNfck5tUjVRRRAB,5,4
ChdDSUhNMG9nS0VJQ0FnSUNfck5tUjVRRRAB_04,ChdDSUhNMG9nS0VJQ0FnSUNfck5tUjVRRRAB,-1,-1
ChdDSUhNMG9nS0VJQ0FnSUNZc3FPdzBnRRAB_01,ChdDSUhNMG9nS0VJQ0FnSUNZc3FPdzBnRRAB,40,41
ChZDSUhNMG9nS0VJQ0FnTURnN2IzLUtnEAE_01,ChZDSUhNMG9nS0VJQ0FnTURnN2IzLUtnEAE,35,36
ChZDSUhNMG9nS0VJQ0FnTURnN2IzLUtnEAE_02,ChZDSUhNMG9nS0VJQ0FnTURnN2IzLUtnEAE,10,10
ChZDSUhNMG9nS0VJQ0FnTURnN2IzLUtnEAE_03,ChZDSUhNMG9nS0VJQ0FnTURnN2IzLUtnEAE,25,25
ChZDSUhNMG9nS0VJQ0FnTUNJOGRpd2NREAE_01,ChZDSUhNMG9nS0VJQ0FnTUNJOGRpd2NREAE,35,36
ChdDSUhNMG9nS0VLNlczOXlDODduRTdRRRAB_01,ChdDSUhNMG9nS0VLNlczOXlDODduRTdRRRAB,6,6
ChdDSUhNMG9nS0VLNlczOXlDODduRTdRRRAB_02,ChdDSUhNMG9nS0VLNlczOXlDODduRTdRRRAB,13,15
ChdDSUhNMG9nS0VLNlczOXlDODduRTdRRRAB_03,ChdDSUhNMG9nS0VLNlczOXlDODduRTdRRRAB,5,4
Ci9DQUlRQUNvZENodHljRjlvT2pWc1JXVm5ORXRHY1VZMVYzTldjbVZUUlZkeVZVRRAB_01,Ci9DQUlRQUNvZENodHljRjlvT2pWc1JXVm5ORXRHY1VZMVYzTldjbVZUUlZkeVZVRRAB,14,13
ChdDSUhNMG9nS0VJQ0FnSURRNjdYWDF3RRAB_01,ChdDSUhNMG9nS0VJQ0FnSURRNjdYWDF3RRAB,35,36
ChdDSUhNMG9nS0VJQ0FnSURRNjdYWDF3RRAB_02,ChdDSUhNMG9nS0VJQ0FnSURRNjdYWDF3RRAB,26,26
ChdDSUhNMG9nS0VJQ0FnSURRNjdYWDF3RRAB_03,ChdDSUhNMG9nS0VJQ0FnSURRNjdYWDF3RRAB,-1,-1
Ci9DQUlRQUNvZENodHljRjlvT2tkWWRXaG9Sa3hFUlhaRGEwVnFNR2RHV0UxWE4yYxAB_01,Ci9DQUlRQUNvZENodHljRjlvT2tkWWRXaG9Sa3hFUlhaRGEwVnFNR2RHV0UxWE4yYxAB,-1,-1
Ci9DQUlRQUNvZENodHljRjlvT2tkWWRXaG9Sa3hFUlhaRGEwVnFNR2RHV0UxWE4yYxAB_02,Ci9DQUlRQUNvZENodHljRjlvT2tkWWRXaG9Sa3hFUlhaRGEwVnFNR2RHV0UxWE4yYxAB,35,36
Ci9DQUlRQUNvZENodHljRjlvT2tkWWRXaG9Sa3hFUlhaRGEwVnFNR2RHV0UxWE4yYxAB_03,Ci9DQUlRQUNvZENodHljRjlvT2tkWWRXaG9Sa3hFUlhaRGEwVnFNR2RHV0UxWE4yYxAB,-1,-1
Ci9DQUlRQUNvZENodHljRjlvT2tkWWRXaG9Sa3hFUlhaRGEwVnFNR2RHV0UxWE4yYxAB_04,Ci9DQUlRQUNvZENodHljRjlvT2tkWWRXaG9Sa3hFUlhaRGEwVnFNR2RHV0UxWE4yYxAB,-1,-1
Ci9DQUlRQUNvZENodHljRjlvT2tkWWRXaG9Sa3hFUlhaRGEwVnFNR2RHV0UxWE4yYxAB_05,Ci9DQUlRQUNvZENodHljRjlvT2tkWWRXaG9Sa3hFUlhaRGEwVnFNR2RHV0UxWE4yYxAB,-1,-1
Ci9DQUlRQUNvZENodHljRjlvT2tkWWRXaG9Sa3hFUlhaRGEwVnFNR2RHV0UxWE4yYxAB_06,Ci9DQUlRQUNvZENodHljRjlvT2tkWWRXaG9Sa3hFUlhaRGEwVnFNR2RHV0UxWE4yYxAB,-1,-1
Ci9DQUlRQUNvZENodHljRjlvT2tkWWRXaG9Sa3hFUlhaRGEwVnFNR2RHV0UxWE4yYxAB_07,Ci9DQUlRQUNvZENodHljRjlvT2tkWWRXaG9Sa3hFUlhaRGEwVnFNR2RHV0UxWE4yYxAB,34,34
Ci9DQUlRQUNvZENodHljRjlvT2tkWWRXaG9Sa3hFUlhaRGEwVnFNR2RHV0UxWE4yYxAB_08,Ci9DQUlRQUNvZENodHljRjlvT2tkWWRXaG9Sa3hFUlhaRGEwVnFNR2RHV0UxWE4yYxAB,-1,-1
Ci9DQUlRQUNvZENodHljRjlvT21OTldHWlBXWE54V21aWGFuVTFYMUpMV0hKeE5XYxAB_01,Ci9DQUlRQUNvZENodHljRjlvT21OTldHWlBXWE54V21aWGFuVTFYMUpMV0hKeE5XYxAB,-1,-1
Ci9DQUlRQUNvZENodHljRjlvT21RMmVTMUdaa3MzVW05Zk9VazBWR2xrTnpKWGJGRRAB_01,Ci9DQUlRQUNvZENodHljRjlvT21RMmVTMUdaa3MzVW05Zk9VazBWR2xrTnpKWGJGRRAB,-1,-1
Ci9DQUlRQUNvZENodHljRjlvT25Wb1RWWmxVM05JUm5wd2RuSmxORXhaVWxZNFUzYxAB_01,Ci9DQUlRQUNvZENodHljRjlvT25Wb1RWWmxVM05JUm5wd2RuSmxORXhaVWxZNFUzYxAB,14,-1
Ci9DQUlRQUNvZENodHljRjlvT21Sa1RFZExlbGxXUkVsa1NXZHBheTFRYlhVelpIYxAB_01,Ci9DQUlRQUNvZENodHljRjlvT21Sa1RFZExlbGxXUkVsa1NXZHBheTFRYlhVelpIYxAB,10,10
Ci9DQUlRQUNvZENodHljRjlvT21Sa1RFZExlbGxXUkVsa1NXZHBheTFRYlhVelpIYxAB_02,Ci9DQUlRQUNvZENodHljRjlvT21Sa1RFZExlbGxXUkVsa1NXZHBheTFRYlhVelpIYxAB,4,-1
Ci9DQUlRQUNvZENodHljRjlvT2tKQ1duTTFTMFIwTlU1a1J6UkdNMXBOWDBzeFUyYxAB_01,Ci9DQUlRQUNvZENodHljRjlvT2tKQ1duTTFTMFIwTlU1a1J6UkdNMXBOWDBzeFUyYxAB,4,-1
Ci9DQUlRQUNvZENodHljRjlvT2tKQ1duTTFTMFIwTlU1a1J6UkdNMXBOWDBzeFUyYxAB_02,Ci9DQUlRQUNvZENodHljRjlvT2tKQ1duTTFTMFIwTlU1a1J6UkdNMXBOWDBzeFUyYxAB,37,35
Ci9DQUlRQUNvZENodHljRjlvT2tKQ1duTTFTMFIwTlU1a1J6UkdNMXBOWDBzeFUyYxAB_03,Ci9DQUlRQUNvZENodHljRjlvT2tKQ1duTTFTMFIwTlU1a1J6UkdNMXBOWDBzeFUyYxAB,-1,-1
Ci9DQUlRQUNvZENodHljRjlvT2pGc2JUTkRVMkV6VG1KaE4xVnJZM1ZqVTJaSU9XYxAB_01,Ci9DQUlRQUNvZENodHljRjlvT2pGc2JUTkRVMkV6VG1KaE4xVnJZM1ZqVTJaSU9XYxAB,-1,-1
Ci9DQUlRQUNvZENodHljRjlvT2pGc2JUTkRVMkV6VG1KaE4xVnJZM1ZqVTJaSU9XYxAB_02,Ci9DQUlRQUNvZENodHljRjlvT2pGc2JUTkRVMkV6VG1KaE4xVnJZM1ZqVTJaSU9XYxAB,19,16
Ci9DQUlRQUNvZENodHljRjlvT214RVQxUldRM0ZsYzJ0R1ZYaDVaVW93WjJKVFNGRRAB_01,Ci9DQUlRQUNvZENodHljRjlvT214RVQxUldRM0ZsYzJ0R1ZYaDVaVW93WjJKVFNGRRAB,-1,-1
Ci9DQUlRQUNvZENodHljRjlvT214RVQxUldRM0ZsYzJ0R1ZYaDVaVW93WjJKVFNGRRAB_02,Ci9DQUlRQUNvZENodHljRjlvT214RVQxUldRM0ZsYzJ0R1ZYaDVaVW93WjJKVFNGRRAB,19,16
Ci9DQUlRQUNvZENodHljRjlvT25WaGVtVm9iMlZwVUZnMlpHbEJkREZwTUhJemMzYxAB_01,Ci9DQUlRQUNvZENodHljRjlvT25WaGVtVm9iMlZwVUZnMlpHbEJkREZwTUhJemMzYxAB,-1,-1
Ci9DQUlRQUNvZENodHljRjlvT25aaWVYaElRbWw0VW1KVFIxZFpYM2hpTTNKSVIxRRAB_01,Ci9DQUlRQUNvZENodHljRjlvT25aaWVYaElRbWw0VW1KVFIxZFpYM2hpTTNKSVIxRRAB,6,6
Ci9DQUlRQUNvZENodHljRjlvT25SelVGSlpRaTF5VVdwNmFFdDBhV055ZVRjd2NuYxAB_01,Ci9DQUlRQUNvZENodHljRjlvT25SelVGSlpRaTF5VVdwNmFFdDBhV055ZVRjd2NuYxAB,26,26
Ci9DQUlRQUNvZENodHljRjlvT25SelVGSlpRaTF5VVdwNmFFdDBhV055ZVRjd2NuYxAB_02,Ci9DQUlRQUNvZENodHljRjlvT25SelVGSlpRaTF5VVdwNmFFdDBhV055ZVRjd2NuYxAB,10,10
Ci9DQUlRQUNvZENodHljRjlvT25SelVGSlpRaTF5VVdwNmFFdDBhV055ZVRjd2NuYxAB_03,Ci9DQUlRQUNvZENodHljRjlvT25SelVGSlpRaTF5VVdwNmFFdDBhV055ZVRjd2NuYxAB,2,2
Ci9DQUlRQUNvZENodHljRjlvT2sxa1IyUnpVRXRyYzBSeVFVOTFRWGxDWWw5WFYyYxAB_01,Ci9DQUlRQUNvZENodHljRjlvT2sxa1IyUnpVRXRyYzBSeVFVOTFRWGxDWWw5WFYyYxAB,-1,-1
Ci9DQUlRQUNvZENodHljRjlvT2twWGVXcExiV2xqU0U1d1NVdGZXbnBmWjNKSWIyYxAB_01,Ci9DQUlRQUNvZENodHljRjlvT2twWGVXcExiV2xqU0U1d1NVdGZXbnBmWjNKSWIyYxAB,-1,-1
Ci9DQUlRQUNvZENodHljRjlvT21GNE9VaFFTRXN4VGsxbFNqazNiaTAyTVhFMVdYYxAB_01,Ci9DQUlRQUNvZENodHljRjlvT21GNE9VaFFTRXN4VGsxbFNqazNiaTAyTVhFMVdYYxAB,-1,-1
Ci9DQUlRQUNvZENodHljRjlvT21GNE9VaFFTRXN4VGsxbFNqazNiaTAyTVhFMVdYYxAB_02,Ci9DQUlRQUNvZENodHljRjlvT21GNE9VaFFTRXN4VGsxbFNqazNiaTAyTVhFMVdYYxAB,19,16
Ci9DQUlRQUNvZENodHljRjlvT25kWVlWazRObVp0V0ZkTmRYQjZORlpZWWpVMWVFRRAB_01,Ci9DQUlRQUNvZENodHljRjlvT25kWVlWazRObVp0V0ZkTmRYQjZORlpZWWpVMWVFRRAB,19,16
Ci9DQUlRQUNvZENodHljRjlvT25kWVlWazRObVp0V0ZkTmRYQjZORlpZWWpVMWVFRRAB_02,Ci9DQUlRQUNvZENodHljRjlvT25kWVlWazRObVp0V0ZkTmRYQjZORlpZWWpVMWVFRRAB,-1,-1
Ci9DQUlRQUNvZENodHljRjlvT25kWVlWazRObVp0V0ZkTmRYQjZORlpZWWpVMWVFRRAB_03,Ci9DQUlRQUNvZENodHljRjlvT25kWVlWazRObVp0V0ZkTmRYQjZORlpZWWpVMWVFRRAB,1,0
Ci9DQUlRQUNvZENodHljRjlvT25kWVlWazRObVp0V0ZkTmRYQjZORlpZWWpVMWVFRRAB_04,Ci9DQUlRQUNvZENodHljRjlvT25kWVlWazRObVp0V0ZkTmRYQjZORlpZWWpVMWVFRRAB,11,12
Ci9DQUlRQUNvZENodHljRjlvT25kWVlWazRObVp0V0ZkTmRYQjZORlpZWWpVMWVFRRAB_05,Ci9DQUlRQUNvZENodHljRjlvT25kWVlWazRObVp0V0ZkTmRYQjZORlpZWWpVMWVFRRAB,10,10
Ci9DQUlRQUNvZENodHljRjlvT2sxMWFIZFpZbXB2ZWw5amRXdHBPSGN6VEhwbFJGRRAB_01,Ci9DQUlRQUNvZENodHljRjlvT2sxMWFIZFpZbXB2ZWw5amRXdHBPSGN6VEhwbFJGRRAB,35,36
Ci9DQUlRQUNvZENodHljRjlvT2sxMWFIZFpZbXB2ZWw5amRXdHBPSGN6VEhwbFJGRRAB_02,Ci9DQUlRQUNvZENodHljRjlvT2sxMWFIZFpZbXB2ZWw5amRXdHBPSGN6VEhwbFJGRRAB,-1,-1
Ci9DQUlRQUNvZENodHljRjlvT2sxMWFIZFpZbXB2ZWw5amRXdHBPSGN6VEhwbFJGRRAB_03,Ci9DQUlRQUNvZENodHljRjlvT2sxMWFIZFpZbXB2ZWw5amRXdHBPSGN6VEhwbFJGRRAB,-1,-1
Ci9DQUlRQUNvZENodHljRjlvT2sxMWFIZFpZbXB2ZWw5amRXdHBPSGN6VEhwbFJGRRAB_04,Ci9DQUlRQUNvZENodHljRjlvT2sxMWFIZFpZbXB2ZWw5amRXdHBPSGN6VEhwbFJGRRAB,32,-1
Ci9DQUlRQUNvZENodHljRjlvT2sxMWFIZFpZbXB2ZWw5amRXdHBPSGN6VEhwbFJGRRAB_05,Ci9DQUlRQUNvZENodHljRjlvT2sxMWFIZFpZbXB2ZWw5amRXdHBPSGN6VEhwbFJGRRAB,-1,-1
Ci9DQUlRQUNvZENodHljRjlvT2sxMWFIZFpZbXB2ZWw5amRXdHBPSGN6VEhwbFJGRRAB_06,Ci9DQUlRQUNvZENodHljRjlvT2sxMWFIZFpZbXB2ZWw5amRXdHBPSGN6VEhwbFJGRRAB,-1,-1
Ci9DQUlRQUNvZENodHljRjlvT2sxMWFIZFpZbXB2ZWw5amRXdHBPSGN6VEhwbFJGRRAB_07,Ci9DQUlRQUNvZENodHljRjlvT2sxMWFIZFpZbXB2ZWw5amRXdHBPSGN6VEhwbFJGRRAB,35,36
Ci9DQUlRQUNvZENodHljRjlvT2sxMWFIZFpZbXB2ZWw5amRXdHBPSGN6VEhwbFJGRRAB_08,Ci9DQUlRQUNvZENodHljRjlvT2sxMWFIZFpZbXB2ZWw5amRXdHBPSGN6VEhwbFJGRRAB,-1,-1
Ci9DQUlRQUNvZENodHljRjlvT2sxMWFIZFpZbXB2ZWw5amRXdHBPSGN6VEhwbFJGRRAB_09,Ci9DQUlRQUNvZENodHljRjlvT2sxMWFIZFpZbXB2ZWw5amRXdHBPSGN6VEhwbFJGRRAB,35,36
ChRDSUhNMG9nS0VJQ0FnSUREdzdreBAB_01,ChRDSUhNMG9nS0VJQ0FnSUREdzdreBAB,20,18
ChdDSUhNMG9nS0VJQ0FnSUNMeklDYThnRRAB_01,ChdDSUhNMG9nS0VJQ0FnSUNMeklDYThnRRAB,-1,-1
ChdDSUhNMG9nS0VJQ0FnSUNMeklDYThnRRAB_02,ChdDSUhNMG9nS0VJQ0FnSUNMeklDYThnRRAB,0,1
ChdDSUhNMG9nS0VJQ0FnSUNMeklDYThnRRAB_03,ChdDSUhNMG9nS0VJQ0FnSUNMeklDYThnRRAB,0,1
ChZDSUhNMG9nS0VJQ0FnSUNiNFpYekNnEAE_01,ChZDSUhNMG9nS0VJQ0FnSUNiNFpYekNnEAE,26,26
ChdDSUhNMG9nS0VJQ0FnSUM3MS1qZzJRRRAB_01,ChdDSUhNMG9nS0VJQ0FnSUM3MS1qZzJRRRAB,11,12
ChdDSUhNMG9nS0VJQ0FnSUM3MS1qZzJRRRAB_02,ChdDSUhNMG9nS0VJQ0FnSUM3MS1qZzJRRRAB,20,18
ChdDSUhNMG9nS0VJQ0FnSUM3MS1qZzJRRRAB_03,ChdDSUhNMG9nS0VJQ0FnSUM3MS1qZzJRRRAB,6,6
ChdDSUhNMG9nS0VJQ0FnSUM3MS1qZzJRRRAB_04,ChdDSUhNMG9nS0VJQ0FnSUM3MS1qZzJRRRAB,-1,-1
ChdDSUhNMG9nS0VJQ0FnSUM3MS1qZzJRRRAB_05,ChdDSUhNMG9nS0VJQ0FnSUM3MS1qZzJRRRAB,5,4
ChdDSUhNMG9nS0VJQ0FnSUM3MS1qZzJRRRAB_06,ChdDSUhNMG9nS0VJQ0FnSUM3MS1qZzJRRRAB,26,26
ChdDSUhNMG9nS0VJQ0FnSUR2cDgtTDZ3RRAB_01,ChdDSUhNMG9nS0VJQ0FnSUR2cDgtTDZ3RRAB,10,10
ChdDSUhNMG9nS0VJQ0FnSUR2cDgtTDZ3RRAB_02,ChdDSUhNMG9nS0VJQ0FnSUR2cDgtTDZ3RRAB,26,26
ChdDSUhNMG9nS0VJQ0FnTURBa2ZITzlnRRAB_01,ChdDSUhNMG9nS0VJQ0FnTURBa2ZITzlnRRAB,4,5
ChdDSUhNMG9nS0VJQ0FnTURBa2ZITzlnRRAB_02,ChdDSUhNMG9nS0VJQ0FnTURBa2ZITzlnRRAB,6,6
ChdDSUhNMG9nS0VJQ0FnTURBa2ZITzlnRRAB_03,ChdDSUhNMG9nS0VJQ0FnTURBa2ZITzlnRRAB,13,15
Ci9DQUlRQUNvZENodHljRjlvT2xReldscE1MVUo1UjBNMlFuSjRhSGd4WlcxVVpsRRAB_01,Ci9DQUlRQUNvZENodHljRjlvT2xReldscE1MVUo1UjBNMlFuSjRhSGd4WlcxVVpsRRAB,24,33
Ci9DQUlRQUNvZENodHljRjlvT2pGMlVFZ3dTVUZJT0UwNFpGbHhkRkZ2YldaRkxWRRAB_01,Ci9DQUlRQUNvZENodHljRjlvT2pGMlVFZ3dTVUZJT0UwNFpGbHhkRkZ2YldaRkxWRRAB,2,2
Ci9DQUlRQUNvZENodHljRjlvT2pGMlVFZ3dTVUZJT0UwNFpGbHhkRkZ2YldaRkxWRRAB_02,Ci9DQUlRQUNvZENodHljRjlvT2pGMlVFZ3dTVUZJT0UwNFpGbHhkRkZ2YldaRkxWRRAB,29,23
Ci9DQUlRQUNvZENodHljRjlvT21jdGQycEhjbVpwWVhKVVZqRnRRbEpCUkRkelQzYxAB_01,Ci9DQUlRQUNvZENodHljRjlvT21jdGQycEhjbVpwWVhKVVZqRnRRbEpCUkRkelQzYxAB,-1,-1
Ci9DQUlRQUNvZENodHljRjlvT2taNVUydG9SVWQ1TjBONlNqaHhNVEUxZVhsV09WRRAB_01,Ci9DQUlRQUNvZENodHljRjlvT2taNVUydG9SVWQ1TjBONlNqaHhNVEUxZVhsV09WRRAB,26,26
Ci9DQUlRQUNvZENodHljRjlvT2taNVUydG9SVWQ1TjBONlNqaHhNVEUxZVhsV09WRRAB_02,Ci9DQUlRQUNvZENodHljRjlvT2taNVUydG9SVWQ1TjBONlNqaHhNVEUxZVhsV09WRRAB,10,10
Ci9DQUlRQUNvZENodHljRjlvT21aeVJrUTRORXRqVVdKNFZURktkME5vU2prd1QyYxAB_01,Ci9DQUlRQUNvZENodHljRjlvT21aeVJrUTRORXRqVVdKNFZURktkME5vU2prd1QyYxAB,-1,-1
Ci9DQUlRQUNvZENodHljRjlvT21aeVJrUTRORXRqVVdKNFZURktkME5vU2prd1QyYxAB_02,Ci9DQUlRQUNvZENodHljRjlvT21aeVJrUTRORXRqVVdKNFZURktkME5vU2prd1QyYxAB,39,38
Ci9DQUlRQUNvZENodHljRjlvT21aeVJrUTRORXRqVVdKNFZURktkME5vU2prd1QyYxAB_03,Ci9DQUlRQUNvZENodHljRjlvT21aeVJrUTRORXRqVVdKNFZURktkME5vU2prd1QyYxAB,5,4
Ci9DQUlRQUNvZENodHljRjlvT21aeVJrUTRORXRqVVdKNFZURktkME5vU2prd1QyYxAB_04,Ci9DQUlRQUNvZENodHljRjlvT21aeVJrUTRORXRqVVdKNFZURktkME5vU2prd1QyYxAB,32,32
Ci9DQUlRQUNvZENodHljRjlvT21aeVJrUTRORXRqVVdKNFZURktkME5vU2prd1QyYxAB_05,Ci9DQUlRQUNvZENodHljRjlvT21aeVJrUTRORXRqVVdKNFZURktkME5vU2prd1QyYxAB,16,14
Ci9DQUlRQUNvZENodHljRjlvT21aeVJrUTRORXRqVVdKNFZURktkME5vU2prd1QyYxAB_06,Ci9DQUlRQUNvZENodHljRjlvT21aeVJrUTRORXRqVVdKNFZURktkME5vU2prd1QyYxAB,10,10
Ci9DQUlRQUNvZENodHljRjlvT21aeVJrUTRORXRqVVdKNFZURktkME5vU2prd1QyYxAB_07,Ci9DQUlRQUNvZENodHljRjlvT21aeVJrUTRORXRqVVdKNFZURktkME5vU2prd1QyYxAB,11,-1
Ci9DQUlRQUNvZENodHljRjlvT21aeVJrUTRORXRqVVdKNFZURktkME5vU2prd1QyYxAB_08,Ci9DQUlRQUNvZENodHljRjlvT21aeVJrUTRORXRqVVdKNFZURktkME5vU2prd1QyYxAB,-1,-1
Ci9DQUlRQUNvZENodHljRjlvT21FMFFWaFVUMEZhYmxWSGJEWTNhSGh2Y1VKc2EwRRAB_01,Ci9DQUlRQUNvZENodHljRjlvT21FMFFWaFVUMEZhYmxWSGJEWTNhSGh2Y1VKc2EwRRAB,17,19
Ci9DQUlRQUNvZENodHljRjlvT21FMFFWaFVUMEZhYmxWSGJEWTNhSGh2Y1VKc2EwRRAB_02,Ci9DQUlRQUNvZENodHljRjlvT21FMFFWaFVUMEZhYmxWSGJEWTNhSGh2Y1VKc2EwRRAB,10,10
Ci9DQUlRQUNvZENodHljRjlvT25oeVYyRTFUR3hrVEhCb2VEaHBkVzVGVW5sellYYxAB_01,Ci9DQUlRQUNvZENodHljRjlvT25oeVYyRTFUR3hrVEhCb2VEaHBkVzVGVW5sellYYxAB,18,20
Ci9DQUlRQUNvZENodHljRjlvT2tObFJrOUVTMGgxUVVodk4wMTJVak53UjJzd1pHYxAB_01,Ci9DQUlRQUNvZENodHljRjlvT2tObFJrOUVTMGgxUVVodk4wMTJVak53UjJzd1pHYxAB,8,8
Ci9DQUlRQUNvZENodHljRjlvT2tObFJrOUVTMGgxUVVodk4wMTJVak53UjJzd1pHYxAB_02,Ci9DQUlRQUNvZENodHljRjlvT2tObFJrOUVTMGgxUVVodk4wMTJVak53UjJzd1pHYxAB,-1,-1
ChdDSUhNMG9nS0VJQ0FnSUNYblBUd3lRRRAB_01,ChdDSUhNMG9nS0VJQ0FnSUNYblBUd3lRRRAB,10,10
ChdDSUhNMG9nS0VJQ0FnSUNYblBUd3lRRRAB_02,ChdDSUhNMG9nS0VJQ0FnSUNYblBUd3lRRRAB,6,-1
ChdDSUhNMG9nS0VJQ0FnSUNYblBUd3lRRRAB_03,ChdDSUhNMG9nS0VJQ0FnSUNYblBUd3lRRRAB,6,-1
ChdDSUhNMG9nS0VJQ0FnSUNYblBUd3lRRRAB_04,ChdDSUhNMG9nS0VJQ0FnSUNYblBUd3lRRRAB,-1,-1
ChZDSUhNMG9nS0VJQ0FnTURJZ082WExREAE_01,ChZDSUhNMG9nS0VJQ0FnTURJZ082WExREAE,0,1
ChZDSUhNMG9nS0VKYjduZDNzc3FQSmRnEAE_01,ChZDSUhNMG9nS0VKYjduZDNzc3FQSmRnEAE,18,20
Ci9DQUlRQUNvZENodHljRjlvT2xKZlNUZExiV1p0ZEdsdWFrSXplR1ZDZW5neFVYYxAB_01,Ci9DQUlRQUNvZENodHljRjlvT2xKZlNUZExiV1p0ZEdsdWFrSXplR1ZDZW5neFVYYxAB,-1,-1
Ci9DQUlRQUNvZENodHljRjlvT2pWdlJtVnZlbEJuYjNaYWJrVXpSWG81YWxKdVNYYxAB_01,Ci9DQUlRQUNvZENodHljRjlvT2pWdlJtVnZlbEJuYjNaYWJrVXpSWG81YWxKdVNYYxAB,14,13
Ci9DQUlRQUNvZENodHljRjlvT2xOak5FOXJhMk5RU0dwb2Vtb3dOMDlYZWxSc1VWRRAB_01,Ci9DQUlRQUNvZENodHljRjlvT2xOak5FOXJhMk5RU0dwb2Vtb3dOMDlYZWxSc1VWRRAB,5,4
Ci9DQUlRQUNvZENodHljRjlvT2t0YWVXSnVaVFZvVlhoQlprdG1kRkp6UjE5YWVFRRAB_01,Ci9DQUlRQUNvZENodHljRjlvT2t0YWVXSnVaVFZvVlhoQlprdG1kRkp6UjE5YWVFRRAB,-1,-1
Ci9DQUlRQUNvZENodHljRjlvT2t0YWVXSnVaVFZvVlhoQlprdG1kRkp6UjE5YWVFRRAB_02,Ci9DQUlRQUNvZENodHljRjlvT2t0YWVXSnVaVFZvVlhoQlprdG1kRkp6UjE5YWVFRRAB,39,38
Ci9DQUlRQUNvZENodHljRjlvT2t0YWVXSnVaVFZvVlhoQlprdG1kRkp6UjE5YWVFRRAB_03,Ci9DQUlRQUNvZENodHljRjlvT2t0YWVXSnVaVFZvVlhoQlprdG1kRkp6UjE5YWVFRRAB,1,0
ChZDSUhNMG9nS0VJQ0FnSUNOelBlZ0JREAE_01,ChZDSUhNMG9nS0VJQ0FnSUNOelBlZ0JREAE,3,3
ChZDSUhNMG9nS0VJQ0FnTUNRbklURENREAE_01,ChZDSUhNMG9nS0VJQ0FnTUNRbklURENREAE,3,3
Ci9DQUlRQUNvZENodHljRjlvT2pkTVowdHJhVXhvUzA1dGRuUklOMGhyZUdSaFpuYxAB_01,Ci9DQUlRQUNvZENodHljRjlvT2pkTVowdHJhVXhvUzA1dGRuUklOMGhyZUdSaFpuYxAB,0,1
Ci9DQUlRQUNvZENodHljRjlvT25ONmFqTjZXVVYxZW1kcVpXbzBaR0p3VFdsQ2FGRRAB_01,Ci9DQUlRQUNvZENodHljRjlvT25ONmFqTjZXVVYxZW1kcVpXbzBaR0p3VFdsQ2FGRRAB,34,-1
Ci9DQUlRQUNvZENodHljRjlvT2xJMFpsZElZVVkxWDFwM1FWODNXWEpmZVhOQk1XYxAB_01,Ci9DQUlRQUNvZENodHljRjlvT2xJMFpsZElZVVkxWDFwM1FWODNXWEpmZVhOQk1XYxAB,23,31
Ci9DQUlRQUNvZENodHljRjlvT2xJMFpsZElZVVkxWDFwM1FWODNXWEpmZVhOQk1XYxAB_02,Ci9DQUlRQUNvZENodHljRjlvT2xJMFpsZElZVVkxWDFwM1FWODNXWEpmZVhOQk1XYxAB,18,20
Ci9DQUlRQUNvZENodHljRjlvT2xJMFpsZElZVVkxWDFwM1FWODNXWEpmZVhOQk1XYxAB_03,Ci9DQUlRQUNvZENodHljRjlvT2xJMFpsZElZVVkxWDFwM1FWODNXWEpmZVhOQk1XYxAB,-1,-1
Ci9DQUlRQUNvZENodHljRjlvT2xJMFpsZElZVVkxWDFwM1FWODNXWEpmZVhOQk1XYxAB_04,Ci9DQUlRQUNvZENodHljRjlvT2xJMFpsZElZVVkxWDFwM1FWODNXWEpmZVhOQk1XYxAB,32,32
Ci9DQUlRQUNvZENodHljRjlvT2xJMFpsZElZVVkxWDFwM1FWODNXWEpmZVhOQk1XYxAB_05,Ci9DQUlRQUNvZENodHljRjlvT2xJMFpsZElZVVkxWDFwM1FWODNXWEpmZVhOQk1XYxAB,5,4
Ci9DQUlRQUNvZENodHljRjlvT2xScVZsaHhNSEpXY1ZoT2NFZzBTRkZVZWpWNFdrRRAB_01,Ci9DQUlRQUNvZENodHljRjlvT2xScVZsaHhNSEpXY1ZoT2NFZzBTRkZVZWpWNFdrRRAB,-1,-1
Ci9DQUlRQUNvZENodHljRjlvT2xScVZsaHhNSEpXY1ZoT2NFZzBTRkZVZWpWNFdrRRAB_02,Ci9DQUlRQUNvZENodHljRjlvT2xScVZsaHhNSEpXY1ZoT2NFZzBTRkZVZWpWNFdrRRAB,0,1
Ci9DQUlRQUNvZENodHljRjlvT21WNGJsRmFRVkk1ZWpVMWVqaDRVRXhPZG1KNmQwRRAB_01,Ci9DQUlRQUNvZENodHljRjlvT21WNGJsRmFRVkk1ZWpVMWVqaDRVRXhPZG1KNmQwRRAB,0,1
Ci9DQUlRQUNvZENodHljRjlvT25BelRXdDBaSGd6V25oVFFYUXdPRWwwVkVreFZYYxAB_01,Ci9DQUlRQUNvZENodHljRjlvT25BelRXdDBaSGd6V25oVFFYUXdPRWwwVkVreFZYYxAB,0,-1
Ci9DQUlRQUNvZENodHljRjlvT25BelRXdDBaSGd6V25oVFFYUXdPRWwwVkVreFZYYxAB_02,Ci9DQUlRQUNvZENodHljRjlvT25BelRXdDBaSGd6V25oVFFYUXdPRWwwVkVreFZYYxAB,-1,-1
Ci9DQUlRQUNvZENodHljRjlvT2pOQmREQjNlRko1T1Zac1VFaFZkR3hHYm1kVVZIYxAB_01,Ci9DQUlRQUNvZENodHljRjlvT2pOQmREQjNlRko1T1Zac1VFaFZkR3hHYm1kVVZIYxAB,-1,-1
Ci9DQUlRQUNvZENodHljRjlvT2pOQmREQjNlRko1T1Zac1VFaFZkR3hHYm1kVVZIYxAB_02,Ci9DQUlRQUNvZENodHljRjlvT2pOQmREQjNlRko1T1Zac1VFaFZkR3hHYm1kVVZIYxAB,-1,-1
Ci9DQUlRQUNvZENodHljRjlvT2pOQmREQjNlRko1T1Zac1VFaFZkR3hHYm1kVVZIYxAB_03,Ci9DQUlRQUNvZENodHljRjlvT2pOQmREQjNlRko1T1Zac1VFaFZkR3hHYm1kVVZIYxAB,-1,-1
Ci9DQUlRQUNvZENodHljRjlvT21GUlNYWlFOSE5aWVc1TGIyMXBXSGxoUkZwUlRGRRAB_01,Ci9DQUlRQUNvZENodHljRjlvT21GUlNYWlFOSE5aWVc1TGIyMXBXSGxoUkZwUlRGRRAB,7,7
ChdDSUhNMG9nS0VJQ0FnSURkd0tLWThRRRAB_01,ChdDSUhNMG9nS0VJQ0FnSURkd0tLWThRRRAB,22,17
ChZDSUhNMG9nS0VJQ0FnSURoOHQtaE9BEAE_01,ChZDSUhNMG9nS0VJQ0FnSURoOHQtaE9BEAE,25,-1
ChZDSUhNMG9nS0VJQ0FnSURoOHQtaE9BEAE_02,ChZDSUhNMG9nS0VJQ0FnSURoOHQtaE9BEAE,1,0
ChZDSUhNMG9nS0VJQ0FnSURoOHQtaE9BEAE_03,ChZDSUhNMG9nS0VJQ0FnSURoOHQtaE9BEAE,-1,-1
ChZDSUhNMG9nS0VJQ0FnSURoOHQtaE9BEAE_04,ChZDSUhNMG9nS0VJQ0FnSURoOHQtaE9BEAE,-1,-1
ChdDSUhNMG9nS0VJQ0FnSURUeWZLbl9RRRAB_01,ChdDSUhNMG9nS0VJQ0FnSURUeWZLbl9RRRAB,3,-1
ChdDSUhNMG9nS0VJQ0FnSURUeWZLbl9RRRAB_02,ChdDSUhNMG9nS0VJQ0FnSURUeWZLbl9RRRAB,16,14
ChdDSUhNMG9nS0VJQ0FnSURUeWZLbl9RRRAB_03,ChdDSUhNMG9nS0VJQ0FnSURUeWZLbl9RRRAB,-1,-1
ChdDSUhNMG9nS0VJQ0FnSUN6NXBxbzdnRRAB_01,ChdDSUhNMG9nS0VJQ0FnSUN6NXBxbzdnRRAB,-1,-1
ChdDSUhNMG9nS0VJQ0FnSUN6NXBxbzdnRRAB_02,ChdDSUhNMG9nS0VJQ0FnSUN6NXBxbzdnRRAB,1,0
ChZDSUhNMG9nS0VJQ0FnSUNYOHFTMWZBEAE_01,ChZDSUhNMG9nS0VJQ0FnSUNYOHFTMWZBEAE,-1,-1
ChdDSUhNMG9nS0VJQ0FnTUR3bHZmRjRnRRAB_01,ChdDSUhNMG9nS0VJQ0FnTUR3bHZmRjRnRRAB,0,1
ChdDSUhNMG9nS0VKM0cwNy1Pd09mWHdnRRAB_01,ChdDSUhNMG9nS0VKM0cwNy1Pd09mWHdnRRAB,22,17
ChZDSUhNMG9nS0VJQ0FnSUNOejRxQUpnEAE_01,ChZDSUhNMG9nS0VJQ0FnSUNOejRxQUpnEAE,3,3
ChZDSUhNMG9nS0VJQ0FnSUNOejRxQUpnEAE_02,ChZDSUhNMG9nS0VJQ0FnSUNOejRxQUpnEAE,1,0
ChZDSUhNMG9nS0VJQ0FnSUNqNjZTSFR3EAE_01,ChZDSUhNMG9nS0VJQ0FnSUNqNjZTSFR3EAE,28,22
ChdDSUhNMG9nS0VQSG5uUEw0dDhqOHVRRRAB_01,ChdDSUhNMG9nS0VQSG5uUEw0dDhqOHVRRRAB,-1,-1
ChdDSUhNMG9nS0VJQ0FnSURoOHBuY3lBRRAB_01,ChdDSUhNMG9nS0VJQ0FnSURoOHBuY3lBRRAB,1,0
ChdDSUhNMG9nS0VJQ0FnSURoOHBuY3lBRRAB_02,ChdDSUhNMG9nS0VJQ0FnSURoOHBuY3lBRRAB,17,19
ChdDSUhNMG9nS0VJQ0FnSURoOHBuY3lBRRAB_03,ChdDSUhNMG9nS0VJQ0FnSURoOHBuY3lBRRAB,-1,-1
ChdDSUhNMG9nS0VJQ0FnSURQazZpQjdnRRAB_01,ChdDSUhNMG9nS0VJQ0FnSURQazZpQjdnRRAB,-1,-1
ChdDSUhNMG9nS0VJQ0FnSURQazZpQjdnRRAB_02,ChdDSUhNMG9nS0VJQ0FnSURQazZpQjdnRRAB,-1,-1
ChdDSUhNMG9nS0VJQ0FnSURQazZpQjdnRRAB_03,ChdDSUhNMG9nS0VJQ0FnSURQazZpQjdnRRAB,1,0
ChdDSUhNMG9nS0VJQ0FnSURQazZpQjdnRRAB_04,ChdDSUhNMG9nS0VJQ0FnSURQazZpQjdnRRAB,-1,-1
ChdDSUhNMG9nS0VJQ0FnSURQazZpQjdnRRAB_05,ChdDSUhNMG9nS0VJQ0FnSURQazZpQjdnRRAB,17,19
Ci9DQUlRQUNvZENodHljRjlvT204MGIxTlVSVmN5VTNaeVN5MVdWbUphZW1JdFRIYxAB_01,Ci9DQUlRQUNvZENodHljRjlvT204MGIxTlVSVmN5VTNaeVN5MVdWbUphZW1JdFRIYxAB,-1,-1
Ci9DQUlRQUNvZENodHljRjlvT21OT2JqUkRPSEpJVEU5UVlYQlpNMnREYzBveWJGRRAB_01,Ci9DQUlRQUNvZENodHljRjlvT21OT2JqUkRPSEpJVEU5UVlYQlpNMnREYzBveWJGRRAB,16,14
Ci9DQUlRQUNvZENodHljRjlvT2tkcVFrbHlkVzV0YUdWNllsYzBaemRSVlc5d1VWRRAB_01,Ci9DQUlRQUNvZENodHljRjlvT2tkcVFrbHlkVzV0YUdWNllsYzBaemRSVlc5d1VWRRAB,17,19
Ci9DQUlRQUNvZENodHljRjlvT2tkcVFrbHlkVzV0YUdWNllsYzBaemRSVlc5d1VWRRAB_02,Ci9DQUlRQUNvZENodHljRjlvT2tkcVFrbHlkVzV0YUdWNllsYzBaemRSVlc5d1VWRRAB,13,15
Ci9DQUlRQUNvZENodHljRjlvT21jNWFISmZTWGc1V0c0dE1Fa3RlWFZEUkRsVVgxRRAB_01,Ci9DQUlRQUNvZENodHljRjlvT21jNWFISmZTWGc1V0c0dE1Fa3RlWFZEUkRsVVgxRRAB,17,19
Ci9DQUlRQUNvZENodHljRjlvT21jNWFISmZTWGc1V0c0dE1Fa3RlWFZEUkRsVVgxRRAB_02,Ci9DQUlRQUNvZENodHljRjlvT21jNWFISmZTWGc1V0c0dE1Fa3RlWFZEUkRsVVgxRRAB,17,19
Ci9DQUlRQUNvZENodHljRjlvT21jNWFISmZTWGc1V0c0dE1Fa3RlWFZEUkRsVVgxRRAB_03,Ci9DQUlRQUNvZENodHljRjlvT21jNWFISmZTWGc1V0c0dE1Fa3RlWFZEUkRsVVgxRRAB,-1,-1
Ci9DQUlRQUNvZENodHljRjlvT2pkVk5raFBlalZSVG5NdFNsVnJSbmxpV2pScGJWRRAB_01,Ci9DQUlRQUNvZENodHljRjlvT2pkVk5raFBlalZSVG5NdFNsVnJSbmxpV2pScGJWRRAB,2,2
Ci9DQUlRQUNvZENodHljRjlvT2pkVk5raFBlalZSVG5NdFNsVnJSbmxpV2pScGJWRRAB_02,Ci9DQUlRQUNvZENodHljRjlvT2pkVk5raFBlalZSVG5NdFNsVnJSbmxpV2pScGJWRRAB,19,-1
Ci9DQUlRQUNvZENodHljRjlvT2pkVk5raFBlalZSVG5NdFNsVnJSbmxpV2pScGJWRRAB_03,Ci9DQUlRQUNvZENodHljRjlvT2pkVk5raFBlalZSVG5NdFNsVnJSbmxpV2pScGJWRRAB,2,2
Ci9DQUlRQUNvZENodHljRjlvT2pkVk5raFBlalZSVG5NdFNsVnJSbmxpV2pScGJWRRAB_04,Ci9DQUlRQUNvZENodHljRjlvT2pkVk5raFBlalZSVG5NdFNsVnJSbmxpV2pScGJWRRAB,5,4
Ci9DQUlRQUNvZENodHljRjlvT21GRFFVSnNlRXBUYjJwVmRVSTVNR1JqU0hOVU1IYxAB_01,Ci9DQUlRQUNvZENodHljRjlvT21GRFFVSnNlRXBUYjJwVmRVSTVNR1JqU0hOVU1IYxAB,17,19
Ci9DQUlRQUNvZENodHljRjlvT21GRFFVSnNlRXBUYjJwVmRVSTVNR1JqU0hOVU1IYxAB_02,Ci9DQUlRQUNvZENodHljRjlvT21GRFFVSnNlRXBUYjJwVmRVSTVNR1JqU0hOVU1IYxAB,20,18
ChdDSUhNMG9nS0VJQ0FnSUQzc3JfMXN3RRAB_01,ChdDSUhNMG9nS0VJQ0FnSUQzc3JfMXN3RRAB,6,6
ChZDSUhNMG9nS0VJQ0FnSURQMzhiZE93EAE_01,ChZDSUhNMG9nS0VJQ0FnSURQMzhiZE93EAE,0,1
ChdDSUhNMG9nS0VJQ0FnTUNBaXVibF93RRAB_01,ChdDSUhNMG9nS0VJQ0FnTUNBaXVibF93RRAB,24,33
ChdDSUhNMG9nS0VJQ0FnTUNJbUl2Q2dBRRAB_01,ChdDSUhNMG9nS0VJQ0FnTUNJbUl2Q2dBRRAB,3,3
ChdDSUhNMG9nS0VJQ0FnTURJa2RURS1BRRAB_01,ChdDSUhNMG9nS0VJQ0FnTURJa2RURS1BRRAB,7,7
Ci9DQUlRQUNvZENodHljRjlvT25BNGFuRnlSRGxLYTJWb1VtOWtjRGRuZVVGUk5FRRAB_01,Ci9DQUlRQUNvZENodHljRjlvT25BNGFuRnlSRGxLYTJWb1VtOWtjRGRuZVVGUk5FRRAB,12,21
Ci9DQUlRQUNvZENodHljRjlvT25BNGFuRnlSRGxLYTJWb1VtOWtjRGRuZVVGUk5FRRAB_02,Ci9DQUlRQUNvZENodHljRjlvT25BNGFuRnlSRGxLYTJWb1VtOWtjRGRuZVVGUk5FRRAB,29,23
Ci9DQUlRQUNvZENodHljRjlvT2tnNE5FdFVTR04xTVVSTFRIbFhhbmROWjNKTVkxRRAB_01,Ci9DQUlRQUNvZENodHljRjlvT2tnNE5FdFVTR04xTVVSTFRIbFhhbmROWjNKTVkxRRAB,7,7
Ci9DQUlRQUNvZENodHljRjlvT2xkcFdEaHJWamRrUlVGSFpGQm5SRTlRUlV0dU4zYxAB_01,Ci9DQUlRQUNvZENodHljRjlvT2xkcFdEaHJWamRrUlVGSFpGQm5SRTlRUlV0dU4zYxAB,0,1
Ci9DQUlRQUNvZENodHljRjlvT2xkcFdEaHJWamRrUlVGSFpGQm5SRTlRUlV0dU4zYxAB_02,Ci9DQUlRQUNvZENodHljRjlvT2xkcFdEaHJWamRrUlVGSFpGQm5SRTlRUlV0dU4zYxAB,4,5
Ci9DQUlRQUNvZENodHljRjlvT2xkcFdEaHJWamRrUlVGSFpGQm5SRTlRUlV0dU4zYxAB_03,Ci9DQUlRQUNvZENodHljRjlvT2xkcFdEaHJWamRrUlVGSFpGQm5SRTlRUlV0dU4zYxAB,-1,-1
Ci9DQUlRQUNvZENodHljRjlvT21relUyaHNWVXh6UjIxWGFDMWlVWFJEWDNCU2RtYxAB_01,Ci9DQUlRQUNvZENodHljRjlvT21relUyaHNWVXh6UjIxWGFDMWlVWFJEWDNCU2RtYxAB,12,30
Ci9DQUlRQUNvZENodHljRjlvT21kaWNqbElTbWxKTnpoeFUyVnBRWEJ4Y25oVWQwRRAB_01,Ci9DQUlRQUNvZENodHljRjlvT21kaWNqbElTbWxKTnpoeFUyVnBRWEJ4Y25oVWQwRRAB,6,6
Ci9DQUlRQUNvZENodHljRjlvT2sxamFUTlBhRUpYUjBJM1pFZFFURmN4WDI5NFRXYxAB_01,Ci9DQUlRQUNvZENodHljRjlvT2sxamFUTlBhRUpYUjBJM1pFZFFURmN4WDI5NFRXYxAB,-1,-1
Ci9DQUlRQUNvZENodHljRjlvT2sxamFUTlBhRUpYUjBJM1pFZFFURmN4WDI5NFRXYxAB_02,Ci9DQUlRQUNvZENodHljRjlvT2sxamFUTlBhRUpYUjBJM1pFZFFURmN4WDI5NFRXYxAB,6,6
ChZDSUhNMG9nS0VJQ0FnSUNOd3EtMERnEAE_01,ChZDSUhNMG9nS0VJQ0FnSUNOd3EtMERnEAE,3,3
ChdDSUhNMG9nS0VJQ0FnSURkMmR6bjVRRRAB_01,ChdDSUhNMG9nS0VJQ0FnSURkMmR6bjVRRRAB,10,10
ChZDSUhNMG9nS0VJQ0FnSUNMM0tuOU9REAE_01,ChZDSUhNMG9nS0VJQ0FnSUNMM0tuOU9REAE,3,3
ChdDSUhNMG9nS0VJQ0FnSUM3c095Qm1nRRAB_01,ChdDSUhNMG9nS0VJQ0FnSUM3c095Qm1nRRAB,8,8
ChdDSUhNMG9nS0VJQ0FnSUNtaHV5OXBnRRAB_01,ChdDSUhNMG9nS0VJQ0FnSUNtaHV5OXBnRRAB,8,8
ChdDSUhNMG9nS0VJQ0FnSUNtaHV5OXBnRRAB_02,ChdDSUhNMG9nS0VJQ0FnSUNtaHV5OXBnRRAB,20,-1
ChZDSUhNMG9nS0VJQ0FnSUNuLWZ2WkxnEAE_01,ChZDSUhNMG9nS0VJQ0FnSUNuLWZ2WkxnEAE,1,0
ChZDSUhNMG9nS0VJQ0FnSUNuLWZ2WkxnEAE_02,ChZDSUhNMG9nS0VJQ0FnSUNuLWZ2WkxnEAE,6,6
ChdDSUhNMG9nS0VJQ0FnSUQzN0xMbV93RRAB_01,ChdDSUhNMG9nS0VJQ0FnSUQzN0xMbV93RRAB,6,6
ChdDSUhNMG9nS0VJQ0FnSUQzN0xMbV93RRAB_02,ChdDSUhNMG9nS0VJQ0FnSUQzN0xMbV93RRAB,2,2
ChdDSUhNMG9nS0VJQ0FnSUN2dzZtaTFnRRAB_01,ChdDSUhNMG9nS0VJQ0FnSUN2dzZtaTFnRRAB,0,1
ChZDSUhNMG9nS0VJQ0FnSUN2dzZtVkZnEAE_01,ChZDSUhNMG9nS0VJQ0FnSUN2dzZtVkZnEAE,0,1
ChZDSUhNMG9nS0VJQ0FnSUN2dzZtVkZnEAE_02,ChZDSUhNMG9nS0VJQ0FnSUN2dzZtVkZnEAE,16,14
ChZDSUhNMG9nS0VJQ0FnTUNnaTlpcE9nEAE_01,ChZDSUhNMG9nS0VJQ0FnTUNnaTlpcE9nEAE,8,8
ChdDSUhNMG9nS0VKNzdyT3JWbHU2dHp3RRAB_01,ChdDSUhNMG9nS0VKNzdyT3JWbHU2dHp3RRAB,8,8
ChdDSUhNMG9nS0VKNzdyT3JWbHU2dHp3RRAB_02,ChdDSUhNMG9nS0VKNzdyT3JWbHU2dHp3RRAB,16,14
ChdDSUhNMG9nS0VObkJ1UC11c2FQcHBnRRAB_01,ChdDSUhNMG9nS0VObkJ1UC11c2FQcHBnRRAB,7,7
ChZDSUhNMG9nS0VPdm1sZFR6aVpmRERBEAE_01,ChZDSUhNMG9nS0VPdm1sZFR6aVpmRERBEAE,3,3
ChZDSUhNMG9nS0VQZlktdDZ2azYzRFBREAE_01,ChZDSUhNMG9nS0VQZlktdDZ2azYzRFBREAE,-1,-1
ChZDSUhNMG9nS0VQZlktdDZ2azYzRFBREAE_02,ChZDSUhNMG9nS0VQZlktdDZ2azYzRFBREAE,9,9
ChdDSUhNMG9nS0VQM2Vxb184bE1HMjVnRRAB_01,ChdDSUhNMG9nS0VQM2Vxb184bE1HMjVnRRAB,3,-1
ChdDSUhNMG9nS0VLdnYyZTJyeW9DZjFBRRAB_01,ChdDSUhNMG9nS0VLdnYyZTJyeW9DZjFBRRAB,9,-1
ChZDSUhNMG9nS0VJQ0FnSUNWbGFxWFFnEAE_01,ChZDSUhNMG9nS0VJQ0FnSUNWbGFxWFFnEAE,3,3
ChdDSUhNMG9nS0VMbnZ6NEhSdEx2a2lnRRAB_01,ChdDSUhNMG9nS0VMbnZ6NEhSdEx2a2lnRRAB,3,3
ChZDSUhNMG9nS0VLYUF5TEw4eXZESVpREAE_01,ChZDSUhNMG9nS0VLYUF5TEw4eXZESVpREAE,2,-1
Ci9DQUlRQUNvZENodHljRjlvT2tkbVl6VnBTMngxVTBsalEzRklkVTlxTVdOYU1GRRAB_01,Ci9DQUlRQUNvZENodHljRjlvT2tkbVl6VnBTMngxVTBsalEzRklkVTlxTVdOYU1GRRAB,2,2
Ci9DQUlRQUNvZENodHljRjlvT2tkbVl6VnBTMngxVTBsalEzRklkVTlxTVdOYU1GRRAB_02,Ci9DQUlRQUNvZENodHljRjlvT2tkbVl6VnBTMngxVTBsalEzRklkVTlxTVdOYU1GRRAB,4,-1
Ci9DQUlRQUNvZENodHljRjlvT2tkbVl6VnBTMngxVTBsalEzRklkVTlxTVdOYU1GRRAB_03,Ci9DQUlRQUNvZENodHljRjlvT2tkbVl6VnBTMngxVTBsalEzRklkVTlxTVdOYU1GRRAB,8,8
Ci9DQUlRQUNvZENodHljRjlvT2tkbVl6VnBTMngxVTBsalEzRklkVTlxTVdOYU1GRRAB_04,Ci9DQUlRQUNvZENodHljRjlvT2tkbVl6VnBTMngxVTBsalEzRklkVTlxTVdOYU1GRRAB,4,-1
Ci9DQUlRQUNvZENodHljRjlvT25SbFVXaHliMHhDVVZVMGQxb3ljelZxUlRKdmRsRRAB_01,Ci9DQUlRQUNvZENodHljRjlvT25SbFVXaHliMHhDVVZVMGQxb3ljelZxUlRKdmRsRRAB,8,8
Ci9DQUlRQUNvZENodHljRjlvT21wUGFqTmpPR1J1Ulc1c1ZraExaVGR3TVZNNE1YYxAB_01,Ci9DQUlRQUNvZENodHljRjlvT21wUGFqTmpPR1J1Ulc1c1ZraExaVGR3TVZNNE1YYxAB,-1,-1
Ci9DQUlRQUNvZENodHljRjlvT21wUGFqTmpPR1J1Ulc1c1ZraExaVGR3TVZNNE1YYxAB_02,Ci9DQUlRQUNvZENodHljRjlvT21wUGFqTmpPR1J1Ulc1c1ZraExaVGR3TVZNNE1YYxAB,3,3
Ci9DQUlRQUNvZENodHljRjlvT21wUGFqTmpPR1J1Ulc1c1ZraExaVGR3TVZNNE1YYxAB_03,Ci9DQUlRQUNvZENodHljRjlvT21wUGFqTmpPR1J1Ulc1c1ZraExaVGR3TVZNNE1YYxAB,33,39
Ci9DQUlRQUNvZENodHljRjlvT2s1VGFXVlhlbkkxTmpoamRUTlJRbmxqVnkxemQxRRAB_01,Ci9DQUlRQUNvZENodHljRjlvT2s1VGFXVlhlbkkxTmpoamRUTlJRbmxqVnkxemQxRRAB,1,0
Ci9DQUlRQUNvZENodHljRjlvT2s1VGFXVlhlbkkxTmpoamRUTlJRbmxqVnkxemQxRRAB_02,Ci9DQUlRQUNvZENodHljRjlvT2s1VGFXVlhlbkkxTmpoamRUTlJRbmxqVnkxemQxRRAB,0,1
Ci9DQUlRQUNvZENodHljRjlvT2s1VGFXVlhlbkkxTmpoamRUTlJRbmxqVnkxemQxRRAB_03,Ci9DQUlRQUNvZENodHljRjlvT2s1VGFXVlhlbkkxTmpoamRUTlJRbmxqVnkxemQxRRAB,-1,-1
Ci9DQUlRQUNvZENodHljRjlvT2tKUFdFRmpMVzVvVUZKaE0xRnViRVppVDFoclptYxAB_01,Ci9DQUlRQUNvZENodHljRjlvT2tKUFdFRmpMVzVvVUZKaE0xRnViRVppVDFoclptYxAB,0,-1
Ci9DQUlRQUNvZENodHljRjlvT214UlYzRlFlVEJYZDJGaU5WRjZjbTlJVTFWWmRVRRAB_01,Ci9DQUlRQUNvZENodHljRjlvT214UlYzRlFlVEJYZDJGaU5WRjZjbTlJVTFWWmRVRRAB,0,1
Ci9DQUlRQUNvZENodHljRjlvT214UlYzRlFlVEJYZDJGaU5WRjZjbTlJVTFWWmRVRRAB_02,Ci9DQUlRQUNvZENodHljRjlvT214UlYzRlFlVEJYZDJGaU5WRjZjbTlJVTFWWmRVRRAB,-1,-1
Ci9DQUlRQUNvZENodHljRjlvT25relkycEJTekJrVTJNeFNTMWtMVFYwY0ZsV1ltYxAB_01,Ci9DQUlRQUNvZENodHljRjlvT25relkycEJTekJrVTJNeFNTMWtMVFYwY0ZsV1ltYxAB,1,0
Ci9DQUlRQUNvZENodHljRjlvT25relkycEJTekJrVTJNeFNTMWtMVFYwY0ZsV1ltYxAB_02,Ci9DQUlRQUNvZENodHljRjlvT25relkycEJTekJrVTJNeFNTMWtMVFYwY0ZsV1ltYxAB,0,1
Ci9DQUlRQUNvZENodHljRjlvT2poSFpYazRPRTFVUWxwSVFUTTNZazh0U0hOTlFXYxAB_01,Ci9DQUlRQUNvZENodHljRjlvT2poSFpYazRPRTFVUWxwSVFUTTNZazh0U0hOTlFXYxAB,-1,-1
Ci9DQUlRQUNvZENodHljRjlvT2poSFpYazRPRTFVUWxwSVFUTTNZazh0U0hOTlFXYxAB_02,Ci9DQUlRQUNvZENodHljRjlvT2poSFpYazRPRTFVUWxwSVFUTTNZazh0U0hOTlFXYxAB,0,1
Ci9DQUlRQUNvZENodHljRjlvT2poSFpYazRPRTFVUWxwSVFUTTNZazh0U0hOTlFXYxAB_03,Ci9DQUlRQUNvZENodHljRjlvT2poSFpYazRPRTFVUWxwSVFUTTNZazh0U0hOTlFXYxAB,0,1
Ci9DQUlRQUNvZENodHljRjlvT2poSFpYazRPRTFVUWxwSVFUTTNZazh0U0hOTlFXYxAB_04,Ci9DQUlRQUNvZENodHljRjlvT2poSFpYazRPRTFVUWxwSVFUTTNZazh0U0hOTlFXYxAB,-1,-1
Ci9DQUlRQUNvZENodHljRjlvT2poSFpYazRPRTFVUWxwSVFUTTNZazh0U0hOTlFXYxAB_05,Ci9DQUlRQUNvZENodHljRjlvT2poSFpYazRPRTFVUWxwSVFUTTNZazh0U0hOTlFXYxAB,0,1
Ci9DQUlRQUNvZENodHljRjlvT2poSFpYazRPRTFVUWxwSVFUTTNZazh0U0hOTlFXYxAB_06,Ci9DQUlRQUNvZENodHljRjlvT2poSFpYazRPRTFVUWxwSVFUTTNZazh0U0hOTlFXYxAB,37,35
Ci9DQUlRQUNvZENodHljRjlvT2pKcU5rcFRZMFkwYXpOTFYwWmpRWFJSVm1RelFYYxAB_01,Ci9DQUlRQUNvZENodHljRjlvT2pKcU5rcFRZMFkwYXpOTFYwWmpRWFJSVm1RelFYYxAB,1,0
Ci9DQUlRQUNvZENodHljRjlvT2pKcU5rcFRZMFkwYXpOTFYwWmpRWFJSVm1RelFYYxAB_02,Ci9DQUlRQUNvZENodHljRjlvT2pKcU5rcFRZMFkwYXpOTFYwWmpRWFJSVm1RelFYYxAB,-1,-1
Ci9DQUlRQUNvZENodHljRjlvT2pKcU5rcFRZMFkwYXpOTFYwWmpRWFJSVm1RelFYYxAB_03,Ci9DQUlRQUNvZENodHljRjlvT2pKcU5rcFRZMFkwYXpOTFYwWmpRWFJSVm1RelFYYxAB,0,1
Ci9DQUlRQUNvZENodHljRjlvT2pKcU5rcFRZMFkwYXpOTFYwWmpRWFJSVm1RelFYYxAB_04,Ci9DQUlRQUNvZENodHljRjlvT2pKcU5rcFRZMFkwYXpOTFYwWmpRWFJSVm1RelFYYxAB,-1,-1
Ci9DQUlRQUNvZENodHljRjlvT2pKcU5rcFRZMFkwYXpOTFYwWmpRWFJSVm1RelFYYxAB_05,Ci9DQUlRQUNvZENodHljRjlvT2pKcU5rcFRZMFkwYXpOTFYwWmpRWFJSVm1RelFYYxAB,20,18
Ci9DQUlRQUNvZENodHljRjlvT2pKcU5rcFRZMFkwYXpOTFYwWmpRWFJSVm1RelFYYxAB_06,Ci9DQUlRQUNvZENodHljRjlvT2pKcU5rcFRZMFkwYXpOTFYwWmpRWFJSVm1RelFYYxAB,8,8
Ci9DQUlRQUNvZENodHljRjlvT2pKcU5rcFRZMFkwYXpOTFYwWmpRWFJSVm1RelFYYxAB_07,Ci9DQUlRQUNvZENodHljRjlvT2pKcU5rcFRZMFkwYXpOTFYwWmpRWFJSVm1RelFYYxAB,39,38
Ci9DQUlRQUNvZENodHljRjlvT25kWFowUXhlVVkxTFRWSlVISjFXRFJKTTE5VVduYxAB_01,Ci9DQUlRQUNvZENodHljRjlvT25kWFowUXhlVVkxTFRWSlVISjFXRFJKTTE5VVduYxAB,0,1
Ci9DQUlRQUNvZENodHljRjlvT2pock5rSTFhRFpLVW5vd09XWkdXa3RvWm5oYVpWRRAB_01,Ci9DQUlRQUNvZENodHljRjlvT2pock5rSTFhRFpLVW5vd09XWkdXa3RvWm5oYVpWRRAB,8,8
Ci9DQUlRQUNvZENodHljRjlvT2pock5rSTFhRFpLVW5vd09XWkdXa3RvWm5oYVpWRRAB_02,Ci9DQUlRQUNvZENodHljRjlvT2pock5rSTFhRFpLVW5vd09XWkdXa3RvWm5oYVpWRRAB,23,-1
Ci9DQUlRQUNvZENodHljRjlvT2pock5rSTFhRFpLVW5vd09XWkdXa3RvWm5oYVpWRRAB_03,Ci9DQUlRQUNvZENodHljRjlvT2pock5rSTFhRFpLVW5vd09XWkdXa3RvWm5oYVpWRRAB,-1,-1
Ci9DQUlRQUNvZENodHljRjlvT2pock5rSTFhRFpLVW5vd09XWkdXa3RvWm5oYVpWRRAB_04,Ci9DQUlRQUNvZENodHljRjlvT2pock5rSTFhRFpLVW5vd09XWkdXa3RvWm5oYVpWRRAB,5,-1
Ci9DQUlRQUNvZENodHljRjlvT2pock5rSTFhRFpLVW5vd09XWkdXa3RvWm5oYVpWRRAB_05,Ci9DQUlRQUNvZENodHljRjlvT2pock5rSTFhRFpLVW5vd09XWkdXa3RvWm5oYVpWRRAB,23,31
Ci9DQUlRQUNvZENodHljRjlvT2tjeGJXbHZhVU4yUlhadU5rdFhUVTFwUTBocWMyYxAB_01,Ci9DQUlRQUNvZENodHljRjlvT2tjeGJXbHZhVU4yUlhadU5rdFhUVTFwUTBocWMyYxAB,-1,-1
ChdDSUhNMG9nS0VJQ0FnSUMxXzZQeHRRRRAB_01,ChdDSUhNMG9nS0VJQ0FnSUMxXzZQeHRRRRAB,14,13
ChdDSUhNMG9nS0VJQ0FnSUMxXzZQeHRRRRAB_02,ChdDSUhNMG9nS0VJQ0FnSUMxXzZQeHRRRRAB,10,-1
ChdDSUhNMG9nS0VJQ0FnSURKcW9DWXhnRRAB_01,ChdDSUhNMG9nS0VJQ0FnSURKcW9DWXhnRRAB,-1,-1
ChdDSUhNMG9nS0VJQ0FnSURKcW9DWXhnRRAB_02,ChdDSUhNMG9nS0VJQ0FnSURKcW9DWXhnRRAB,40,-1
ChdDSUhNMG9nS0VJQ0FnSURKcW9DWXhnRRAB_03,ChdDSUhNMG9nS0VJQ0FnSURKcW9DWXhnRRAB,1,0
ChdDSUhNMG9nS0VJQ0FnSURKcW9DWXhnRRAB_04,ChdDSUhNMG9nS0VJQ0FnSURKcW9DWXhnRRAB,8,8
ChdDSUhNMG9nS0VJQ0FnSUQxMTlHZTZ3RRAB_01,ChdDSUhNMG9nS0VJQ0FnSUQxMTlHZTZ3RRAB,-1,-1
ChdDSUhNMG9nS0VJQ0FnSUQxMTlHZTZ3RRAB_02,ChdDSUhNMG9nS0VJQ0FnSUQxMTlHZTZ3RRAB,9,9
ChZDSUhNMG9nS0VJQ0FnSUMtN3BPQ1F3EAE_01,ChZDSUhNMG9nS0VJQ0FnSUMtN3BPQ1F3EAE,19,16
ChdDSUhNMG9nS0VJQ0FnSUNOM3ZDSm13RRAB_01,ChdDSUhNMG9nS0VJQ0FnSUNOM3ZDSm13RRAB,16,14
ChdDSUhNMG9nS0VJQ0FnSUNOM3ZDSm13RRAB_02,ChdDSUhNMG9nS0VJQ0FnSUNOM3ZDSm13RRAB,14,13
ChdDSUhNMG9nS0VJQ0FnSUNOaV91Y3p3RRAB_01,ChdDSUhNMG9nS0VJQ0FnSUNOaV91Y3p3RRAB,-1,-1
ChdDSUhNMG9nS0VJQ0FnSUNOaV91Y3p3RRAB_02,ChdDSUhNMG9nS0VJQ0FnSUNOaV91Y3p3RRAB,-1,-1
ChdDSUhNMG9nS0VJQ0FnSUNOaV91Y3p3RRAB_03,ChdDSUhNMG9nS0VJQ0FnSUNOaV91Y3p3RRAB,20,18
ChdDSUhNMG9nS0VJQ0FnSUNOaV91Y3p3RRAB_04,ChdDSUhNMG9nS0VJQ0FnSUNOaV91Y3p3RRAB,8,8
ChdDSUhNMG9nS0VJQ0FnSUNOaV91Y3p3RRAB_05,ChdDSUhNMG9nS0VJQ0FnSUNOaV91Y3p3RRAB,-1,-1
ChdDSUhNMG9nS0VJQ0FnSUNOaV91Y3p3RRAB_06,ChdDSUhNMG9nS0VJQ0FnSUNOaV91Y3p3RRAB,5,4
ChdDSUhNMG9nS0VJQ0FnSUNOaV91Y3p3RRAB_07,ChdDSUhNMG9nS0VJQ0FnSUNOaV91Y3p3RRAB,25,25
ChdDSUhNMG9nS0VJQ0FnSUNOaV91Y3p3RRAB_08,ChdDSUhNMG9nS0VJQ0FnSUNOaV91Y3p3RRAB,1,0
ChdDSUhNMG9nS0VJQ0FnSUNOaV91Y3p3RRAB_09,ChdDSUhNMG9nS0VJQ0FnSUNOaV91Y3p3RRAB,4,5
ChdDSUhNMG9nS0VJQ0FnSUNOeTRDUXRnRRAB_01,ChdDSUhNMG9nS0VJQ0FnSUNOeTRDUXRnRRAB,7,7
ChZDSUhNMG9nS0VJQ0FnSUROMnNXamRnEAE_01,ChZDSUhNMG9nS0VJQ0FnSUROMnNXamRnEAE,4,5
ChZDSUhNMG9nS0VJQ0FnSUROMnNXamRnEAE_02,ChZDSUhNMG9nS0VJQ0FnSUROMnNXamRnEAE,5,4
ChdDSUhNMG9nS0VJQ0FnSUROaHMzUTlRRRAB_01,ChdDSUhNMG9nS0VJQ0FnSUROaHMzUTlRRRAB,-1,-1
ChZDSUhNMG9nS0VJQ0FnSUN0dzgyc1ZnEAE_01,ChZDSUhNMG9nS0VJQ0FnSUN0dzgyc1ZnEAE,19,16
ChZDSUhNMG9nS0VJQ0FnSUN0dzgyc1ZnEAE_02,ChZDSUhNMG9nS0VJQ0FnSUN0dzgyc1ZnEAE,4,-1
ChZDSUhNMG9nS0VJQ0FnSUN0dzgyc1ZnEAE_03,ChZDSUhNMG9nS0VJQ0FnSUN0dzgyc1ZnEAE,1,0
ChZDSUhNMG9nS0VJQ0FnSUN0dzgyc1ZnEAE_04,ChZDSUhNMG9nS0VJQ0FnSUN0dzgyc1ZnEAE,18,-1
ChZDSUhNMG9nS0VJQ0FnSUN0dzgyc1ZnEAE_05,ChZDSUhNMG9nS0VJQ0FnSUN0dzgyc1ZnEAE,23,31
ChdDSUhNMG9nS0VJQ0FnSUM5aE42VGhRRRAB_01,ChdDSUhNMG9nS0VJQ0FnSUM5aE42VGhRRRAB,7,7
ChdDSUhNMG9nS0VJQ0FnSURJMlkyLTV3RRAB_01,ChdDSUhNMG9nS0VJQ0FnSURJMlkyLTV3RRAB,11,12
ChZDSUhNMG9nS0VJQ0FnSUNEeFBUV2RnEAE_01,ChZDSUhNMG9nS0VJQ0FnSUNEeFBUV2RnEAE,19,16
ChZDSUhNMG9nS0VJQ0FnSUNEeFBUV2RnEAE_02,ChZDSUhNMG9nS0VJQ0FnSUNEeFBUV2RnEAE,2,2
ChZDSUhNMG9nS0VJQ0FnSUNEeFBUV2RnEAE_03,ChZDSUhNMG9nS0VJQ0FnSUNEeFBUV2RnEAE,6,6
ChZDSUhNMG9nS0VJQ0FnSUNEeFBUV2RnEAE_04,ChZDSUhNMG9nS0VJQ0FnSUNEeFBUV2RnEAE,-1,-1
ChZDSUhNMG9nS0VJQ0FnSUNEeFBUV2RnEAE_05,ChZDSUhNMG9nS0VJQ0FnSUNEeFBUV2RnEAE,25,-1
ChZDSUhNMG9nS0VJQ0FnSUNEeFBUV2RnEAE_06,ChZDSUhNMG9nS0VJQ0FnSUNEeFBUV2RnEAE,20,18
ChZDSUhNMG9nS0VJQ0FnSUNEeFBUV2RnEAE_07,ChZDSUhNMG9nS0VJQ0FnSUNEeFBUV2RnEAE,11,12
ChZDSUhNMG9nS0VJQ0FnSUNEMXBlamZBEAE_01,ChZDSUhNMG9nS0VJQ0FnSUNEMXBlamZBEAE,3,3
ChdDSUhNMG9nS0VJQ0FnSURENjhyZF93RRAB_01,ChdDSUhNMG9nS0VJQ0FnSURENjhyZF93RRAB,30,29
ChZDSUhNMG9nS0VJQ0FnSUNUa3F2cFN3EAE_01,ChZDSUhNMG9nS0VJQ0FnSUNUa3F2cFN3EAE,18,-1
ChZDSUhNMG9nS0VJQ0FnSUNUc3F5YlpnEAE_01,ChZDSUhNMG9nS0VJQ0FnSUNUc3F5YlpnEAE,0,1
ChdDSUhNMG9nS0VJQ0FnSUNUNF9HVzNnRRAB_01,ChdDSUhNMG9nS0VJQ0FnSUNUNF9HVzNnRRAB,8,8
ChdDSUhNMG9nS0VJQ0FnSUNUNF9HVzNnRRAB_02,ChdDSUhNMG9nS0VJQ0FnSUNUNF9HVzNnRRAB,0,1
ChdDSUhNMG9nS0VJQ0FnSUNUNF9HVzNnRRAB_03,ChdDSUhNMG9nS0VJQ0FnSUNUNF9HVzNnRRAB,40,41
ChdDSUhNMG9nS0VJQ0FnSUNUNF9HVzNnRRAB_04,ChdDSUhNMG9nS0VJQ0FnSUNUNF9HVzNnRRAB,18,20
ChdDSUhNMG9nS0VJQ0FnSUNUNF9HVzNnRRAB_05,ChdDSUhNMG9nS0VJQ0FnSUNUNF9HVzNnRRAB,32,32
ChdDSUhNMG9nS0VJQ0FnSUNUNF9HVzNnRRAB_06,ChdDSUhNMG9nS0VJQ0FnSUNUNF9HVzNnRRAB,-1,-1
ChdDSUhNMG9nS0VJQ0FnSURUNEtYTnFnRRAB_01,ChdDSUhNMG9nS0VJQ0FnSURUNEtYTnFnRRAB,2,2
ChdDSUhNMG9nS0VJQ0FnSURUNEtYTnFnRRAB_02,ChdDSUhNMG9nS0VJQ0FnSURUNEtYTnFnRRAB,10,10
ChZDSUhNMG9nS0VJQ0FnSUR6NGJhLUd3EAE_01,ChZDSUhNMG9nS0VJQ0FnSUR6NGJhLUd3EAE,9,9
ChZDSUhNMG9nS0VJQ0FnSUR6NGJhLUd3EAE_02,ChZDSUhNMG9nS0VJQ0FnSUR6NGJhLUd3EAE,1,0
ChZDSUhNMG9nS0VJQ0FnSUR6NGJhLUd3EAE_03,ChZDSUhNMG9nS0VJQ0FnSUR6NGJhLUd3EAE,-1,-1
ChZDSUhNMG9nS0VJQ0FnSUR6NGJhLUd3EAE_04,ChZDSUhNMG9nS0VJQ0FnSUR6NGJhLUd3EAE,6,6
ChZDSUhNMG9nS0VJQ0FnSUR6NGJhLUd3EAE_05,ChZDSUhNMG9nS0VJQ0FnSUR6NGJhLUd3EAE,-1,-1
ChZDSUhNMG9nS0VJQ0FnSUR6NGJhLUd3EAE_06,ChZDSUhNMG9nS0VJQ0FnSUR6NGJhLUd3EAE,-1,-1
ChZDSUhNMG9nS0VJQ0FnSUR6NGJhLUd3EAE_07,ChZDSUhNMG9nS0VJQ0FnSUR6NGJhLUd3EAE,34,34
ChZDSUhNMG9nS0VJQ0FnSUR6NGJhLUd3EAE_08,ChZDSUhNMG9nS0VJQ0FnSUR6NGJhLUd3EAE,-1,-1
ChZDSUhNMG9nS0VJQ0FnSUR6NGJhLUd3EAE_09,ChZDSUhNMG9nS0VJQ0FnSUR6NGJhLUd3EAE,-1,-1
ChZDSUhNMG9nS0VJQ0FnSUR6NGJhLUd3EAE_10,ChZDSUhNMG9nS0VJQ0FnSUR6NGJhLUd3EAE,-1,-1
ChZDSUhNMG9nS0VJQ0FnSUNMaHM3NkdnEAE_01,ChZDSUhNMG9nS0VJQ0FnSUNMaHM3NkdnEAE,0,1
ChZDSUhNMG9nS0VJQ0FnSUNMaHM3NkdnEAE_02,ChZDSUhNMG9nS0VJQ0FnSUNMaHM3NkdnEAE,13,15
ChdDSUhNMG9nS0VJQ0FnSURMXzRxWjVRRRAB_01,ChdDSUhNMG9nS0VJQ0FnSURMXzRxWjVRRRAB,2,2
ChdDSUhNMG9nS0VJQ0FnSURMXzRxWjVRRRAB_02,ChdDSUhNMG9nS0VJQ0FnSURMXzRxWjVRRRAB,4,-1
ChdDSUhNMG9nS0VJQ0FnSURMXzRxWjVRRRAB_03,ChdDSUhNMG9nS0VJQ0FnSURMXzRxWjVRRRAB,-1,-1
ChdDSUhNMG9nS0VJQ0FnSURMXzRxWjVRRRAB_04,ChdDSUhNMG9nS0VJQ0FnSURMXzRxWjVRRRAB,35,36
ChdDSUhNMG9nS0VJQ0FnSURMXzRxWjVRRRAB_05,ChdDSUhNMG9nS0VJQ0FnSURMXzRxWjVRRRAB,6,6
ChdDSUhNMG9nS0VJQ0FnSURMXzRxWjVRRRAB_06,ChdDSUhNMG9nS0VJQ0FnSURMXzRxWjVRRRAB,17,19
ChdDSUhNMG9nS0VJQ0FnSURMXzRxWjVRRRAB_07,ChdDSUhNMG9nS0VJQ0FnSURMXzRxWjVRRRAB,34,34
ChdDSUhNMG9nS0VJQ0FnSURMXzRxWjVRRRAB_08,ChdDSUhNMG9nS0VJQ0FnSURMXzRxWjVRRRAB,6,6
ChZDSUhNMG9nS0VJQ0FnSUNid3JqVFlBEAE_01,ChZDSUhNMG9nS0VJQ0FnSUNid3JqVFlBEAE,14,13
ChZDSUhNMG9nS0VJQ0FnSUM3eXVEaERnEAE_01,ChZDSUhNMG9nS0VJQ0FnSUM3eXVEaERnEAE,18,20
ChZDSUhNMG9nS0VJQ0FnSUM3eXVEaERnEAE_02,ChZDSUhNMG9nS0VJQ0FnSUM3eXVEaERnEAE,23,31
ChZDSUhNMG9nS0VJQ0FnSUM3eXVEaERnEAE_03,ChZDSUhNMG9nS0VJQ0FnSUM3eXVEaERnEAE,-1,-1
ChZDSUhNMG9nS0VJQ0FnSUM3eXVEaERnEAE_04,ChZDSUhNMG9nS0VJQ0FnSUM3eXVEaERnEAE,-1,-1
ChZDSUhNMG9nS0VJQ0FnSUM3eXVEaERnEAE_05,ChZDSUhNMG9nS0VJQ0FnSUM3eXVEaERnEAE,-1,-1
ChZDSUhNMG9nS0VJQ0FnSUM3eXVEaERnEAE_06,ChZDSUhNMG9nS0VJQ0FnSUM3eXVEaERnEAE,-1,-1
ChZDSUhNMG9nS0VJQ0FnSUM3eXVEaERnEAE_07,ChZDSUhNMG9nS0VJQ0FnSUM3eXVEaERnEAE,1,0
ChZDSUhNMG9nS0VJQ0FnSUNXeTVibURBEAE_01,ChZDSUhNMG9nS0VJQ0FnSUNXeTVibURBEAE,5,4
ChZDSUhNMG9nS0VJQ0FnSUNXeTVibURBEAE_02,ChZDSUhNMG9nS0VJQ0FnSUNXeTVibURBEAE,26,26
ChZDSUhNMG9nS0VJQ0FnSUNXeTVibURBEAE_03,ChZDSUhNMG9nS0VJQ0FnSUNXeTVibURBEAE,1,0
ChdDSUhNMG9nS0VJQ0FnSURIeDlERndRRRAB_01,ChdDSUhNMG9nS0VJQ0FnSURIeDlERndRRRAB,4,5
ChdDSUhNMG9nS0VJQ0FnSURIeDlERndRRRAB_02,ChdDSUhNMG9nS0VJQ0FnSURIeDlERndRRRAB,-1,-1
ChdDSUhNMG9nS0VJQ0FnSURIeDlERndRRRAB_03,ChdDSUhNMG9nS0VJQ0FnSURIeDlERndRRRAB,-1,-1
ChdDSUhNMG9nS0VJQ0FnSURIeDlERndRRRAB_04,ChdDSUhNMG9nS0VJQ0FnSURIeDlERndRRRAB,-1,-1
ChdDSUhNMG9nS0VJQ0FnSURIeDlERndRRRAB_05,ChdDSUhNMG9nS0VJQ0FnSURIeDlERndRRRAB,25,25
ChZDSUhNMG9nS0VJQ0FnSURIcjhyMFNnEAE_01,ChZDSUhNMG9nS0VJQ0FnSURIcjhyMFNnEAE,23,31
ChZDSUhNMG9nS0VJQ0FnSURIcjhyMFNnEAE_02,ChZDSUhNMG9nS0VJQ0FnSURIcjhyMFNnEAE,6,-1
ChZDSUhNMG9nS0VJQ0FnSURIcjU2WVRnEAE_01,ChZDSUhNMG9nS0VJQ0FnSURIcjU2WVRnEAE,0,1
ChZDSUhNMG9nS0VJQ0FnSURIcjU2WVRnEAE_02,ChZDSUhNMG9nS0VJQ0FnSURIcjU2WVRnEAE,-1,-1
ChZDSUhNMG9nS0VJQ0FnSURIcjU2WVRnEAE_03,ChZDSUhNMG9nS0VJQ0FnSURIcjU2WVRnEAE,0,1
ChZDSUhNMG9nS0VJQ0FnSUNYcjRDS1J3EAE_01,ChZDSUhNMG9nS0VJQ0FnSUNYcjRDS1J3EAE,9,9
ChZDSUhNMG9nS0VJQ0FnSUNYcjRDS1J3EAE_02,ChZDSUhNMG9nS0VJQ0FnSUNYcjRDS1J3EAE,13,15
ChZDSUhNMG9nS0VJQ0FnSUNYcjRDS1J3EAE_03,ChZDSUhNMG9nS0VJQ0FnSUNYcjRDS1J3EAE,-1,-1
ChdDSUhNMG9nS0VJQ0FnSUNZeVBYaTh3RRAB_01,ChdDSUhNMG9nS0VJQ0FnSUNZeVBYaTh3RRAB,1,0
ChdDSUhNMG9nS0VJQ0FnSUNZeVBYaTh3RRAB_02,ChdDSUhNMG9nS0VJQ0FnSUNZeVBYaTh3RRAB,1,0
ChdDSUhNMG9nS0VJQ0FnSUMzaWJXLTJRRRAB_01,ChdDSUhNMG9nS0VJQ0FnSUMzaWJXLTJRRRAB,12,21
ChdDSUhNMG9nS0VJQ0FnSUMzaWJXLTJRRRAB_02,ChdDSUhNMG9nS0VJQ0FnSUMzaWJXLTJRRRAB,31,27
ChdDSUhNMG9nS0VJQ0FnSURQN3BYbnZBRRAB_01,ChdDSUhNMG9nS0VJQ0FnSURQN3BYbnZBRRAB,13,15
ChdDSUhNMG9nS0VJQ0FnSURQN3BYbnZBRRAB_02,ChdDSUhNMG9nS0VJQ0FnSURQN3BYbnZBRRAB,35,36
ChdDSUhNMG9nS0VJQ0FnSUR2MnRIZ21BRRAB_01,ChdDSUhNMG9nS0VJQ0FnSUR2MnRIZ21BRRAB,6,6
ChdDSUhNMG9nS0VJQ0FnSUR2MnRIZ21BRRAB_02,ChdDSUhNMG9nS0VJQ0FnSUR2MnRIZ21BRRAB,25,25
ChdDSUhNMG9nS0VJQ0FnSUR2bGJQMXJRRRAB_01,ChdDSUhNMG9nS0VJQ0FnSUR2bGJQMXJRRRAB,24,33
ChZDSUhNMG9nS0VJQ0FnSUNmd2RYM1N3EAE_01,ChZDSUhNMG9nS0VJQ0FnSUNmd2RYM1N3EAE,34,34
ChZDSUhNMG9nS0VJQ0FnSUNmd2RYM1N3EAE_02,ChZDSUhNMG9nS0VJQ0FnSUNmd2RYM1N3EAE,35,36
ChZDSUhNMG9nS0VJQ0FnSUNmd2RYM1N3EAE_03,ChZDSUhNMG9nS0VJQ0FnSUNmd2RYM1N3EAE,0,1
ChZDSUhNMG9nS0VJQ0FnSUNmd2RYM1N3EAE_04,ChZDSUhNMG9nS0VJQ0FnSUNmd2RYM1N3EAE,39,38
ChdDSUhNMG9nS0VJQ0FnSUNmOGVqOV9nRRAB_01,ChdDSUhNMG9nS0VJQ0FnSUNmOGVqOV9nRRAB,23,-1
ChdDSUhNMG9nS0VJQ0FnSUNmemRyMnBBRRAB_01,ChdDSUhNMG9nS0VJQ0FnSUNmemRyMnBBRRAB,26,26
ChdDSUhNMG9nS0VJQ0FnSUNmemRyMnBBRRAB_02,ChdDSUhNMG9nS0VJQ0FnSUNmemRyMnBBRRAB,-1,-1
ChdDSUhNMG9nS0VJQ0FnSUNmemRyMnBBRRAB_03,ChdDSUhNMG9nS0VJQ0FnSUNmemRyMnBBRRAB,34,-1
ChdDSUhNMG9nS0VJQ0FnSUNmemRyMnBBRRAB_04,ChdDSUhNMG9nS0VJQ0FnSUNmemRyMnBBRRAB,5,4
ChdDSUhNMG9nS0VJQ0FnSUNmemRyMnBBRRAB_05,ChdDSUhNMG9nS0VJQ0FnSUNmemRyMnBBRRAB,14,-1
ChZDSUhNMG9nS0VJQ0FnSUNmel9uR1JBEAE_01,ChZDSUhNMG9nS0VJQ0FnSUNmel9uR1JBEAE,20,18
ChZDSUhNMG9nS0VJQ0FnSURmOG9UNlZ3EAE_01,ChZDSUhNMG9nS0VJQ0FnSURmOG9UNlZ3EAE,4,5
ChZDSUhNMG9nS0VJQ0FnSURmOG9UNlZ3EAE_02,ChZDSUhNMG9nS0VJQ0FnSURmOG9UNlZ3EAE,6,-1
ChZDSUhNMG9nS0VJQ0FnSURmOG9UNlZ3EAE_03,ChZDSUhNMG9nS0VJQ0FnSURmOG9UNlZ3EAE,0,1
ChZDSUhNMG9nS0VJQ0FnSURmOG9UNlZ3EAE_04,ChZDSUhNMG9nS0VJQ0FnSURmOG9UNlZ3EAE,-1,-1
ChZDSUhNMG9nS0VJQ0FnSURmOG9UNlZ3EAE_05,ChZDSUhNMG9nS0VJQ0FnSURmOG9UNlZ3EAE,39,38
ChZDSUhNMG9nS0VJQ0FnSUNfZ051WFFBEAE_01,ChZDSUhNMG9nS0VJQ0FnSUNfZ051WFFBEAE,12,21
ChZDSUhNMG9nS0VJQ0FnSUNfZ051WFFBEAE_02,ChZDSUhNMG9nS0VJQ0FnSUNfZ051WFFBEAE,1,0
ChZDSUhNMG9nS0VJQ0FnSUNfZ051WFFBEAE_03,ChZDSUhNMG9nS0VJQ0FnSUNfZ051WFFBEAE,14,13
ChdDSUhNMG9nS0VJQ0FnSUNfckxuN29BRRAB_01,ChdDSUhNMG9nS0VJQ0FnSUNfckxuN29BRRAB,19,16
ChdDSUhNMG9nS0VJQ0FnSUNfckxuN29BRRAB_02,ChdDSUhNMG9nS0VJQ0FnSUNfckxuN29BRRAB,4,5
ChdDSUhNMG9nS0VJQ0FnSUNfckxuN29BRRAB_03,ChdDSUhNMG9nS0VJQ0FnSUNfckxuN29BRRAB,4,5
ChZDSUhNMG9nS0VJQ0FnTURBcEt6amN3EAE_01,ChZDSUhNMG9nS0VJQ0FnTURBcEt6amN3EAE,-1,-1
ChZDSUhNMG9nS0VJQ0FnTURBcEt6amN3EAE_02,ChZDSUhNMG9nS0VJQ0FnTURBcEt6amN3EAE,0,1
ChZDSUhNMG9nS0VJQ0FnTURBcEt6amN3EAE_03,ChZDSUhNMG9nS0VJQ0FnTURBcEt6amN3EAE,5,-1
ChdDSUhNMG9nS0VJQ0FnTUNRbzZmRzVBRRAB_01,ChdDSUhNMG9nS0VJQ0FnTUNRbzZmRzVBRRAB,0,1
ChdDSUhNMG9nS0VJQ0FnTUNRbzZmRzVBRRAB_02,ChdDSUhNMG9nS0VJQ0FnTUNRbzZmRzVBRRAB,34,34
ChdDSUhNMG9nS0VJQ0FnTUNRbzZmRzVBRRAB_03,ChdDSUhNMG9nS0VJQ0FnTUNRbzZmRzVBRRAB,8,8
ChZDSUhNMG9nS0VJQ0FnTUN3bHRlN0lnEAE_01,ChZDSUhNMG9nS0VJQ0FnTUN3bHRlN0lnEAE,10,10
ChdDSUhNMG9nS0VJQ0FnTUNJbE95THJ3RRAB_01,ChdDSUhNMG9nS0VJQ0FnTUNJbE95THJ3RRAB,3,3
ChZDSUhNMG9nS0VJQ0FnTUNJZ2RqM013EAE_01,ChZDSUhNMG9nS0VJQ0FnTUNJZ2RqM013EAE,12,30
ChZDSUhNMG9nS0VJQ0FnTUNJZ2RqM013EAE_02,ChZDSUhNMG9nS0VJQ0FnTUNJZ2RqM013EAE,3,3
ChZDSUhNMG9nS0VKcUhxT2J6enZiT09BEAE_01,ChZDSUhNMG9nS0VKcUhxT2J6enZiT09BEAE,17,-1
ChZDSUhNMG9nS0VPTEZ2S195cWVhZWZREAE_01,ChZDSUhNMG9nS0VPTEZ2S195cWVhZWZREAE,20,18
ChZDSUhNMG9nS0VPTEZ2S195cWVhZWZREAE_02,ChZDSUhNMG9nS0VPTEZ2S195cWVhZWZREAE,6,6
ChZDSUhNMG9nS0VPTEZ2S195cWVhZWZREAE_03,ChZDSUhNMG9nS0VPTEZ2S195cWVhZWZREAE,6,6
ChZDSUhNMG9nS0VPTEZ2S195cWVhZWZREAE_04,ChZDSUhNMG9nS0VPTEZ2S195cWVhZWZREAE,6,6
ChZDSUhNMG9nS0VPTEZ2S195cWVhZWZREAE_05,ChZDSUhNMG9nS0VPTEZ2S195cWVhZWZREAE,8,8
ChZDSUhNMG9nS0VPTEZ2S195cWVhZWZREAE_06,ChZDSUhNMG9nS0VPTEZ2S195cWVhZWZREAE,-1,-1
ChZDSUhNMG9nS0VPTEZ2S195cWVhZWZREAE_07,ChZDSUhNMG9nS0VPTEZ2S195cWVhZWZREAE,-1,-1
ChZDSUhNMG9nS0VPTEZ2S195cWVhZWZREAE_08,ChZDSUhNMG9nS0VPTEZ2S195cWVhZWZREAE,-1,-1
ChZDSUhNMG9nS0VKTFUtNWFoeFk2YlNnEAE_01,ChZDSUhNMG9nS0VKTFUtNWFoeFk2YlNnEAE,0,1
ChZDSUhNMG9nS0VKTFUtNWFoeFk2YlNnEAE_02,ChZDSUhNMG9nS0VKTFUtNWFoeFk2YlNnEAE,4,-1
ChZDSUhNMG9nS0VKTFUtNWFoeFk2YlNnEAE_03,ChZDSUhNMG9nS0VKTFUtNWFoeFk2YlNnEAE,14,13
ChZDSUhNMG9nS0VQaVd1czZ3M3ZUTEhBEAE_01,ChZDSUhNMG9nS0VQaVd1czZ3M3ZUTEhBEAE,19,16
ChZDSUhNMG9nS0VQaVd1czZ3M3ZUTEhBEAE_02,ChZDSUhNMG9nS0VQaVd1czZ3M3ZUTEhBEAE,3,3
ChZDSUhNMG9nS0VQaVd1czZ3M3ZUTEhBEAE_03,ChZDSUhNMG9nS0VQaVd1czZ3M3ZUTEhBEAE,17,-1
ChZDSUhNMG9nS0VQaVd1czZ3M3ZUTEhBEAE_04,ChZDSUhNMG9nS0VQaVd1czZ3M3ZUTEhBEAE,19,16
ChZDSUhNMG9nS0VQaVd1czZ3M3ZUTEhBEAE_05,ChZDSUhNMG9nS0VQaVd1czZ3M3ZUTEhBEAE,21,-1
ChZDSUhNMG9nS0VQaVd1czZ3M3ZUTEhBEAE_06,ChZDSUhNMG9nS0VQaVd1czZ3M3ZUTEhBEAE,10,10
ChZDSUhNMG9nS0VQaVd1czZ3M3ZUTEhBEAE_07,ChZDSUhNMG9nS0VQaVd1czZ3M3ZUTEhBEAE,16,14
ChZDSUhNMG9nS0VQaVd1czZ3M3ZUTEhBEAE_08,ChZDSUhNMG9nS0VQaVd1czZ3M3ZUTEhBEAE,-1,-1
Ci9DQUlRQUNvZENodHljRjlvT2tGc1kzWmhSbUZ0YVd0eFIyaG5TekJtVmxrMmJWRRAB_01,Ci9DQUlRQUNvZENodHljRjlvT2tGc1kzWmhSbUZ0YVd0eFIyaG5TekJtVmxrMmJWRRAB,11,12
Ci9DQUlRQUNvZENodHljRjlvT2tGc1kzWmhSbUZ0YVd0eFIyaG5TekJtVmxrMmJWRRAB_02,Ci9DQUlRQUNvZENodHljRjlvT2tGc1kzWmhSbUZ0YVd0eFIyaG5TekJtVmxrMmJWRRAB,-1,-1
Ci9DQUlRQUNvZENodHljRjlvT2tGc1kzWmhSbUZ0YVd0eFIyaG5TekJtVmxrMmJWRRAB_03,Ci9DQUlRQUNvZENodHljRjlvT2tGc1kzWmhSbUZ0YVd0eFIyaG5TekJtVmxrMmJWRRAB,0,1
Ci9DQUlRQUNvZENodHljRjlvT2tGc1kzWmhSbUZ0YVd0eFIyaG5TekJtVmxrMmJWRRAB_04,Ci9DQUlRQUNvZENodHljRjlvT2tGc1kzWmhSbUZ0YVd0eFIyaG5TekJtVmxrMmJWRRAB,10,10
Ci9DQUlRQUNvZENodHljRjlvT25ZM2NWODJPSGxUYlVOTlJqZzRWMHRoVldoWVJYYxAB_01,Ci9DQUlRQUNvZENodHljRjlvT25ZM2NWODJPSGxUYlVOTlJqZzRWMHRoVldoWVJYYxAB,-1,-1
Ci9DQUlRQUNvZENodHljRjlvT2tWQldraHBaRkp4VjE5Mk1rTTJOMUZmZVV4TmFVRRAB_01,Ci9DQUlRQUNvZENodHljRjlvT2tWQldraHBaRkp4VjE5Mk1rTTJOMUZmZVV4TmFVRRAB,0,1
Ci9DQUlRQUNvZENodHljRjlvT2tWQldraHBaRkp4VjE5Mk1rTTJOMUZmZVV4TmFVRRAB_02,Ci9DQUlRQUNvZENodHljRjlvT2tWQldraHBaRkp4VjE5Mk1rTTJOMUZmZVV4TmFVRRAB,-1,-1
Ci9DQUlRQUNvZENodHljRjlvT21WMlMwcGpWMTl0WTFjNVdVNTRMVkphVDNkeVVtYxAB_01,Ci9DQUlRQUNvZENodHljRjlvT21WMlMwcGpWMTl0WTFjNVdVNTRMVkphVDNkeVVtYxAB,-1,-1
Ci9DQUlRQUNvZENodHljRjlvT21obFVIZG1WREJTU25OVlUwSkNkMVJUVDJWSk0wRRAB_01,Ci9DQUlRQUNvZENodHljRjlvT21obFVIZG1WREJTU25OVlUwSkNkMVJUVDJWSk0wRRAB,3,3
Ci9DQUlRQUNvZENodHljRjlvT25KNFJWVk5TMmRCYjNoQ2RTMUhiMUkxVFRacGJVRRAB_01,Ci9DQUlRQUNvZENodHljRjlvT25KNFJWVk5TMmRCYjNoQ2RTMUhiMUkxVFRacGJVRRAB,1,0
Ci9DQUlRQUNvZENodHljRjlvT25KNFJWVk5TMmRCYjNoQ2RTMUhiMUkxVFRacGJVRRAB_02,Ci9DQUlRQUNvZENodHljRjlvT25KNFJWVk5TMmRCYjNoQ2RTMUhiMUkxVFRacGJVRRAB,-1,-1
Ci9DQUlRQUNvZENodHljRjlvT25KNFJWVk5TMmRCYjNoQ2RTMUhiMUkxVFRacGJVRRAB_03,Ci9DQUlRQUNvZENodHljRjlvT25KNFJWVk5TMmRCYjNoQ2RTMUhiMUkxVFRacGJVRRAB,-1,-1
Ci9DQUlRQUNvZENodHljRjlvT25KNFJWVk5TMmRCYjNoQ2RTMUhiMUkxVFRacGJVRRAB_04,Ci9DQUlRQUNvZENodHljRjlvT25KNFJWVk5TMmRCYjNoQ2RTMUhiMUkxVFRacGJVRRAB,32,32
Ci9DQUlRQUNvZENodHljRjlvT21kNVZFMVhlVmRzWTFoSFgyWmxTRWQ2WjNndGRYYxAB_01,Ci9DQUlRQUNvZENodHljRjlvT21kNVZFMVhlVmRzWTFoSFgyWmxTRWQ2WjNndGRYYxAB,12,-1
Ci9DQUlRQUNvZENodHljRjlvT21NMlIxQXhSR2RsYTBsS1ZVbHNZMGxaWlRsQ2NXYxAB_01,Ci9DQUlRQUNvZENodHljRjlvT21NMlIxQXhSR2RsYTBsS1ZVbHNZMGxaWlRsQ2NXYxAB,12,21
Ci9DQUlRQUNvZENodHljRjlvT21NMlIxQXhSR2RsYTBsS1ZVbHNZMGxaWlRsQ2NXYxAB_02,Ci9DQUlRQUNvZENodHljRjlvT21NMlIxQXhSR2RsYTBsS1ZVbHNZMGxaWlRsQ2NXYxAB,-1,-1
Ci9DQUlRQUNvZENodHljRjlvT20xcWRsOWZYMUp6YURreFdtaDNSV05wTmpoRlZtYxAB_01,Ci9DQUlRQUNvZENodHljRjlvT20xcWRsOWZYMUp6YURreFdtaDNSV05wTmpoRlZtYxAB,0,1
Ci9DQUlRQUNvZENodHljRjlvT2tOMU9FeFlPRmd3WmxGSGVrZExSVFZUU21NMVIyYxAB_01,Ci9DQUlRQUNvZENodHljRjlvT2tOMU9FeFlPRmd3WmxGSGVrZExSVFZUU21NMVIyYxAB,36,-1
Ci9DQUlRQUNvZENodHljRjlvT2tOMU9FeFlPRmd3WmxGSGVrZExSVFZUU21NMVIyYxAB_02,Ci9DQUlRQUNvZENodHljRjlvT2tOMU9FeFlPRmd3WmxGSGVrZExSVFZUU21NMVIyYxAB,5,-1
Ci9DQUlRQUNvZENodHljRjlvT2xSTFptWXdXRTFoY0VkV04xUk1WblpCYVhwWlJIYxAB_01,Ci9DQUlRQUNvZENodHljRjlvT2xSTFptWXdXRTFoY0VkV04xUk1WblpCYVhwWlJIYxAB,2,2
Ci9DQUlRQUNvZENodHljRjlvT2xSTFptWXdXRTFoY0VkV04xUk1WblpCYVhwWlJIYxAB_02,Ci9DQUlRQUNvZENodHljRjlvT2xSTFptWXdXRTFoY0VkV04xUk1WblpCYVhwWlJIYxAB,1,0
Ci9DQUlRQUNvZENodHljRjlvT2xSTFptWXdXRTFoY0VkV04xUk1WblpCYVhwWlJIYxAB_03,Ci9DQUlRQUNvZENodHljRjlvT2xSTFptWXdXRTFoY0VkV04xUk1WblpCYVhwWlJIYxAB,14,13
Ci9DQUlRQUNvZENodHljRjlvT2xSTFptWXdXRTFoY0VkV04xUk1WblpCYVhwWlJIYxAB_04,Ci9DQUlRQUNvZENodHljRjlvT2xSTFptWXdXRTFoY0VkV04xUk1WblpCYVhwWlJIYxAB,10,10
Ci9DQUlRQUNvZENodHljRjlvT25CUlVUTjZZa2RaVWs5d2MzSnFkVEJVVDJkS05GRRAB_01,Ci9DQUlRQUNvZENodHljRjlvT25CUlVUTjZZa2RaVWs5d2MzSnFkVEJVVDJkS05GRRAB,25,25
Ci9DQUlRQUNvZENodHljRjlvT25CUlVUTjZZa2RaVWs5d2MzSnFkVEJVVDJkS05GRRAB_02,Ci9DQUlRQUNvZENodHljRjlvT25CUlVUTjZZa2RaVWs5d2MzSnFkVEJVVDJkS05GRRAB,6,6
Ci9DQUlRQUNvZENodHljRjlvT25CUlVUTjZZa2RaVWs5d2MzSnFkVEJVVDJkS05GRRAB_03,Ci9DQUlRQUNvZENodHljRjlvT25CUlVUTjZZa2RaVWs5d2MzSnFkVEJVVDJkS05GRRAB,-1,-1
Ci9DQUlRQUNvZENodHljRjlvT25CUlVUTjZZa2RaVWs5d2MzSnFkVEJVVDJkS05GRRAB_04,Ci9DQUlRQUNvZENodHljRjlvT25CUlVUTjZZa2RaVWs5d2MzSnFkVEJVVDJkS05GRRAB,39,38
Ci9DQUlRQUNvZENodHljRjlvT2tkd2REVm9hbFl4YzJsMU0zTlNSVzVYTUhsVFZIYxAB_01,Ci9DQUlRQUNvZENodHljRjlvT2tkd2REVm9hbFl4YzJsMU0zTlNSVzVYTUhsVFZIYxAB,0,1
Ci9DQUlRQUNvZENodHljRjlvT2tkd2REVm9hbFl4YzJsMU0zTlNSVzVYTUhsVFZIYxAB_02,Ci9DQUlRQUNvZENodHljRjlvT2tkd2REVm9hbFl4YzJsMU0zTlNSVzVYTUhsVFZIYxAB,11,-1
Ci9DQUlRQUNvZENodHljRjlvT21sSGJHeFlVM2RMTmtGRWRuQmtPR2xZVFhWaVZGRRAB_01,Ci9DQUlRQUNvZENodHljRjlvT21sSGJHeFlVM2RMTmtGRWRuQmtPR2xZVFhWaVZGRRAB,23,31
Ci9DQUlRQUNvZENodHljRjlvT21sSGJHeFlVM2RMTmtGRWRuQmtPR2xZVFhWaVZGRRAB_02,Ci9DQUlRQUNvZENodHljRjlvT21sSGJHeFlVM2RMTmtGRWRuQmtPR2xZVFhWaVZGRRAB,-1,-1
Ci9DQUlRQUNvZENodHljRjlvT21sSGJHeFlVM2RMTmtGRWRuQmtPR2xZVFhWaVZGRRAB_03,Ci9DQUlRQUNvZENodHljRjlvT21sSGJHeFlVM2RMTmtGRWRuQmtPR2xZVFhWaVZGRRAB,0,1
Ci9DQUlRQUNvZENodHljRjlvT21sSGJHeFlVM2RMTmtGRWRuQmtPR2xZVFhWaVZGRRAB_04,Ci9DQUlRQUNvZENodHljRjlvT21sSGJHeFlVM2RMTmtGRWRuQmtPR2xZVFhWaVZGRRAB,19,16
Ci9DQUlRQUNvZENodHljRjlvT2pObk5rUmFha0prZDI5U1JVWkRja1pTTjFoelRGRRAB_01,Ci9DQUlRQUNvZENodHljRjlvT2pObk5rUmFha0prZDI5U1JVWkRja1pTTjFoelRGRRAB,4,5
Ci9DQUlRQUNvZENodHljRjlvT21rMU9URldkVVYwTVU5U1JucGxkSGxhWW5CcFRuYxAB_01,Ci9DQUlRQUNvZENodHljRjlvT21rMU9URldkVVYwTVU5U1JucGxkSGxhWW5CcFRuYxAB,2,2
Ci9DQUlRQUNvZENodHljRjlvT21rMU9URldkVVYwTVU5U1JucGxkSGxhWW5CcFRuYxAB_02,Ci9DQUlRQUNvZENodHljRjlvT21rMU9URldkVVYwTVU5U1JucGxkSGxhWW5CcFRuYxAB,21,-1
Ci9DQUlRQUNvZENodHljRjlvT21rMU9URldkVVYwTVU5U1JucGxkSGxhWW5CcFRuYxAB_03,Ci9DQUlRQUNvZENodHljRjlvT21rMU9URldkVVYwTVU5U1JucGxkSGxhWW5CcFRuYxAB,19,16
Ci9DQUlRQUNvZENodHljRjlvT25OTlUzaEtURTlvUm5sdmRUUkNRMGN5U21aRlEwRRAB_01,Ci9DQUlRQUNvZENodHljRjlvT25OTlUzaEtURTlvUm5sdmRUUkNRMGN5U21aRlEwRRAB,-1,-1
Ci9DQUlRQUNvZENodHljRjlvT25OTlUzaEtURTlvUm5sdmRUUkNRMGN5U21aRlEwRRAB_02,Ci9DQUlRQUNvZENodHljRjlvT25OTlUzaEtURTlvUm5sdmRUUkNRMGN5U21aRlEwRRAB,1,0
Ci9DQUlRQUNvZENodHljRjlvT25OTlUzaEtURTlvUm5sdmRUUkNRMGN5U21aRlEwRRAB_03,Ci9DQUlRQUNvZENodHljRjlvT25OTlUzaEtURTlvUm5sdmRUUkNRMGN5U21aRlEwRRAB,10,10
Ci9DQUlRQUNvZENodHljRjlvT2xWclZWWnpkbEprTWsxQlN6aGtTM2xLVWxGcmJXYxAB_01,Ci9DQUlRQUNvZENodHljRjlvT2xWclZWWnpkbEprTWsxQlN6aGtTM2xLVWxGcmJXYxAB,26,26
Ci9DQUlRQUNvZENodHljRjlvT2xWclZWWnpkbEprTWsxQlN6aGtTM2xLVWxGcmJXYxAB_02,Ci9DQUlRQUNvZENodHljRjlvT2xWclZWWnpkbEprTWsxQlN6aGtTM2xLVWxGcmJXYxAB,38,40
Ci9DQUlRQUNvZENodHljRjlvT2xoWFpYTm1lVzk0YzJsNWVtWktUSGhIY3pVdFlXYxAB_01,Ci9DQUlRQUNvZENodHljRjlvT2xoWFpYTm1lVzk0YzJsNWVtWktUSGhIY3pVdFlXYxAB,-1,-1
Ci9DQUlRQUNvZENodHljRjlvT2xoWFpYTm1lVzk0YzJsNWVtWktUSGhIY3pVdFlXYxAB_02,Ci9DQUlRQUNvZENodHljRjlvT2xoWFpYTm1lVzk0YzJsNWVtWktUSGhIY3pVdFlXYxAB,0,1
Ci9DQUlRQUNvZENodHljRjlvT2xoWFpYTm1lVzk0YzJsNWVtWktUSGhIY3pVdFlXYxAB_03,Ci9DQUlRQUNvZENodHljRjlvT2xoWFpYTm1lVzk0YzJsNWVtWktUSGhIY3pVdFlXYxAB,-1,-1
Ci9DQUlRQUNvZENodHljRjlvT2xoWFpYTm1lVzk0YzJsNWVtWktUSGhIY3pVdFlXYxAB_04,Ci9DQUlRQUNvZENodHljRjlvT2xoWFpYTm1lVzk0YzJsNWVtWktUSGhIY3pVdFlXYxAB,-1,-1
Ci9DQUlRQUNvZENodHljRjlvT2xoWFpYTm1lVzk0YzJsNWVtWktUSGhIY3pVdFlXYxAB_05,Ci9DQUlRQUNvZENodHljRjlvT2xoWFpYTm1lVzk0YzJsNWVtWktUSGhIY3pVdFlXYxAB,0,1
Ci9DQUlRQUNvZENodHljRjlvT2xvMU1WSTFOMGh0VmxveFFrdFViV2sxVWs1dVMwRRAB_01,Ci9DQUlRQUNvZENodHljRjlvT2xvMU1WSTFOMGh0VmxveFFrdFViV2sxVWs1dVMwRRAB,0,1
Ci9DQUlRQUNvZENodHljRjlvT201eVNESXlOM2hPTlZwdFJEbDZia1ZhZUdWRk5WRRAB_01,Ci9DQUlRQUNvZENodHljRjlvT201eVNESXlOM2hPTlZwdFJEbDZia1ZhZUdWRk5WRRAB,-1,-1
Ci9DQUlRQUNvZENodHljRjlvT201eVNESXlOM2hPTlZwdFJEbDZia1ZhZUdWRk5WRRAB_02,Ci9DQUlRQUNvZENodHljRjlvT201eVNESXlOM2hPTlZwdFJEbDZia1ZhZUdWRk5WRRAB,5,4
Ci9DQUlRQUNvZENodHljRjlvT2tSMlpXcE9kWGRqZFV0MVkxVk5ZVU5VVGs5aFkwRRAB_01,Ci9DQUlRQUNvZENodHljRjlvT2tSMlpXcE9kWGRqZFV0MVkxVk5ZVU5VVGs5aFkwRRAB,1,0
Ci9DQUlRQUNvZENodHljRjlvT2tSMlpXcE9kWGRqZFV0MVkxVk5ZVU5VVGs5aFkwRRAB_02,Ci9DQUlRQUNvZENodHljRjlvT2tSMlpXcE9kWGRqZFV0MVkxVk5ZVU5VVGs5aFkwRRAB,-1,-1
Ci9DQUlRQUNvZENodHljRjlvT2tSMlpXcE9kWGRqZFV0MVkxVk5ZVU5VVGs5aFkwRRAB_03,Ci9DQUlRQUNvZENodHljRjlvT2tSMlpXcE9kWGRqZFV0MVkxVk5ZVU5VVGs5aFkwRRAB,36,37
Ci9DQUlRQUNvZENodHljRjlvT25KNVQydHdjRVIxYTBSSVdESjJlSEprTlRRd1ltYxAB_01,Ci9DQUlRQUNvZENodHljRjlvT25KNVQydHdjRVIxYTBSSVdESjJlSEprTlRRd1ltYxAB,2,2
Ci9DQUlRQUNvZENodHljRjlvT25KNVQydHdjRVIxYTBSSVdESjJlSEprTlRRd1ltYxAB_02,Ci9DQUlRQUNvZENodHljRjlvT25KNVQydHdjRVIxYTBSSVdESjJlSEprTlRRd1ltYxAB,6,6
Ci9DQUlRQUNvZENodHljRjlvT205dFlrcDVWbWhmV0hGUWVWZGFVVVJ6ZWpWa1JGRRAB_01,Ci9DQUlRQUNvZENodHljRjlvT205dFlrcDVWbWhmV0hGUWVWZGFVVVJ6ZWpWa1JGRRAB,8,8
Ci9DQUlRQUNvZENodHljRjlvT205dFlrcDVWbWhmV0hGUWVWZGFVVVJ6ZWpWa1JGRRAB_02,Ci9DQUlRQUNvZENodHljRjlvT205dFlrcDVWbWhmV0hGUWVWZGFVVVJ6ZWpWa1JGRRAB,36,37
Ci9DQUlRQUNvZENodHljRjlvT2tkVVJUUkhVV1ZEUkZCUlRqUlRjVkZSVFhsU1pVRRAB_01,Ci9DQUlRQUNvZENodHljRjlvT2tkVVJUUkhVV1ZEUkZCUlRqUlRjVkZSVFhsU1pVRRAB,12,30
Ci9DQUlRQUNvZENodHljRjlvT2tkVVJUUkhVV1ZEUkZCUlRqUlRjVkZSVFhsU1pVRRAB_02,Ci9DQUlRQUNvZENodHljRjlvT2tkVVJUUkhVV1ZEUkZCUlRqUlRjVkZSVFhsU1pVRRAB,11,12
Ci9DQUlRQUNvZENodHljRjlvT2xCb2FucFNia0V6T1hwdFJtTlRiekJ2TlVzeWRVRRAB_01,Ci9DQUlRQUNvZENodHljRjlvT2xCb2FucFNia0V6T1hwdFJtTlRiekJ2TlVzeWRVRRAB,2,2
Ci9DQUlRQUNvZENodHljRjlvT2xCb2FucFNia0V6T1hwdFJtTlRiekJ2TlVzeWRVRRAB_02,Ci9DQUlRQUNvZENodHljRjlvT2xCb2FucFNia0V6T1hwdFJtTlRiekJ2TlVzeWRVRRAB,-1,-1
Ci9DQUlRQUNvZENodHljRjlvT2xCb2FucFNia0V6T1hwdFJtTlRiekJ2TlVzeWRVRRAB_03,Ci9DQUlRQUNvZENodHljRjlvT2xCb2FucFNia0V6T1hwdFJtTlRiekJ2TlVzeWRVRRAB,36,37
Ci9DQUlRQUNvZENodHljRjlvT25sU01GOXlZWEZtUTNWM1ZVcHVhVlI2UlRFemFtYxAB_01,Ci9DQUlRQUNvZENodHljRjlvT25sU01GOXlZWEZtUTNWM1ZVcHVhVlI2UlRFemFtYxAB,-1,-1
Ci9DQUlRQUNvZENodHljRjlvT25sU01GOXlZWEZtUTNWM1ZVcHVhVlI2UlRFemFtYxAB_02,Ci9DQUlRQUNvZENodHljRjlvT25sU01GOXlZWEZtUTNWM1ZVcHVhVlI2UlRFemFtYxAB,6,6
Ci9DQUlRQUNvZENodHljRjlvT25sU01GOXlZWEZtUTNWM1ZVcHVhVlI2UlRFemFtYxAB_03,Ci9DQUlRQUNvZENodHljRjlvT25sU01GOXlZWEZtUTNWM1ZVcHVhVlI2UlRFemFtYxAB,25,25
Ci9DQUlRQUNvZENodHljRjlvT25WUVNVcDZZbGRvUmxNeGFtSm9lSGcyVTFwSWJWRRAB_01,Ci9DQUlRQUNvZENodHljRjlvT25WUVNVcDZZbGRvUmxNeGFtSm9lSGcyVTFwSWJWRRAB,9,9
Ci9DQUlRQUNvZENodHljRjlvT25WUVNVcDZZbGRvUmxNeGFtSm9lSGcyVTFwSWJWRRAB_02,Ci9DQUlRQUNvZENodHljRjlvT25WUVNVcDZZbGRvUmxNeGFtSm9lSGcyVTFwSWJWRRAB,16,14
Ci9DQUlRQUNvZENodHljRjlvT25GYWRYaHlORTVuVkU5TVpFbEZhek0zYnkweVdGRRAB_01,Ci9DQUlRQUNvZENodHljRjlvT25GYWRYaHlORTVuVkU5TVpFbEZhek0zYnkweVdGRRAB,10,10
Ci9DQUlRQUNvZENodHljRjlvT21KVlVUSnpaa3B1U1dNek1HNUdOMVpWZFRGS1JHYxAB_01,Ci9DQUlRQUNvZENodHljRjlvT21KVlVUSnpaa3B1U1dNek1HNUdOMVpWZFRGS1JHYxAB,4,5
Ci9DQUlRQUNvZENodHljRjlvT21KVlVUSnpaa3B1U1dNek1HNUdOMVpWZFRGS1JHYxAB_02,Ci9DQUlRQUNvZENodHljRjlvT21KVlVUSnpaa3B1U1dNek1HNUdOMVpWZFRGS1JHYxAB,0,1
ChZDSUhNMG9nS0VJQ0FnSURNc2RXQ1lnEAE_01,ChZDSUhNMG9nS0VJQ0FnSURNc2RXQ1lnEAE,24,33
ChZDSUhNMG9nS0VJQ0FnSURNc2RXQ1lnEAE_02,ChZDSUhNMG9nS0VJQ0FnSURNc2RXQ1lnEAE,20,18
Ci9DQUlRQUNvZENodHljRjlvT2t4WlUwTjJPRGRXYzJ4R1QwdHFRazF1VUVOclpGRRAB_01,Ci9DQUlRQUNvZENodHljRjlvT2t4WlUwTjJPRGRXYzJ4R1QwdHFRazF1VUVOclpGRRAB,5,4
Ci9DQUlRQUNvZENodHljRjlvT2t4WlUwTjJPRGRXYzJ4R1QwdHFRazF1VUVOclpGRRAB_02,Ci9DQUlRQUNvZENodHljRjlvT2t4WlUwTjJPRGRXYzJ4R1QwdHFRazF1VUVOclpGRRAB,26,-1
Ci9DQUlRQUNvZENodHljRjlvT2t4WlUwTjJPRGRXYzJ4R1QwdHFRazF1VUVOclpGRRAB_03,Ci9DQUlRQUNvZENodHljRjlvT2t4WlUwTjJPRGRXYzJ4R1QwdHFRazF1VUVOclpGRRAB,-1,-1
Ci9DQUlRQUNvZENodHljRjlvT2t4WlUwTjJPRGRXYzJ4R1QwdHFRazF1VUVOclpGRRAB_04,Ci9DQUlRQUNvZENodHljRjlvT2t4WlUwTjJPRGRXYzJ4R1QwdHFRazF1VUVOclpGRRAB,25,25
Ci9DQUlRQUNvZENodHljRjlvT2t4WlUwTjJPRGRXYzJ4R1QwdHFRazF1VUVOclpGRRAB_05,Ci9DQUlRQUNvZENodHljRjlvT2t4WlUwTjJPRGRXYzJ4R1QwdHFRazF1VUVOclpGRRAB,1,0
Ci9DQUlRQUNvZENodHljRjlvT2t4WlUwTjJPRGRXYzJ4R1QwdHFRazF1VUVOclpGRRAB_06,Ci9DQUlRQUNvZENodHljRjlvT2t4WlUwTjJPRGRXYzJ4R1QwdHFRazF1VUVOclpGRRAB,19,16
Ci9DQUlRQUNvZENodHljRjlvT2t4WlUwTjJPRGRXYzJ4R1QwdHFRazF1VUVOclpGRRAB_07,Ci9DQUlRQUNvZENodHljRjlvT2t4WlUwTjJPRGRXYzJ4R1QwdHFRazF1VUVOclpGRRAB,19,16
ChZDSUhNMG9nS0VJQ0FnSUNHbi1uT1d3EAE_01,ChZDSUhNMG9nS0VJQ0FnSUNHbi1uT1d3EAE,9,9
ChZDSUhNMG9nS0VJQ0FnSUNHbi1uT1d3EAE_02,ChZDSUhNMG9nS0VJQ0FnSUNHbi1uT1d3EAE,14,13
ChdDSUhNMG9nS0VJQ0FnSURObnMtdjhnRRAB_01,ChdDSUhNMG9nS0VJQ0FnSURObnMtdjhnRRAB,24,33
ChdDSUhNMG9nS0VJQ0FnSUQ5b2RPaGhBRRAB_01,ChdDSUhNMG9nS0VJQ0FnSUQ5b2RPaGhBRRAB,36,37
ChdDSUhNMG9nS0VJQ0FnSURENDVyWGt3RRAB_01,ChdDSUhNMG9nS0VJQ0FnSURENDVyWGt3RRAB,3,-1
ChdDSUhNMG9nS0VJQ0FnSURENDVyWGt3RRAB_02,ChdDSUhNMG9nS0VJQ0FnSURENDVyWGt3RRAB,12,21
ChZDSUhNMG9nS0VJQ0FnSURqZ3JHc09BEAE_01,ChZDSUhNMG9nS0VJQ0FnSURqZ3JHc09BEAE,7,7
ChdDSUhNMG9nS0VJQ0FnSUNUd3NyUnNnRRAB_01,ChdDSUhNMG9nS0VJQ0FnSUNUd3NyUnNnRRAB,5,4
ChdDSUhNMG9nS0VJQ0FnSUNUd3NyUnNnRRAB_02,ChdDSUhNMG9nS0VJQ0FnSUNUd3NyUnNnRRAB,13,15
ChdDSUhNMG9nS0VJQ0FnSUNUd3NyUnNnRRAB_03,ChdDSUhNMG9nS0VJQ0FnSUNUd3NyUnNnRRAB,2,-1
ChZDSUhNMG9nS0VJQ0FnSURiNE9Idkp3EAE_01,ChZDSUhNMG9nS0VJQ0FnSURiNE9Idkp3EAE,24,-1
ChZDSUhNMG9nS0VJQ0FnSURiNE9Idkp3EAE_02,ChZDSUhNMG9nS0VJQ0FnSURiNE9Idkp3EAE,4,5
ChdDSUhNMG9nS0VJQ0FnSUNmbHJiMzdBRRAB_01,ChdDSUhNMG9nS0VJQ0FnSUNmbHJiMzdBRRAB,10,10
ChdDSUhNMG9nS0VJQ0FnSUNmbHJiMzdBRRAB_02,ChdDSUhNMG9nS0VJQ0FnSUNmbHJiMzdBRRAB,1,0
ChdDSUhNMG9nS0VJQ0FnSUNmbHJiMzdBRRAB_03,ChdDSUhNMG9nS0VJQ0FnSUNmbHJiMzdBRRAB,1,0
ChZDSUhNMG9nS0VJQ0FnTUN3ak1Ya1JBEAE_01,ChZDSUhNMG9nS0VJQ0FnTUN3ak1Ya1JBEAE,3,3
ChZDSUhNMG9nS0VJQ0FnTUN3ak1Ya1JBEAE_02,ChZDSUhNMG9nS0VJQ0FnTUN3ak1Ya1JBEAE,-1,-1
ChZDSUhNMG9nS0VJQ0FnTUNvMDktTWZBEAE_01,ChZDSUhNMG9nS0VJQ0FnTUNvMDktTWZBEAE,3,3
Ci9DQUlRQUNvZENodHljRjlvT21GRU1VRTNZbGxVWVZoQ1FUTXlYMlJzYUdad1JIYxAB_01,Ci9DQUlRQUNvZENodHljRjlvT21GRU1VRTNZbGxVWVZoQ1FUTXlYMlJzYUdad1JIYxAB,30,29
Ci9DQUlRQUNvZENodHljRjlvT21GRU1VRTNZbGxVWVZoQ1FUTXlYMlJzYUdad1JIYxAB_02,Ci9DQUlRQUNvZENodHljRjlvT21GRU1VRTNZbGxVWVZoQ1FUTXlYMlJzYUdad1JIYxAB,24,-1
Ci9DQUlRQUNvZENodHljRjlvT25kTlpXY3ROalZRZW1aTWIxUkJZVk0wUkhoWGRHYxAB_01,Ci9DQUlRQUNvZENodHljRjlvT25kTlpXY3ROalZRZW1aTWIxUkJZVk0wUkhoWGRHYxAB,19,16
Ci9DQUlRQUNvZENodHljRjlvT25kTlpXY3ROalZRZW1aTWIxUkJZVk0wUkhoWGRHYxAB_02,Ci9DQUlRQUNvZENodHljRjlvT25kTlpXY3ROalZRZW1aTWIxUkJZVk0wUkhoWGRHYxAB,14,13
Ci9DQUlRQUNvZENodHljRjlvT25kTlpXY3ROalZRZW1aTWIxUkJZVk0wUkhoWGRHYxAB_03,Ci9DQUlRQUNvZENodHljRjlvT25kTlpXY3ROalZRZW1aTWIxUkJZVk0wUkhoWGRHYxAB,5,4
Ci9DQUlRQUNvZENodHljRjlvT25ONk1FRTNlWG80ZDJvdFpEbHdXbWxDVTAxb1JsRRAB_01,Ci9DQUlRQUNvZENodHljRjlvT25ONk1FRTNlWG80ZDJvdFpEbHdXbWxDVTAxb1JsRRAB,7,7
Ci9DQUlRQUNvZENodHljRjlvT2w4elRqZGxXRlpETlUxTlpFZHpiREpETldaRWRrRRAB_01,Ci9DQUlRQUNvZENodHljRjlvT2w4elRqZGxXRlpETlUxTlpFZHpiREpETldaRWRrRRAB,-1,-1
Ci9DQUlRQUNvZENodHljRjlvT2w4elRqZGxXRlpETlUxTlpFZHpiREpETldaRWRrRRAB_02,Ci9DQUlRQUNvZENodHljRjlvT2w4elRqZGxXRlpETlUxTlpFZHpiREpETldaRWRrRRAB,24,-1
Ci9DQUlRQUNvZENodHljRjlvT2w4elRqZGxXRlpETlUxTlpFZHpiREpETldaRWRrRRAB_03,Ci9DQUlRQUNvZENodHljRjlvT2w4elRqZGxXRlpETlUxTlpFZHpiREpETldaRWRrRRAB,-1,-1
Ci9DQUlRQUNvZENodHljRjlvT2preWJVSjBhRFY2VEdsUFNVeG9WekZyVW1OeVJIYxAB_01,Ci9DQUlRQUNvZENodHljRjlvT2preWJVSjBhRFY2VEdsUFNVeG9WekZyVW1OeVJIYxAB,9,9
ChZDSUhNMG9nS0VJQ0FnSUROZ2RqSUNREAE_01,ChZDSUhNMG9nS0VJQ0FnSUROZ2RqSUNREAE,-1,-1
ChZDSUhNMG9nS0VJQ0FnSUROZ2RqSUNREAE_02,ChZDSUhNMG9nS0VJQ0FnSUROZ2RqSUNREAE,-1,-1
ChdDSUhNMG9nS0VJQ0FnSUN0NEk2OXpBRRAB_01,ChdDSUhNMG9nS0VJQ0FnSUN0NEk2OXpBRRAB,6,6
ChdDSUhNMG9nS0VJQ0FnSUN0NEk2OXpBRRAB_02,ChdDSUhNMG9nS0VJQ0FnSUN0NEk2OXpBRRAB,1,0
ChdDSUhNMG9nS0VJQ0FnSUN0NEk2OXpBRRAB_03,ChdDSUhNMG9nS0VJQ0FnSUN0NEk2OXpBRRAB,5,4
ChZDSUhNMG9nS0VJQ0FnSURyN01hdEJBEAE_01,ChZDSUhNMG9nS0VJQ0FnSURyN01hdEJBEAE,10,10
ChZDSUhNMG9nS0VJQ0FnSUQ3NlpQWFF3EAE_01,ChZDSUhNMG9nS0VJQ0FnSUQ3NlpQWFF3EAE,10,10
ChdDSUhNMG9nS0VJQ0FnSUMzOHZibHhRRRAB_01,ChdDSUhNMG9nS0VJQ0FnSUMzOHZibHhRRRAB,18,20
ChdDSUhNMG9nS0VJQ0FnSURma0pHa3ZBRRAB_01,ChdDSUhNMG9nS0VJQ0FnSURma0pHa3ZBRRAB,6,6
ChdDSUhNMG9nS0VJQ0FnSURma0pHa3ZBRRAB_02,ChdDSUhNMG9nS0VJQ0FnSURma0pHa3ZBRRAB,32,32
ChZDSUhNMG9nS0VJQ0FnTURBaW83ZkxnEAE_01,ChZDSUhNMG9nS0VJQ0FnTURBaW83ZkxnEAE,27,24
Ci9DQUlRQUNvZENodHljRjlvT2pSMFExQlJTbFZqYjBSSFJUTjFMV2xMYTNsQlZtYxAB_01,Ci9DQUlRQUNvZENodHljRjlvT2pSMFExQlJTbFZqYjBSSFJUTjFMV2xMYTNsQlZtYxAB,27,24
Ci9DQUlRQUNvZENodHljRjlvT2tVMmN6SXpSakYxV2sxWlVHRkVhamRTY1dWdFZHYxAB_01,Ci9DQUlRQUNvZENodHljRjlvT2tVMmN6SXpSakYxV2sxWlVHRkVhamRTY1dWdFZHYxAB,-1,-1
Ci9DQUlRQUNvZENodHljRjlvT25sT1Yxa3dkMkZXTWpCWWF6WnRlbEZ1YjJWaGNVRRAB_01,Ci9DQUlRQUNvZENodHljRjlvT25sT1Yxa3dkMkZXTWpCWWF6WnRlbEZ1YjJWaGNVRRAB,-1,-1
Ci9DQUlRQUNvZENodHljRjlvT25sT1Yxa3dkMkZXTWpCWWF6WnRlbEZ1YjJWaGNVRRAB_02,Ci9DQUlRQUNvZENodHljRjlvT25sT1Yxa3dkMkZXTWpCWWF6WnRlbEZ1YjJWaGNVRRAB,-1,-1
Ci9DQUlRQUNvZENodHljRjlvT21FelVqbFZhVzFWWkVSbVowOTZhMFJuUTB4S1EwRRAB_01,Ci9DQUlRQUNvZENodHljRjlvT21FelVqbFZhVzFWWkVSbVowOTZhMFJuUTB4S1EwRRAB,7,7
Ci9DQUlRQUNvZENodHljRjlvT2tkNlVVeHFVbEpLUVhCM1IwRnNOMnRsZW1KWE5GRRAB_01,Ci9DQUlRQUNvZENodHljRjlvT2tkNlVVeHFVbEpLUVhCM1IwRnNOMnRsZW1KWE5GRRAB,7,7
Ci9DQUlRQUNvZENodHljRjlvT2w5dVJqTldRM2gzWW1wVllsOVFUemQ2Y1RreVdtYxAB_01,Ci9DQUlRQUNvZENodHljRjlvT2w5dVJqTldRM2gzWW1wVllsOVFUemQ2Y1RreVdtYxAB,7,7
Ci9DQUlRQUNvZENodHljRjlvT2w5dVJqTldRM2gzWW1wVllsOVFUemQ2Y1RreVdtYxAB_02,Ci9DQUlRQUNvZENodHljRjlvT2w5dVJqTldRM2gzWW1wVllsOVFUemQ2Y1RreVdtYxAB,25,25
Ci9DQUlRQUNvZENodHljRjlvT21sd1VrbGlPVVV6ZUZSa2EyMXhNMVJoVEVGa05IYxAB_01,Ci9DQUlRQUNvZENodHljRjlvT21sd1VrbGlPVVV6ZUZSa2EyMXhNMVJoVEVGa05IYxAB,1,0
Ci9DQUlRQUNvZENodHljRjlvT2tOM1NuSTVkSEJwZW1SQlVURk9hM2d4Um5wMlZXYxAB_01,Ci9DQUlRQUNvZENodHljRjlvT2tOM1NuSTVkSEJwZW1SQlVURk9hM2d4Um5wMlZXYxAB,7,7
Ci9DQUlRQUNvZENodHljRjlvT2xSclNXaGxabXA2ZWxsdlZYTXlOVmhSWkZsUWRGRRAB_01,Ci9DQUlRQUNvZENodHljRjlvT2xSclNXaGxabXA2ZWxsdlZYTXlOVmhSWkZsUWRGRRAB,33,39
Ci9DQUlRQUNvZENodHljRjlvT21STlR6WjZPWGhHVjE5clZtNWlObEJVT1hkNlJrRRAB_01,Ci9DQUlRQUNvZENodHljRjlvT21STlR6WjZPWGhHVjE5clZtNWlObEJVT1hkNlJrRRAB,21,28
Ci9DQUlRQUNvZENodHljRjlvT25kelVWTmxSMGs0ZFcxR1ZFbHllbkJZVG1JNGVFRRAB_01,Ci9DQUlRQUNvZENodHljRjlvT25kelVWTmxSMGs0ZFcxR1ZFbHllbkJZVG1JNGVFRRAB,4,-1
Ci9DQUlRQUNvZENodHljRjlvT25kelVWTmxSMGs0ZFcxR1ZFbHllbkJZVG1JNGVFRRAB_02,Ci9DQUlRQUNvZENodHljRjlvT25kelVWTmxSMGs0ZFcxR1ZFbHllbkJZVG1JNGVFRRAB,-1,-1
Ci9DQUlRQUNvZENodHljRjlvT25kelVWTmxSMGs0ZFcxR1ZFbHllbkJZVG1JNGVFRRAB_03,Ci9DQUlRQUNvZENodHljRjlvT25kelVWTmxSMGs0ZFcxR1ZFbHllbkJZVG1JNGVFRRAB,11,-1
Ci9DQUlRQUNvZENodHljRjlvT25kelVWTmxSMGs0ZFcxR1ZFbHllbkJZVG1JNGVFRRAB_04,Ci9DQUlRQUNvZENodHljRjlvT25kelVWTmxSMGs0ZFcxR1ZFbHllbkJZVG1JNGVFRRAB,5,4
Ci9DQUlRQUNvZENodHljRjlvT25kelVWTmxSMGs0ZFcxR1ZFbHllbkJZVG1JNGVFRRAB_05,Ci9DQUlRQUNvZENodHljRjlvT25kelVWTmxSMGs0ZFcxR1ZFbHllbkJZVG1JNGVFRRAB,6,6
Ci9DQUlRQUNvZENodHljRjlvT25kelVWTmxSMGs0ZFcxR1ZFbHllbkJZVG1JNGVFRRAB_06,Ci9DQUlRQUNvZENodHljRjlvT25kelVWTmxSMGs0ZFcxR1ZFbHllbkJZVG1JNGVFRRAB,-1,-1
Ci9DQUlRQUNvZENodHljRjlvT25kelVWTmxSMGs0ZFcxR1ZFbHllbkJZVG1JNGVFRRAB_07,Ci9DQUlRQUNvZENodHljRjlvT25kelVWTmxSMGs0ZFcxR1ZFbHllbkJZVG1JNGVFRRAB,-1,-1
Ci9DQUlRQUNvZENodHljRjlvT2pCRmNrdHFjV0Y0UjNGcU9EZGZaVXRwT1RaWVRGRRAB_01,Ci9DQUlRQUNvZENodHljRjlvT2pCRmNrdHFjV0Y0UjNGcU9EZGZaVXRwT1RaWVRGRRAB,4,-1
Ci9DQUlRQUNvZENodHljRjlvT2pCRmNrdHFjV0Y0UjNGcU9EZGZaVXRwT1RaWVRGRRAB_02,Ci9DQUlRQUNvZENodHljRjlvT2pCRmNrdHFjV0Y0UjNGcU9EZGZaVXRwT1RaWVRGRRAB,26,26
Ci9DQUlRQUNvZENodHljRjlvT2pCRmNrdHFjV0Y0UjNGcU9EZGZaVXRwT1RaWVRGRRAB_03,Ci9DQUlRQUNvZENodHljRjlvT2pCRmNrdHFjV0Y0UjNGcU9EZGZaVXRwT1RaWVRGRRAB,5,4
Ci9DQUlRQUNvZENodHljRjlvT21NNE16TlhUMk16ZDJ4Q1ZFNUZOelJwTkRkSFZtYxAB_01,Ci9DQUlRQUNvZENodHljRjlvT21NNE16TlhUMk16ZDJ4Q1ZFNUZOelJwTkRkSFZtYxAB,26,26
Ci9DQUlRQUNvZENodHljRjlvT2todWRFVnRVMlZzZFRkRk5HeFlURFZhWlhGUk1rRRAB_01,Ci9DQUlRQUNvZENodHljRjlvT2todWRFVnRVMlZzZFRkRk5HeFlURFZhWlhGUk1rRRAB,26,26
Ci9DQUlRQUNvZENodHljRjlvT2s4dE1VZE1aMnRMU1VwT2QxTlNSVlpNY2tseFZXYxAB_01,Ci9DQUlRQUNvZENodHljRjlvT2s4dE1VZE1aMnRMU1VwT2QxTlNSVlpNY2tseFZXYxAB,13,-1
Ci9DQUlRQUNvZENodHljRjlvT2tGaVRrVk9PV2d3Vld0SFNreHVWbE5mUjJseWEzYxAB_01,Ci9DQUlRQUNvZENodHljRjlvT2tGaVRrVk9PV2d3Vld0SFNreHVWbE5mUjJseWEzYxAB,1,0
Ci9DQUlRQUNvZENodHljRjlvT214R2RrczRjRGhhWDAxbVNIRkJOREpGZGxWNmIyYxAB_01,Ci9DQUlRQUNvZENodHljRjlvT214R2RrczRjRGhhWDAxbVNIRkJOREpGZGxWNmIyYxAB,-1,-1
Ci9DQUlRQUNvZENodHljRjlvT214R2RrczRjRGhhWDAxbVNIRkJOREpGZGxWNmIyYxAB_02,Ci9DQUlRQUNvZENodHljRjlvT214R2RrczRjRGhhWDAxbVNIRkJOREpGZGxWNmIyYxAB,3,3
Ci9DQUlRQUNvZENodHljRjlvT214R2RrczRjRGhhWDAxbVNIRkJOREpGZGxWNmIyYxAB_03,Ci9DQUlRQUNvZENodHljRjlvT214R2RrczRjRGhhWDAxbVNIRkJOREpGZGxWNmIyYxAB,8,8
Ci9DQUlRQUNvZENodHljRjlvT214R2RrczRjRGhhWDAxbVNIRkJOREpGZGxWNmIyYxAB_04,Ci9DQUlRQUNvZENodHljRjlvT214R2RrczRjRGhhWDAxbVNIRkJOREpGZGxWNmIyYxAB,3,3
Ci9DQUlRQUNvZENodHljRjlvT214R2RrczRjRGhhWDAxbVNIRkJOREpGZGxWNmIyYxAB_05,Ci9DQUlRQUNvZENodHljRjlvT214R2RrczRjRGhhWDAxbVNIRkJOREpGZGxWNmIyYxAB,-1,-1
Ci9DQUlRQUNvZENodHljRjlvT214R2RrczRjRGhhWDAxbVNIRkJOREpGZGxWNmIyYxAB_06,Ci9DQUlRQUNvZENodHljRjlvT214R2RrczRjRGhhWDAxbVNIRkJOREpGZGxWNmIyYxAB,-1,-1
Ci9DQUlRQUNvZENodHljRjlvT214R2RrczRjRGhhWDAxbVNIRkJOREpGZGxWNmIyYxAB_07,Ci9DQUlRQUNvZENodHljRjlvT214R2RrczRjRGhhWDAxbVNIRkJOREpGZGxWNmIyYxAB,5,-1
Ci9DQUlRQUNvZENodHljRjlvT2tkeVUybHdUMUpXYjJaSmRIRjZkVEJUWDFKNE0xRRAB_01,Ci9DQUlRQUNvZENodHljRjlvT2tkeVUybHdUMUpXYjJaSmRIRjZkVEJUWDFKNE0xRRAB,26,26
Ci9DQUlRQUNvZENodHljRjlvT2xRdFlteGZTMHRwWWxWNFJtRm5UVEpwTTNaT1NHYxAB_01,Ci9DQUlRQUNvZENodHljRjlvT2xRdFlteGZTMHRwWWxWNFJtRm5UVEpwTTNaT1NHYxAB,26,26
Ci9DQUlRQUNvZENodHljRjlvT2xZMGIySXhVRzVvYlRSdWMyTmlVbmhZVkRZMFUwRRAB_01,Ci9DQUlRQUNvZENodHljRjlvT2xZMGIySXhVRzVvYlRSdWMyTmlVbmhZVkRZMFUwRRAB,8,8
Ci9DQUlRQUNvZENodHljRjlvT2pCR1FtSlBORXhPYTFReGMzRkRVRE5qWmpCTllVRRAB_01,Ci9DQUlRQUNvZENodHljRjlvT2pCR1FtSlBORXhPYTFReGMzRkRVRE5qWmpCTllVRRAB,7,7
Ci9DQUlRQUNvZENodHljRjlvT21OT1FqWlBUMlJLVHpOU2RUVjZlV3hFUkVSMVVYYxAB_01,Ci9DQUlRQUNvZENodHljRjlvT21OT1FqWlBUMlJLVHpOU2RUVjZlV3hFUkVSMVVYYxAB,2,2
Ci9DQUlRQUNvZENodHljRjlvT21OT1FqWlBUMlJLVHpOU2RUVjZlV3hFUkVSMVVYYxAB_02,Ci9DQUlRQUNvZENodHljRjlvT21OT1FqWlBUMlJLVHpOU2RUVjZlV3hFUkVSMVVYYxAB,-1,-1
Ci9DQUlRQUNvZENodHljRjlvT21OT1FqWlBUMlJLVHpOU2RUVjZlV3hFUkVSMVVYYxAB_03,Ci9DQUlRQUNvZENodHljRjlvT21OT1FqWlBUMlJLVHpOU2RUVjZlV3hFUkVSMVVYYxAB,4,5
Ci9DQUlRQUNvZENodHljRjlvT21OT1FqWlBUMlJLVHpOU2RUVjZlV3hFUkVSMVVYYxAB_04,Ci9DQUlRQUNvZENodHljRjlvT21OT1FqWlBUMlJLVHpOU2RUVjZlV3hFUkVSMVVYYxAB,1,0
Ci9DQUlRQUNvZENodHljRjlvT21OT1FqWlBUMlJLVHpOU2RUVjZlV3hFUkVSMVVYYxAB_05,Ci9DQUlRQUNvZENodHljRjlvT21OT1FqWlBUMlJLVHpOU2RUVjZlV3hFUkVSMVVYYxAB,-1,-1
Ci9DQUlRQUNvZENodHljRjlvT2t4VVRHTkZRM05xY1V4RmExWndjbXRGVVRSU1NFRRAB_01,Ci9DQUlRQUNvZENodHljRjlvT2t4VVRHTkZRM05xY1V4RmExWndjbXRGVVRSU1NFRRAB,12,-1
Ci9DQUlRQUNvZENodHljRjlvT2tGUk9GODFiRTlHWkhoZmJWTmZTbFl3UjB0SlJYYxAB_01,Ci9DQUlRQUNvZENodHljRjlvT2tGUk9GODFiRTlHWkhoZmJWTmZTbFl3UjB0SlJYYxAB,8,8
Ci9DQUlRQUNvZENodHljRjlvT25Kb0xXNXRiR0V0VUhkTWRYQkVRblpCZWxoSFgwRRAB_01,Ci9DQUlRQUNvZENodHljRjlvT25Kb0xXNXRiR0V0VUhkTWRYQkVRblpCZWxoSFgwRRAB,7,7
Ci9DQUlRQUNvZENodHljRjlvT2pSdFVHbFRkVUk0YjFONFdFaERVRWxJZDBWcFgzYxAB_01,Ci9DQUlRQUNvZENodHljRjlvT2pSdFVHbFRkVUk0YjFONFdFaERVRWxJZDBWcFgzYxAB,3,3
Ci9DQUlRQUNvZENodHljRjlvT2pOUVFWRm5Xa290YUd4S2FrbDBTall4WTFkb01YYxAB_01,Ci9DQUlRQUNvZENodHljRjlvT2pOUVFWRm5Xa290YUd4S2FrbDBTall4WTFkb01YYxAB,4,-1
Ci9DQUlRQUNvZENodHljRjlvT2sxUlkwdEJlV2w0WVRCVmJHSlpaMnhUZWkxTFRGRRAB_01,Ci9DQUlRQUNvZENodHljRjlvT2sxUlkwdEJlV2w0WVRCVmJHSlpaMnhUZWkxTFRGRRAB,21,28
Ci9DQUlRQUNvZENodHljRjlvT25ZMlQwaG1hRVJ2VjNSSlVESTBSbTQwY0ZKNVUwRRAB_01,Ci9DQUlRQUNvZENodHljRjlvT25ZMlQwaG1hRVJ2VjNSSlVESTBSbTQwY0ZKNVUwRRAB,7,7
Ci9DQUlRQUNvZENodHljRjlvT21ocllrbG5aM2huYkhOa1VHWnBaa1phZGxWaWVFRRAB_01,Ci9DQUlRQUNvZENodHljRjlvT21ocllrbG5aM2huYkhOa1VHWnBaa1phZGxWaWVFRRAB,3,-1
Ci9DQUlRQUNvZENodHljRjlvT2taT1JVNWpaVGt6UlRkcmJGUjVTakUxYnpBeGNXYxAB_01,Ci9DQUlRQUNvZENodHljRjlvT2taT1JVNWpaVGt6UlRkcmJGUjVTakUxYnpBeGNXYxAB,3,3
ChZDSUhNMG9nS0VJQ0FnSUNOdjZtOURREAE_01,ChZDSUhNMG9nS0VJQ0FnSUNOdjZtOURREAE,8,8
ChZDSUhNMG9nS0VJQ0FnSUNOdjZtOURREAE_02,ChZDSUhNMG9nS0VJQ0FnSUNOdjZtOURREAE,8,8
ChZDSUhNMG9nS0VJQ0FnSUNOdjZtOURREAE_03,ChZDSUhNMG9nS0VJQ0FnSUNOdjZtOURREAE,16,14
ChZDSUhNMG9nS0VJQ0FnSUROdDdud1NnEAE_01,ChZDSUhNMG9nS0VJQ0FnSUROdDdud1NnEAE,0,1
ChdDSUhNMG9nS0VJQ0FnSUROdDRPeHhBRRAB_01,ChdDSUhNMG9nS0VJQ0FnSUROdDRPeHhBRRAB,-1,-1
ChdDSUhNMG9nS0VJQ0FnSUROdDRPeHhBRRAB_02,ChdDSUhNMG9nS0VJQ0FnSUROdDRPeHhBRRAB,0,1
ChZDSUhNMG9nS0VJQ0FnSURObDlyYUdBEAE_01,ChZDSUhNMG9nS0VJQ0FnSURObDlyYUdBEAE,2,2
ChZDSUhNMG9nS0VJQ0FnSURObDlyYUdBEAE_02,ChZDSUhNMG9nS0VJQ0FnSURObDlyYUdBEAE,-1,-1
ChZDSUhNMG9nS0VJQ0FnSURObDlyYUdBEAE_03,ChZDSUhNMG9nS0VJQ0FnSURObDlyYUdBEAE,-1,-1
ChZDSUhNMG9nS0VJQ0FnSUNka3FUaGFBEAE_01,ChZDSUhNMG9nS0VJQ0FnSUNka3FUaGFBEAE,8,8
ChZDSUhNMG9nS0VJQ0FnSUQ5a1pqZFhBEAE_01,ChZDSUhNMG9nS0VJQ0FnSUQ5a1pqZFhBEAE,8,8
ChZDSUhNMG9nS0VJQ0FnSUQ5a1pqZFhBEAE_02,ChZDSUhNMG9nS0VJQ0FnSUQ5a1pqZFhBEAE,5,4
ChZDSUhNMG9nS0VJQ0FnSUNEallhc1BBEAE_01,ChZDSUhNMG9nS0VJQ0FnSUNEallhc1BBEAE,24,-1
ChdDSUhNMG9nS0VJQ0FnSUREc2VTMmtnRRAB_01,ChdDSUhNMG9nS0VJQ0FnSUREc2VTMmtnRRAB,10,10
ChdDSUhNMG9nS0VJQ0FnSUREc2VTMmtnRRAB_02,ChdDSUhNMG9nS0VJQ0FnSUREc2VTMmtnRRAB,0,1
ChdDSUhNMG9nS0VJQ0FnSUREc2VTMmtnRRAB_03,ChdDSUhNMG9nS0VJQ0FnSUREc2VTMmtnRRAB,-1,-1
ChdDSUhNMG9nS0VJQ0FnSUREc2VTMmtnRRAB_04,ChdDSUhNMG9nS0VJQ0FnSUREc2VTMmtnRRAB,-1,-1
ChdDSUhNMG9nS0VJQ0FnSUREc2VTMmtnRRAB_05,ChdDSUhNMG9nS0VJQ0FnSUREc2VTMmtnRRAB,17,19
ChdDSUhNMG9nS0VJQ0FnSUREc2VTMmtnRRAB_06,ChdDSUhNMG9nS0VJQ0FnSUREc2VTMmtnRRAB,-1,-1
ChZDSUhNMG9nS0VJQ0FnSUNqN2VHWkl3EAE_01,ChZDSUhNMG9nS0VJQ0FnSUNqN2VHWkl3EAE,14,13
ChZDSUhNMG9nS0VJQ0FnSUNqN2VHWkl3EAE_02,ChZDSUhNMG9nS0VJQ0FnSUNqN2VHWkl3EAE,5,4
ChZDSUhNMG9nS0VJQ0FnSUNqN2VHWkl3EAE_03,ChZDSUhNMG9nS0VJQ0FnSUNqN2VHWkl3EAE,-1,-1
ChZDSUhNMG9nS0VJQ0FnSUNqN2VHWkl3EAE_04,ChZDSUhNMG9nS0VJQ0FnSUNqN2VHWkl3EAE,-1,-1
ChZDSUhNMG9nS0VJQ0FnSURqOU1TOU53EAE_01,ChZDSUhNMG9nS0VJQ0FnSURqOU1TOU53EAE,8,8
ChZDSUhNMG9nS0VJQ0FnSURqOU1TOU53EAE_02,ChZDSUhNMG9nS0VJQ0FnSURqOU1TOU53EAE,2,2
ChdDSUhNMG9nS0VJQ0FnSURqb3JyV2hnRRAB_01,ChdDSUhNMG9nS0VJQ0FnSURqb3JyV2hnRRAB,23,-1
ChdDSUhNMG9nS0VJQ0FnSURqb3JyV2hnRRAB_02,ChdDSUhNMG9nS0VJQ0FnSURqb3JyV2hnRRAB,5,4
ChdDSUhNMG9nS0VJQ0FnSURqdHZqemhBRRAB_01,ChdDSUhNMG9nS0VJQ0FnSURqdHZqemhBRRAB,-1,-1
ChdDSUhNMG9nS0VJQ0FnSURqdHZqemhBRRAB_02,ChdDSUhNMG9nS0VJQ0FnSURqdHZqemhBRRAB,3,3
ChdDSUhNMG9nS0VJQ0FnSURUaExpdDh3RRAB_01,ChdDSUhNMG9nS0VJQ0FnSURUaExpdDh3RRAB,2,2
ChdDSUhNMG9nS0VJQ0FnSURUaExpdDh3RRAB_02,ChdDSUhNMG9nS0VJQ0FnSURUaExpdDh3RRAB,0,1
ChdDSUhNMG9nS0VJQ0FnSURUaExpdDh3RRAB_03,ChdDSUhNMG9nS0VJQ0FnSURUaExpdDh3RRAB,-1,-1
ChdDSUhNMG9nS0VJQ0FnSURUaExpdDh3RRAB_04,ChdDSUhNMG9nS0VJQ0FnSURUaExpdDh3RRAB,0,1
ChdDSUhNMG9nS0VJQ0FnSURUaExpdDh3RRAB_05,ChdDSUhNMG9nS0VJQ0FnSURUaExpdDh3RRAB,3,3
ChdDSUhNMG9nS0VJQ0FnSURUdTlqZnp3RRAB_01,ChdDSUhNMG9nS0VJQ0FnSURUdTlqZnp3RRAB,24,-1
ChdDSUhNMG9nS0VJQ0FnSURUdTlqZnp3RRAB_02,ChdDSUhNMG9nS0VJQ0FnSURUdTlqZnp3RRAB,-1,-1
ChZDSUhNMG9nS0VJQ0FnSUN6aTRMYVlnEAE_01,ChZDSUhNMG9nS0VJQ0FnSUN6aTRMYVlnEAE,2,2
ChZDSUhNMG9nS0VJQ0FnSUN6aTRMYVlnEAE_02,ChZDSUhNMG9nS0VJQ0FnSUN6aTRMYVlnEAE,1,0
ChZDSUhNMG9nS0VJQ0FnSUN6aTRMYVlnEAE_03,ChZDSUhNMG9nS0VJQ0FnSUN6aTRMYVlnEAE,4,5
ChZDSUhNMG9nS0VJQ0FnSUN6aTRMYVlnEAE_04,ChZDSUhNMG9nS0VJQ0FnSUN6aTRMYVlnEAE,8,8
ChdDSUhNMG9nS0VJQ0FnSUNMc291cTNnRRAB_01,ChdDSUhNMG9nS0VJQ0FnSUNMc291cTNnRRAB,21,-1
ChdDSUhNMG9nS0VJQ0FnSURMLS11a19RRRAB_01,ChdDSUhNMG9nS0VJQ0FnSURMLS11a19RRRAB,0,1
ChdDSUhNMG9nS0VJQ0FnSURMLS11a19RRRAB_02,ChdDSUhNMG9nS0VJQ0FnSURMLS11a19RRRAB,-1,-1
ChZDSUhNMG9nS0VJQ0FnSUNyOExxMU9nEAE_01,ChZDSUhNMG9nS0VJQ0FnSUNyOExxMU9nEAE,8,8
ChZDSUhNMG9nS0VJQ0FnSUNyOExxMU9nEAE_02,ChZDSUhNMG9nS0VJQ0FnSUNyOExxMU9nEAE,8,8
ChdDSUhNMG9nS0VJQ0FnSUNuMV9yS25RRRAB_01,ChdDSUhNMG9nS0VJQ0FnSUNuMV9yS25RRRAB,8,8
ChZDSUhNMG9nS0VJQ0FnSUQzNFpxQVNBEAE_01,ChZDSUhNMG9nS0VJQ0FnSUQzNFpxQVNBEAE,8,8
ChZDSUhNMG9nS0VJQ0FnSUNQaWNhX2NREAE_01,ChZDSUhNMG9nS0VJQ0FnSUNQaWNhX2NREAE,2,-1
ChdDSUhNMG9nS0VJQ0FnSURfbnVyQl9RRRAB_01,ChdDSUhNMG9nS0VJQ0FnSURfbnVyQl9RRRAB,8,8
ChZDSUhNMG9nS0VJQ0FnTURBNEliUkVnEAE_01,ChZDSUhNMG9nS0VJQ0FnTURBNEliUkVnEAE,8,8
ChZDSUhNMG9nS0VJQ0FnTURBNEliUkVnEAE_02,ChZDSUhNMG9nS0VJQ0FnTURBNEliUkVnEAE,3,3
ChZDSUhNMG9nS0VJQ0FnTURRamF6QlB3EAE_01,ChZDSUhNMG9nS0VJQ0FnTURRamF6QlB3EAE,8,8
ChZDSUhNMG9nS0VJQ0FnTURRamF6QlB3EAE_02,ChZDSUhNMG9nS0VJQ0FnTURRamF6QlB3EAE,21,28
ChZDSUhNMG9nS0VJQ0FnTURJemZpeFpBEAE_01,ChZDSUhNMG9nS0VJQ0FnTURJemZpeFpBEAE,1,0
ChZDSUhNMG9nS0VJQ0FnTURJemZpeFpBEAE_02,ChZDSUhNMG9nS0VJQ0FnTURJemZpeFpBEAE,6,6
ChZDSUhNMG9nS0VOR3VvdHZFcW8tWlVnEAE_01,ChZDSUhNMG9nS0VOR3VvdHZFcW8tWlVnEAE,14,13
ChZDSUhNMG9nS0VOR3VvdHZFcW8tWlVnEAE_02,ChZDSUhNMG9nS0VOR3VvdHZFcW8tWlVnEAE,2,2
ChZDSUhNMG9nS0VOR3VvdHZFcW8tWlVnEAE_03,ChZDSUhNMG9nS0VOR3VvdHZFcW8tWlVnEAE,1,0
ChZDSUhNMG9nS0VOR3VvdHZFcW8tWlVnEAE_04,ChZDSUhNMG9nS0VOR3VvdHZFcW8tWlVnEAE,8,8
ChZDSUhNMG9nS0VOR3VvdHZFcW8tWlVnEAE_05,ChZDSUhNMG9nS0VOR3VvdHZFcW8tWlVnEAE,39,38
ChdDSUhNMG9nS0VJLTNwNXF4aTVqemxnRRAB_01,ChdDSUhNMG9nS0VJLTNwNXF4aTVqemxnRRAB,7,7
Ci9DQUlRQUNvZENodHljRjlvT21OemRtTkZYeTFEWjFaME4zUmZPRmh5WVRacFlYYxAB_01,Ci9DQUlRQUNvZENodHljRjlvT21OemRtTkZYeTFEWjFaME4zUmZPRmh5WVRacFlYYxAB,3,-1
Ci9DQUlRQUNvZENodHljRjlvT2pWQ1ZFMUpTV2RuU2xGVlExTk9Va2xKTUU5TExVRRAB_01,Ci9DQUlRQUNvZENodHljRjlvT2pWQ1ZFMUpTV2RuU2xGVlExTk9Va2xKTUU5TExVRRAB,8,8
Ci9DQUlRQUNvZENodHljRjlvT25oRFZURkpOSGxWTTNkRU1VVkVhMmhmWVU5ZlQxRRAB_01,Ci9DQUlRQUNvZENodHljRjlvT25oRFZURkpOSGxWTTNkRU1VVkVhMmhmWVU5ZlQxRRAB,3,-1
Ci9DQUlRQUNvZENodHljRjlvT25oRFZURkpOSGxWTTNkRU1VVkVhMmhmWVU5ZlQxRRAB_02,Ci9DQUlRQUNvZENodHljRjlvT25oRFZURkpOSGxWTTNkRU1VVkVhMmhmWVU5ZlQxRRAB,5,4
Ci9DQUlRQUNvZENodHljRjlvT25oRFZURkpOSGxWTTNkRU1VVkVhMmhmWVU5ZlQxRRAB_03,Ci9DQUlRQUNvZENodHljRjlvT25oRFZURkpOSGxWTTNkRU1VVkVhMmhmWVU5ZlQxRRAB,16,14
Ci9DQUlRQUNvZENodHljRjlvT25oRFZURkpOSGxWTTNkRU1VVkVhMmhmWVU5ZlQxRRAB_04,Ci9DQUlRQUNvZENodHljRjlvT25oRFZURkpOSGxWTTNkRU1VVkVhMmhmWVU5ZlQxRRAB,-1,-1
Ci9DQUlRQUNvZENodHljRjlvT214bFVUVjZhVVl3WDIxbWJreExkVGQ1YkZCU00yYxAB_01,Ci9DQUlRQUNvZENodHljRjlvT214bFVUVjZhVVl3WDIxbWJreExkVGQ1YkZCU00yYxAB,7,7
Ci9DQUlRQUNvZENodHljRjlvT214bFVUVjZhVVl3WDIxbWJreExkVGQ1YkZCU00yYxAB_02,Ci9DQUlRQUNvZENodHljRjlvT214bFVUVjZhVVl3WDIxbWJreExkVGQ1YkZCU00yYxAB,13,15
Ci9DQUlRQUNvZENodHljRjlvT2t4aFZrNXNkMDF5VTNONVYzRlpSWGxLTjBkdWFtYxAB_01,Ci9DQUlRQUNvZENodHljRjlvT2t4aFZrNXNkMDF5VTNONVYzRlpSWGxLTjBkdWFtYxAB,8,-1
Ci9DQUlRQUNvZENodHljRjlvT2t4aFZrNXNkMDF5VTNONVYzRlpSWGxLTjBkdWFtYxAB_02,Ci9DQUlRQUNvZENodHljRjlvT2t4aFZrNXNkMDF5VTNONVYzRlpSWGxLTjBkdWFtYxAB,-1,-1
Ci9DQUlRQUNvZENodHljRjlvT25oU05uRnNNa1JUWWtsRlgycFZaVEZsVTBGQmEyYxAB_01,Ci9DQUlRQUNvZENodHljRjlvT25oU05uRnNNa1JUWWtsRlgycFZaVEZsVTBGQmEyYxAB,8,8
Ci9DQUlRQUNvZENodHljRjlvT25oU05uRnNNa1JUWWtsRlgycFZaVEZsVTBGQmEyYxAB_02,Ci9DQUlRQUNvZENodHljRjlvT25oU05uRnNNa1JUWWtsRlgycFZaVEZsVTBGQmEyYxAB,8,8
Ci9DQUlRQUNvZENodHljRjlvT2xGcmRrNWxiMlZ6YVhKNVJuTnVSazlVVWpKVVQxRRAB_01,Ci9DQUlRQUNvZENodHljRjlvT2xGcmRrNWxiMlZ6YVhKNVJuTnVSazlVVWpKVVQxRRAB,8,8
Ci9DQUlRQUNvZENodHljRjlvT2xGdWJVWkpabFp6YTJrM2RIVjNiVFJpZFd4VlFXYxAB_01,Ci9DQUlRQUNvZENodHljRjlvT2xGdWJVWkpabFp6YTJrM2RIVjNiVFJpZFd4VlFXYxAB,-1,-1
Ci9DQUlRQUNvZENodHljRjlvT2xGdWJVWkpabFp6YTJrM2RIVjNiVFJpZFd4VlFXYxAB_02,Ci9DQUlRQUNvZENodHljRjlvT2xGdWJVWkpabFp6YTJrM2RIVjNiVFJpZFd4VlFXYxAB,8,8
Ci9DQUlRQUNvZENodHljRjlvT2xGdWJVWkpabFp6YTJrM2RIVjNiVFJpZFd4VlFXYxAB_03,Ci9DQUlRQUNvZENodHljRjlvT2xGdWJVWkpabFp6YTJrM2RIVjNiVFJpZFd4VlFXYxAB,14,-1
Ci9DQUlRQUNvZENodHljRjlvT2xGdWJVWkpabFp6YTJrM2RIVjNiVFJpZFd4VlFXYxAB_04,Ci9DQUlRQUNvZENodHljRjlvT2xGdWJVWkpabFp6YTJrM2RIVjNiVFJpZFd4VlFXYxAB,-1,-1
Ci9DQUlRQUNvZENodHljRjlvT2xGdWJVWkpabFp6YTJrM2RIVjNiVFJpZFd4VlFXYxAB_05,Ci9DQUlRQUNvZENodHljRjlvT2xGdWJVWkpabFp6YTJrM2RIVjNiVFJpZFd4VlFXYxAB,-1,-1
Ci9DQUlRQUNvZENodHljRjlvT2xGdWJVWkpabFp6YTJrM2RIVjNiVFJpZFd4VlFXYxAB_06,Ci9DQUlRQUNvZENodHljRjlvT2xGdWJVWkpabFp6YTJrM2RIVjNiVFJpZFd4VlFXYxAB,2,2
Ci9DQUlRQUNvZENodHljRjlvT2xGdWJVWkpabFp6YTJrM2RIVjNiVFJpZFd4VlFXYxAB_07,Ci9DQUlRQUNvZENodHljRjlvT2xGdWJVWkpabFp6YTJrM2RIVjNiVFJpZFd4VlFXYxAB,8,8
Ci9DQUlRQUNvZENodHljRjlvT2xGdWJVWkpabFp6YTJrM2RIVjNiVFJpZFd4VlFXYxAB_08,Ci9DQUlRQUNvZENodHljRjlvT2xGdWJVWkpabFp6YTJrM2RIVjNiVFJpZFd4VlFXYxAB,8,8
Ci9DQUlRQUNvZENodHljRjlvT2xGdWJVWkpabFp6YTJrM2RIVjNiVFJpZFd4VlFXYxAB_09,Ci9DQUlRQUNvZENodHljRjlvT2xGdWJVWkpabFp6YTJrM2RIVjNiVFJpZFd4VlFXYxAB,-1,-1
Ci9DQUlRQUNvZENodHljRjlvT2xGdWJVWkpabFp6YTJrM2RIVjNiVFJpZFd4VlFXYxAB_10,Ci9DQUlRQUNvZENodHljRjlvT2xGdWJVWkpabFp6YTJrM2RIVjNiVFJpZFd4VlFXYxAB,8,8
Ci9DQUlRQUNvZENodHljRjlvT2xGdWJVWkpabFp6YTJrM2RIVjNiVFJpZFd4VlFXYxAB_11,Ci9DQUlRQUNvZENodHljRjlvT2xGdWJVWkpabFp6YTJrM2RIVjNiVFJpZFd4VlFXYxAB,-1,-1
Ci9DQUlRQUNvZENodHljRjlvT2xGdWJVWkpabFp6YTJrM2RIVjNiVFJpZFd4VlFXYxAB_12,Ci9DQUlRQUNvZENodHljRjlvT2xGdWJVWkpabFp6YTJrM2RIVjNiVFJpZFd4VlFXYxAB,16,14
Ci9DQUlRQUNvZENodHljRjlvT2xGdWJVWkpabFp6YTJrM2RIVjNiVFJpZFd4VlFXYxAB_13,Ci9DQUlRQUNvZENodHljRjlvT2xGdWJVWkpabFp6YTJrM2RIVjNiVFJpZFd4VlFXYxAB,9,9
Ci9DQUlRQUNvZENodHljRjlvT2xGdWJVWkpabFp6YTJrM2RIVjNiVFJpZFd4VlFXYxAB_14,Ci9DQUlRQUNvZENodHljRjlvT2xGdWJVWkpabFp6YTJrM2RIVjNiVFJpZFd4VlFXYxAB,-1,-1
Ci9DQUlRQUNvZENodHljRjlvT2xGdWJVWkpabFp6YTJrM2RIVjNiVFJpZFd4VlFXYxAB_15,Ci9DQUlRQUNvZENodHljRjlvT2xGdWJVWkpabFp6YTJrM2RIVjNiVFJpZFd4VlFXYxAB,3,3
Ci9DQUlRQUNvZENodHljRjlvT2xGdWJVWkpabFp6YTJrM2RIVjNiVFJpZFd4VlFXYxAB_16,Ci9DQUlRQUNvZENodHljRjlvT2xGdWJVWkpabFp6YTJrM2RIVjNiVFJpZFd4VlFXYxAB,5,4
Ci9DQUlRQUNvZENodHljRjlvT2xGdWJVWkpabFp6YTJrM2RIVjNiVFJpZFd4VlFXYxAB_17,Ci9DQUlRQUNvZENodHljRjlvT2xGdWJVWkpabFp6YTJrM2RIVjNiVFJpZFd4VlFXYxAB,8,8
Ci9DQUlRQUNvZENodHljRjlvT201eU5GYzRNalpQVUdNeGFDMXRWUzFTYUhJemRrRRAB_01,Ci9DQUlRQUNvZENodHljRjlvT201eU5GYzRNalpQVUdNeGFDMXRWUzFTYUhJemRrRRAB,2,2
Ci9DQUlRQUNvZENodHljRjlvT201eU5GYzRNalpQVUdNeGFDMXRWUzFTYUhJemRrRRAB_02,Ci9DQUlRQUNvZENodHljRjlvT201eU5GYzRNalpQVUdNeGFDMXRWUzFTYUhJemRrRRAB,-1,-1
Ci9DQUlRQUNvZENodHljRjlvT201eU5GYzRNalpQVUdNeGFDMXRWUzFTYUhJemRrRRAB_03,Ci9DQUlRQUNvZENodHljRjlvT201eU5GYzRNalpQVUdNeGFDMXRWUzFTYUhJemRrRRAB,-1,-1
Ci9DQUlRQUNvZENodHljRjlvT201eU5GYzRNalpQVUdNeGFDMXRWUzFTYUhJemRrRRAB_04,Ci9DQUlRQUNvZENodHljRjlvT201eU5GYzRNalpQVUdNeGFDMXRWUzFTYUhJemRrRRAB,-1,-1
Ci9DQUlRQUNvZENodHljRjlvT201eU5GYzRNalpQVUdNeGFDMXRWUzFTYUhJemRrRRAB_05,Ci9DQUlRQUNvZENodHljRjlvT201eU5GYzRNalpQVUdNeGFDMXRWUzFTYUhJemRrRRAB,-1,-1
Ci9DQUlRQUNvZENodHljRjlvT201eU5GYzRNalpQVUdNeGFDMXRWUzFTYUhJemRrRRAB_06,Ci9DQUlRQUNvZENodHljRjlvT201eU5GYzRNalpQVUdNeGFDMXRWUzFTYUhJemRrRRAB,4,5
Ci9DQUlRQUNvZENodHljRjlvT201eU5GYzRNalpQVUdNeGFDMXRWUzFTYUhJemRrRRAB_07,Ci9DQUlRQUNvZENodHljRjlvT201eU5GYzRNalpQVUdNeGFDMXRWUzFTYUhJemRrRRAB,13,15
Ci9DQUlRQUNvZENodHljRjlvT201eU5GYzRNalpQVUdNeGFDMXRWUzFTYUhJemRrRRAB_08,Ci9DQUlRQUNvZENodHljRjlvT201eU5GYzRNalpQVUdNeGFDMXRWUzFTYUhJemRrRRAB,4,-1
Ci9DQUlRQUNvZENodHljRjlvT201eU5GYzRNalpQVUdNeGFDMXRWUzFTYUhJemRrRRAB_09,Ci9DQUlRQUNvZENodHljRjlvT201eU5GYzRNalpQVUdNeGFDMXRWUzFTYUhJemRrRRAB,20,18
Ci9DQUlRQUNvZENodHljRjlvT201eU5GYzRNalpQVUdNeGFDMXRWUzFTYUhJemRrRRAB_10,Ci9DQUlRQUNvZENodHljRjlvT201eU5GYzRNalpQVUdNeGFDMXRWUzFTYUhJemRrRRAB,-1,-1
Ci9DQUlRQUNvZENodHljRjlvT201eU5GYzRNalpQVUdNeGFDMXRWUzFTYUhJemRrRRAB_11,Ci9DQUlRQUNvZENodHljRjlvT201eU5GYzRNalpQVUdNeGFDMXRWUzFTYUhJemRrRRAB,37,35
Ci9DQUlRQUNvZENodHljRjlvT201eU5GYzRNalpQVUdNeGFDMXRWUzFTYUhJemRrRRAB_12,Ci9DQUlRQUNvZENodHljRjlvT201eU5GYzRNalpQVUdNeGFDMXRWUzFTYUhJemRrRRAB,10,10
Ci9DQUlRQUNvZENodHljRjlvT201eU5GYzRNalpQVUdNeGFDMXRWUzFTYUhJemRrRRAB_13,Ci9DQUlRQUNvZENodHljRjlvT201eU5GYzRNalpQVUdNeGFDMXRWUzFTYUhJemRrRRAB,2,2
Ci9DQUlRQUNvZENodHljRjlvT201eU5GYzRNalpQVUdNeGFDMXRWUzFTYUhJemRrRRAB_14,Ci9DQUlRQUNvZENodHljRjlvT201eU5GYzRNalpQVUdNeGFDMXRWUzFTYUhJemRrRRAB,-1,-1
Ci9DQUlRQUNvZENodHljRjlvT201eU5GYzRNalpQVUdNeGFDMXRWUzFTYUhJemRrRRAB_15,Ci9DQUlRQUNvZENodHljRjlvT201eU5GYzRNalpQVUdNeGFDMXRWUzFTYUhJemRrRRAB,5,4
Ci9DQUlRQUNvZENodHljRjlvT201eU5GYzRNalpQVUdNeGFDMXRWUzFTYUhJemRrRRAB_16,Ci9DQUlRQUNvZENodHljRjlvT201eU5GYzRNalpQVUdNeGFDMXRWUzFTYUhJemRrRRAB,8,8
Ci9DQUlRQUNvZENodHljRjlvT2treVVrcEZWMUJHUzNoMWRqZGFVRGxFVG5ObVpuYxAB_01,Ci9DQUlRQUNvZENodHljRjlvT2treVVrcEZWMUJHUzNoMWRqZGFVRGxFVG5ObVpuYxAB,3,3
Ci9DQUlRQUNvZENodHljRjlvT2treVVrcEZWMUJHUzNoMWRqZGFVRGxFVG5ObVpuYxAB_02,Ci9DQUlRQUNvZENodHljRjlvT2treVVrcEZWMUJHUzNoMWRqZGFVRGxFVG5ObVpuYxAB,5,4
Ci9DQUlRQUNvZENodHljRjlvT2pObVVsWk9OV1kzUWxoRU0xbG1SbU0xYlVwMFpuYxAB_01,Ci9DQUlRQUNvZENodHljRjlvT2pObVVsWk9OV1kzUWxoRU0xbG1SbU0xYlVwMFpuYxAB,8,8
Ci9DQUlRQUNvZENodHljRjlvT2pObVVsWk9OV1kzUWxoRU0xbG1SbU0xYlVwMFpuYxAB_02,Ci9DQUlRQUNvZENodHljRjlvT2pObVVsWk9OV1kzUWxoRU0xbG1SbU0xYlVwMFpuYxAB,1,0
Ci9DQUlRQUNvZENodHljRjlvT2pObVVsWk9OV1kzUWxoRU0xbG1SbU0xYlVwMFpuYxAB_03,Ci9DQUlRQUNvZENodHljRjlvT2pObVVsWk9OV1kzUWxoRU0xbG1SbU0xYlVwMFpuYxAB,25,25
ChZDSUhNMG9nS0VJQ0FnSUNOZ2NIQVpREAE_01,ChZDSUhNMG9nS0VJQ0FnSUNOZ2NIQVpREAE,-1,-1
ChZDSUhNMG9nS0VJQ0FnSURiMGVUU2VBEAE_01,ChZDSUhNMG9nS0VJQ0FnSURiMGVUU2VBEAE,28,22
ChdDSUhNMG9nS0VJQ0FnSURIdXM3MWtBRRAB_01,ChdDSUhNMG9nS0VJQ0FnSURIdXM3MWtBRRAB,3,3
ChZDSUhNMG9nS0VJQ0FnTURRbElQcWFREAE_01,ChZDSUhNMG9nS0VJQ0FnTURRbElQcWFREAE,7,7
ChZDSUhNMG9nS0VJQ0FnTUNvbTRDQ0xnEAE_01,ChZDSUhNMG9nS0VJQ0FnTUNvbTRDQ0xnEAE,0,1
ChdDSUhNMG9nS0VPV2N3TG1jeTdDMGpRRRAB_01,ChdDSUhNMG9nS0VPV2N3TG1jeTdDMGpRRRAB,-1,-1
ChdDSUhNMG9nS0VPV2N3TG1jeTdDMGpRRRAB_02,ChdDSUhNMG9nS0VPV2N3TG1jeTdDMGpRRRAB,-1,-1
ChdDSUhNMG9nS0VPV2N3TG1jeTdDMGpRRRAB_03,ChdDSUhNMG9nS0VPV2N3TG1jeTdDMGpRRRAB,0,1
ChdDSUhNMG9nS0VPV2N3TG1jeTdDMGpRRRAB_04,ChdDSUhNMG9nS0VPV2N3TG1jeTdDMGpRRRAB,-1,-1
ChdDSUhNMG9nS0VPV2N3TG1jeTdDMGpRRRAB_05,ChdDSUhNMG9nS0VPV2N3TG1jeTdDMGpRRRAB,10,10
ChdDSUhNMG9nS0VPV2N3TG1jeTdDMGpRRRAB_06,ChdDSUhNMG9nS0VPV2N3TG1jeTdDMGpRRRAB,-1,-1
ChdDSUhNMG9nS0VPV2N3TG1jeTdDMGpRRRAB_07,ChdDSUhNMG9nS0VPV2N3TG1jeTdDMGpRRRAB,6,6
Ci9DQUlRQUNvZENodHljRjlvT25SaWRrUnZhRUUwU0dWTVNGbHJaVWxpTVV4Qk4wRRAB_01,Ci9DQUlRQUNvZENodHljRjlvT25SaWRrUnZhRUUwU0dWTVNGbHJaVWxpTVV4Qk4wRRAB,8,8
Ci9DQUlRQUNvZENodHljRjlvT2xGeVptNW5TR3BSYlRCcmRteHpTRmRqTW1OemVYYxAB_01,Ci9DQUlRQUNvZENodHljRjlvT2xGeVptNW5TR3BSYlRCcmRteHpTRmRqTW1OemVYYxAB,3,3
Ci9DQUlRQUNvZENodHljRjlvT2xGeVptNW5TR3BSYlRCcmRteHpTRmRqTW1OemVYYxAB_02,Ci9DQUlRQUNvZENodHljRjlvT2xGeVptNW5TR3BSYlRCcmRteHpTRmRqTW1OemVYYxAB,18,20
ChZDSUhNMG9nS0VJQ0FnSUROM29DSmFnEAE_01,ChZDSUhNMG9nS0VJQ0FnSUROM29DSmFnEAE,24,33
ChZDSUhNMG9nS0VJQ0FnSUROM29DSmFnEAE_02,ChZDSUhNMG9nS0VJQ0FnSUROM29DSmFnEAE,29,23
ChZDSUhNMG9nS0VJQ0FnSUROM29DSmFnEAE_03,ChZDSUhNMG9nS0VJQ0FnSUROM29DSmFnEAE,8,8
ChZDSUhNMG9nS0VJQ0FnSUROM29DSmFnEAE_04,ChZDSUhNMG9nS0VJQ0FnSUROM29DSmFnEAE,2,2
ChZDSUhNMG9nS0VJQ0FnSUROM29DSmFnEAE_05,ChZDSUhNMG9nS0VJQ0FnSUROM29DSmFnEAE,2,2
ChZDSUhNMG9nS0VJQ0FnSUROM29DSmFnEAE_06,ChZDSUhNMG9nS0VJQ0FnSUROM29DSmFnEAE,1,0
ChZDSUhNMG9nS0VJQ0FnSUROM29DSmFnEAE_07,ChZDSUhNMG9nS0VJQ0FnSUROM29DSmFnEAE,8,8
ChZDSUhNMG9nS0VJQ0FnSUROM29DSmFnEAE_08,ChZDSUhNMG9nS0VJQ0FnSUROM29DSmFnEAE,-1,-1
ChZDSUhNMG9nS0VJQ0FnSUROM29DSmFnEAE_09,ChZDSUhNMG9nS0VJQ0FnSUROM29DSmFnEAE,5,-1
ChdDSUhNMG9nS0VJQ0FnSUNMdnBtZDNnRRAB_01,ChdDSUhNMG9nS0VJQ0FnSUNMdnBtZDNnRRAB,21,28
ChZDSUhNMG9nS0VJQ0FnSUN2eEw3RFdnEAE_01,ChZDSUhNMG9nS0VJQ0FnSUN2eEw3RFdnEAE,-1,-1
ChZDSUhNMG9nS0VJQ0FnSUN2eEw3RFdnEAE_02,ChZDSUhNMG9nS0VJQ0FnSUN2eEw3RFdnEAE,6,6
ChZDSUhNMG9nS0VJQ0FnTUR3MElXSkp3EAE_01,ChZDSUhNMG9nS0VJQ0FnTUR3MElXSkp3EAE,0,1
ChZDSUhNMG9nS0VJQ0FnTUR3MElXSkp3EAE_02,ChZDSUhNMG9nS0VJQ0FnTUR3MElXSkp3EAE,32,-1
ChdDSUhNMG9nS0VJQ0FnTURvOFo3WG13RRAB_01,ChdDSUhNMG9nS0VJQ0FnTURvOFo3WG13RRAB,0,1
ChZDSUhNMG9nS0VJX2R6dHplaDRLTGRREAE_01,ChZDSUhNMG9nS0VJX2R6dHplaDRLTGRREAE,29,23
ChZDSUhNMG9nS0VJX2R6dHplaDRLTGRREAE_02,ChZDSUhNMG9nS0VJX2R6dHplaDRLTGRREAE,10,10
ChdDSUhNMG9nS0VQQ2p5UGZMNU8zal9BRRAB_01,ChdDSUhNMG9nS0VQQ2p5UGZMNU8zal9BRRAB,23,-1
ChdDSUhNMG9nS0VQQ2p5UGZMNU8zal9BRRAB_02,ChdDSUhNMG9nS0VQQ2p5UGZMNU8zal9BRRAB,20,-1
ChdDSUhNMG9nS0VQQ2p5UGZMNU8zal9BRRAB_03,ChdDSUhNMG9nS0VQQ2p5UGZMNU8zal9BRRAB,1,0
Ci9DQUlRQUNvZENodHljRjlvT2s1bmJYcHhlbms1YlVzMlVFUktZa1pLYVZodllYYxAB_01,Ci9DQUlRQUNvZENodHljRjlvT2s1bmJYcHhlbms1YlVzMlVFUktZa1pLYVZodllYYxAB,29,23
Ci9DQUlRQUNvZENodHljRjlvT2s1bmJYcHhlbms1YlVzMlVFUktZa1pLYVZodllYYxAB_02,Ci9DQUlRQUNvZENodHljRjlvT2s1bmJYcHhlbms1YlVzMlVFUktZa1pLYVZodllYYxAB,4,5
Ci9DQUlRQUNvZENodHljRjlvT2s1bmJYcHhlbms1YlVzMlVFUktZa1pLYVZodllYYxAB_03,Ci9DQUlRQUNvZENodHljRjlvT2s1bmJYcHhlbms1YlVzMlVFUktZa1pLYVZodllYYxAB,20,18
Ci9DQUlRQUNvZENodHljRjlvT2s1bmJYcHhlbms1YlVzMlVFUktZa1pLYVZodllYYxAB_04,Ci9DQUlRQUNvZENodHljRjlvT2s1bmJYcHhlbms1YlVzMlVFUktZa1pLYVZodllYYxAB,2,2
Ci9DQUlRQUNvZENodHljRjlvT2s1bmJYcHhlbms1YlVzMlVFUktZa1pLYVZodllYYxAB_05,Ci9DQUlRQUNvZENodHljRjlvT2s1bmJYcHhlbms1YlVzMlVFUktZa1pLYVZodllYYxAB,8,8
Ci9DQUlRQUNvZENodHljRjlvT2s1bmJYcHhlbms1YlVzMlVFUktZa1pLYVZodllYYxAB_06,Ci9DQUlRQUNvZENodHljRjlvT2s1bmJYcHhlbms1YlVzMlVFUktZa1pLYVZodllYYxAB,1,0
Ci9DQUlRQUNvZENodHljRjlvT2s1bmJYcHhlbms1YlVzMlVFUktZa1pLYVZodllYYxAB_07,Ci9DQUlRQUNvZENodHljRjlvT2s1bmJYcHhlbms1YlVzMlVFUktZa1pLYVZodllYYxAB,29,23
Ci9DQUlRQUNvZENodHljRjlvT2pKU1NtcGlXSGRsVjNWRlMxVnRXaTFtTlVGRk5IYxAB_01,Ci9DQUlRQUNvZENodHljRjlvT2pKU1NtcGlXSGRsVjNWRlMxVnRXaTFtTlVGRk5IYxAB,3,3
Ci9DQUlRQUNvZENodHljRjlvT2pKU1NtcGlXSGRsVjNWRlMxVnRXaTFtTlVGRk5IYxAB_02,Ci9DQUlRQUNvZENodHljRjlvT2pKU1NtcGlXSGRsVjNWRlMxVnRXaTFtTlVGRk5IYxAB,18,-1
Ci9DQUlRQUNvZENodHljRjlvT2pKU1NtcGlXSGRsVjNWRlMxVnRXaTFtTlVGRk5IYxAB_03,Ci9DQUlRQUNvZENodHljRjlvT2pKU1NtcGlXSGRsVjNWRlMxVnRXaTFtTlVGRk5IYxAB,9,9
Ci9DQUlRQUNvZENodHljRjlvT2pKU1NtcGlXSGRsVjNWRlMxVnRXaTFtTlVGRk5IYxAB_04,Ci9DQUlRQUNvZENodHljRjlvT2pKU1NtcGlXSGRsVjNWRlMxVnRXaTFtTlVGRk5IYxAB,8,8
Ci9DQUlRQUNvZENodHljRjlvT2tOMVNrNUVTRk4xV1ROcVdWY3RabXBCTlVaS1dHYxAB_01,Ci9DQUlRQUNvZENodHljRjlvT2tOMVNrNUVTRk4xV1ROcVdWY3RabXBCTlVaS1dHYxAB,9,9
Ci9DQUlRQUNvZENodHljRjlvT2tOMVNrNUVTRk4xV1ROcVdWY3RabXBCTlVaS1dHYxAB_02,Ci9DQUlRQUNvZENodHljRjlvT2tOMVNrNUVTRk4xV1ROcVdWY3RabXBCTlVaS1dHYxAB,29,23
Ci9DQUlRQUNvZENodHljRjlvT2pWbk0yRnNNMW8zWkRoVldEbDFaVmhhUzNKdFRuYxAB_01,Ci9DQUlRQUNvZENodHljRjlvT2pWbk0yRnNNMW8zWkRoVldEbDFaVmhhUzNKdFRuYxAB,29,23
Ci9DQUlRQUNvZENodHljRjlvT2tKallrVlhVa2huYmpOMFZqbFhXRzk0VW00ME5VRRAB_01,Ci9DQUlRQUNvZENodHljRjlvT2tKallrVlhVa2huYmpOMFZqbFhXRzk0VW00ME5VRRAB,39,38
Ci9DQUlRQUNvZENodHljRjlvT2tKallrVlhVa2huYmpOMFZqbFhXRzk0VW00ME5VRRAB_02,Ci9DQUlRQUNvZENodHljRjlvT2tKallrVlhVa2huYmpOMFZqbFhXRzk0VW00ME5VRRAB,6,-1
Ci9DQUlRQUNvZENodHljRjlvT2tWVFluQk9PVmRpZW1zNFpXbFJkRXgzY0VzMFdVRRAB_01,Ci9DQUlRQUNvZENodHljRjlvT2tWVFluQk9PVmRpZW1zNFpXbFJkRXgzY0VzMFdVRRAB,6,6
Ci9DQUlRQUNvZENodHljRjlvT2tWVFluQk9PVmRpZW1zNFpXbFJkRXgzY0VzMFdVRRAB_02,Ci9DQUlRQUNvZENodHljRjlvT2tWVFluQk9PVmRpZW1zNFpXbFJkRXgzY0VzMFdVRRAB,-1,-1
ChZDSUhNMG9nS0VJQ0FnSUR5ckx2TGRREAE_01,ChZDSUhNMG9nS0VJQ0FnSUR5ckx2TGRREAE,10,10
ChZDSUhNMG9nS0VJQ0FnSUR5ckx2TGRREAE_02,ChZDSUhNMG9nS0VJQ0FnSUR5ckx2TGRREAE,5,4
ChdDSUhNMG9nS0VJQ0FnSURMdEtIc3F3RRAB_01,ChdDSUhNMG9nS0VJQ0FnSURMdEtIc3F3RRAB,6,-1
ChdDSUhNMG9nS0VJQ0FnSUNYeV8zMTFnRRAB_01,ChdDSUhNMG9nS0VJQ0FnSUNYeV8zMTFnRRAB,4,5
ChdDSUhNMG9nS0VJQ0FnSUNYeV8zMTFnRRAB_02,ChdDSUhNMG9nS0VJQ0FnSUNYeV8zMTFnRRAB,-1,-1
ChZDSUhNMG9nS0VJQ0FnTUNBeDdPREZREAE_01,ChZDSUhNMG9nS0VJQ0FnTUNBeDdPREZREAE,1,0
ChZDSUhNMG9nS0VJQ0FnTUNBeDdPREZREAE_02,ChZDSUhNMG9nS0VJQ0FnTUNBeDdPREZREAE,-1,-1
ChZDSUhNMG9nS0VJQ0FnSURJbnRHVmN3EAE_01,ChZDSUhNMG9nS0VJQ0FnSURJbnRHVmN3EAE,26,26
Ci9DQUlRQUNvZENodHljRjlvT21zeE9Gb3RNRlpGYkcxcGVVNTZRa05qYm5OaVRWRRAB_01,Ci9DQUlRQUNvZENodHljRjlvT21zeE9Gb3RNRlpGYkcxcGVVNTZRa05qYm5OaVRWRRAB,21,28
Ci9DQUlRQUNvZENodHljRjlvT2tGcVZrWTRjM1ZFUmxFeVdTMW1SRmt5V1hocE1uYxAB_01,Ci9DQUlRQUNvZENodHljRjlvT2tGcVZrWTRjM1ZFUmxFeVdTMW1SRmt5V1hocE1uYxAB,14,13
Ci9DQUlRQUNvZENodHljRjlvT2tGcVZrWTRjM1ZFUmxFeVdTMW1SRmt5V1hocE1uYxAB_02,Ci9DQUlRQUNvZENodHljRjlvT2tGcVZrWTRjM1ZFUmxFeVdTMW1SRmt5V1hocE1uYxAB,-1,-1
Ci9DQUlRQUNvZENodHljRjlvT2tGcVZrWTRjM1ZFUmxFeVdTMW1SRmt5V1hocE1uYxAB_03,Ci9DQUlRQUNvZENodHljRjlvT2tGcVZrWTRjM1ZFUmxFeVdTMW1SRmt5V1hocE1uYxAB,16,14
ChZDSUhNMG9nS0VJQ0FnSUM5aEkyeVpBEAE_01,ChZDSUhNMG9nS0VJQ0FnSUM5aEkyeVpBEAE,19,16
ChZDSUhNMG9nS0VJQ0FnSUM5aEkyeVpBEAE_02,ChZDSUhNMG9nS0VJQ0FnSUM5aEkyeVpBEAE,11,-1
ChZDSUhNMG9nS0VJQ0FnSUM5aEkyeVpBEAE_03,ChZDSUhNMG9nS0VJQ0FnSUM5aEkyeVpBEAE,-1,-1
ChZDSUhNMG9nS0VJQ0FnSUM5aEkyeVpBEAE_04,ChZDSUhNMG9nS0VJQ0FnSUM5aEkyeVpBEAE,20,18
ChZDSUhNMG9nS0VJQ0FnSUM5aEkyeVpBEAE_05,ChZDSUhNMG9nS0VJQ0FnSUM5aEkyeVpBEAE,2,2
ChdDSUhNMG9nS0VJQ0FnSUNEdHUyeXBRRRAB_01,ChdDSUhNMG9nS0VJQ0FnSUNEdHUyeXBRRRAB,33,39
ChdDSUhNMG9nS0VJQ0FnSUNEdHUyeXBRRRAB_02,ChdDSUhNMG9nS0VJQ0FnSUNEdHUyeXBRRRAB,2,2
ChdDSUhNMG9nS0VJQ0FnSUNEdHUyeXBRRRAB_03,ChdDSUhNMG9nS0VJQ0FnSUNEdHUyeXBRRRAB,-1,-1
ChdDSUhNMG9nS0VJQ0FnSUNEdHUyeXBRRRAB_04,ChdDSUhNMG9nS0VJQ0FnSUNEdHUyeXBRRRAB,31,27
ChdDSUhNMG9nS0VJQ0FnSUNUdjlia2tRRRAB_01,ChdDSUhNMG9nS0VJQ0FnSUNUdjlia2tRRRAB,2,2
ChdDSUhNMG9nS0VJQ0FnSUNUdjlia2tRRRAB_02,ChdDSUhNMG9nS0VJQ0FnSUNUdjlia2tRRRAB,11,-1
ChdDSUhNMG9nS0VJQ0FnSUN6c3NDNW5nRRAB_01,ChdDSUhNMG9nS0VJQ0FnSUN6c3NDNW5nRRAB,8,8
ChdDSUhNMG9nS0VJQ0FnSUN6c3NDNW5nRRAB_02,ChdDSUhNMG9nS0VJQ0FnSUN6c3NDNW5nRRAB,20,18
ChZDSUhNMG9nS0VJQ0FnSUNIdVBHbkpnEAE_01,ChZDSUhNMG9nS0VJQ0FnSUNIdVBHbkpnEAE,-1,-1
ChZDSUhNMG9nS0VJQ0FnSUNIdVBHbkpnEAE_02,ChZDSUhNMG9nS0VJQ0FnSUNIdVBHbkpnEAE,6,6
ChZDSUhNMG9nS0VJQ0FnSUNIdVBHbkpnEAE_03,ChZDSUhNMG9nS0VJQ0FnSUNIdVBHbkpnEAE,30,29
ChZDSUhNMG9nS0VJQ0FnSUNIdVBHbkpnEAE_04,ChZDSUhNMG9nS0VJQ0FnSUNIdVBHbkpnEAE,6,6
ChZDSUhNMG9nS0VJQ0FnSURIcElEd1V3EAE_01,ChZDSUhNMG9nS0VJQ0FnSURIcElEd1V3EAE,0,1
ChdDSUhNMG9nS0VJQ0FnSURIejd2OXJnRRAB_01,ChdDSUhNMG9nS0VJQ0FnSURIejd2OXJnRRAB,25,25
ChdDSUhNMG9nS0VJQ0FnSURIejd2OXJnRRAB_02,ChdDSUhNMG9nS0VJQ0FnSURIejd2OXJnRRAB,6,6
ChdDSUhNMG9nS0VJQ0FnSURIejd2OXJnRRAB_03,ChdDSUhNMG9nS0VJQ0FnSURIejd2OXJnRRAB,6,6
ChdDSUhNMG9nS0VJQ0FnSURIejd2OXJnRRAB_04,ChdDSUhNMG9nS0VJQ0FnSURIejd2OXJnRRAB,25,25
ChZDSUhNMG9nS0VJQ0FnSUNuNE1hRVpBEAE_01,ChZDSUhNMG9nS0VJQ0FnSUNuNE1hRVpBEAE,6,6
ChZDSUhNMG9nS0VJQ0FnSUNuNE1hRVpBEAE_02,ChZDSUhNMG9nS0VJQ0FnSUNuNE1hRVpBEAE,25,25
ChZDSUhNMG9nS0VJQ0FnSUNuNE1hRVpBEAE_03,ChZDSUhNMG9nS0VJQ0FnSUNuNE1hRVpBEAE,-1,-1
ChZDSUhNMG9nS0VJQ0FnSUNuNE1hRVpBEAE_04,ChZDSUhNMG9nS0VJQ0FnSUNuNE1hRVpBEAE,-1,-1
ChZDSUhNMG9nS0VJQ0FnSUNuNE1hRVpBEAE_05,ChZDSUhNMG9nS0VJQ0FnSUNuNE1hRVpBEAE,0,1
ChZDSUhNMG9nS0VJQ0FnSUNuNE1hRVpBEAE_06,ChZDSUhNMG9nS0VJQ0FnSUNuNE1hRVpBEAE,17,19
ChZDSUhNMG9nS0VJQ0FnSUNuNE1hRVpBEAE_07,ChZDSUhNMG9nS0VJQ0FnSUNuNE1hRVpBEAE,-1,-1
ChZDSUhNMG9nS0VJQ0FnSUNuNE1hRVpBEAE_08,ChZDSUhNMG9nS0VJQ0FnSUNuNE1hRVpBEAE,0,1
ChZDSUhNMG9nS0VJQ0FnSUNuNE1hRVpBEAE_09,ChZDSUhNMG9nS0VJQ0FnSUNuNE1hRVpBEAE,-1,-1
ChZDSUhNMG9nS0VJQ0FnSUNuNE1hRVpBEAE_10,ChZDSUhNMG9nS0VJQ0FnSUNuNE1hRVpBEAE,-1,-1
ChZDSUhNMG9nS0VJQ0FnSUNuNE1hRVpBEAE_11,ChZDSUhNMG9nS0VJQ0FnSUNuNE1hRVpBEAE,-1,-1
ChZDSUhNMG9nS0VJQ0FnSUNuNE1hRVpBEAE_12,ChZDSUhNMG9nS0VJQ0FnSUNuNE1hRVpBEAE,6,-1
ChZDSUhNMG9nS0VJQ0FnSUNuNE1hRVpBEAE_13,ChZDSUhNMG9nS0VJQ0FnSUNuNE1hRVpBEAE,17,19
ChZDSUhNMG9nS0VJQ0FnSUNuNE1hRVpBEAE_14,ChZDSUhNMG9nS0VJQ0FnSUNuNE1hRVpBEAE,32,32
ChZDSUhNMG9nS0VJQ0FnSUNuNE1hRVpBEAE_15,ChZDSUhNMG9nS0VJQ0FnSUNuNE1hRVpBEAE,17,19
ChZDSUhNMG9nS0VJQ0FnSUNuNE1hRVpBEAE_16,ChZDSUhNMG9nS0VJQ0FnSUNuNE1hRVpBEAE,8,8
ChZDSUhNMG9nS0VJQ0FnSUNuNE1hRVpBEAE_17,ChZDSUhNMG9nS0VJQ0FnSUNuNE1hRVpBEAE,6,6
ChZDSUhNMG9nS0VJQ0FnSUNuNE1hRVpBEAE_18,ChZDSUhNMG9nS0VJQ0FnSUNuNE1hRVpBEAE,11,-1
ChZDSUhNMG9nS0VJQ0FnSUNuNE1hRVpBEAE_19,ChZDSUhNMG9nS0VJQ0FnSUNuNE1hRVpBEAE,0,1
ChZDSUhNMG9nS0VJQ0FnSUNuNE1hRVpBEAE_20,ChZDSUhNMG9nS0VJQ0FnSUNuNE1hRVpBEAE,-1,-1
ChZDSUhNMG9nS0VJQ0FnSUNuNE1hRVpBEAE_21,ChZDSUhNMG9nS0VJQ0FnSUNuNE1hRVpBEAE,-1,-1
ChZDSUhNMG9nS0VJQ0FnSUNuNE1hRVpBEAE_22,ChZDSUhNMG9nS0VJQ0FnSUNuNE1hRVpBEAE,-1,-1
ChZDSUhNMG9nS0VJQ0FnSUNuNE1hRVpBEAE_23,ChZDSUhNMG9nS0VJQ0FnSUNuNE1hRVpBEAE,6,6
ChZDSUhNMG9nS0VJQ0FnSUNuNE1hRVpBEAE_24,ChZDSUhNMG9nS0VJQ0FnSUNuNE1hRVpBEAE,25,25
ChZDSUhNMG9nS0VJQ0FnSUNuNE1hRVpBEAE_25,ChZDSUhNMG9nS0VJQ0FnSUNuNE1hRVpBEAE,-1,-1
ChdDSUhNMG9nS0VJQ0FnSURubi1QYWx3RRAB_01,ChdDSUhNMG9nS0VJQ0FnSURubi1QYWx3RRAB,4,-1
ChdDSUhNMG9nS0VJQ0FnSURubi1QYWx3RRAB_02,ChdDSUhNMG9nS0VJQ0FnSURubi1QYWx3RRAB,30,29
ChdDSUhNMG9nS0VJQ0FnSURubi1QYWx3RRAB_03,ChdDSUhNMG9nS0VJQ0FnSURubi1QYWx3RRAB,2,2
ChZDSUhNMG9nS0VJQ0FnSURQeVBtYlp3EAE_01,ChZDSUhNMG9nS0VJQ0FnSURQeVBtYlp3EAE,5,4
ChZDSUhNMG9nS0VJQ0FnSURQeVBtYlp3EAE_02,ChZDSUhNMG9nS0VJQ0FnSURQeVBtYlp3EAE,5,4
ChZDSUhNMG9nS0VJQ0FnSURQeVBtYlp3EAE_03,ChZDSUhNMG9nS0VJQ0FnSURQeVBtYlp3EAE,0,1
ChZDSUhNMG9nS0VJQ0FnSURQeVBtYlp3EAE_04,ChZDSUhNMG9nS0VJQ0FnSURQeVBtYlp3EAE,-1,-1
ChZDSUhNMG9nS0VJQ0FnSURmdGZlcWFREAE_01,ChZDSUhNMG9nS0VJQ0FnSURmdGZlcWFREAE,9,9
ChZDSUhNMG9nS0VJQ0FnSURmdGZlcWFREAE_02,ChZDSUhNMG9nS0VJQ0FnSURmdGZlcWFREAE,22,-1
ChZDSUhNMG9nS0VJQ0FnSURmdDcteEtBEAE_01,ChZDSUhNMG9nS0VJQ0FnSURmdDcteEtBEAE,7,7
ChdDSUhNMG9nS0VJQ0FnSURfNHZTd2pBRRAB_01,ChdDSUhNMG9nS0VJQ0FnSURfNHZTd2pBRRAB,-1,-1
ChdDSUhNMG9nS0VJQ0FnSURfNHZTd2pBRRAB_02,ChdDSUhNMG9nS0VJQ0FnSURfNHZTd2pBRRAB,-1,-1
ChdDSUhNMG9nS0VJQ0FnSURfNHZTd2pBRRAB_03,ChdDSUhNMG9nS0VJQ0FnSURfNHZTd2pBRRAB,-1,-1
ChdDSUhNMG9nS0VJQ0FnSURfNHZTd2pBRRAB_04,ChdDSUhNMG9nS0VJQ0FnSURfNHZTd2pBRRAB,10,10
Ci9DQUlRQUNvZENodHljRjlvT25OcVpVeFNlRXA1UVc0eFkyaHJXa3h3Y0RGWE1YYxAB_01,Ci9DQUlRQUNvZENodHljRjlvT25OcVpVeFNlRXA1UVc0eFkyaHJXa3h3Y0RGWE1YYxAB,2,2
Ci9DQUlRQUNvZENodHljRjlvT2s0d1MyMHdaVUp3UzJkVGVGUldhR1JDZFVaVk0wRRAB_01,Ci9DQUlRQUNvZENodHljRjlvT2s0d1MyMHdaVUp3UzJkVGVGUldhR1JDZFVaVk0wRRAB,9,9
Ci9DQUlRQUNvZENodHljRjlvT2tGS1dFSXdWakZPTTB3d1ZuUjNTRlZZZW10dlVWRRAB_01,Ci9DQUlRQUNvZENodHljRjlvT2tGS1dFSXdWakZPTTB3d1ZuUjNTRlZZZW10dlVWRRAB,2,2
Ci9DQUlRQUNvZENodHljRjlvT2tGS1dFSXdWakZPTTB3d1ZuUjNTRlZZZW10dlVWRRAB_02,Ci9DQUlRQUNvZENodHljRjlvT2tGS1dFSXdWakZPTTB3d1ZuUjNTRlZZZW10dlVWRRAB,30,29
Ci9DQUlRQUNvZENodHljRjlvT2tGS1dFSXdWakZPTTB3d1ZuUjNTRlZZZW10dlVWRRAB_03,Ci9DQUlRQUNvZENodHljRjlvT2tGS1dFSXdWakZPTTB3d1ZuUjNTRlZZZW10dlVWRRAB,10,10
Ci9DQUlRQUNvZENodHljRjlvT2xweVpqSlVPRzFtTW1kcmNXWXlWVmxSVmxwWlVFRRAB_01,Ci9DQUlRQUNvZENodHljRjlvT2xweVpqSlVPRzFtTW1kcmNXWXlWVmxSVmxwWlVFRRAB,0,1
Ci9DQUlRQUNvZENodHljRjlvT2xweVpqSlVPRzFtTW1kcmNXWXlWVmxSVmxwWlVFRRAB_02,Ci9DQUlRQUNvZENodHljRjlvT2xweVpqSlVPRzFtTW1kcmNXWXlWVmxSVmxwWlVFRRAB,0,1
Ci9DQUlRQUNvZENodHljRjlvT25aNE5sSTRZVzFMV1ZCTU9EVlJUMWRJVXpkTFRYYxAB_01,Ci9DQUlRQUNvZENodHljRjlvT25aNE5sSTRZVzFMV1ZCTU9EVlJUMWRJVXpkTFRYYxAB,0,1
Ci9DQUlRQUNvZENodHljRjlvT25CR05uaGxPRk40TkZsU05ESXpXVUpyTVdwMGNHYxAB_01,Ci9DQUlRQUNvZENodHljRjlvT25CR05uaGxPRk40TkZsU05ESXpXVUpyTVdwMGNHYxAB,0,1
Ci9DQUlRQUNvZENodHljRjlvT25CR05uaGxPRk40TkZsU05ESXpXVUpyTVdwMGNHYxAB_02,Ci9DQUlRQUNvZENodHljRjlvT25CR05uaGxPRk40TkZsU05ESXpXVUpyTVdwMGNHYxAB,0,1
Ci9DQUlRQUNvZENodHljRjlvT25CR05uaGxPRk40TkZsU05ESXpXVUpyTVdwMGNHYxAB_03,Ci9DQUlRQUNvZENodHljRjlvT25CR05uaGxPRk40TkZsU05ESXpXVUpyTVdwMGNHYxAB,23,31
Ci9DQUlRQUNvZENodHljRjlvT25OUlVrOVFlV2t6YUVWQmNYTlZZM0J6UzNSMk5HYxAB_01,Ci9DQUlRQUNvZENodHljRjlvT25OUlVrOVFlV2t6YUVWQmNYTlZZM0J6UzNSMk5HYxAB,1,0
Ci9DQUlRQUNvZENodHljRjlvT2xBMFUxUmtNVE0yZFVRMldXbE1NMDlsV1RoeVJYYxAB_01,Ci9DQUlRQUNvZENodHljRjlvT2xBMFUxUmtNVE0yZFVRMldXbE1NMDlsV1RoeVJYYxAB,2,2
Ci9DQUlRQUNvZENodHljRjlvT2xBMFUxUmtNVE0yZFVRMldXbE1NMDlsV1RoeVJYYxAB_02,Ci9DQUlRQUNvZENodHljRjlvT2xBMFUxUmtNVE0yZFVRMldXbE1NMDlsV1RoeVJYYxAB,8,8
Ci9DQUlRQUNvZENodHljRjlvT2xGeWVuZE5UakpEYjIxalV6QjBPSEphVTBZMlJHYxAB_01,Ci9DQUlRQUNvZENodHljRjlvT2xGeWVuZE5UakpEYjIxalV6QjBPSEphVTBZMlJHYxAB,20,18
Ci9DQUlRQUNvZENodHljRjlvT2xadFpVZEpWVFpKWDBOUFJYWmhhalpzWkU4eE1FRRAB_01,Ci9DQUlRQUNvZENodHljRjlvT2xadFpVZEpWVFpKWDBOUFJYWmhhalpzWkU4eE1FRRAB,3,3
ChdDSUhNMG9nS0VJQ0FnSUR4LThqZy13RRAB_01,ChdDSUhNMG9nS0VJQ0FnSUR4LThqZy13RRAB,19,16
ChdDSUhNMG9nS0VJQ0FnSUR4LThqZy13RRAB_02,ChdDSUhNMG9nS0VJQ0FnSUR4LThqZy13RRAB,-1,-1
Ci9DQUlRQUNvZENodHljRjlvT25OMWJ6VmxZMDVSU0dabVJrVm5jMHhPUkhOTFVGRRAB_01,Ci9DQUlRQUNvZENodHljRjlvT25OMWJ6VmxZMDVSU0dabVJrVm5jMHhPUkhOTFVGRRAB,3,-1
Ci9DQUlRQUNvZENodHljRjlvT25OMWJ6VmxZMDVSU0dabVJrVm5jMHhPUkhOTFVGRRAB_02,Ci9DQUlRQUNvZENodHljRjlvT25OMWJ6VmxZMDVSU0dabVJrVm5jMHhPUkhOTFVGRRAB,-1,-1
Ci9DQUlRQUNvZENodHljRjlvT25CYWNGUXpOa1E1WkZsTlFteHRiWGsyZEVNemJrRRAB_01,Ci9DQUlRQUNvZENodHljRjlvT25CYWNGUXpOa1E1WkZsTlFteHRiWGsyZEVNemJrRRAB,-1,-1
Ci9DQUlRQUNvZENodHljRjlvT2xGQlIxaHlWMmhGTkhWR1UzaG1UbGxwWlVoRVpGRRAB_01,Ci9DQUlRQUNvZENodHljRjlvT2xGQlIxaHlWMmhGTkhWR1UzaG1UbGxwWlVoRVpGRRAB,1,0
Ci9DQUlRQUNvZENodHljRjlvT2xGQlIxaHlWMmhGTkhWR1UzaG1UbGxwWlVoRVpGRRAB_02,Ci9DQUlRQUNvZENodHljRjlvT2xGQlIxaHlWMmhGTkhWR1UzaG1UbGxwWlVoRVpGRRAB,6,6
Ci9DQUlRQUNvZENodHljRjlvT21KRVh6Vm5NbkJVTFdSd2FUSkpTWFIyYlhScWNsRRAB_01,Ci9DQUlRQUNvZENodHljRjlvT21KRVh6Vm5NbkJVTFdSd2FUSkpTWFIyYlhScWNsRRAB,4,5
Ci9DQUlRQUNvZENodHljRjlvT21KRVh6Vm5NbkJVTFdSd2FUSkpTWFIyYlhScWNsRRAB_02,Ci9DQUlRQUNvZENodHljRjlvT21KRVh6Vm5NbkJVTFdSd2FUSkpTWFIyYlhScWNsRRAB,18,20
Ci9DQUlRQUNvZENodHljRjlvT21KRVh6Vm5NbkJVTFdSd2FUSkpTWFIyYlhScWNsRRAB_03,Ci9DQUlRQUNvZENodHljRjlvT21KRVh6Vm5NbkJVTFdSd2FUSkpTWFIyYlhScWNsRRAB,0,1
Ci9DQUlRQUNvZENodHljRjlvT21KRVh6Vm5NbkJVTFdSd2FUSkpTWFIyYlhScWNsRRAB_04,Ci9DQUlRQUNvZENodHljRjlvT21KRVh6Vm5NbkJVTFdSd2FUSkpTWFIyYlhScWNsRRAB,-1,-1
Ci9DQUlRQUNvZENodHljRjlvT2sxRlZGQjViRkJSY1Y4eGN5MDFRVU5VVFRCQ0xXYxAB_01,Ci9DQUlRQUNvZENodHljRjlvT2sxRlZGQjViRkJSY1Y4eGN5MDFRVU5VVFRCQ0xXYxAB,28,22
Ci9DQUlRQUNvZENodHljRjlvT2sxRlZGQjViRkJSY1Y4eGN5MDFRVU5VVFRCQ0xXYxAB_02,Ci9DQUlRQUNvZENodHljRjlvT2sxRlZGQjViRkJSY1Y4eGN5MDFRVU5VVFRCQ0xXYxAB,16,14
ChZDSUhNMG9nS0VJQ0FnSUR0NEpLQ1pBEAE_01,ChZDSUhNMG9nS0VJQ0FnSUR0NEpLQ1pBEAE,27,24
ChZDSUhNMG9nS0VJQ0FnSUR0NEpLQ1pBEAE_02,ChZDSUhNMG9nS0VJQ0FnSUR0NEpLQ1pBEAE,-1,-1
ChdDSUhNMG9nS0VJQ0FnSUM5eGRhTmlnRRAB_01,ChdDSUhNMG9nS0VJQ0FnSUM5eGRhTmlnRRAB,22,17
ChdDSUhNMG9nS0VJQ0FnSUM5NjUtMmtnRRAB_01,ChdDSUhNMG9nS0VJQ0FnSUM5NjUtMmtnRRAB,21,28
ChdDSUhNMG9nS0VJQ0FnSURidXJPQl9RRRAB_01,ChdDSUhNMG9nS0VJQ0FnSURidXJPQl9RRRAB,8,8
ChZDSUhNMG9nS0VJQ0FnSURibnNQZllREAE_01,ChZDSUhNMG9nS0VJQ0FnSURibnNQZllREAE,11,12
ChdDSUhNMG9nS0VJQ0FnSUQwamNURS1nRRAB_01,ChdDSUhNMG9nS0VJQ0FnSUQwamNURS1nRRAB,4,5
ChdDSUhNMG9nS0VJQ0FnSUQwamNURS1nRRAB_02,ChdDSUhNMG9nS0VJQ0FnSUQwamNURS1nRRAB,5,4
ChZDSUhNMG9nS0VJQ0FnSURYX3ZtNVJBEAE_01,ChZDSUhNMG9nS0VJQ0FnSURYX3ZtNVJBEAE,11,12
ChZDSUhNMG9nS0VJQ0FnSURYX3ZtNVJBEAE_02,ChZDSUhNMG9nS0VJQ0FnSURYX3ZtNVJBEAE,-1,-1
ChZDSUhNMG9nS0VJQ0FnSURYX3ZtNVJBEAE_03,ChZDSUhNMG9nS0VJQ0FnSURYX3ZtNVJBEAE,-1,-1
ChZDSUhNMG9nS0VJQ0FnSURYX3ZtNVJBEAE_04,ChZDSUhNMG9nS0VJQ0FnSURYX3ZtNVJBEAE,32,32
ChZDSUhNMG9nS0VJQ0FnSUQzeGRtSUVREAE_01,ChZDSUhNMG9nS0VJQ0FnSUQzeGRtSUVREAE,10,10
ChZDSUhNMG9nS0VJQ0FnSUQzeGRtSUVREAE_02,ChZDSUhNMG9nS0VJQ0FnSUQzeGRtSUVREAE,4,-1
ChZDSUhNMG9nS0VJQ0FnSUQzeGRtSUVREAE_03,ChZDSUhNMG9nS0VJQ0FnSUQzeGRtSUVREAE,1,0
ChZDSUhNMG9nS0VJQ0FnSUQzeGRtSUVREAE_04,ChZDSUhNMG9nS0VJQ0FnSUQzeGRtSUVREAE,40,41
ChdDSUhNMG9nS0VJQ0FnSUQzcFlfbGxRRRAB_01,ChdDSUhNMG9nS0VJQ0FnSUQzcFlfbGxRRRAB,3,-1
ChdDSUhNMG9nS0VJQ0FnTURBOFBIczJBRRAB_01,ChdDSUhNMG9nS0VJQ0FnTURBOFBIczJBRRAB,2,2
ChZDSUhNMG9nS0VJQ0FnTURJZ1BUMFJnEAE_01,ChZDSUhNMG9nS0VJQ0FnTURJZ1BUMFJnEAE,3,3
ChZDSUhNMG9nS0VMRFV4dlNVaHFuMWZnEAE_01,ChZDSUhNMG9nS0VMRFV4dlNVaHFuMWZnEAE,2,2
ChZDSUhNMG9nS0VMRFV4dlNVaHFuMWZnEAE_02,ChZDSUhNMG9nS0VMRFV4dlNVaHFuMWZnEAE,8,8
Ci9DQUlRQUNvZENodHljRjlvT25kRVRsbGpNV2hmV0ZCUlZXSkphRU5CVm1kbFoyYxAB_01,Ci9DQUlRQUNvZENodHljRjlvT25kRVRsbGpNV2hmV0ZCUlZXSkphRU5CVm1kbFoyYxAB,6,6
Ci9DQUlRQUNvZENodHljRjlvT25kRVRsbGpNV2hmV0ZCUlZXSkphRU5CVm1kbFoyYxAB_02,Ci9DQUlRQUNvZENodHljRjlvT25kRVRsbGpNV2hmV0ZCUlZXSkphRU5CVm1kbFoyYxAB,6,6
Ci9DQUlRQUNvZENodHljRjlvT2tkU05Fc3dkbDh0ZFRSME9IVnhZek5VVFhOV1ZVRRAB_01,Ci9DQUlRQUNvZENodHljRjlvT2tkU05Fc3dkbDh0ZFRSME9IVnhZek5VVFhOV1ZVRRAB,5,4
Ci9DQUlRQUNvZENodHljRjlvT2tkU05Fc3dkbDh0ZFRSME9IVnhZek5VVFhOV1ZVRRAB_02,Ci9DQUlRQUNvZENodHljRjlvT2tkU05Fc3dkbDh0ZFRSME9IVnhZek5VVFhOV1ZVRRAB,32,-1
Ci9DQUlRQUNvZENodHljRjlvT2pKQmRIUkJOVXg2VlZreFVIY3piME5PU2xwdVYzYxAB_01,Ci9DQUlRQUNvZENodHljRjlvT2pKQmRIUkJOVXg2VlZreFVIY3piME5PU2xwdVYzYxAB,8,8
Ci9DQUlRQUNvZENodHljRjlvT2kxVU5qa3hUbkpHYzNad1dsTldNblJTTVc5cFpsRRAB_01,Ci9DQUlRQUNvZENodHljRjlvT2kxVU5qa3hUbkpHYzNad1dsTldNblJTTVc5cFpsRRAB,-1,-1
Ci9DQUlRQUNvZENodHljRjlvT2kxVU5qa3hUbkpHYzNad1dsTldNblJTTVc5cFpsRRAB_02,Ci9DQUlRQUNvZENodHljRjlvT2kxVU5qa3hUbkpHYzNad1dsTldNblJTTVc5cFpsRRAB,-1,-1
Ci9DQUlRQUNvZENodHljRjlvT2tWcFlqSjBOSEJWVXpoUVEwUTVRbGhTWkdFNU5GRRAB_01,Ci9DQUlRQUNvZENodHljRjlvT2tWcFlqSjBOSEJWVXpoUVEwUTVRbGhTWkdFNU5GRRAB,23,31
Ci9DQUlRQUNvZENodHljRjlvT2tWcFlqSjBOSEJWVXpoUVEwUTVRbGhTWkdFNU5GRRAB_02,Ci9DQUlRQUNvZENodHljRjlvT2tWcFlqSjBOSEJWVXpoUVEwUTVRbGhTWkdFNU5GRRAB,0,1
Ci9DQUlRQUNvZENodHljRjlvT2tWcFlqSjBOSEJWVXpoUVEwUTVRbGhTWkdFNU5GRRAB_03,Ci9DQUlRQUNvZENodHljRjlvT2tWcFlqSjBOSEJWVXpoUVEwUTVRbGhTWkdFNU5GRRAB,2,2
Ci9DQUlRQUNvZENodHljRjlvT21vM2FFMW5TbXBvVUVoQ05GWlVTbU15V2xOVlZIYxAB_01,Ci9DQUlRQUNvZENodHljRjlvT21vM2FFMW5TbXBvVUVoQ05GWlVTbU15V2xOVlZIYxAB,8,8
Ci9DQUlRQUNvZENodHljRjlvT2twWmRXY3hYemhRWDJ0V1VraDFTSGxpTkY4MlkxRRAB_01,Ci9DQUlRQUNvZENodHljRjlvT2twWmRXY3hYemhRWDJ0V1VraDFTSGxpTkY4MlkxRRAB,12,30
Ci9DQUlRQUNvZENodHljRjlvT2twWmRXY3hYemhRWDJ0V1VraDFTSGxpTkY4MlkxRRAB_02,Ci9DQUlRQUNvZENodHljRjlvT2twWmRXY3hYemhRWDJ0V1VraDFTSGxpTkY4MlkxRRAB,13,15
ChZDSUhNMG9nS0VJQ0FnSUQzMjdhMUxBEAE_01,ChZDSUhNMG9nS0VJQ0FnSUQzMjdhMUxBEAE,18,20
ChdDSUhNMG9nS0VJQ0FnSUR2eHEybWpBRRAB_01,ChdDSUhNMG9nS0VJQ0FnSUR2eHEybWpBRRAB,4,5
ChdDSUhNMG9nS0VJQ0FnSUR2eHQzYnh3RRAB_01,ChdDSUhNMG9nS0VJQ0FnSUR2eHQzYnh3RRAB,3,-1
ChdDSUhNMG9nS0VJQ0FnSUR2eHQzYnh3RRAB_02,ChdDSUhNMG9nS0VJQ0FnSUR2eHQzYnh3RRAB,5,-1
ChZDSUhNMG9nS0VJQ0FnTUNnMjdpeGZREAE_01,ChZDSUhNMG9nS0VJQ0FnTUNnMjdpeGZREAE,2,2
ChZDSUhNMG9nS0VJQ0FnTURnME42dmVBEAE_01,ChZDSUhNMG9nS0VJQ0FnTURnME42dmVBEAE,7,7
ChZDSUhNMG9nS0VJQ0FnTURnME42dmVBEAE_02,ChZDSUhNMG9nS0VJQ0FnTURnME42dmVBEAE,-1,-1
ChZDSUhNMG9nS0VJQ0FnTURnc09uNUJREAE_01,ChZDSUhNMG9nS0VJQ0FnTURnc09uNUJREAE,1,0
ChdDSUhNMG9nS0VJQ0FnTURvenNlSnJBRRAB_01,ChdDSUhNMG9nS0VJQ0FnTURvenNlSnJBRRAB,19,-1
ChZDSUhNMG9nS0VKeVhuOUhac2VXTFVBEAE_01,ChZDSUhNMG9nS0VKeVhuOUhac2VXTFVBEAE,0,1
Ci9DQUlRQUNvZENodHljRjlvT200ME5GbEpiSGRtVFc0eVJXaHhabkJ6Vkc5TVpHYxAB_01,Ci9DQUlRQUNvZENodHljRjlvT200ME5GbEpiSGRtVFc0eVJXaHhabkJ6Vkc5TVpHYxAB,12,21
Ci9DQUlRQUNvZENodHljRjlvT2tkUFdGRmpYMHc1Ulhaak9EVTBMVGxoU0dGcFpFRRAB_01,Ci9DQUlRQUNvZENodHljRjlvT2tkUFdGRmpYMHc1Ulhaak9EVTBMVGxoU0dGcFpFRRAB,-1,-1
ChdDSUhNMG9nS0VJQ0FnTURvMGJmOV9nRRAB_01,ChdDSUhNMG9nS0VJQ0FnTURvMGJmOV9nRRAB,12,21
Ci9DQUlRQUNvZENodHljRjlvT210SVRub3dSREZKYkUwMVowbzBNMDFxZVd4dkxVRRAB_01,Ci9DQUlRQUNvZENodHljRjlvT210SVRub3dSREZKYkUwMVowbzBNMDFxZVd4dkxVRRAB,-1,-1
Ci9DQUlRQUNvZENodHljRjlvT210SVRub3dSREZKYkUwMVowbzBNMDFxZVd4dkxVRRAB_02,Ci9DQUlRQUNvZENodHljRjlvT210SVRub3dSREZKYkUwMVowbzBNMDFxZVd4dkxVRRAB,-1,-1
Ci9DQUlRQUNvZENodHljRjlvT210SVRub3dSREZKYkUwMVowbzBNMDFxZVd4dkxVRRAB_03,Ci9DQUlRQUNvZENodHljRjlvT210SVRub3dSREZKYkUwMVowbzBNMDFxZVd4dkxVRRAB,-1,-1
Ci9DQUlRQUNvZENodHljRjlvT2t4dGVXdEJVWEIyU205R2VHTnhkbE5EUldaUGJXYxAB_01,Ci9DQUlRQUNvZENodHljRjlvT2t4dGVXdEJVWEIyU205R2VHTnhkbE5EUldaUGJXYxAB,0,1
Ci9DQUlRQUNvZENodHljRjlvT2paSlJHaFJkV05aVWxnNGNVVmtlREpPYlhjeWNVRRAB_01,Ci9DQUlRQUNvZENodHljRjlvT2paSlJHaFJkV05aVWxnNGNVVmtlREpPYlhjeWNVRRAB,-1,-1
Ci9DQUlRQUNvZENodHljRjlvT2taaFZtNVdTMmxWUVMxeGJYQlZjMjUyU1RCMGIyYxAB_01,Ci9DQUlRQUNvZENodHljRjlvT2taaFZtNVdTMmxWUVMxeGJYQlZjMjUyU1RCMGIyYxAB,13,15
Ci9DQUlRQUNvZENodHljRjlvT25GMGIxZE5WMk5uVG1adFJVZEdXa05RZW5keU9GRRAB_01,Ci9DQUlRQUNvZENodHljRjlvT25GMGIxZE5WMk5uVG1adFJVZEdXa05RZW5keU9GRRAB,1,0
Ci9DQUlRQUNvZENodHljRjlvT2xCSVpYZFRlSFpvVkRFM1ZWYzVZMUU0YTNCTGRXYxAB_01,Ci9DQUlRQUNvZENodHljRjlvT2xCSVpYZFRlSFpvVkRFM1ZWYzVZMUU0YTNCTGRXYxAB,0,-1
Ci9DQUlRQUNvZENodHljRjlvT2xVMVREUmZZa2hJZDIxbk5HVkNOVTVuTlVKUFEzYxAB_01,Ci9DQUlRQUNvZENodHljRjlvT2xVMVREUmZZa2hJZDIxbk5HVkNOVTVuTlVKUFEzYxAB,6,-1
Ci9DQUlRQUNvZENodHljRjlvT2pkeldYa3haR2xGUVhKNFJIaHFORlJqYWpJelpYYxAB_01,Ci9DQUlRQUNvZENodHljRjlvT2pkeldYa3haR2xGUVhKNFJIaHFORlJqYWpJelpYYxAB,-1,-1
Ci9DQUlRQUNvZENodHljRjlvT21GM1JqVmtOR3hUWTB0aWQzTXdhRzFvU0daU1FuYxAB_01,Ci9DQUlRQUNvZENodHljRjlvT21GM1JqVmtOR3hUWTB0aWQzTXdhRzFvU0daU1FuYxAB,0,1
Ci9DQUlRQUNvZENodHljRjlvT21GM1JqVmtOR3hUWTB0aWQzTXdhRzFvU0daU1FuYxAB_02,Ci9DQUlRQUNvZENodHljRjlvT21GM1JqVmtOR3hUWTB0aWQzTXdhRzFvU0daU1FuYxAB,32,32
Ci9DQUlRQUNvZENodHljRjlvT2tkNE56WkplRTVyWmxOWFNFWnJZbFYzYlU1aVdIYxAB_01,Ci9DQUlRQUNvZENodHljRjlvT2tkNE56WkplRTVyWmxOWFNFWnJZbFYzYlU1aVdIYxAB,-1,-1
Ci9DQUlRQUNvZENodHljRjlvT205c2RVNWhXbkUyTUdsUGNsZFlOVUZyUTJwclluYxAB_01,Ci9DQUlRQUNvZENodHljRjlvT205c2RVNWhXbkUyTUdsUGNsZFlOVUZyUTJwclluYxAB,5,4
Ci9DQUlRQUNvZENodHljRjlvT205c2RVNWhXbkUyTUdsUGNsZFlOVUZyUTJwclluYxAB_02,Ci9DQUlRQUNvZENodHljRjlvT205c2RVNWhXbkUyTUdsUGNsZFlOVUZyUTJwclluYxAB,23,31
Ci9DQUlRQUNvZENodHljRjlvT205c2RVNWhXbkUyTUdsUGNsZFlOVUZyUTJwclluYxAB_03,Ci9DQUlRQUNvZENodHljRjlvT205c2RVNWhXbkUyTUdsUGNsZFlOVUZyUTJwclluYxAB,-1,-1
Ci9DQUlRQUNvZENodHljRjlvT205c2RVNWhXbkUyTUdsUGNsZFlOVUZyUTJwclluYxAB_04,Ci9DQUlRQUNvZENodHljRjlvT205c2RVNWhXbkUyTUdsUGNsZFlOVUZyUTJwclluYxAB,-1,-1
Ci9DQUlRQUNvZENodHljRjlvT205c2RVNWhXbkUyTUdsUGNsZFlOVUZyUTJwclluYxAB_05,Ci9DQUlRQUNvZENodHljRjlvT205c2RVNWhXbkUyTUdsUGNsZFlOVUZyUTJwclluYxAB,40,41
Ci9DQUlRQUNvZENodHljRjlvT205c2RVNWhXbkUyTUdsUGNsZFlOVUZyUTJwclluYxAB_06,Ci9DQUlRQUNvZENodHljRjlvT205c2RVNWhXbkUyTUdsUGNsZFlOVUZyUTJwclluYxAB,0,1
Ci9DQUlRQUNvZENodHljRjlvT205c2RVNWhXbkUyTUdsUGNsZFlOVUZyUTJwclluYxAB_07,Ci9DQUlRQUNvZENodHljRjlvT205c2RVNWhXbkUyTUdsUGNsZFlOVUZyUTJwclluYxAB,5,4
Ci9DQUlRQUNvZENodHljRjlvT25GdlQxVjJlamhaTm1WNmMyRnlSR3hpV0hWMGJWRRAB_01,Ci9DQUlRQUNvZENodHljRjlvT25GdlQxVjJlamhaTm1WNmMyRnlSR3hpV0hWMGJWRRAB,23,-1
Ci9DQUlRQUNvZENodHljRjlvT2sxMGJWRXRkbnBXTVRCUlkzRndkRlp0ZUVONVZtYxAB_01,Ci9DQUlRQUNvZENodHljRjlvT2sxMGJWRXRkbnBXTVRCUlkzRndkRlp0ZUVONVZtYxAB,5,4
Ci9DQUlRQUNvZENodHljRjlvT2sxMGJWRXRkbnBXTVRCUlkzRndkRlp0ZUVONVZtYxAB_02,Ci9DQUlRQUNvZENodHljRjlvT2sxMGJWRXRkbnBXTVRCUlkzRndkRlp0ZUVONVZtYxAB,33,39
Ci9DQUlRQUNvZENodHljRjlvT2tOcE5HZEVSVGROYTJScVJHZExaM0JQTW5saWRFRRAB_01,Ci9DQUlRQUNvZENodHljRjlvT2tOcE5HZEVSVGROYTJScVJHZExaM0JQTW5saWRFRRAB,0,1
Ci9DQUlRQUNvZENodHljRjlvT25KbFdWcDVXR3BmVUdkZmFETjFXRzk2YzFSMFdIYxAB_01,Ci9DQUlRQUNvZENodHljRjlvT25KbFdWcDVXR3BmVUdkZmFETjFXRzk2YzFSMFdIYxAB,6,-1
Ci9DQUlRQUNvZENodHljRjlvT25KbFdWcDVXR3BmVUdkZmFETjFXRzk2YzFSMFdIYxAB_02,Ci9DQUlRQUNvZENodHljRjlvT25KbFdWcDVXR3BmVUdkZmFETjFXRzk2YzFSMFdIYxAB,32,32
Ci9DQUlRQUNvZENodHljRjlvT2xKU1gxbFZObkU1VlU4MU0ycDJOMFZFZUZGVk1FRRAB_01,Ci9DQUlRQUNvZENodHljRjlvT2xKU1gxbFZObkU1VlU4MU0ycDJOMFZFZUZGVk1FRRAB,6,-1
Ci9DQUlRQUNvZENodHljRjlvT2xKU1gxbFZObkU1VlU4MU0ycDJOMFZFZUZGVk1FRRAB_02,Ci9DQUlRQUNvZENodHljRjlvT2xKU1gxbFZObkU1VlU4MU0ycDJOMFZFZUZGVk1FRRAB,22,17
Ci9DQUlRQUNvZENodHljRjlvT2xKU1gxbFZObkU1VlU4MU0ycDJOMFZFZUZGVk1FRRAB_03,Ci9DQUlRQUNvZENodHljRjlvT2xKU1gxbFZObkU1VlU4MU0ycDJOMFZFZUZGVk1FRRAB,-1,-1
Ci9DQUlRQUNvZENodHljRjlvT2xKU1gxbFZObkU1VlU4MU0ycDJOMFZFZUZGVk1FRRAB_04,Ci9DQUlRQUNvZENodHljRjlvT2xKU1gxbFZObkU1VlU4MU0ycDJOMFZFZUZGVk1FRRAB,0,1
Ci9DQUlRQUNvZENodHljRjlvT2xKU1gxbFZObkU1VlU4MU0ycDJOMFZFZUZGVk1FRRAB_05,Ci9DQUlRQUNvZENodHljRjlvT2xKU1gxbFZObkU1VlU4MU0ycDJOMFZFZUZGVk1FRRAB,-1,-1
Ci9DQUlRQUNvZENodHljRjlvT2tkNFIwaGxhMWQ2WmkwMFZuRlliRWhqTUVwU1JHYxAB_01,Ci9DQUlRQUNvZENodHljRjlvT2tkNFIwaGxhMWQ2WmkwMFZuRlliRWhqTUVwU1JHYxAB,-1,-1
Ci9DQUlRQUNvZENodHljRjlvT25OaFRuVkphbXRJYlhKMVoyWlJlbE5QU3pJNVlXYxAB_01,Ci9DQUlRQUNvZENodHljRjlvT25OaFRuVkphbXRJYlhKMVoyWlJlbE5QU3pJNVlXYxAB,1,0
ChZDSUhNMG9nS0VJQ0FnSUQxOWZMa1Z3EAE_01,ChZDSUhNMG9nS0VJQ0FnSUQxOWZMa1Z3EAE,15,11
ChZDSUhNMG9nS0VJQ0FnSUQxOWZMa1Z3EAE_02,ChZDSUhNMG9nS0VJQ0FnSUQxOWZMa1Z3EAE,5,4
ChdDSUhNMG9nS0VJQ0FnSURkMC1pTV9BRRAB_01,ChdDSUhNMG9nS0VJQ0FnSURkMC1pTV9BRRAB,6,6
ChdDSUhNMG9nS0VJQ0FnSURkMC1pTV9BRRAB_02,ChdDSUhNMG9nS0VJQ0FnSURkMC1pTV9BRRAB,-1,-1
ChZDSUhNMG9nS0VJQ0FnSUNqNG9EYVh3EAE_01,ChZDSUhNMG9nS0VJQ0FnSUNqNG9EYVh3EAE,22,17
ChZDSUhNMG9nS0VJQ0FnSUNqNG9EYVh3EAE_02,ChZDSUhNMG9nS0VJQ0FnSUNqNG9EYVh3EAE,13,15
ChdDSUhNMG9nS0VJQ0FnSURqb3VxMWxBRRAB_01,ChdDSUhNMG9nS0VJQ0FnSURqb3VxMWxBRRAB,40,41
ChdDSUhNMG9nS0VJQ0FnSUNUaHVHcjNBRRAB_01,ChdDSUhNMG9nS0VJQ0FnSUNUaHVHcjNBRRAB,0,1
ChZDSUhNMG9nS0VJQ0FnSUNINWNUb1NnEAE_01,ChZDSUhNMG9nS0VJQ0FnSUNINWNUb1NnEAE,18,-1
ChZDSUhNMG9nS0VJQ0FnSURLNU0yaFZnEAE_01,ChZDSUhNMG9nS0VJQ0FnSURLNU0yaFZnEAE,14,13
ChZDSUhNMG9nS0VJQ0FnSURLNU0yaFZnEAE_02,ChZDSUhNMG9nS0VJQ0FnSURLNU0yaFZnEAE,-1,-1
ChZDSUhNMG9nS0VJQ0FnSUQzNjdIc1NBEAE_01,ChZDSUhNMG9nS0VJQ0FnSUQzNjdIc1NBEAE,6,6
ChdDSUhNMG9nS0VJQ0FnTURBdy03VTVBRRAB_01,ChdDSUhNMG9nS0VJQ0FnTURBdy03VTVBRRAB,-1,-1
ChdDSUhNMG9nS0VJQ0FnTURBdy03VTVBRRAB_02,ChdDSUhNMG9nS0VJQ0FnTURBdy03VTVBRRAB,21,-1
ChdDSUhNMG9nS0VJQ0FnTURBdy03VTVBRRAB_03,ChdDSUhNMG9nS0VJQ0FnTURBdy03VTVBRRAB,12,21
ChZDSUhNMG9nS0VKRzcyT2lUOGNEeExBEAE_01,ChZDSUhNMG9nS0VKRzcyT2lUOGNEeExBEAE,4,5
ChdDSUhNMG9nS0VLNlpzSUhfbk1lYXV3RRAB_01,ChdDSUhNMG9nS0VLNlpzSUhfbk1lYXV3RRAB,12,21
Ci9DQUlRQUNvZENodHljRjlvT2t4Qk9ERk1lVkJoV0hOb1FVOWtTVFJGTUZkeFYzYxAB_01,Ci9DQUlRQUNvZENodHljRjlvT2t4Qk9ERk1lVkJoV0hOb1FVOWtTVFJGTUZkeFYzYxAB,4,5
Ci9DQUlRQUNvZENodHljRjlvT2t4Qk9ERk1lVkJoV0hOb1FVOWtTVFJGTUZkeFYzYxAB_02,Ci9DQUlRQUNvZENodHljRjlvT2t4Qk9ERk1lVkJoV0hOb1FVOWtTVFJGTUZkeFYzYxAB,0,1
Ci9DQUlRQUNvZENodHljRjlvT2twc2JtVm9TR1o1ZFdkNVJrTm1jVEYyTkc0MGFVRRAB_01,Ci9DQUlRQUNvZENodHljRjlvT2twc2JtVm9TR1o1ZFdkNVJrTm1jVEYyTkc0MGFVRRAB,0,1
Ci9DQUlRQUNvZENodHljRjlvT2twc2JtVm9TR1o1ZFdkNVJrTm1jVEYyTkc0MGFVRRAB_02,Ci9DQUlRQUNvZENodHljRjlvT2twc2JtVm9TR1o1ZFdkNVJrTm1jVEYyTkc0MGFVRRAB,25,-1
Ci9DQUlRQUNvZENodHljRjlvT2twc2JtVm9TR1o1ZFdkNVJrTm1jVEYyTkc0MGFVRRAB_03,Ci9DQUlRQUNvZENodHljRjlvT2twc2JtVm9TR1o1ZFdkNVJrTm1jVEYyTkc0MGFVRRAB,0,1
Ci9DQUlRQUNvZENodHljRjlvT2twc2JtVm9TR1o1ZFdkNVJrTm1jVEYyTkc0MGFVRRAB_04,Ci9DQUlRQUNvZENodHljRjlvT2twc2JtVm9TR1o1ZFdkNVJrTm1jVEYyTkc0MGFVRRAB,0,1
Ci9DQUlRQUNvZENodHljRjlvT2twc2JtVm9TR1o1ZFdkNVJrTm1jVEYyTkc0MGFVRRAB_05,Ci9DQUlRQUNvZENodHljRjlvT2twc2JtVm9TR1o1ZFdkNVJrTm1jVEYyTkc0MGFVRRAB,0,1
Ci9DQUlRQUNvZENodHljRjlvT2twc2JtVm9TR1o1ZFdkNVJrTm1jVEYyTkc0MGFVRRAB_06,Ci9DQUlRQUNvZENodHljRjlvT2twc2JtVm9TR1o1ZFdkNVJrTm1jVEYyTkc0MGFVRRAB,-1,-1
Ci9DQUlRQUNvZENodHljRjlvT2pGYWVYcE1OMGN3UWxGSU5Ya3djMUZrTW1GNlkzYxAB_01,Ci9DQUlRQUNvZENodHljRjlvT2pGYWVYcE1OMGN3UWxGSU5Ya3djMUZrTW1GNlkzYxAB,0,1
Ci9DQUlRQUNvZENodHljRjlvT2pGYWVYcE1OMGN3UWxGSU5Ya3djMUZrTW1GNlkzYxAB_02,Ci9DQUlRQUNvZENodHljRjlvT2pGYWVYcE1OMGN3UWxGSU5Ya3djMUZrTW1GNlkzYxAB,0,1
Ci9DQUlRQUNvZENodHljRjlvT2pGYWVYcE1OMGN3UWxGSU5Ya3djMUZrTW1GNlkzYxAB_03,Ci9DQUlRQUNvZENodHljRjlvT2pGYWVYcE1OMGN3UWxGSU5Ya3djMUZrTW1GNlkzYxAB,0,1
Ci9DQUlRQUNvZENodHljRjlvT2pGYWVYcE1OMGN3UWxGSU5Ya3djMUZrTW1GNlkzYxAB_04,Ci9DQUlRQUNvZENodHljRjlvT2pGYWVYcE1OMGN3UWxGSU5Ya3djMUZrTW1GNlkzYxAB,-1,-1
Ci9DQUlRQUNvZENodHljRjlvT2twVVNraHJlbmRmWlhwb1lVVkdaVEZVYkd4a2RrRRAB_01,Ci9DQUlRQUNvZENodHljRjlvT2twVVNraHJlbmRmWlhwb1lVVkdaVEZVYkd4a2RrRRAB,0,1
Ci9DQUlRQUNvZENodHljRjlvT2twVVNraHJlbmRmWlhwb1lVVkdaVEZVYkd4a2RrRRAB_02,Ci9DQUlRQUNvZENodHljRjlvT2twVVNraHJlbmRmWlhwb1lVVkdaVEZVYkd4a2RrRRAB,0,1
Ci9DQUlRQUNvZENodHljRjlvT2twVVNraHJlbmRmWlhwb1lVVkdaVEZVYkd4a2RrRRAB_03,Ci9DQUlRQUNvZENodHljRjlvT2twVVNraHJlbmRmWlhwb1lVVkdaVEZVYkd4a2RrRRAB,-1,-1
Ci9DQUlRQUNvZENodHljRjlvT21zMU0xZHVNV2xUV0hwTlUxZEhhbHBrUkRWb1ZYYxAB_01,Ci9DQUlRQUNvZENodHljRjlvT21zMU0xZHVNV2xUV0hwTlUxZEhhbHBrUkRWb1ZYYxAB,7,7
Ci9DQUlRQUNvZENodHljRjlvT2t0VGJXeGZUVkZSUm5CaFZ6aGpURE5UTTFWUldIYxAB_01,Ci9DQUlRQUNvZENodHljRjlvT2t0VGJXeGZUVkZSUm5CaFZ6aGpURE5UTTFWUldIYxAB,7,7
Ci9DQUlRQUNvZENodHljRjlvT2pNNWRVd3dkVzVSU0RkVWQyUlhSM0J0Y0daYUxYYxAB_01,Ci9DQUlRQUNvZENodHljRjlvT2pNNWRVd3dkVzVSU0RkVWQyUlhSM0J0Y0daYUxYYxAB,4,5
Ci9DQUlRQUNvZENodHljRjlvT2pNNWRVd3dkVzVSU0RkVWQyUlhSM0J0Y0daYUxYYxAB_02,Ci9DQUlRQUNvZENodHljRjlvT2pNNWRVd3dkVzVSU0RkVWQyUlhSM0J0Y0daYUxYYxAB,-1,-1
Ci9DQUlRQUNvZENodHljRjlvT2xoMGNsUlVVWGhRVGpoVVVrNUNRMTlQU1doclUyYxAB_01,Ci9DQUlRQUNvZENodHljRjlvT2xoMGNsUlVVWGhRVGpoVVVrNUNRMTlQU1doclUyYxAB,-1,-1
Ci9DQUlRQUNvZENodHljRjlvT2xoMGNsUlVVWGhRVGpoVVVrNUNRMTlQU1doclUyYxAB_02,Ci9DQUlRQUNvZENodHljRjlvT2xoMGNsUlVVWGhRVGpoVVVrNUNRMTlQU1doclUyYxAB,5,4
Ci9DQUlRQUNvZENodHljRjlvT2tacFpFc3laakp0UzBaaFJHMXRjaTFUV0V3emVrRRAB_01,Ci9DQUlRQUNvZENodHljRjlvT2tacFpFc3laakp0UzBaaFJHMXRjaTFUV0V3emVrRRAB,18,20
ChZDSUhNMG9nS0VJQ0FnSURUOHBmN0xnEAE_01,ChZDSUhNMG9nS0VJQ0FnSURUOHBmN0xnEAE,-1,-1
ChZDSUhNMG9nS0VJQ0FnTUNZdXVHMElBEAE_01,ChZDSUhNMG9nS0VJQ0FnTUNZdXVHMElBEAE,14,13
Ci9DQUlRQUNvZENodHljRjlvT200emVUZFpkVmM0UVV3MWIxcFhRWFZPU0ZwdWFWRRAB_01,Ci9DQUlRQUNvZENodHljRjlvT200emVUZFpkVmM0UVV3MWIxcFhRWFZPU0ZwdWFWRRAB,8,8
Ci9DQUlRQUNvZENodHljRjlvT21GTmN6QnNiM0EyVGtobmQyTmxjRTB4ZFhSd2JXYxAB_01,Ci9DQUlRQUNvZENodHljRjlvT21GTmN6QnNiM0EyVGtobmQyTmxjRTB4ZFhSd2JXYxAB,4,5
Ci9DQUlRQUNvZENodHljRjlvT2xwWVlrUnFValYyUmxVek9FdEVlVmxOVHpOTWFIYxAB_01,Ci9DQUlRQUNvZENodHljRjlvT2xwWVlrUnFValYyUmxVek9FdEVlVmxOVHpOTWFIYxAB,5,4
Ci9DQUlRQUNvZENodHljRjlvT2pKWlRta3RXRTVNUzJRMk1VMUlSalJyY0V4UmIzYxAB_01,Ci9DQUlRQUNvZENodHljRjlvT2pKWlRta3RXRTVNUzJRMk1VMUlSalJyY0V4UmIzYxAB,-1,-1
Ci9DQUlRQUNvZENodHljRjlvT2pKWlRta3RXRTVNUzJRMk1VMUlSalJyY0V4UmIzYxAB_02,Ci9DQUlRQUNvZENodHljRjlvT2pKWlRta3RXRTVNUzJRMk1VMUlSalJyY0V4UmIzYxAB,20,18
ChZDSUhNMG9nS0VJQ0FnSUR0bktEMlN3EAE_01,ChZDSUhNMG9nS0VJQ0FnSUR0bktEMlN3EAE,22,17
ChdDSUhNMG9nS0VJQ0FnSURkd28zUWlBRRAB_01,ChdDSUhNMG9nS0VJQ0FnSURkd28zUWlBRRAB,3,3
ChZDSUhNMG9nS0VJQ0FnSURkbGFLS2NBEAE_01,ChZDSUhNMG9nS0VJQ0FnSURkbGFLS2NBEAE,4,5
ChZDSUhNMG9nS0VJQ0FnSURkbGFLS2NBEAE_02,ChZDSUhNMG9nS0VJQ0FnSURkbGFLS2NBEAE,3,3
ChZDSUhNMG9nS0VJQ0FnSURkbGFLS2NBEAE_03,ChZDSUhNMG9nS0VJQ0FnSURkbGFLS2NBEAE,36,37
ChZDSUhNMG9nS0VJQ0FnSUM5aE03Nkp3EAE_01,ChZDSUhNMG9nS0VJQ0FnSUM5aE03Nkp3EAE,1,-1
ChZDSUhNMG9nS0VJQ0FnSUQ5anRiY1FREAE_01,ChZDSUhNMG9nS0VJQ0FnSUQ5anRiY1FREAE,14,13
ChZDSUhNMG9nS0VJQ0FnSUQ5anRiY1FREAE_02,ChZDSUhNMG9nS0VJQ0FnSUQ5anRiY1FREAE,25,25
ChZDSUhNMG9nS0VJQ0FnSUQ5anRiY1FREAE_03,ChZDSUhNMG9nS0VJQ0FnSUQ5anRiY1FREAE,-1,-1
ChdDSUhNMG9nS0VJQ0FnSUQ5anJQdXlRRRAB_01,ChdDSUhNMG9nS0VJQ0FnSUQ5anJQdXlRRRAB,9,9
ChZDSUhNMG9nS0VJQ0FnSUNEbWVYeFVnEAE_01,ChZDSUhNMG9nS0VJQ0FnSUNEbWVYeFVnEAE,3,3
ChZDSUhNMG9nS0VJQ0FnSUNEbWVYeFVnEAE_02,ChZDSUhNMG9nS0VJQ0FnSUNEbWVYeFVnEAE,2,2
ChZDSUhNMG9nS0VJQ0FnSUNEbWVYeFVnEAE_03,ChZDSUhNMG9nS0VJQ0FnSUNEbWVYeFVnEAE,22,-1
ChdDSUhNMG9nS0VJQ0FnSUREbEkyT3FnRRAB_01,ChdDSUhNMG9nS0VJQ0FnSUREbEkyT3FnRRAB,3,-1
ChZDSUhNMG9nS0VJQ0FnSUREd2NLTEVREAE_01,ChZDSUhNMG9nS0VJQ0FnSUREd2NLTEVREAE,24,-1
ChdDSUhNMG9nS0VJQ0FnSUREdFozYjJnRRAB_01,ChdDSUhNMG9nS0VJQ0FnSUREdFozYjJnRRAB,3,-1
ChdDSUhNMG9nS0VJQ0FnSUREdFozYjJnRRAB_02,ChdDSUhNMG9nS0VJQ0FnSUREdFozYjJnRRAB,-1,-1
ChZDSUhNMG9nS0VJQ0FnSUM3eVpHaFZ3EAE_01,ChZDSUhNMG9nS0VJQ0FnSUM3eVpHaFZ3EAE,24,33
ChdDSUhNMG9nS0VJQ0FnSUNucE92Z2t3RRAB_01,ChdDSUhNMG9nS0VJQ0FnSUNucE92Z2t3RRAB,22,17
ChZDSUhNMG9nS0VJQ0FnSUR2dm95dkxREAE_01,ChZDSUhNMG9nS0VJQ0FnSUR2dm95dkxREAE,3,-1
ChZDSUhNMG9nS0VJQ0FnSUR2dm95dkxREAE_02,ChZDSUhNMG9nS0VJQ0FnSUR2dm95dkxREAE,22,17
ChdDSUhNMG9nS0VJQ0FnTUR3OVBDN3lRRRAB_01,ChdDSUhNMG9nS0VJQ0FnTUR3OVBDN3lRRRAB,35,-1
ChZDSUhNMG9nS0VJQ0FnTUNZMHB2LVhBEAE_01,ChZDSUhNMG9nS0VJQ0FnTUNZMHB2LVhBEAE,3,3
Ci9DQUlRQUNvZENodHljRjlvT25OQ1gzbFFkamxCWW5wV2FXMWpNRVZxUm5JeFJtYxAB_01,Ci9DQUlRQUNvZENodHljRjlvT25OQ1gzbFFkamxCWW5wV2FXMWpNRVZxUm5JeFJtYxAB,6,6
Ci9DQUlRQUNvZENodHljRjlvT2pCRFdISmpSR0ZzYUV0TVduQktlRkpJYzFscGQxRRAB_01,Ci9DQUlRQUNvZENodHljRjlvT2pCRFdISmpSR0ZzYUV0TVduQktlRkpJYzFscGQxRRAB,-1,-1
Ci9DQUlRQUNvZENodHljRjlvT2pCRFdISmpSR0ZzYUV0TVduQktlRkpJYzFscGQxRRAB_02,Ci9DQUlRQUNvZENodHljRjlvT2pCRFdISmpSR0ZzYUV0TVduQktlRkpJYzFscGQxRRAB,-1,-1
Ci9DQUlRQUNvZENodHljRjlvT2pCRFdISmpSR0ZzYUV0TVduQktlRkpJYzFscGQxRRAB_03,Ci9DQUlRQUNvZENodHljRjlvT2pCRFdISmpSR0ZzYUV0TVduQktlRkpJYzFscGQxRRAB,-1,-1
Ci9DQUlRQUNvZENodHljRjlvT2s1d2NtMVJWM1prTmpCVlgydDFOVkZtVG1WSVJFRRAB_01,Ci9DQUlRQUNvZENodHljRjlvT2s1d2NtMVJWM1prTmpCVlgydDFOVkZtVG1WSVJFRRAB,7,7
Ci9DQUlRQUNvZENodHljRjlvT2s1d2NtMVJWM1prTmpCVlgydDFOVkZtVG1WSVJFRRAB_02,Ci9DQUlRQUNvZENodHljRjlvT2s1d2NtMVJWM1prTmpCVlgydDFOVkZtVG1WSVJFRRAB,5,-1
Ci9DQUlRQUNvZENodHljRjlvT2t4VE5sWnFWWFF4ZGpWRE1WazRZWEp3YzBGMU9HYxAB_01,Ci9DQUlRQUNvZENodHljRjlvT2t4VE5sWnFWWFF4ZGpWRE1WazRZWEp3YzBGMU9HYxAB,33,-1
Ci9DQUlRQUNvZENodHljRjlvT2t4VE5sWnFWWFF4ZGpWRE1WazRZWEp3YzBGMU9HYxAB_02,Ci9DQUlRQUNvZENodHljRjlvT2t4VE5sWnFWWFF4ZGpWRE1WazRZWEp3YzBGMU9HYxAB,22,17
Ci9DQUlRQUNvZENodHljRjlvT25KYVUzWlRZM2x6U1hFNWJ6WjJXa0l5YUdaNGEyYxAB_01,Ci9DQUlRQUNvZENodHljRjlvT25KYVUzWlRZM2x6U1hFNWJ6WjJXa0l5YUdaNGEyYxAB,3,3
ChdDSUhNMG9nS0VJQ0FnSUNqNjRHQXBnRRAB_01,ChdDSUhNMG9nS0VJQ0FnSUNqNjRHQXBnRRAB,0,-1
ChdDSUhNMG9nS0VJQ0FnSUNuNE9iQWxRRRAB_01,ChdDSUhNMG9nS0VJQ0FnSUNuNE9iQWxRRRAB,7,7
ChdDSUhNMG9nS0VJQ0FnSUNQek43cnFRRRAB_01,ChdDSUhNMG9nS0VJQ0FnSUNQek43cnFRRRAB,-1,-1
ChdDSUhNMG9nS0VJQ0FnSUNQek43cnFRRRAB_02,ChdDSUhNMG9nS0VJQ0FnSUNQek43cnFRRRAB,-1,-1
ChdDSUhNMG9nS0VJQ0FnSUNQek43cnFRRRAB_03,ChdDSUhNMG9nS0VJQ0FnSUNQek43cnFRRRAB,5,4
ChdDSUhNMG9nS0VJQ0FnSURQX3FXNjRRRRAB_01,ChdDSUhNMG9nS0VJQ0FnSURQX3FXNjRRRRAB,3,3
ChdDSUhNMG9nS0VJQ0FnSURQX3FXNjRRRRAB_02,ChdDSUhNMG9nS0VJQ0FnSURQX3FXNjRRRRAB,5,-1
Ci9DQUlRQUNvZENodHljRjlvT25aV1ZYaFlYME42VVcxME5IcE9RMVpsVlVsdFRYYxAB_01,Ci9DQUlRQUNvZENodHljRjlvT25aV1ZYaFlYME42VVcxME5IcE9RMVpsVlVsdFRYYxAB,22,17
Ci9DQUlRQUNvZENodHljRjlvT25aV1ZYaFlYME42VVcxME5IcE9RMVpsVlVsdFRYYxAB_02,Ci9DQUlRQUNvZENodHljRjlvT25aV1ZYaFlYME42VVcxME5IcE9RMVpsVlVsdFRYYxAB,35,-1
Ci9DQUlRQUNvZENodHljRjlvT25aV1ZYaFlYME42VVcxME5IcE9RMVpsVlVsdFRYYxAB_03,Ci9DQUlRQUNvZENodHljRjlvT25aV1ZYaFlYME42VVcxME5IcE9RMVpsVlVsdFRYYxAB,-1,-1
Ci9DQUlRQUNvZENodHljRjlvT204M1ltVk9aalpPVnpoZlZEWndZbWhHWTA1QlMyYxAB_01,Ci9DQUlRQUNvZENodHljRjlvT204M1ltVk9aalpPVnpoZlZEWndZbWhHWTA1QlMyYxAB,14,13
Ci9DQUlRQUNvZENodHljRjlvT204M1ltVk9aalpPVnpoZlZEWndZbWhHWTA1QlMyYxAB_02,Ci9DQUlRQUNvZENodHljRjlvT204M1ltVk9aalpPVnpoZlZEWndZbWhHWTA1QlMyYxAB,-1,-1
Ci9DQUlRQUNvZENodHljRjlvT2xWamFXNWZPVWRqWmpVMk1qbEdaa3hXT0V3MU5HYxAB_01,Ci9DQUlRQUNvZENodHljRjlvT2xWamFXNWZPVWRqWmpVMk1qbEdaa3hXT0V3MU5HYxAB,2,2
Ci9DQUlRQUNvZENodHljRjlvT2xWamFXNWZPVWRqWmpVMk1qbEdaa3hXT0V3MU5HYxAB_02,Ci9DQUlRQUNvZENodHljRjlvT2xWamFXNWZPVWRqWmpVMk1qbEdaa3hXT0V3MU5HYxAB,15,11
Ci9DQUlRQUNvZENodHljRjlvT21WSVNHZEhZV0ZMTVZoclpURnNNa0UzU1ZCUU0wRRAB_01,Ci9DQUlRQUNvZENodHljRjlvT21WSVNHZEhZV0ZMTVZoclpURnNNa0UzU1ZCUU0wRRAB,4,5
Ci9DQUlRQUNvZENodHljRjlvT21WSVNHZEhZV0ZMTVZoclpURnNNa0UzU1ZCUU0wRRAB_02,Ci9DQUlRQUNvZENodHljRjlvT21WSVNHZEhZV0ZMTVZoclpURnNNa0UzU1ZCUU0wRRAB,18,20
Ci9DQUlRQUNvZENodHljRjlvT2xkRmNYSmFiVkpUVlVWTk9VbzNiRVpWVmxGNGFFRRAB_01,Ci9DQUlRQUNvZENodHljRjlvT2xkRmNYSmFiVkpUVlVWTk9VbzNiRVpWVmxGNGFFRRAB,1,0
ChZDSUhNMG9nS0VJQ0FnSUMxLS0zaEdBEAE_01,ChZDSUhNMG9nS0VJQ0FnSUMxLS0zaEdBEAE,0,1
ChZDSUhNMG9nS0VJQ0FnSUMxLS0zaEdBEAE_02,ChZDSUhNMG9nS0VJQ0FnSUMxLS0zaEdBEAE,0,1
ChZDSUhNMG9nS0VJQ0FnSUMxLS0zaEdBEAE_03,ChZDSUhNMG9nS0VJQ0FnSUMxLS0zaEdBEAE,22,17
ChZDSUhNMG9nS0VJQ0FnSURkOWN1elpBEAE_01,ChZDSUhNMG9nS0VJQ0FnSURkOWN1elpBEAE,18,20
ChZDSUhNMG9nS0VJQ0FnSURkOWN1elpBEAE_02,ChZDSUhNMG9nS0VJQ0FnSURkOWN1elpBEAE,0,1
ChdDSUhNMG9nS0VJQ0FnSUQ5anEzQXJ3RRAB_01,ChdDSUhNMG9nS0VJQ0FnSUQ5anEzQXJ3RRAB,3,3
ChdDSUhNMG9nS0VJQ0FnSUQ5anEzQXJ3RRAB_02,ChdDSUhNMG9nS0VJQ0FnSUQ5anEzQXJ3RRAB,10,10
ChdDSUhNMG9nS0VJQ0FnSUQ5anEzQXJ3RRAB_03,ChdDSUhNMG9nS0VJQ0FnSUQ5anEzQXJ3RRAB,-1,-1
ChdDSUhNMG9nS0VJQ0FnSUQ5anEzQXJ3RRAB_04,ChdDSUhNMG9nS0VJQ0FnSUQ5anEzQXJ3RRAB,-1,-1
ChZDSUhNMG9nS0VJQ0FnSUQ5MTZleURREAE_01,ChZDSUhNMG9nS0VJQ0FnSUQ5MTZleURREAE,-1,-1
ChZDSUhNMG9nS0VJQ0FnSUNqOG9qMmV3EAE_01,ChZDSUhNMG9nS0VJQ0FnSUNqOG9qMmV3EAE,-1,-1
ChZDSUhNMG9nS0VJQ0FnSURqdEl1MkNBEAE_01,ChZDSUhNMG9nS0VJQ0FnSURqdEl1MkNBEAE,22,17
ChdDSUhNMG9nS0VJQ0FnSUNiZ0llXzl3RRAB_01,ChdDSUhNMG9nS0VJQ0FnSUNiZ0llXzl3RRAB,-1,-1
ChdDSUhNMG9nS0VJQ0FnSUNiZ0llXzl3RRAB_02,ChdDSUhNMG9nS0VJQ0FnSUNiZ0llXzl3RRAB,16,14
ChdDSUhNMG9nS0VJQ0FnSUNiZ0llXzl3RRAB_03,ChdDSUhNMG9nS0VJQ0FnSUNiZ0llXzl3RRAB,-1,-1
ChdDSUhNMG9nS0VJQ0FnSUNiZ0llXzl3RRAB_04,ChdDSUhNMG9nS0VJQ0FnSUNiZ0llXzl3RRAB,0,1
ChdDSUhNMG9nS0VJQ0FnSUNiZ0llXzl3RRAB_05,ChdDSUhNMG9nS0VJQ0FnSUNiZ0llXzl3RRAB,23,31
ChdDSUhNMG9nS0VJQ0FnSUM3eWQzWmt3RRAB_01,ChdDSUhNMG9nS0VJQ0FnSUM3eWQzWmt3RRAB,24,33
ChZDSUhNMG9nS0VJQ0FnSUNIek1XY05REAE_01,ChZDSUhNMG9nS0VJQ0FnSUNIek1XY05REAE,4,5
ChdDSUhNMG9nS0VJQ0FnSUNYal9PcjdnRRAB_01,ChdDSUhNMG9nS0VJQ0FnSUNYal9PcjdnRRAB,22,17
ChdDSUhNMG9nS0VJQ0FnSUNYal9PcjdnRRAB_02,ChdDSUhNMG9nS0VJQ0FnSUNYal9PcjdnRRAB,30,29
ChdDSUhNMG9nS0VJQ0FnSUNYal9PcjdnRRAB_03,ChdDSUhNMG9nS0VJQ0FnSUNYal9PcjdnRRAB,-1,-1
ChdDSUhNMG9nS0VJQ0FnSUNYal9PcjdnRRAB_04,ChdDSUhNMG9nS0VJQ0FnSUNYal9PcjdnRRAB,14,13
ChdDSUhNMG9nS0VJQ0FnSUNQcHJybW5BRRAB_01,ChdDSUhNMG9nS0VJQ0FnSUNQcHJybW5BRRAB,31,27
ChZDSUhNMG9nS0VJQ0FnSURmZ3RTRFJREAE_01,ChZDSUhNMG9nS0VJQ0FnSURmZ3RTRFJREAE,17,-1
ChZDSUhNMG9nS0VJQ0FnSURmZ3RTRFJREAE_02,ChZDSUhNMG9nS0VJQ0FnSURmZ3RTRFJREAE,-1,-1
ChdDSUhNMG9nS0VJQ0FnSUNfemFTNS1RRRAB_01,ChdDSUhNMG9nS0VJQ0FnSUNfemFTNS1RRRAB,22,17
ChdDSUhNMG9nS0VJQ0FnSUNfemFTNS1RRRAB_02,ChdDSUhNMG9nS0VJQ0FnSUNfemFTNS1RRRAB,2,2
ChZDSUhNMG9nS0VJQ0FnTUNBcnNxUkRBEAE_01,ChZDSUhNMG9nS0VJQ0FnTUNBcnNxUkRBEAE,1,0
ChZDSUhNMG9nS0VJQ0FnTUNBcnNxUkRBEAE_02,ChZDSUhNMG9nS0VJQ0FnTUNBcnNxUkRBEAE,22,17
ChdDSUhNMG9nS0VJQ0FnTUNJeXVUNHV3RRAB_01,ChdDSUhNMG9nS0VJQ0FnTUNJeXVUNHV3RRAB,22,17
ChdDSUhNMG9nS0VJQ0FnTUNJeXVUNHV3RRAB_02,ChdDSUhNMG9nS0VJQ0FnTUNJeXVUNHV3RRAB,-1,-1
ChdDSUhNMG9nS0VJQ0FnTUNJeXVUNHV3RRAB_03,ChdDSUhNMG9nS0VJQ0FnTUNJeXVUNHV3RRAB,10,10
ChdDSUhNMG9nS0VJQ0FnTUNJeXVUNHV3RRAB_04,ChdDSUhNMG9nS0VJQ0FnTUNJeXVUNHV3RRAB,-1,-1
ChZDSUhNMG9nS0VJQ0FnSURCdHUzVWNnEAE_01,ChZDSUhNMG9nS0VJQ0FnSURCdHUzVWNnEAE,22,17
ChZDSUhNMG9nS0VJQ0FnSURCdHUzVWNnEAE_02,ChZDSUhNMG9nS0VJQ0FnSURCdHUzVWNnEAE,10,10
ChdDSUhNMG9nS0VJQ0FnTUNvNTZidmpRRRAB_01,ChdDSUhNMG9nS0VJQ0FnTUNvNTZidmpRRRAB,22,17
ChdDSUhNMG9nS0VJQ0FnTUNvNTZidmpRRRAB_02,ChdDSUhNMG9nS0VJQ0FnTUNvNTZidmpRRRAB,-1,-1
ChdDSUhNMG9nS0VJQ0FnTUNvNTZidmpRRRAB_03,ChdDSUhNMG9nS0VJQ0FnTUNvNTZidmpRRRAB,4,5
ChdDSUhNMG9nS0VJQ0FnTURvMnIzcW5nRRAB_01,ChdDSUhNMG9nS0VJQ0FnTURvMnIzcW5nRRAB,22,17
ChZDSUhNMG9nS0VJQ0FnTUNZOVBmMFJBEAE_01,ChZDSUhNMG9nS0VJQ0FnTUNZOVBmMFJBEAE,2,2
ChZDSUhNMG9nS0VJQ0FnTUNZOVBmMFJBEAE_02,ChZDSUhNMG9nS0VJQ0FnTUNZOVBmMFJBEAE,22,17
ChZDSUhNMG9nS0VJQ0FnTUNZOVBmMFJBEAE_03,ChZDSUhNMG9nS0VJQ0FnTUNZOVBmMFJBEAE,3,3
Ci9DQUlRQUNvZENodHljRjlvT2tkVk1USlVaRWRDWkRWSVltcHlVVzVOWjBKMVlrRRAB_01,Ci9DQUlRQUNvZENodHljRjlvT2tkVk1USlVaRWRDWkRWSVltcHlVVzVOWjBKMVlrRRAB,7,7
Ci9DQUlRQUNvZENodHljRjlvT2tKRE16ZGtkSGxKYjJKYWNWRk1WbDlZVTBkVGEwRRAB_01,Ci9DQUlRQUNvZENodHljRjlvT2tKRE16ZGtkSGxKYjJKYWNWRk1WbDlZVTBkVGEwRRAB,1,0
Ci9DQUlRQUNvZENodHljRjlvT21aNFNsVnlVRGxXT0VOU1gwMUlOME5pUVU1R2JVRRAB_01,Ci9DQUlRQUNvZENodHljRjlvT21aNFNsVnlVRGxXT0VOU1gwMUlOME5pUVU1R2JVRRAB,1,0
Ci9DQUlRQUNvZENodHljRjlvT21aNFNsVnlVRGxXT0VOU1gwMUlOME5pUVU1R2JVRRAB_02,Ci9DQUlRQUNvZENodHljRjlvT21aNFNsVnlVRGxXT0VOU1gwMUlOME5pUVU1R2JVRRAB,22,17
ChZDSUhNMG9nS0VJQ0FnSUNqcHEtNlVREAE_01,ChZDSUhNMG9nS0VJQ0FnSUNqcHEtNlVREAE,22,17
ChZDSUhNMG9nS0VJQ0FnSUNqcHEtNlVREAE_02,ChZDSUhNMG9nS0VJQ0FnSUNqcHEtNlVREAE,-1,-1
ChZDSUhNMG9nS0VJQ0FnSUNqcHEtNlVREAE_03,ChZDSUhNMG9nS0VJQ0FnSUNqcHEtNlVREAE,32,-1
ChZDSUhNMG9nS0VJQ0FnSUNqcHEtNlVREAE_04,ChZDSUhNMG9nS0VJQ0FnSUNqcHEtNlVREAE,10,10
ChZDSUhNMG9nS0VJQ0FnSUNqcHEtNlVREAE_05,ChZDSUhNMG9nS0VJQ0FnSUNqcHEtNlVREAE,0,1
Ci9DQUlRQUNvZENodHljRjlvT2pnNWNVWkhSREZGUkc1MldrOVJVRE13WWxONlQwRRAB_01,Ci9DQUlRQUNvZENodHljRjlvT2pnNWNVWkhSREZGUkc1MldrOVJVRE13WWxONlQwRRAB,-1,-1
Ci9DQUlRQUNvZENodHljRjlvT2pnNWNVWkhSREZGUkc1MldrOVJVRE13WWxONlQwRRAB_02,Ci9DQUlRQUNvZENodHljRjlvT2pnNWNVWkhSREZGUkc1MldrOVJVRE13WWxONlQwRRAB,6,-1
Ci9DQUlRQUNvZENodHljRjlvT2pnNWNVWkhSREZGUkc1MldrOVJVRE13WWxONlQwRRAB_03,Ci9DQUlRQUNvZENodHljRjlvT2pnNWNVWkhSREZGUkc1MldrOVJVRE13WWxONlQwRRAB,25,-1
Ci9DQUlRQUNvZENodHljRjlvT2sxeFREWjZkVEkyZVU5MVVuVkxSVEYyVDBoamJHYxAB_01,Ci9DQUlRQUNvZENodHljRjlvT2sxeFREWjZkVEkyZVU5MVVuVkxSVEYyVDBoamJHYxAB,22,17
Ci9DQUlRQUNvZENodHljRjlvT2sxeFREWjZkVEkyZVU5MVVuVkxSVEYyVDBoamJHYxAB_02,Ci9DQUlRQUNvZENodHljRjlvT2sxeFREWjZkVEkyZVU5MVVuVkxSVEYyVDBoamJHYxAB,0,1
Ci9DQUlRQUNvZENodHljRjlvT2sxeFREWjZkVEkyZVU5MVVuVkxSVEYyVDBoamJHYxAB_03,Ci9DQUlRQUNvZENodHljRjlvT2sxeFREWjZkVEkyZVU5MVVuVkxSVEYyVDBoamJHYxAB,-1,-1
Ci9DQUlRQUNvZENodHljRjlvT2sxeFREWjZkVEkyZVU5MVVuVkxSVEYyVDBoamJHYxAB_04,Ci9DQUlRQUNvZENodHljRjlvT2sxeFREWjZkVEkyZVU5MVVuVkxSVEYyVDBoamJHYxAB,-1,-1
Ci9DQUlRQUNvZENodHljRjlvT2sxeFREWjZkVEkyZVU5MVVuVkxSVEYyVDBoamJHYxAB_05,Ci9DQUlRQUNvZENodHljRjlvT2sxeFREWjZkVEkyZVU5MVVuVkxSVEYyVDBoamJHYxAB,1,0
Ci9DQUlRQUNvZENodHljRjlvT2kxSVNqVjRNRFZYUmpOQ1RscHdlV296VUVKWGMzYxAB_01,Ci9DQUlRQUNvZENodHljRjlvT2kxSVNqVjRNRFZYUmpOQ1RscHdlV296VUVKWGMzYxAB,22,17
Ci9DQUlRQUNvZENodHljRjlvT2kxSVNqVjRNRFZYUmpOQ1RscHdlV296VUVKWGMzYxAB_02,Ci9DQUlRQUNvZENodHljRjlvT2kxSVNqVjRNRFZYUmpOQ1RscHdlV296VUVKWGMzYxAB,13,15
Ci9DQUlRQUNvZENodHljRjlvT2kxSVNqVjRNRFZYUmpOQ1RscHdlV296VUVKWGMzYxAB_03,Ci9DQUlRQUNvZENodHljRjlvT2kxSVNqVjRNRFZYUmpOQ1RscHdlV296VUVKWGMzYxAB,5,4
Ci9DQUlRQUNvZENodHljRjlvT2kxSVNqVjRNRFZYUmpOQ1RscHdlV296VUVKWGMzYxAB_04,Ci9DQUlRQUNvZENodHljRjlvT2kxSVNqVjRNRFZYUmpOQ1RscHdlV296VUVKWGMzYxAB,16,14
Ci9DQUlRQUNvZENodHljRjlvT2kxSVNqVjRNRFZYUmpOQ1RscHdlV296VUVKWGMzYxAB_05,Ci9DQUlRQUNvZENodHljRjlvT2kxSVNqVjRNRFZYUmpOQ1RscHdlV296VUVKWGMzYxAB,-1,-1
Ci9DQUlRQUNvZENodHljRjlvT210SGN6bFVhemt5TFc5bFl6ZHBSVlZTYUVkSmRsRRAB_01,Ci9DQUlRQUNvZENodHljRjlvT210SGN6bFVhemt5TFc5bFl6ZHBSVlZTYUVkSmRsRRAB,22,17
Ci9DQUlRQUNvZENodHljRjlvT210SGN6bFVhemt5TFc5bFl6ZHBSVlZTYUVkSmRsRRAB_02,Ci9DQUlRQUNvZENodHljRjlvT210SGN6bFVhemt5TFc5bFl6ZHBSVlZTYUVkSmRsRRAB,4,5
Ci9DQUlRQUNvZENodHljRjlvT2pCRFJFOVRZMmhvZFdkdlZ6RnJZalZxTUhKcE9HYxAB_01,Ci9DQUlRQUNvZENodHljRjlvT2pCRFJFOVRZMmhvZFdkdlZ6RnJZalZxTUhKcE9HYxAB,22,17
Ci9DQUlRQUNvZENodHljRjlvT2xKQlNWZFJlSEl0VVcxSVZqWkNSV05ZYVZoblZHYxAB_01,Ci9DQUlRQUNvZENodHljRjlvT2xKQlNWZFJlSEl0VVcxSVZqWkNSV05ZYVZoblZHYxAB,7,7
Ci9DQUlRQUNvZENodHljRjlvT2w5SUxVdHVZbTR3ZUVnelIzZ3liRXRyWkc5QlZsRRAB_01,Ci9DQUlRQUNvZENodHljRjlvT2w5SUxVdHVZbTR3ZUVnelIzZ3liRXRyWkc5QlZsRRAB,22,17
Ci9DQUlRQUNvZENodHljRjlvT2w5SUxVdHVZbTR3ZUVnelIzZ3liRXRyWkc5QlZsRRAB_02,Ci9DQUlRQUNvZENodHljRjlvT2w5SUxVdHVZbTR3ZUVnelIzZ3liRXRyWkc5QlZsRRAB,4,5
Ci9DQUlRQUNvZENodHljRjlvT2w5SUxVdHVZbTR3ZUVnelIzZ3liRXRyWkc5QlZsRRAB_03,Ci9DQUlRQUNvZENodHljRjlvT2w5SUxVdHVZbTR3ZUVnelIzZ3liRXRyWkc5QlZsRRAB,32,32
Ci9DQUlRQUNvZENodHljRjlvT2w5SUxVdHVZbTR3ZUVnelIzZ3liRXRyWkc5QlZsRRAB_04,Ci9DQUlRQUNvZENodHljRjlvT2w5SUxVdHVZbTR3ZUVnelIzZ3liRXRyWkc5QlZsRRAB,-1,-1
Ci9DQUlRQUNvZENodHljRjlvT2w5SUxVdHVZbTR3ZUVnelIzZ3liRXRyWkc5QlZsRRAB_05,Ci9DQUlRQUNvZENodHljRjlvT2w5SUxVdHVZbTR3ZUVnelIzZ3liRXRyWkc5QlZsRRAB,40,41
ChZDSUhNMG9nS0VJQ0FnSUNEdGNmY1FREAE_01,ChZDSUhNMG9nS0VJQ0FnSUNEdGNmY1FREAE,2,2
ChZDSUhNMG9nS0VJQ0FnSUNEdGNmY1FREAE_02,ChZDSUhNMG9nS0VJQ0FnSUNEdGNmY1FREAE,15,11
ChZDSUhNMG9nS0VJQ0FnSUNEdGNmY1FREAE_03,ChZDSUhNMG9nS0VJQ0FnSUNEdGNmY1FREAE,6,6
ChZDSUhNMG9nS0VJQ0FnSUNEdGNmY1FREAE_04,ChZDSUhNMG9nS0VJQ0FnSUNEdGNmY1FREAE,15,11
ChZDSUhNMG9nS0VJQ0FnSURENnV2Q2RREAE_01,ChZDSUhNMG9nS0VJQ0FnSURENnV2Q2RREAE,15,11
ChZDSUhNMG9nS0VJQ0FnSURENnV2Q2RREAE_02,ChZDSUhNMG9nS0VJQ0FnSURENnV2Q2RREAE,-1,-1
ChZDSUhNMG9nS0VJQ0FnSURENnV2Q2RREAE_03,ChZDSUhNMG9nS0VJQ0FnSURENnV2Q2RREAE,15,11
ChZDSUhNMG9nS0VJQ0FnSURENnV2Q2RREAE_04,ChZDSUhNMG9nS0VJQ0FnSURENnV2Q2RREAE,15,11
ChZDSUhNMG9nS0VJQ0FnSURENnV2Q2RREAE_05,ChZDSUhNMG9nS0VJQ0FnSURENnV2Q2RREAE,15,11
ChZDSUhNMG9nS0VJQ0FnSURENnV2Q2RREAE_06,ChZDSUhNMG9nS0VJQ0FnSURENnV2Q2RREAE,15,11
ChZDSUhNMG9nS0VJQ0FnSURENnV2Q2RREAE_07,ChZDSUhNMG9nS0VJQ0FnSURENnV2Q2RREAE,4,5
ChZDSUhNMG9nS0VJQ0FnSURENnV2Q2RREAE_08,ChZDSUhNMG9nS0VJQ0FnSURENnV2Q2RREAE,-1,-1
ChZDSUhNMG9nS0VJQ0FnSURENnV2Q2RREAE_09,ChZDSUhNMG9nS0VJQ0FnSURENnV2Q2RREAE,20,18
ChZDSUhNMG9nS0VJQ0FnSURENnV2Q2RREAE_10,ChZDSUhNMG9nS0VJQ0FnSURENnV2Q2RREAE,15,11
ChZDSUhNMG9nS0VJQ0FnSURENnV2Q2RREAE_11,ChZDSUhNMG9nS0VJQ0FnSURENnV2Q2RREAE,15,11
ChZDSUhNMG9nS0VJQ0FnSURENnV2Q2RREAE_12,ChZDSUhNMG9nS0VJQ0FnSURENnV2Q2RREAE,7,7
ChZDSUhNMG9nS0VJQ0FnSUNMODlMV2NnEAE_01,ChZDSUhNMG9nS0VJQ0FnSUNMODlMV2NnEAE,15,11
ChZDSUhNMG9nS0VJQ0FnSURteTczSWZnEAE_01,ChZDSUhNMG9nS0VJQ0FnSURteTczSWZnEAE,2,2
ChZDSUhNMG9nS0VJQ0FnSURteTczSWZnEAE_02,ChZDSUhNMG9nS0VJQ0FnSURteTczSWZnEAE,15,11
ChZDSUhNMG9nS0VJQ0FnSURteTczSWZnEAE_03,ChZDSUhNMG9nS0VJQ0FnSURteTczSWZnEAE,15,11
ChdDSUhNMG9nS0VJQ0FnSUM3c0t6S3hBRRAB_01,ChdDSUhNMG9nS0VJQ0FnSUM3c0t6S3hBRRAB,3,-1
ChdDSUhNMG9nS0VJQ0FnSUNuemJ1Szl3RRAB_01,ChdDSUhNMG9nS0VJQ0FnSUNuemJ1Szl3RRAB,15,11
ChdDSUhNMG9nS0VJQ0FnSUNuemJ1Szl3RRAB_02,ChdDSUhNMG9nS0VJQ0FnSUNuemJ1Szl3RRAB,36,37
ChdDSUhNMG9nS0VJQ0FnSUMydzUtU29nRRAB_01,ChdDSUhNMG9nS0VJQ0FnSUMydzUtU29nRRAB,7,7
ChdDSUhNMG9nS0VJQ0FnTURnckxPUzdRRRAB_01,ChdDSUhNMG9nS0VJQ0FnTURnckxPUzdRRRAB,15,11
ChdDSUhNMG9nS0VJQ0FnTUNvNTRuQzJRRRAB_01,ChdDSUhNMG9nS0VJQ0FnTUNvNTRuQzJRRRAB,15,11
ChdDSUhNMG9nS0VJQ0FnTUNvNTRuQzJRRRAB_02,ChdDSUhNMG9nS0VJQ0FnTUNvNTRuQzJRRRAB,2,2
ChdDSUhNMG9nS0VJQ0FnTUNvNTRuQzJRRRAB_03,ChdDSUhNMG9nS0VJQ0FnTUNvNTRuQzJRRRAB,-1,-1
ChZDSUhNMG9nS0VQbVZqSWlndUotdE13EAE_01,ChZDSUhNMG9nS0VQbVZqSWlndUotdE13EAE,15,11
ChZDSUhNMG9nS0VQbVZqSWlndUotdE13EAE_02,ChZDSUhNMG9nS0VQbVZqSWlndUotdE13EAE,13,15
ChdDSUhNMG9nS0VJQ0FnSURCOHZ6ZHhRRRAB_01,ChdDSUhNMG9nS0VJQ0FnSURCOHZ6ZHhRRRAB,4,5
ChdDSUhNMG9nS0VJQ0FnSURCOHZ6ZHhRRRAB_02,ChdDSUhNMG9nS0VJQ0FnSURCOHZ6ZHhRRRAB,0,1
Ci9DQUlRQUNvZENodHljRjlvT2xZMVJHNWxSM1JvWm5GRlZ6TnZaM2RtZURNd0xVRRAB_01,Ci9DQUlRQUNvZENodHljRjlvT2xZMVJHNWxSM1JvWm5GRlZ6TnZaM2RtZURNd0xVRRAB,0,1
Ci9DQUlRQUNvZENodHljRjlvT2xZMVJHNWxSM1JvWm5GRlZ6TnZaM2RtZURNd0xVRRAB_02,Ci9DQUlRQUNvZENodHljRjlvT2xZMVJHNWxSM1JvWm5GRlZ6TnZaM2RtZURNd0xVRRAB,15,11
Ci9DQUlRQUNvZENodHljRjlvT2xZMVJHNWxSM1JvWm5GRlZ6TnZaM2RtZURNd0xVRRAB_03,Ci9DQUlRQUNvZENodHljRjlvT2xZMVJHNWxSM1JvWm5GRlZ6TnZaM2RtZURNd0xVRRAB,6,6
Ci9DQUlRQUNvZENodHljRjlvT2xGUFJFcDRiVXN0UXpkdWVVRTRXamROY1VGUlMxRRAB_01,Ci9DQUlRQUNvZENodHljRjlvT2xGUFJFcDRiVXN0UXpkdWVVRTRXamROY1VGUlMxRRAB,15,11
Ci9DQUlRQUNvZENodHljRjlvT20xcFoxbE1TVkJhZGw5NmJFMDRTM3BYY1hNM1UwRRAB_01,Ci9DQUlRQUNvZENodHljRjlvT20xcFoxbE1TVkJhZGw5NmJFMDRTM3BYY1hNM1UwRRAB,15,11
Ci9DQUlRQUNvZENodHljRjlvT2pWbGIycHFMVEpaZEdNeU16ZDVhWHBGTWpCa1dXYxAB_01,Ci9DQUlRQUNvZENodHljRjlvT2pWbGIycHFMVEpaZEdNeU16ZDVhWHBGTWpCa1dXYxAB,6,6
Ci9DQUlRQUNvZENodHljRjlvT2pWbGIycHFMVEpaZEdNeU16ZDVhWHBGTWpCa1dXYxAB_02,Ci9DQUlRQUNvZENodHljRjlvT2pWbGIycHFMVEpaZEdNeU16ZDVhWHBGTWpCa1dXYxAB,-1,-1
Ci9DQUlRQUNvZENodHljRjlvT25SUlVIUklObFJ2VkVGWVp6VktOVzFPTW5kdGJtYxAB_01,Ci9DQUlRQUNvZENodHljRjlvT25SUlVIUklObFJ2VkVGWVp6VktOVzFPTW5kdGJtYxAB,4,5
Ci9DQUlRQUNvZENodHljRjlvT25SUlVIUklObFJ2VkVGWVp6VktOVzFPTW5kdGJtYxAB_02,Ci9DQUlRQUNvZENodHljRjlvT25SUlVIUklObFJ2VkVGWVp6VktOVzFPTW5kdGJtYxAB,0,1
Ci9DQUlRQUNvZENodHljRjlvT25SUlVIUklObFJ2VkVGWVp6VktOVzFPTW5kdGJtYxAB_03,Ci9DQUlRQUNvZENodHljRjlvT25SUlVIUklObFJ2VkVGWVp6VktOVzFPTW5kdGJtYxAB,5,4
Ci9DQUlRQUNvZENodHljRjlvT2tsM1UxSnZWMU51VVdrd2RHcFNYMUZPTUZOVFdGRRAB_01,Ci9DQUlRQUNvZENodHljRjlvT2tsM1UxSnZWMU51VVdrd2RHcFNYMUZPTUZOVFdGRRAB,7,7
Ci9DQUlRQUNvZENodHljRjlvT2tsM1UxSnZWMU51VVdrd2RHcFNYMUZPTUZOVFdGRRAB_02,Ci9DQUlRQUNvZENodHljRjlvT2tsM1UxSnZWMU51VVdrd2RHcFNYMUZPTUZOVFdGRRAB,-1,-1
Ci9DQUlRQUNvZENodHljRjlvT21kc2JITXhVR0pJV21WU01tNVRabDlZWmtGUVRYYxAB_01,Ci9DQUlRQUNvZENodHljRjlvT21kc2JITXhVR0pJV21WU01tNVRabDlZWmtGUVRYYxAB,2,2
Ci9DQUlRQUNvZENodHljRjlvT21kc2JITXhVR0pJV21WU01tNVRabDlZWmtGUVRYYxAB_02,Ci9DQUlRQUNvZENodHljRjlvT21kc2JITXhVR0pJV21WU01tNVRabDlZWmtGUVRYYxAB,6,6
Ci9DQUlRQUNvZENodHljRjlvT2pZeFptSjJZMjV1VkUxbE1FSTNkbXB0ZWtSdGJFRRAB_01,Ci9DQUlRQUNvZENodHljRjlvT2pZeFptSjJZMjV1VkUxbE1FSTNkbXB0ZWtSdGJFRRAB,18,20
ChdDSUhNMG9nS0VJQ0FnSURPeHFyUzhBRRAB_01,ChdDSUhNMG9nS0VJQ0FnSURPeHFyUzhBRRAB,8,8
ChdDSUhNMG9nS0VJQ0FnSURPeHFyUzhBRRAB_02,ChdDSUhNMG9nS0VJQ0FnSURPeHFyUzhBRRAB,20,18
Ci9DQUlRQUNvZENodHljRjlvT21WdkxTMXFUVU5qUVVoT2FVTm5VVEpVUjBkVVQwRRAB_01,Ci9DQUlRQUNvZENodHljRjlvT21WdkxTMXFUVU5qUVVoT2FVTm5VVEpVUjBkVVQwRRAB,15,11
Ci9DQUlRQUNvZENodHljRjlvT21WdkxTMXFUVU5qUVVoT2FVTm5VVEpVUjBkVVQwRRAB_02,Ci9DQUlRQUNvZENodHljRjlvT21WdkxTMXFUVU5qUVVoT2FVTm5VVEpVUjBkVVQwRRAB,13,15
ChZDSUhNMG9nS0VJQ0FnSUREeGRER0J3EAE_01,ChZDSUhNMG9nS0VJQ0FnSUREeGRER0J3EAE,3,3
ChZDSUhNMG9nS0VJQ0FnSURUdmYyZUpBEAE_01,ChZDSUhNMG9nS0VJQ0FnSURUdmYyZUpBEAE,3,3
ChdDSUhNMG9nS0VJQ0FnSUN6eHJYbTNnRRAB_01,ChdDSUhNMG9nS0VJQ0FnSUN6eHJYbTNnRRAB,38,-1
ChdDSUhNMG9nS0VJQ0FnSUN6eHJYbTNnRRAB_02,ChdDSUhNMG9nS0VJQ0FnSUN6eHJYbTNnRRAB,-1,-1
ChdDSUhNMG9nS0VJQ0FnSUN6eHJYbTNnRRAB_03,ChdDSUhNMG9nS0VJQ0FnSUN6eHJYbTNnRRAB,5,4
ChdDSUhNMG9nS0VJQ0FnSUNybWFha2d3RRAB_01,ChdDSUhNMG9nS0VJQ0FnSUNybWFha2d3RRAB,7,7
ChdDSUhNMG9nS0VJQ0FnSUNybWFha2d3RRAB_02,ChdDSUhNMG9nS0VJQ0FnSUNybWFha2d3RRAB,-1,-1
ChdDSUhNMG9nS0VJQ0FnSUQ3dllHYnN3RRAB_01,ChdDSUhNMG9nS0VJQ0FnSUQ3dllHYnN3RRAB,38,40
ChdDSUhNMG9nS0VJQ0FnSUQ3dllHYnN3RRAB_02,ChdDSUhNMG9nS0VJQ0FnSUQ3dllHYnN3RRAB,22,17
ChdDSUhNMG9nS0VJQ0FnSUQ3dllHYnN3RRAB_03,ChdDSUhNMG9nS0VJQ0FnSUQ3dllHYnN3RRAB,2,2
ChdDSUhNMG9nS0VJQ0FnSUQ3dllHYnN3RRAB_04,ChdDSUhNMG9nS0VJQ0FnSUQ3dllHYnN3RRAB,1,0
ChdDSUhNMG9nS0VJQ0FnSUQ3dllHYnN3RRAB_05,ChdDSUhNMG9nS0VJQ0FnSUQ3dllHYnN3RRAB,2,2
ChZDSUhNMG9nS0VJQ0FnSUNmcXJTb2FBEAE_01,ChZDSUhNMG9nS0VJQ0FnSUNmcXJTb2FBEAE,6,-1
ChZDSUhNMG9nS0VJQ0FnSUNmcXJTb2FBEAE_02,ChZDSUhNMG9nS0VJQ0FnSUNmcXJTb2FBEAE,13,-1
ChZDSUhNMG9nS0VJQ0FnSUNmcXJTb2FBEAE_03,ChZDSUhNMG9nS0VJQ0FnSUNmcXJTb2FBEAE,11,12
ChZDSUhNMG9nS0VJQ0FnSUNmcXJTb2FBEAE_04,ChZDSUhNMG9nS0VJQ0FnSUNmcXJTb2FBEAE,16,14
ChdDSUhNMG9nS0VJQ0FnSUNfa19LcmlnRRAB_01,ChdDSUhNMG9nS0VJQ0FnSUNfa19LcmlnRRAB,33,-1
ChdDSUhNMG9nS0VJQ0FnSUNfa19LcmlnRRAB_02,ChdDSUhNMG9nS0VJQ0FnSUNfa19LcmlnRRAB,0,1
ChdDSUhNMG9nS0VJQ0FnSUNfa19LcmlnRRAB_03,ChdDSUhNMG9nS0VJQ0FnSUNfa19LcmlnRRAB,4,5
ChdDSUhNMG9nS0VJQ0FnSUNfa19LcmlnRRAB_04,ChdDSUhNMG9nS0VJQ0FnSUNfa19LcmlnRRAB,-1,-1
ChdDSUhNMG9nS0VJQ0FnTUNJektmVXpBRRAB_01,ChdDSUhNMG9nS0VJQ0FnTUNJektmVXpBRRAB,3,3
ChZDSUhNMG9nS0VJQ0FnTUNvc3RtaWJBEAE_01,ChZDSUhNMG9nS0VJQ0FnTUNvc3RtaWJBEAE,11,12
ChZDSUhNMG9nS0VJQ0FnTUNvc3RtaWJBEAE_02,ChZDSUhNMG9nS0VJQ0FnTUNvc3RtaWJBEAE,11,12
ChZDSUhNMG9nS0VJQ0FnTUNvc3RtaWJBEAE_03,ChZDSUhNMG9nS0VJQ0FnTUNvc3RtaWJBEAE,5,4
Ci9DQUlRQUNvZENodHljRjlvT2xwMU4wTmtlVjluWTNaS1VIbElOSEE0YVVScE5VRRAB_01,Ci9DQUlRQUNvZENodHljRjlvT2xwMU4wTmtlVjluWTNaS1VIbElOSEE0YVVScE5VRRAB,3,3
Ci9DQUlRQUNvZENodHljRjlvT21SRFQwVjNVVXN3Y3pOME4xSm9iMk5KT1ZBNFNtYxAB_01,Ci9DQUlRQUNvZENodHljRjlvT21SRFQwVjNVVXN3Y3pOME4xSm9iMk5KT1ZBNFNtYxAB,24,33
Ci9DQUlRQUNvZENodHljRjlvT21SRFQwVjNVVXN3Y3pOME4xSm9iMk5KT1ZBNFNtYxAB_02,Ci9DQUlRQUNvZENodHljRjlvT21SRFQwVjNVVXN3Y3pOME4xSm9iMk5KT1ZBNFNtYxAB,29,23
Ci9DQUlRQUNvZENodHljRjlvT25kTlowUjVPR2w0ZFV0TWVEVnpZVEIzYzJGVExVRRAB_01,Ci9DQUlRQUNvZENodHljRjlvT25kTlowUjVPR2w0ZFV0TWVEVnpZVEIzYzJGVExVRRAB,7,7
Ci9DQUlRQUNvZENodHljRjlvT25kTlowUjVPR2w0ZFV0TWVEVnpZVEIzYzJGVExVRRAB_02,Ci9DQUlRQUNvZENodHljRjlvT25kTlowUjVPR2w0ZFV0TWVEVnpZVEIzYzJGVExVRRAB,5,-1
Ci9DQUlRQUNvZENodHljRjlvT2sxclZWRkxVR3BGWnpsS1VHUnBWRlJNTFV0MVJIYxAB_01,Ci9DQUlRQUNvZENodHljRjlvT2sxclZWRkxVR3BGWnpsS1VHUnBWRlJNTFV0MVJIYxAB,-1,-1
Ci9DQUlRQUNvZENodHljRjlvT2sxclZWRkxVR3BGWnpsS1VHUnBWRlJNTFV0MVJIYxAB_02,Ci9DQUlRQUNvZENodHljRjlvT2sxclZWRkxVR3BGWnpsS1VHUnBWRlJNTFV0MVJIYxAB,7,7
Ci9DQUlRQUNvZENodHljRjlvT2sxclZWRkxVR3BGWnpsS1VHUnBWRlJNTFV0MVJIYxAB_03,Ci9DQUlRQUNvZENodHljRjlvT2sxclZWRkxVR3BGWnpsS1VHUnBWRlJNTFV0MVJIYxAB,29,23
Ci9DQUlRQUNvZENodHljRjlvT2tvM2ExQmpORkkyWm1Jd1NWZG5RWEZhYlhoTlZrRRAB_01,Ci9DQUlRQUNvZENodHljRjlvT2tvM2ExQmpORkkyWm1Jd1NWZG5RWEZhYlhoTlZrRRAB,33,39
Ci9DQUlRQUNvZENodHljRjlvT2tvM2ExQmpORkkyWm1Jd1NWZG5RWEZhYlhoTlZrRRAB_02,Ci9DQUlRQUNvZENodHljRjlvT2tvM2ExQmpORkkyWm1Jd1NWZG5RWEZhYlhoTlZrRRAB,19,16
Ci9DQUlRQUNvZENodHljRjlvT2tKRWNHbHFUVlIwVm14aWJWZ3laRWhmZGtkM1VFRRAB_01,Ci9DQUlRQUNvZENodHljRjlvT2tKRWNHbHFUVlIwVm14aWJWZ3laRWhmZGtkM1VFRRAB,4,-1
Ci9DQUlRQUNvZENodHljRjlvT2xOVlNqVnhka2d4YW1kaGRESkNOVVF4UjNaRWIzYxAB_01,Ci9DQUlRQUNvZENodHljRjlvT2xOVlNqVnhka2d4YW1kaGRESkNOVVF4UjNaRWIzYxAB,37,35
Ci9DQUlRQUNvZENodHljRjlvT2xOVlNqVnhka2d4YW1kaGRESkNOVVF4UjNaRWIzYxAB_02,Ci9DQUlRQUNvZENodHljRjlvT2xOVlNqVnhka2d4YW1kaGRESkNOVVF4UjNaRWIzYxAB,11,12
Ci9DQUlRQUNvZENodHljRjlvT2xOVlNqVnhka2d4YW1kaGRESkNOVVF4UjNaRWIzYxAB_03,Ci9DQUlRQUNvZENodHljRjlvT2xOVlNqVnhka2d4YW1kaGRESkNOVVF4UjNaRWIzYxAB,-1,-1
Ci9DQUlRQUNvZENodHljRjlvT2xOVlNqVnhka2d4YW1kaGRESkNOVVF4UjNaRWIzYxAB_04,Ci9DQUlRQUNvZENodHljRjlvT2xOVlNqVnhka2d4YW1kaGRESkNOVVF4UjNaRWIzYxAB,5,-1
Ci9DQUlRQUNvZENodHljRjlvT2xoM09VVk5iSHBqVVY5SVNqbDRjelpJUWxjMk9YYxAB_01,Ci9DQUlRQUNvZENodHljRjlvT2xoM09VVk5iSHBqVVY5SVNqbDRjelpJUWxjMk9YYxAB,21,28
Ci9DQUlRQUNvZENodHljRjlvT2xoM09VVk5iSHBqVVY5SVNqbDRjelpJUWxjMk9YYxAB_02,Ci9DQUlRQUNvZENodHljRjlvT2xoM09VVk5iSHBqVVY5SVNqbDRjelpJUWxjMk9YYxAB,0,1
Ci9DQUlRQUNvZENodHljRjlvT2xoM09VVk5iSHBqVVY5SVNqbDRjelpJUWxjMk9YYxAB_03,Ci9DQUlRQUNvZENodHljRjlvT2xoM09VVk5iSHBqVVY5SVNqbDRjelpJUWxjMk9YYxAB,-1,-1
Ci9DQUlRQUNvZENodHljRjlvT2xoM09VVk5iSHBqVVY5SVNqbDRjelpJUWxjMk9YYxAB_04,Ci9DQUlRQUNvZENodHljRjlvT2xoM09VVk5iSHBqVVY5SVNqbDRjelpJUWxjMk9YYxAB,-1,-1
Ci9DQUlRQUNvZENodHljRjlvT2xoM09VVk5iSHBqVVY5SVNqbDRjelpJUWxjMk9YYxAB_05,Ci9DQUlRQUNvZENodHljRjlvT2xoM09VVk5iSHBqVVY5SVNqbDRjelpJUWxjMk9YYxAB,14,13
Ci9DQUlRQUNvZENodHljRjlvT2xoM09VVk5iSHBqVVY5SVNqbDRjelpJUWxjMk9YYxAB_06,Ci9DQUlRQUNvZENodHljRjlvT2xoM09VVk5iSHBqVVY5SVNqbDRjelpJUWxjMk9YYxAB,25,25
Ci9DQUlRQUNvZENodHljRjlvT2xoM09VVk5iSHBqVVY5SVNqbDRjelpJUWxjMk9YYxAB_07,Ci9DQUlRQUNvZENodHljRjlvT2xoM09VVk5iSHBqVVY5SVNqbDRjelpJUWxjMk9YYxAB,2,2
Ci9DQUlRQUNvZENodHljRjlvT2xoM09VVk5iSHBqVVY5SVNqbDRjelpJUWxjMk9YYxAB_08,Ci9DQUlRQUNvZENodHljRjlvT2xoM09VVk5iSHBqVVY5SVNqbDRjelpJUWxjMk9YYxAB,33,39
Ci9DQUlRQUNvZENodHljRjlvT2xoM09VVk5iSHBqVVY5SVNqbDRjelpJUWxjMk9YYxAB_09,Ci9DQUlRQUNvZENodHljRjlvT2xoM09VVk5iSHBqVVY5SVNqbDRjelpJUWxjMk9YYxAB,29,23
Ci9DQUlRQUNvZENodHljRjlvT2xOT1ZHaFpZMkZPYUhOb1gzQjJhV2RtVVZCTVQwRRAB_01,Ci9DQUlRQUNvZENodHljRjlvT2xOT1ZHaFpZMkZPYUhOb1gzQjJhV2RtVVZCTVQwRRAB,0,1
Ci9DQUlRQUNvZENodHljRjlvT2xOT1ZHaFpZMkZPYUhOb1gzQjJhV2RtVVZCTVQwRRAB_02,Ci9DQUlRQUNvZENodHljRjlvT2xOT1ZHaFpZMkZPYUhOb1gzQjJhV2RtVVZCTVQwRRAB,14,13
Ci9DQUlRQUNvZENodHljRjlvT2paSE4ySkRUMFZFYzFoYVozaFRaa3BKVjJoT1oxRRAB_01,Ci9DQUlRQUNvZENodHljRjlvT2paSE4ySkRUMFZFYzFoYVozaFRaa3BKVjJoT1oxRRAB,14,13
Ci9DQUlRQUNvZENodHljRjlvT2paSE4ySkRUMFZFYzFoYVozaFRaa3BKVjJoT1oxRRAB_02,Ci9DQUlRQUNvZENodHljRjlvT2paSE4ySkRUMFZFYzFoYVozaFRaa3BKVjJoT1oxRRAB,-1,-1
Ci9DQUlRQUNvZENodHljRjlvT2paSE4ySkRUMFZFYzFoYVozaFRaa3BKVjJoT1oxRRAB_03,Ci9DQUlRQUNvZENodHljRjlvT2paSE4ySkRUMFZFYzFoYVozaFRaa3BKVjJoT1oxRRAB,-1,-1
Ci9DQUlRQUNvZENodHljRjlvT2taMWRHaE5VMmRqY1dNMmFqaEtXbloyZVRST1QzYxAB_01,Ci9DQUlRQUNvZENodHljRjlvT2taMWRHaE5VMmRqY1dNMmFqaEtXbloyZVRST1QzYxAB,4,5
Ci9DQUlRQUNvZENodHljRjlvT2taMWRHaE5VMmRqY1dNMmFqaEtXbloyZVRST1QzYxAB_02,Ci9DQUlRQUNvZENodHljRjlvT2taMWRHaE5VMmRqY1dNMmFqaEtXbloyZVRST1QzYxAB,1,0
Ci9DQUlRQUNvZENodHljRjlvT2taMWRHaE5VMmRqY1dNMmFqaEtXbloyZVRST1QzYxAB_03,Ci9DQUlRQUNvZENodHljRjlvT2taMWRHaE5VMmRqY1dNMmFqaEtXbloyZVRST1QzYxAB,31,27
Ci9DQUlRQUNvZENodHljRjlvT2w5c1dHZFlaV3BCUTNOSExYazJPRkpWVXkxbFZXYxAB_01,Ci9DQUlRQUNvZENodHljRjlvT2w5c1dHZFlaV3BCUTNOSExYazJPRkpWVXkxbFZXYxAB,20,18
Ci9DQUlRQUNvZENodHljRjlvT2w5c1dHZFlaV3BCUTNOSExYazJPRkpWVXkxbFZXYxAB_02,Ci9DQUlRQUNvZENodHljRjlvT2w5c1dHZFlaV3BCUTNOSExYazJPRkpWVXkxbFZXYxAB,-1,-1
Ci9DQUlRQUNvZENodHljRjlvT2xkcU5XdFBSeTFzZFZWd1FVbHJXa280VkU5SVpsRRAB_01,Ci9DQUlRQUNvZENodHljRjlvT2xkcU5XdFBSeTFzZFZWd1FVbHJXa280VkU5SVpsRRAB,-1,-1
Ci9DQUlRQUNvZENodHljRjlvT2xkcU5XdFBSeTFzZFZWd1FVbHJXa280VkU5SVpsRRAB_02,Ci9DQUlRQUNvZENodHljRjlvT2xkcU5XdFBSeTFzZFZWd1FVbHJXa280VkU5SVpsRRAB,5,-1
Ci9DQUlRQUNvZENodHljRjlvT21sNVUwazNUa0pyU0VGaU1YZE1Wa0Y2ZFc5ZmVWRRAB_01,Ci9DQUlRQUNvZENodHljRjlvT21sNVUwazNUa0pyU0VGaU1YZE1Wa0Y2ZFc5ZmVWRRAB,30,29
Ci9DQUlRQUNvZENodHljRjlvT21sNVUwazNUa0pyU0VGaU1YZE1Wa0Y2ZFc5ZmVWRRAB_02,Ci9DQUlRQUNvZENodHljRjlvT21sNVUwazNUa0pyU0VGaU1YZE1Wa0Y2ZFc5ZmVWRRAB,7,7
Ci9DQUlRQUNvZENodHljRjlvT21sNVUwazNUa0pyU0VGaU1YZE1Wa0Y2ZFc5ZmVWRRAB_03,Ci9DQUlRQUNvZENodHljRjlvT21sNVUwazNUa0pyU0VGaU1YZE1Wa0Y2ZFc5ZmVWRRAB,12,-1
Ci9DQUlRQUNvZENodHljRjlvT21WWFUwZFNTWEJTWkVaR2NYRTFhVEZ6TFZKRWNtYxAB_01,Ci9DQUlRQUNvZENodHljRjlvT21WWFUwZFNTWEJTWkVaR2NYRTFhVEZ6TFZKRWNtYxAB,4,-1
Ci9DQUlRQUNvZENodHljRjlvT20xVWREVTVaMEZqTlZGalpVdE5RVVl6TW1WMlRVRRAB_01,Ci9DQUlRQUNvZENodHljRjlvT20xVWREVTVaMEZqTlZGalpVdE5RVVl6TW1WMlRVRRAB,7,7
Ci9DQUlRQUNvZENodHljRjlvT21Oc1ZscEZiVzFJZDNKV1ZUWnJZbXBuWjE5VFQyYxAB_01,Ci9DQUlRQUNvZENodHljRjlvT21Oc1ZscEZiVzFJZDNKV1ZUWnJZbXBuWjE5VFQyYxAB,4,-1
Ci9DQUlRQUNvZENodHljRjlvT21Oc1ZscEZiVzFJZDNKV1ZUWnJZbXBuWjE5VFQyYxAB_02,Ci9DQUlRQUNvZENodHljRjlvT21Oc1ZscEZiVzFJZDNKV1ZUWnJZbXBuWjE5VFQyYxAB,-1,-1
Ci9DQUlRQUNvZENodHljRjlvT205WVExUm9Nemd6YVc1c1EzcHJRVzh0WjNkNFIzYxAB_01,Ci9DQUlRQUNvZENodHljRjlvT205WVExUm9Nemd6YVc1c1EzcHJRVzh0WjNkNFIzYxAB,-1,-1
Ci9DQUlRQUNvZENodHljRjlvT25KeU1FaG9TR3h4YTI1U2JrVm1aQzFZZDJGb1dXYxAB_01,Ci9DQUlRQUNvZENodHljRjlvT25KeU1FaG9TR3h4YTI1U2JrVm1aQzFZZDJGb1dXYxAB,21,28
Ci9DQUlRQUNvZENodHljRjlvT210NlFqaHJOVlIwZDFSbWNFeExXRXhHUVc1cGRtYxAB_01,Ci9DQUlRQUNvZENodHljRjlvT210NlFqaHJOVlIwZDFSbWNFeExXRXhHUVc1cGRtYxAB,4,5
Ci9DQUlRQUNvZENodHljRjlvT2sxTFdFcHFla0ZaY25kamRYa3RhV056YXpGeFdrRRAB_01,Ci9DQUlRQUNvZENodHljRjlvT2sxTFdFcHFla0ZaY25kamRYa3RhV056YXpGeFdrRRAB,-1,-1
Ci9DQUlRQUNvZENodHljRjlvT2sxTFdFcHFla0ZaY25kamRYa3RhV056YXpGeFdrRRAB_02,Ci9DQUlRQUNvZENodHljRjlvT2sxTFdFcHFla0ZaY25kamRYa3RhV056YXpGeFdrRRAB,13,15
Ci9DQUlRQUNvZENodHljRjlvT2sxTFdFcHFla0ZaY25kamRYa3RhV056YXpGeFdrRRAB_03,Ci9DQUlRQUNvZENodHljRjlvT2sxTFdFcHFla0ZaY25kamRYa3RhV056YXpGeFdrRRAB,2,2
Ci9DQUlRQUNvZENodHljRjlvT2t0c09XSnpkR1Y2UTBONVJXbEJiSHB0Tlhkak1uYxAB_01,Ci9DQUlRQUNvZENodHljRjlvT2t0c09XSnpkR1Y2UTBONVJXbEJiSHB0Tlhkak1uYxAB,7,7
Ci9DQUlRQUNvZENodHljRjlvT2t3eVRrb3hiRGMyZVRoYU5EbEVVVzAwTTFwc01VRRAB_01,Ci9DQUlRQUNvZENodHljRjlvT2t3eVRrb3hiRGMyZVRoYU5EbEVVVzAwTTFwc01VRRAB,-1,-1
ChdDSUhNMG9nS0VJQ0FnSUQ5c2JDeHFRRRAB_01,ChdDSUhNMG9nS0VJQ0FnSUQ5c2JDeHFRRRAB,3,3
ChZDSUhNMG9nS0VJQ0FnSUNDMVBqcFlBEAE_01,ChZDSUhNMG9nS0VJQ0FnSUNDMVBqcFlBEAE,2,2
ChZDSUhNMG9nS0VJQ0FnSUNDMVBqcFlBEAE_02,ChZDSUhNMG9nS0VJQ0FnSUNDMVBqcFlBEAE,5,-1
ChdDSUhNMG9nS0VJQ0FnSUNMd3NyVF93RRAB_01,ChdDSUhNMG9nS0VJQ0FnSUNMd3NyVF93RRAB,-1,-1
ChZDSUhNMG9nS0VJQ0FnTUNvanNqNGVBEAE_01,ChZDSUhNMG9nS0VJQ0FnTUNvanNqNGVBEAE,24,-1
ChZDSUhNMG9nS0VJQ0FnTUNvanNqNGVBEAE_02,ChZDSUhNMG9nS0VJQ0FnTUNvanNqNGVBEAE,2,2
ChZDSUhNMG9nS0VJQ0FnTUNvanNqNGVBEAE_03,ChZDSUhNMG9nS0VJQ0FnTUNvanNqNGVBEAE,12,-1
ChZDSUhNMG9nS0VJQ0FnTUNvanNqNGVBEAE_04,ChZDSUhNMG9nS0VJQ0FnTUNvanNqNGVBEAE,0,1
ChdDSUhNMG9nS0VNdjFoSlhNOThmVXJ3RRAB_01,ChdDSUhNMG9nS0VNdjFoSlhNOThmVXJ3RRAB,0,1
ChdDSUhNMG9nS0VMVDU0UG5CNnVtdTZRRRAB_01,ChdDSUhNMG9nS0VMVDU0UG5CNnVtdTZRRRAB,-1,-1
ChdDSUhNMG9nS0VMVDU0UG5CNnVtdTZRRRAB_02,ChdDSUhNMG9nS0VMVDU0UG5CNnVtdTZRRRAB,0,1
ChdDSUhNMG9nS0VMVDU0UG5CNnVtdTZRRRAB_03,ChdDSUhNMG9nS0VMVDU0UG5CNnVtdTZRRRAB,0,-1
ChdDSUhNMG9nS0VLREJ1cUtSOTVHYjJRRRAB_01,ChdDSUhNMG9nS0VLREJ1cUtSOTVHYjJRRRAB,25,25
ChdDSUhNMG9nS0VLREJ1cUtSOTVHYjJRRRAB_02,ChdDSUhNMG9nS0VLREJ1cUtSOTVHYjJRRRAB,0,1
ChdDSUhNMG9nS0VMV1AzX09Wbi02em13RRAB_01,ChdDSUhNMG9nS0VMV1AzX09Wbi02em13RRAB,0,1
ChZDSUhNMG9nS0VJQ0FnSURobFp1WVlREAE_01,ChZDSUhNMG9nS0VJQ0FnSURobFp1WVlREAE,0,1
Ci9DQUlRQUNvZENodHljRjlvT21KcmFUbGFZMEpVYjJ4NWFVdGhiazVUYzFGMWNuYxAB_01,Ci9DQUlRQUNvZENodHljRjlvT21KcmFUbGFZMEpVYjJ4NWFVdGhiazVUYzFGMWNuYxAB,5,-1
Ci9DQUlRQUNvZENodHljRjlvT21KcmFUbGFZMEpVYjJ4NWFVdGhiazVUYzFGMWNuYxAB_02,Ci9DQUlRQUNvZENodHljRjlvT21KcmFUbGFZMEpVYjJ4NWFVdGhiazVUYzFGMWNuYxAB,3,3
Ci9DQUlRQUNvZENodHljRjlvT201cGRVMVFZM00wVm05c1IxZDFVRTU2Umt0WUxWRRAB_01,Ci9DQUlRQUNvZENodHljRjlvT201cGRVMVFZM00wVm05c1IxZDFVRTU2Umt0WUxWRRAB,-1,-1
Ci9DQUlRQUNvZENodHljRjlvT2xFdE5FMVJSelUyUzBKRGJHMUJNVlpqTlhKbVFXYxAB_01,Ci9DQUlRQUNvZENodHljRjlvT2xFdE5FMVJSelUyUzBKRGJHMUJNVlpqTlhKbVFXYxAB,2,2
Ci9DQUlRQUNvZENodHljRjlvT25aRlNIWklRVkZsYW05dE5uaGlUa3RoV0RWU2QzYxAB_01,Ci9DQUlRQUNvZENodHljRjlvT25aRlNIWklRVkZsYW05dE5uaGlUa3RoV0RWU2QzYxAB,-1,-1
Ci9DQUlRQUNvZENodHljRjlvT210SmNXNWZNREpvZURWNGR6VjVaM0pEVWpJd01uYxAB_01,Ci9DQUlRQUNvZENodHljRjlvT210SmNXNWZNREpvZURWNGR6VjVaM0pEVWpJd01uYxAB,0,1
Ci9DQUlRQUNvZENodHljRjlvT25seFgzQm1ZVVV6YzNadVJHMU1RbGczZWkxQlJsRRAB_01,Ci9DQUlRQUNvZENodHljRjlvT25seFgzQm1ZVVV6YzNadVJHMU1RbGczZWkxQlJsRRAB,0,1
Ci9DQUlRQUNvZENodHljRjlvT2pWRVRXRkpVSFJ4WmpGYWRIQTVWVkJwZUdoQlYxRRAB_01,Ci9DQUlRQUNvZENodHljRjlvT2pWRVRXRkpVSFJ4WmpGYWRIQTVWVkJwZUdoQlYxRRAB,-1,-1
Ci9DQUlRQUNvZENodHljRjlvT21KTmFGTnpkVE16ZVZCbWFrRmFOVk5xYTFKVFpIYxAB_01,Ci9DQUlRQUNvZENodHljRjlvT21KTmFGTnpkVE16ZVZCbWFrRmFOVk5xYTFKVFpIYxAB,4,5
Ci9DQUlRQUNvZENodHljRjlvT21KTmFGTnpkVE16ZVZCbWFrRmFOVk5xYTFKVFpIYxAB_02,Ci9DQUlRQUNvZENodHljRjlvT21KTmFGTnpkVE16ZVZCbWFrRmFOVk5xYTFKVFpIYxAB,0,1
Ci9DQUlRQUNvZENodHljRjlvT21KTmFGTnpkVE16ZVZCbWFrRmFOVk5xYTFKVFpIYxAB_03,Ci9DQUlRQUNvZENodHljRjlvT21KTmFGTnpkVE16ZVZCbWFrRmFOVk5xYTFKVFpIYxAB,0,1
Ci9DQUlRQUNvZENodHljRjlvT2tsb2RGbFRkRTF6ZGs1V1lTMTFiRnBIUjJKeWFYYxAB_01,Ci9DQUlRQUNvZENodHljRjlvT2tsb2RGbFRkRTF6ZGs1V1lTMTFiRnBIUjJKeWFYYxAB,8,8
Ci9DQUlRQUNvZENodHljRjlvT25VMmRGcDZXbVF6ZUVvMGRVNVZUWEZVYjB4WGMyYxAB_01,Ci9DQUlRQUNvZENodHljRjlvT25VMmRGcDZXbVF6ZUVvMGRVNVZUWEZVYjB4WGMyYxAB,23,-1
Ci9DQUlRQUNvZENodHljRjlvT25VMmRGcDZXbVF6ZUVvMGRVNVZUWEZVYjB4WGMyYxAB_02,Ci9DQUlRQUNvZENodHljRjlvT25VMmRGcDZXbVF6ZUVvMGRVNVZUWEZVYjB4WGMyYxAB,23,31
ChdDSUhNMG9nS0VJQ0FnSUNuanZHZDhnRRAB_01,ChdDSUhNMG9nS0VJQ0FnSUNuanZHZDhnRRAB,3,3
ChdDSUhNMG9nS0VJQ0FnSUNuanZHZDhnRRAB_02,ChdDSUhNMG9nS0VJQ0FnSUNuanZHZDhnRRAB,35,36
ChdDSUhNMG9nS0VJQ0FnSUNuanZHZDhnRRAB_03,ChdDSUhNMG9nS0VJQ0FnSUNuanZHZDhnRRAB,13,15
ChdDSUhNMG9nS0VJQ0FnSUN5LXJua2tBRRAB_01,ChdDSUhNMG9nS0VJQ0FnSUN5LXJua2tBRRAB,30,29
ChZDSUhNMG9nS0VJQ0FnSUN6amZUU0tREAE_01,ChZDSUhNMG9nS0VJQ0FnSUN6amZUU0tREAE,13,15
ChZDSUhNMG9nS0VJQ0FnSUN6amZUU0tREAE_02,ChZDSUhNMG9nS0VJQ0FnSUN6amZUU0tREAE,1,-1
ChZDSUhNMG9nS0VJQ0FnTUNvbTlINGJREAE_01,ChZDSUhNMG9nS0VJQ0FnTUNvbTlINGJREAE,30,29
ChZDSUhNMG9nS0VJQ0FnTUNvbTlINGJREAE_02,ChZDSUhNMG9nS0VJQ0FnTUNvbTlINGJREAE,17,19
ChZDSUhNMG9nS0VJQ0FnSUNiMlpqR0JBEAE_01,ChZDSUhNMG9nS0VJQ0FnSUNiMlpqR0JBEAE,12,30
ChZDSUhNMG9nS0VJQ0FnSUNiMlpqR0JBEAE_02,ChZDSUhNMG9nS0VJQ0FnSUNiMlpqR0JBEAE,-1,-1
Ci9DQUlRQUNvZENodHljRjlvT25oMWR6VTNha293VUZOdVUwWnFVamRZYVVzMVRWRRAB_01,Ci9DQUlRQUNvZENodHljRjlvT25oMWR6VTNha293VUZOdVUwWnFVamRZYVVzMVRWRRAB,20,18
Ci9DQUlRQUNvZENodHljRjlvT25oMWR6VTNha293VUZOdVUwWnFVamRZYVVzMVRWRRAB_02,Ci9DQUlRQUNvZENodHljRjlvT25oMWR6VTNha293VUZOdVUwWnFVamRZYVVzMVRWRRAB,22,17
Ci9DQUlRQUNvZENodHljRjlvT210R2MyeGpMVUpuVlRodVRXTk5Wa1UxY0RST1RXYxAB_01,Ci9DQUlRQUNvZENodHljRjlvT210R2MyeGpMVUpuVlRodVRXTk5Wa1UxY0RST1RXYxAB,13,15
Ci9DQUlRQUNvZENodHljRjlvT210R2MyeGpMVUpuVlRodVRXTk5Wa1UxY0RST1RXYxAB_02,Ci9DQUlRQUNvZENodHljRjlvT210R2MyeGpMVUpuVlRodVRXTk5Wa1UxY0RST1RXYxAB,-1,-1
Ci9DQUlRQUNvZENodHljRjlvT210R2MyeGpMVUpuVlRodVRXTk5Wa1UxY0RST1RXYxAB_03,Ci9DQUlRQUNvZENodHljRjlvT210R2MyeGpMVUpuVlRodVRXTk5Wa1UxY0RST1RXYxAB,5,4
Ci9DQUlRQUNvZENodHljRjlvT210R2MyeGpMVUpuVlRodVRXTk5Wa1UxY0RST1RXYxAB_04,Ci9DQUlRQUNvZENodHljRjlvT210R2MyeGpMVUpuVlRodVRXTk5Wa1UxY0RST1RXYxAB,16,14
ChdDSUhNMG9nS0VJQ0FnSUQxNVpTY3VnRRAB_01,ChdDSUhNMG9nS0VJQ0FnSUQxNVpTY3VnRRAB,-1,-1
ChdDSUhNMG9nS0VJQ0FnSUQxNVpTY3VnRRAB_02,ChdDSUhNMG9nS0VJQ0FnSUQxNVpTY3VnRRAB,0,-1
ChdDSUhNMG9nS0VJQ0FnSUQxNVpTY3VnRRAB_03,ChdDSUhNMG9nS0VJQ0FnSUQxNVpTY3VnRRAB,0,1
ChZDSUhNMG9nS0VJQ0FnSUNOLXN6T2J3EAE_01,ChZDSUhNMG9nS0VJQ0FnSUNOLXN6T2J3EAE,4,5
ChZDSUhNMG9nS0VJQ0FnSUNOLXN6T2J3EAE_02,ChZDSUhNMG9nS0VJQ0FnSUNOLXN6T2J3EAE,1,0
ChZDSUhNMG9nS0VJQ0FnSUNOLXN6T2J3EAE_03,ChZDSUhNMG9nS0VJQ0FnSUNOLXN6T2J3EAE,8,8
ChZDSUhNMG9nS0VJQ0FnSUNkMEphc0hnEAE_01,ChZDSUhNMG9nS0VJQ0FnSUNkMEphc0hnEAE,11,12
ChZDSUhNMG9nS0VJQ0FnSUNkMEphc0hnEAE_02,ChZDSUhNMG9nS0VJQ0FnSUNkMEphc0hnEAE,1,0
ChdDSUhNMG9nS0VJQ0FnSUNkdjd2TmpnRRAB_01,ChdDSUhNMG9nS0VJQ0FnSUNkdjd2TmpnRRAB,36,-1
ChdDSUhNMG9nS0VJQ0FnSUNEa29iNnRnRRAB_01,ChdDSUhNMG9nS0VJQ0FnSUNEa29iNnRnRRAB,1,0
ChZDSUhNMG9nS0VJQ0FnSUNqME5idmV3EAE_01,ChZDSUhNMG9nS0VJQ0FnSUNqME5idmV3EAE,7,7
ChdDSUhNMG9nS0VJQ0FnSUNqbDl5aG1nRRAB_01,ChdDSUhNMG9nS0VJQ0FnSUNqbDl5aG1nRRAB,33,39
ChdDSUhNMG9nS0VJQ0FnSUNqbDl5aG1nRRAB_02,ChdDSUhNMG9nS0VJQ0FnSUNqbDl5aG1nRRAB,6,6
ChdDSUhNMG9nS0VJQ0FnSUNqbDl5aG1nRRAB_03,ChdDSUhNMG9nS0VJQ0FnSUNqbDl5aG1nRRAB,-1,-1
ChdDSUhNMG9nS0VJQ0FnSUNqbDl5aG1nRRAB_04,ChdDSUhNMG9nS0VJQ0FnSUNqbDl5aG1nRRAB,25,25
ChdDSUhNMG9nS0VJQ0FnSUNqbDl5aG1nRRAB_05,ChdDSUhNMG9nS0VJQ0FnSUNqbDl5aG1nRRAB,39,38
ChdDSUhNMG9nS0VJQ0FnSUNqbjVTdzV3RRAB_01,ChdDSUhNMG9nS0VJQ0FnSUNqbjVTdzV3RRAB,24,33
ChdDSUhNMG9nS0VJQ0FnSUNqbjVTdzV3RRAB_02,ChdDSUhNMG9nS0VJQ0FnSUNqbjVTdzV3RRAB,1,0
ChdDSUhNMG9nS0VJQ0FnSUNqbjVTdzV3RRAB_03,ChdDSUhNMG9nS0VJQ0FnSUNqbjVTdzV3RRAB,5,4
ChdDSUhNMG9nS0VJQ0FnSURqNllDMzV3RRAB_01,ChdDSUhNMG9nS0VJQ0FnSURqNllDMzV3RRAB,3,3
ChZDSUhNMG9nS0VJQ0FnSURqaTRfZmZ3EAE_01,ChZDSUhNMG9nS0VJQ0FnSURqaTRfZmZ3EAE,10,10
ChdDSUhNMG9nS0VJQ0FnSUNRM0xtdDdBRRAB_01,ChdDSUhNMG9nS0VJQ0FnSUNRM0xtdDdBRRAB,4,5
ChdDSUhNMG9nS0VJQ0FnSUNRM0xtdDdBRRAB_02,ChdDSUhNMG9nS0VJQ0FnSUNRM0xtdDdBRRAB,36,37
ChdDSUhNMG9nS0VJQ0FnSUNRM0xtdDdBRRAB_03,ChdDSUhNMG9nS0VJQ0FnSUNRM0xtdDdBRRAB,9,9
ChdDSUhNMG9nS0VJQ0FnSUNRM0xtdDdBRRAB_04,ChdDSUhNMG9nS0VJQ0FnSUNRM0xtdDdBRRAB,11,12
ChdDSUhNMG9nS0VJQ0FnSUNRM0xtdDdBRRAB_05,ChdDSUhNMG9nS0VJQ0FnSUNRM0xtdDdBRRAB,1,0
ChdDSUhNMG9nS0VJQ0FnSUNRM0xtdDdBRRAB_06,ChdDSUhNMG9nS0VJQ0FnSUNRM0xtdDdBRRAB,10,10
ChdDSUhNMG9nS0VJQ0FnSUNRM0xtdDdBRRAB_07,ChdDSUhNMG9nS0VJQ0FnSUNRM0xtdDdBRRAB,40,41
ChZDSUhNMG9nS0VJQ0FnSUNUNThTTFBREAE_01,ChZDSUhNMG9nS0VJQ0FnSUNUNThTTFBREAE,0,1
ChZDSUhNMG9nS0VJQ0FnSUR6bkl2VEVnEAE_01,ChZDSUhNMG9nS0VJQ0FnSUR6bkl2VEVnEAE,16,14
ChZDSUhNMG9nS0VJQ0FnSUR6bkl2VEVnEAE_02,ChZDSUhNMG9nS0VJQ0FnSUR6bkl2VEVnEAE,24,33
ChZDSUhNMG9nS0VJQ0FnSUNMX05MTEx3EAE_01,ChZDSUhNMG9nS0VJQ0FnSUNMX05MTEx3EAE,0,1
ChZDSUhNMG9nS0VJQ0FnSUNMX05MTEx3EAE_02,ChZDSUhNMG9nS0VJQ0FnSUNMX05MTEx3EAE,1,0
ChZDSUhNMG9nS0VJQ0FnSUNMX05MTEx3EAE_03,ChZDSUhNMG9nS0VJQ0FnSUNMX05MTEx3EAE,5,4
ChZDSUhNMG9nS0VJQ0FnSUNMX05MTEx3EAE_04,ChZDSUhNMG9nS0VJQ0FnSUNMX05MTEx3EAE,-1,-1
ChZDSUhNMG9nS0VJQ0FnSUNMX0phZFlBEAE_01,ChZDSUhNMG9nS0VJQ0FnSUNMX0phZFlBEAE,5,4
ChZDSUhNMG9nS0VJQ0FnSUNMX0phZFlBEAE_02,ChZDSUhNMG9nS0VJQ0FnSUNMX0phZFlBEAE,5,4
ChZDSUhNMG9nS0VJQ0FnSUNMX0phZFlBEAE_03,ChZDSUhNMG9nS0VJQ0FnSUNMX0phZFlBEAE,0,1
ChZDSUhNMG9nS0VJQ0FnSUNMX0phZFlBEAE_04,ChZDSUhNMG9nS0VJQ0FnSUNMX0phZFlBEAE,1,0
ChZDSUhNMG9nS0VJQ0FnSUNMX0phZFlBEAE_05,ChZDSUhNMG9nS0VJQ0FnSUNMX0phZFlBEAE,0,1
ChZDSUhNMG9nS0VJQ0FnSUNMX0phZFlBEAE_06,ChZDSUhNMG9nS0VJQ0FnSUNMX0phZFlBEAE,-1,-1
ChZDSUhNMG9nS0VJQ0FnSURIbE1DTkt3EAE_01,ChZDSUhNMG9nS0VJQ0FnSURIbE1DTkt3EAE,18,20
ChZDSUhNMG9nS0VJQ0FnSURIbE1DTkt3EAE_02,ChZDSUhNMG9nS0VJQ0FnSURIbE1DTkt3EAE,0,1
ChZDSUhNMG9nS0VJQ0FnSURIbE1DTkt3EAE_03,ChZDSUhNMG9nS0VJQ0FnSURIbE1DTkt3EAE,0,1
ChZDSUhNMG9nS0VJQ0FnSURIbE1DTkt3EAE_04,ChZDSUhNMG9nS0VJQ0FnSURIbE1DTkt3EAE,16,14
ChdDSUhNMG9nS0VJQ0FnSURnOHBqdjVnRRAB_01,ChdDSUhNMG9nS0VJQ0FnSURnOHBqdjVnRRAB,9,9
ChZDSUhNMG9nS0VJQ0FnSURuaDZYSkNBEAE_01,ChZDSUhNMG9nS0VJQ0FnSURuaDZYSkNBEAE,6,6
ChZDSUhNMG9nS0VJQ0FnSURuaDZYSkNBEAE_02,ChZDSUhNMG9nS0VJQ0FnSURuaDZYSkNBEAE,-1,-1
ChZDSUhNMG9nS0VJQ0FnSURuaDZYSkNBEAE_03,ChZDSUhNMG9nS0VJQ0FnSURuaDZYSkNBEAE,11,-1
ChZDSUhNMG9nS0VJQ0FnSUNoMmNLWE5REAE_01,ChZDSUhNMG9nS0VJQ0FnSUNoMmNLWE5REAE,4,5
ChZDSUhNMG9nS0VJQ0FnSUNoMmNLWE5REAE_02,ChZDSUhNMG9nS0VJQ0FnSUNoMmNLWE5REAE,6,6
ChZDSUhNMG9nS0VJQ0FnSUNoMmNLWE5REAE_03,ChZDSUhNMG9nS0VJQ0FnSUNoMmNLWE5REAE,-1,-1
ChZDSUhNMG9nS0VJQ0FnSUNoMmNLWE5REAE_04,ChZDSUhNMG9nS0VJQ0FnSUNoMmNLWE5REAE,1,-1
ChZDSUhNMG9nS0VJQ0FnSUNYMzduWUh3EAE_01,ChZDSUhNMG9nS0VJQ0FnSUNYMzduWUh3EAE,0,1
ChZDSUhNMG9nS0VJQ0FnSUNYMzduWUh3EAE_02,ChZDSUhNMG9nS0VJQ0FnSUNYMzduWUh3EAE,10,10
ChZDSUhNMG9nS0VJQ0FnSUQzcUlqelRBEAE_01,ChZDSUhNMG9nS0VJQ0FnSUQzcUlqelRBEAE,4,5
ChZDSUhNMG9nS0VJQ0FnSUQzcUlqelRBEAE_02,ChZDSUhNMG9nS0VJQ0FnSUQzcUlqelRBEAE,18,20
ChZDSUhNMG9nS0VJQ0FnSUQzanNtcERREAE_01,ChZDSUhNMG9nS0VJQ0FnSUQzanNtcERREAE,12,30
ChZDSUhNMG9nS0VJQ0FnSUQzanNtcERREAE_02,ChZDSUhNMG9nS0VJQ0FnSUQzanNtcERREAE,-1,-1
ChZDSUhNMG9nS0VJQ0FnSUNmZ19LaUJ3EAE_01,ChZDSUhNMG9nS0VJQ0FnSUNmZ19LaUJ3EAE,34,34
ChZDSUhNMG9nS0VJQ0FnSURreDU3SUJBEAE_01,ChZDSUhNMG9nS0VJQ0FnSURreDU3SUJBEAE,8,8
ChZDSUhNMG9nS0VJQ0FnSURreDU3SUJBEAE_02,ChZDSUhNMG9nS0VJQ0FnSURreDU3SUJBEAE,7,7
ChZDSUhNMG9nS0VJQ0FnSURreDU3SUJBEAE_03,ChZDSUhNMG9nS0VJQ0FnSURreDU3SUJBEAE,-1,-1
ChdDSUhNMG9nS0VJQ0FnTUNJa2FXZmxBRRAB_01,ChdDSUhNMG9nS0VJQ0FnTUNJa2FXZmxBRRAB,2,2
ChdDSUhNMG9nS0VJQ0FnTUNJa2FXZmxBRRAB_02,ChdDSUhNMG9nS0VJQ0FnTUNJa2FXZmxBRRAB,4,5
ChZDSUhNMG9nS0VJQ0FnTURJOUlxNGZ3EAE_01,ChZDSUhNMG9nS0VJQ0FnTURJOUlxNGZ3EAE,9,9
ChdDSUhNMG9nS0VORHdvZVhldThmd3FnRRAB_01,ChdDSUhNMG9nS0VORHdvZVhldThmd3FnRRAB,-1,-1
ChdDSUhNMG9nS0VORHdvZVhldThmd3FnRRAB_02,ChdDSUhNMG9nS0VORHdvZVhldThmd3FnRRAB,6,-1
ChdDSUhNMG9nS0VORHdvZVhldThmd3FnRRAB_03,ChdDSUhNMG9nS0VORHdvZVhldThmd3FnRRAB,20,18
ChdDSUhNMG9nS0VORHdvZVhldThmd3FnRRAB_04,ChdDSUhNMG9nS0VORHdvZVhldThmd3FnRRAB,5,4
ChZDSUhNMG9nS0VJZjJsX2pwdDZhMlV3EAE_01,ChZDSUhNMG9nS0VJZjJsX2pwdDZhMlV3EAE,8,8
ChZDSUhNMG9nS0VJZjJsX2pwdDZhMlV3EAE_02,ChZDSUhNMG9nS0VJZjJsX2pwdDZhMlV3EAE,-1,-1
Ci9DQUlRQUNvZENodHljRjlvT2tSRVlUUkVNREYzVkhwTGJHTkVMV0psTUZwVFJtYxAB_01,Ci9DQUlRQUNvZENodHljRjlvT2tSRVlUUkVNREYzVkhwTGJHTkVMV0psTUZwVFJtYxAB,14,13
Ci9DQUlRQUNvZENodHljRjlvT2tSRVlUUkVNREYzVkhwTGJHTkVMV0psTUZwVFJtYxAB_02,Ci9DQUlRQUNvZENodHljRjlvT2tSRVlUUkVNREYzVkhwTGJHTkVMV0psTUZwVFJtYxAB,6,-1
Ci9DQUlRQUNvZENodHljRjlvT2tSRVlUUkVNREYzVkhwTGJHTkVMV0psTUZwVFJtYxAB_03,Ci9DQUlRQUNvZENodHljRjlvT2tSRVlUUkVNREYzVkhwTGJHTkVMV0psTUZwVFJtYxAB,-1,-1
Ci9DQUlRQUNvZENodHljRjlvT21nMFFWWjJPSEZsYTJ3NE1UZENXbk5YYm5OM01GRRAB_01,Ci9DQUlRQUNvZENodHljRjlvT21nMFFWWjJPSEZsYTJ3NE1UZENXbk5YYm5OM01GRRAB,26,26
Ci9DQUlRQUNvZENodHljRjlvT21nMFFWWjJPSEZsYTJ3NE1UZENXbk5YYm5OM01GRRAB_02,Ci9DQUlRQUNvZENodHljRjlvT21nMFFWWjJPSEZsYTJ3NE1UZENXbk5YYm5OM01GRRAB,12,21
Ci9DQUlRQUNvZENodHljRjlvT21nMFFWWjJPSEZsYTJ3NE1UZENXbk5YYm5OM01GRRAB_03,Ci9DQUlRQUNvZENodHljRjlvT21nMFFWWjJPSEZsYTJ3NE1UZENXbk5YYm5OM01GRRAB,1,0
Ci9DQUlRQUNvZENodHljRjlvT21nMFFWWjJPSEZsYTJ3NE1UZENXbk5YYm5OM01GRRAB_04,Ci9DQUlRQUNvZENodHljRjlvT21nMFFWWjJPSEZsYTJ3NE1UZENXbk5YYm5OM01GRRAB,16,14
Ci9DQUlRQUNvZENodHljRjlvT25GcWExcFpkbGhMV0hRd1FYWXhkMWRMYUdOalUyYxAB_01,Ci9DQUlRQUNvZENodHljRjlvT25GcWExcFpkbGhMV0hRd1FYWXhkMWRMYUdOalUyYxAB,37,35
Ci9DQUlRQUNvZENodHljRjlvT25GcWExcFpkbGhMV0hRd1FYWXhkMWRMYUdOalUyYxAB_02,Ci9DQUlRQUNvZENodHljRjlvT25GcWExcFpkbGhMV0hRd1FYWXhkMWRMYUdOalUyYxAB,0,1
Ci9DQUlRQUNvZENodHljRjlvT25GcWExcFpkbGhMV0hRd1FYWXhkMWRMYUdOalUyYxAB_03,Ci9DQUlRQUNvZENodHljRjlvT25GcWExcFpkbGhMV0hRd1FYWXhkMWRMYUdOalUyYxAB,1,0
Ci9DQUlRQUNvZENodHljRjlvT25GcWExcFpkbGhMV0hRd1FYWXhkMWRMYUdOalUyYxAB_04,Ci9DQUlRQUNvZENodHljRjlvT25GcWExcFpkbGhMV0hRd1FYWXhkMWRMYUdOalUyYxAB,1,0
Ci9DQUlRQUNvZENodHljRjlvT25GcWExcFpkbGhMV0hRd1FYWXhkMWRMYUdOalUyYxAB_05,Ci9DQUlRQUNvZENodHljRjlvT25GcWExcFpkbGhMV0hRd1FYWXhkMWRMYUdOalUyYxAB,1,0
Ci9DQUlRQUNvZENodHljRjlvT25GcWExcFpkbGhMV0hRd1FYWXhkMWRMYUdOalUyYxAB_06,Ci9DQUlRQUNvZENodHljRjlvT25GcWExcFpkbGhMV0hRd1FYWXhkMWRMYUdOalUyYxAB,5,4
Ci9DQUlRQUNvZENodHljRjlvT2xOT1JESjNXa0V6TjFKc1ZXaEJTakZMVjJRM1RXYxAB_01,Ci9DQUlRQUNvZENodHljRjlvT2xOT1JESjNXa0V6TjFKc1ZXaEJTakZMVjJRM1RXYxAB,23,31
Ci9DQUlRQUNvZENodHljRjlvT2xOT1JESjNXa0V6TjFKc1ZXaEJTakZMVjJRM1RXYxAB_02,Ci9DQUlRQUNvZENodHljRjlvT2xOT1JESjNXa0V6TjFKc1ZXaEJTakZMVjJRM1RXYxAB,0,1
Ci9DQUlRQUNvZENodHljRjlvT2xOT1JESjNXa0V6TjFKc1ZXaEJTakZMVjJRM1RXYxAB_03,Ci9DQUlRQUNvZENodHljRjlvT2xOT1JESjNXa0V6TjFKc1ZXaEJTakZMVjJRM1RXYxAB,-1,-1
Ci9DQUlRQUNvZENodHljRjlvT2xOT1JESjNXa0V6TjFKc1ZXaEJTakZMVjJRM1RXYxAB_04,Ci9DQUlRQUNvZENodHljRjlvT2xOT1JESjNXa0V6TjFKc1ZXaEJTakZMVjJRM1RXYxAB,40,-1
Ci9DQUlRQUNvZENodHljRjlvT2xOT1JESjNXa0V6TjFKc1ZXaEJTakZMVjJRM1RXYxAB_05,Ci9DQUlRQUNvZENodHljRjlvT2xOT1JESjNXa0V6TjFKc1ZXaEJTakZMVjJRM1RXYxAB,0,1
Ci9DQUlRQUNvZENodHljRjlvT2xOT1JESjNXa0V6TjFKc1ZXaEJTakZMVjJRM1RXYxAB_06,Ci9DQUlRQUNvZENodHljRjlvT2xOT1JESjNXa0V6TjFKc1ZXaEJTakZMVjJRM1RXYxAB,9,9
Ci9DQUlRQUNvZENodHljRjlvT2xOT1JESjNXa0V6TjFKc1ZXaEJTakZMVjJRM1RXYxAB_07,Ci9DQUlRQUNvZENodHljRjlvT2xOT1JESjNXa0V6TjFKc1ZXaEJTakZMVjJRM1RXYxAB,1,0
Ci9DQUlRQUNvZENodHljRjlvT2s1WVdWUjNSM0Y0YW1RM1JXcEdVMEZVTW05VlFYYxAB_01,Ci9DQUlRQUNvZENodHljRjlvT2s1WVdWUjNSM0Y0YW1RM1JXcEdVMEZVTW05VlFYYxAB,1,0
Ci9DQUlRQUNvZENodHljRjlvT2s1WVdWUjNSM0Y0YW1RM1JXcEdVMEZVTW05VlFYYxAB_02,Ci9DQUlRQUNvZENodHljRjlvT2s1WVdWUjNSM0Y0YW1RM1JXcEdVMEZVTW05VlFYYxAB,4,5
Ci9DQUlRQUNvZENodHljRjlvT2s1WVdWUjNSM0Y0YW1RM1JXcEdVMEZVTW05VlFYYxAB_03,Ci9DQUlRQUNvZENodHljRjlvT2s1WVdWUjNSM0Y0YW1RM1JXcEdVMEZVTW05VlFYYxAB,1,0
Ci9DQUlRQUNvZENodHljRjlvT2s1WVdWUjNSM0Y0YW1RM1JXcEdVMEZVTW05VlFYYxAB_04,Ci9DQUlRQUNvZENodHljRjlvT2s1WVdWUjNSM0Y0YW1RM1JXcEdVMEZVTW05VlFYYxAB,1,0
Ci9DQUlRQUNvZENodHljRjlvT2s1WVdWUjNSM0Y0YW1RM1JXcEdVMEZVTW05VlFYYxAB_05,Ci9DQUlRQUNvZENodHljRjlvT2s1WVdWUjNSM0Y0YW1RM1JXcEdVMEZVTW05VlFYYxAB,5,-1
Ci9DQUlRQUNvZENodHljRjlvT2pCTFZuTmFPV3RsWDFOdlJWSXhiM1ZaVnpSaVoyYxAB_01,Ci9DQUlRQUNvZENodHljRjlvT2pCTFZuTmFPV3RsWDFOdlJWSXhiM1ZaVnpSaVoyYxAB,12,30
Ci9DQUlRQUNvZENodHljRjlvT2pCTFZuTmFPV3RsWDFOdlJWSXhiM1ZaVnpSaVoyYxAB_02,Ci9DQUlRQUNvZENodHljRjlvT2pCTFZuTmFPV3RsWDFOdlJWSXhiM1ZaVnpSaVoyYxAB,11,12
Ci9DQUlRQUNvZENodHljRjlvT2pCTFZuTmFPV3RsWDFOdlJWSXhiM1ZaVnpSaVoyYxAB_03,Ci9DQUlRQUNvZENodHljRjlvT2pCTFZuTmFPV3RsWDFOdlJWSXhiM1ZaVnpSaVoyYxAB,0,1
Ci9DQUlRQUNvZENodHljRjlvT2pCTFZuTmFPV3RsWDFOdlJWSXhiM1ZaVnpSaVoyYxAB_04,Ci9DQUlRQUNvZENodHljRjlvT2pCTFZuTmFPV3RsWDFOdlJWSXhiM1ZaVnpSaVoyYxAB,4,-1
Ci9DQUlRQUNvZENodHljRjlvT2pCTFZuTmFPV3RsWDFOdlJWSXhiM1ZaVnpSaVoyYxAB_05,Ci9DQUlRQUNvZENodHljRjlvT2pCTFZuTmFPV3RsWDFOdlJWSXhiM1ZaVnpSaVoyYxAB,-1,-1
Ci9DQUlRQUNvZENodHljRjlvT2s0eVNWUnRjSEJ5WjNwbE5rOXFiV3ByTTFWbGEzYxAB_01,Ci9DQUlRQUNvZENodHljRjlvT2s0eVNWUnRjSEJ5WjNwbE5rOXFiV3ByTTFWbGEzYxAB,-1,-1
Ci9DQUlRQUNvZENodHljRjlvT2xaRk1sSkhjbEpDZWtNNExYbFpSbVo2UVVSclVrRRAB_01,Ci9DQUlRQUNvZENodHljRjlvT2xaRk1sSkhjbEpDZWtNNExYbFpSbVo2UVVSclVrRRAB,23,-1
Ci9DQUlRQUNvZENodHljRjlvT20xR09XZE9UVGxSYW1OZmFqWkZRVUZ2TldWRFEzYxAB_01,Ci9DQUlRQUNvZENodHljRjlvT20xR09XZE9UVGxSYW1OZmFqWkZRVUZ2TldWRFEzYxAB,0,1
Ci9DQUlRQUNvZENodHljRjlvT20xR09XZE9UVGxSYW1OZmFqWkZRVUZ2TldWRFEzYxAB_02,Ci9DQUlRQUNvZENodHljRjlvT20xR09XZE9UVGxSYW1OZmFqWkZRVUZ2TldWRFEzYxAB,39,38
Ci9DQUlRQUNvZENodHljRjlvT2taTmVrcGlNMVphYUdkdmNYZHBZMTlSTFZnMU1YYxAB_01,Ci9DQUlRQUNvZENodHljRjlvT2taTmVrcGlNMVphYUdkdmNYZHBZMTlSTFZnMU1YYxAB,1,0
Ci9DQUlRQUNvZENodHljRjlvT2taTmVrcGlNMVphYUdkdmNYZHBZMTlSTFZnMU1YYxAB_02,Ci9DQUlRQUNvZENodHljRjlvT2taTmVrcGlNMVphYUdkdmNYZHBZMTlSTFZnMU1YYxAB,4,-1
Ci9DQUlRQUNvZENodHljRjlvT2taTmVrcGlNMVphYUdkdmNYZHBZMTlSTFZnMU1YYxAB_03,Ci9DQUlRQUNvZENodHljRjlvT2taTmVrcGlNMVphYUdkdmNYZHBZMTlSTFZnMU1YYxAB,8,8
Ci9DQUlRQUNvZENodHljRjlvT2toQlRUSkVVazFtVkVGTlJsY3lSbkZ5ZEhOTmMxRRAB_01,Ci9DQUlRQUNvZENodHljRjlvT2toQlRUSkVVazFtVkVGTlJsY3lSbkZ5ZEhOTmMxRRAB,26,26
Ci9DQUlRQUNvZENodHljRjlvT2toQlRUSkVVazFtVkVGTlJsY3lSbkZ5ZEhOTmMxRRAB_02,Ci9DQUlRQUNvZENodHljRjlvT2toQlRUSkVVazFtVkVGTlJsY3lSbkZ5ZEhOTmMxRRAB,-1,-1
Ci9DQUlRQUNvZENodHljRjlvT2pCalFVRlhhbFJwZGpSUVZ6SlpXRXh1WVdNM1VFRRAB_01,Ci9DQUlRQUNvZENodHljRjlvT2pCalFVRlhhbFJwZGpSUVZ6SlpXRXh1WVdNM1VFRRAB,4,-1
Ci9DQUlRQUNvZENodHljRjlvT2pCalFVRlhhbFJwZGpSUVZ6SlpXRXh1WVdNM1VFRRAB_02,Ci9DQUlRQUNvZENodHljRjlvT2pCalFVRlhhbFJwZGpSUVZ6SlpXRXh1WVdNM1VFRRAB,20,18
Ci9DQUlRQUNvZENodHljRjlvT2pCalFVRlhhbFJwZGpSUVZ6SlpXRXh1WVdNM1VFRRAB_03,Ci9DQUlRQUNvZENodHljRjlvT2pCalFVRlhhbFJwZGpSUVZ6SlpXRXh1WVdNM1VFRRAB,11,-1
Ci9DQUlRQUNvZENodHljRjlvT2xjeVFuTk9OMTk1V1hWWVFWcHBOV05EUnpKWmIwRRAB_01,Ci9DQUlRQUNvZENodHljRjlvT2xjeVFuTk9OMTk1V1hWWVFWcHBOV05EUnpKWmIwRRAB,0,-1
Ci9DQUlRQUNvZENodHljRjlvT2xjeVFuTk9OMTk1V1hWWVFWcHBOV05EUnpKWmIwRRAB_02,Ci9DQUlRQUNvZENodHljRjlvT2xjeVFuTk9OMTk1V1hWWVFWcHBOV05EUnpKWmIwRRAB,-1,-1
Ci9DQUlRQUNvZENodHljRjlvT2xjeVFuTk9OMTk1V1hWWVFWcHBOV05EUnpKWmIwRRAB_03,Ci9DQUlRQUNvZENodHljRjlvT2xjeVFuTk9OMTk1V1hWWVFWcHBOV05EUnpKWmIwRRAB,0,1
Ci9DQUlRQUNvZENodHljRjlvT2xjeVFuTk9OMTk1V1hWWVFWcHBOV05EUnpKWmIwRRAB_04,Ci9DQUlRQUNvZENodHljRjlvT2xjeVFuTk9OMTk1V1hWWVFWcHBOV05EUnpKWmIwRRAB,9,9
Ci9DQUlRQUNvZENodHljRjlvT2xjeVFuTk9OMTk1V1hWWVFWcHBOV05EUnpKWmIwRRAB_05,Ci9DQUlRQUNvZENodHljRjlvT2xjeVFuTk9OMTk1V1hWWVFWcHBOV05EUnpKWmIwRRAB,5,4
Ci9DQUlRQUNvZENodHljRjlvT2xjeVFuTk9OMTk1V1hWWVFWcHBOV05EUnpKWmIwRRAB_06,Ci9DQUlRQUNvZENodHljRjlvT2xjeVFuTk9OMTk1V1hWWVFWcHBOV05EUnpKWmIwRRAB,1,0
Ci9DQUlRQUNvZENodHljRjlvT2xjeVFuTk9OMTk1V1hWWVFWcHBOV05EUnpKWmIwRRAB_07,Ci9DQUlRQUNvZENodHljRjlvT2xjeVFuTk9OMTk1V1hWWVFWcHBOV05EUnpKWmIwRRAB,-1,-1
Ci9DQUlRQUNvZENodHljRjlvT2xjeVFuTk9OMTk1V1hWWVFWcHBOV05EUnpKWmIwRRAB_08,Ci9DQUlRQUNvZENodHljRjlvT2xjeVFuTk9OMTk1V1hWWVFWcHBOV05EUnpKWmIwRRAB,34,34
Ci9DQUlRQUNvZENodHljRjlvT2xjeVFuTk9OMTk1V1hWWVFWcHBOV05EUnpKWmIwRRAB_09,Ci9DQUlRQUNvZENodHljRjlvT2xjeVFuTk9OMTk1V1hWWVFWcHBOV05EUnpKWmIwRRAB,-1,-1
Ci9DQUlRQUNvZENodHljRjlvT2s1d1ZrUmpiRkZDTTI1Rk5tOXBUVE16TTJ0dFIwRRAB_01,Ci9DQUlRQUNvZENodHljRjlvT2s1d1ZrUmpiRkZDTTI1Rk5tOXBUVE16TTJ0dFIwRRAB,-1,-1
Ci9DQUlRQUNvZENodHljRjlvT21SalFYUkZSekZDTkdaSVdVSnZNREJMWkY5eVEzYxAB_01,Ci9DQUlRQUNvZENodHljRjlvT21SalFYUkZSekZDTkdaSVdVSnZNREJMWkY5eVEzYxAB,23,-1
Ci9DQUlRQUNvZENodHljRjlvT25Cd2VrcHZTbEIzY21NNFJYRnZiV1F0VTJGdVowRRAB_01,Ci9DQUlRQUNvZENodHljRjlvT25Cd2VrcHZTbEIzY21NNFJYRnZiV1F0VTJGdVowRRAB,7,7
Ci9DQUlRQUNvZENodHljRjlvT210M1VrZ3hhVmh1YldoRFozQkNkR05DVVVseVdHYxAB_01,Ci9DQUlRQUNvZENodHljRjlvT210M1VrZ3hhVmh1YldoRFozQkNkR05DVVVseVdHYxAB,2,2
ChdDSUhNMG9nS0VJQ0FnSUMxLWMtUTl3RRAB_01,ChdDSUhNMG9nS0VJQ0FnSUMxLWMtUTl3RRAB,4,5
ChdDSUhNMG9nS0VJQ0FnSUMxLWMtUTl3RRAB_02,ChdDSUhNMG9nS0VJQ0FnSUMxLWMtUTl3RRAB,22,17
ChZDSUhNMG9nS0VJQ0FnSUQ5dWVhQmVBEAE_01,ChZDSUhNMG9nS0VJQ0FnSUQ5dWVhQmVBEAE,-1,-1
ChZDSUhNMG9nS0VJQ0FnSUQ5dWVhQmVBEAE_02,ChZDSUhNMG9nS0VJQ0FnSUQ5dWVhQmVBEAE,0,1
ChZDSUhNMG9nS0VJQ0FnSUQ5dWVhQmVBEAE_03,ChZDSUhNMG9nS0VJQ0FnSUQ5dWVhQmVBEAE,2,2
ChZDSUhNMG9nS0VJQ0FnSUQ5dWVhQmVBEAE_04,ChZDSUhNMG9nS0VJQ0FnSUQ5dWVhQmVBEAE,2,2
ChZDSUhNMG9nS0VJQ0FnSUNEdHAzcFN3EAE_01,ChZDSUhNMG9nS0VJQ0FnSUNEdHAzcFN3EAE,33,39
ChZDSUhNMG9nS0VJQ0FnSUNEdHAzcFN3EAE_02,ChZDSUhNMG9nS0VJQ0FnSUNEdHAzcFN3EAE,1,0
ChZDSUhNMG9nS0VJQ0FnSUNEdHAzcFN3EAE_03,ChZDSUhNMG9nS0VJQ0FnSUNEdHAzcFN3EAE,22,17
ChZDSUhNMG9nS0VJQ0FnSUNEdHAzcFN3EAE_04,ChZDSUhNMG9nS0VJQ0FnSUNEdHAzcFN3EAE,5,4
ChZDSUhNMG9nS0VJQ0FnSUREZ3ZTM1pREAE_01,ChZDSUhNMG9nS0VJQ0FnSUREZ3ZTM1pREAE,12,30
ChZDSUhNMG9nS0VJQ0FnSUREZ3ZTM1pREAE_02,ChZDSUhNMG9nS0VJQ0FnSUREZ3ZTM1pREAE,-1,-1
ChZDSUhNMG9nS0VJQ0FnSUREZ3ZTM1pREAE_03,ChZDSUhNMG9nS0VJQ0FnSUREZ3ZTM1pREAE,2,2
ChZDSUhNMG9nS0VJQ0FnSUREZ3ZTM1pREAE_04,ChZDSUhNMG9nS0VJQ0FnSUREZ3ZTM1pREAE,19,16
ChZDSUhNMG9nS0VJQ0FnSURqN0ltYmN3EAE_01,ChZDSUhNMG9nS0VJQ0FnSURqN0ltYmN3EAE,11,-1
ChZDSUhNMG9nS0VJQ0FnSURqN0ltYmN3EAE_02,ChZDSUhNMG9nS0VJQ0FnSURqN0ltYmN3EAE,1,0
ChdDSUhNMG9nS0VJQ0FnSURqcnQzcG9nRRAB_01,ChdDSUhNMG9nS0VJQ0FnSURqcnQzcG9nRRAB,5,4
ChdDSUhNMG9nS0VJQ0FnSUNUME9fNWtBRRAB_01,ChdDSUhNMG9nS0VJQ0FnSUNUME9fNWtBRRAB,10,10
ChdDSUhNMG9nS0VJQ0FnSUNUME9fNWtBRRAB_02,ChdDSUhNMG9nS0VJQ0FnSUNUME9fNWtBRRAB,11,12
ChdDSUhNMG9nS0VJQ0FnSUNUME9fNWtBRRAB_03,ChdDSUhNMG9nS0VJQ0FnSUNUME9fNWtBRRAB,13,15
ChdDSUhNMG9nS0VJQ0FnSURUMWJxOXVRRRAB_01,ChdDSUhNMG9nS0VJQ0FnSURUMWJxOXVRRRAB,21,-1
ChdDSUhNMG9nS0VJQ0FnSUN6MHNmM25RRRAB_01,ChdDSUhNMG9nS0VJQ0FnSUN6MHNmM25RRRAB,3,-1
ChZDSUhNMG9nS0VJQ0FnSUQ3X2UtTFNBEAE_01,ChZDSUhNMG9nS0VJQ0FnSUQ3X2UtTFNBEAE,4,-1
ChdDSUhNMG9nS0VJQ0FnSUNINFBfNTBRRRAB_01,ChdDSUhNMG9nS0VJQ0FnSUNINFBfNTBRRRAB,9,9
ChdDSUhNMG9nS0VJQ0FnSUNINFBfNTBRRRAB_02,ChdDSUhNMG9nS0VJQ0FnSUNINFBfNTBRRRAB,-1,-1
ChdDSUhNMG9nS0VJQ0FnSUNINFBfNTBRRRAB_03,ChdDSUhNMG9nS0VJQ0FnSUNINFBfNTBRRRAB,35,36
ChdDSUhNMG9nS0VJQ0FnSUNINFBfNTBRRRAB_04,ChdDSUhNMG9nS0VJQ0FnSUNINFBfNTBRRRAB,10,10
ChdDSUhNMG9nS0VJQ0FnSUNINFBfNTBRRRAB_05,ChdDSUhNMG9nS0VJQ0FnSUNINFBfNTBRRRAB,-1,-1
ChdDSUhNMG9nS0VJQ0FnSUNIdEthcnhnRRAB_01,ChdDSUhNMG9nS0VJQ0FnSUNIdEthcnhnRRAB,3,3
ChdDSUhNMG9nS0VJQ0FnSUNIdEthcnhnRRAB_02,ChdDSUhNMG9nS0VJQ0FnSUNIdEthcnhnRRAB,-1,-1
ChZDSUhNMG9nS0VJQ0FnSUNYLXVLVUZREAE_01,ChZDSUhNMG9nS0VJQ0FnSUNYLXVLVUZREAE,2,2
ChZDSUhNMG9nS0VJQ0FnSUNYLXVLVUZREAE_02,ChZDSUhNMG9nS0VJQ0FnSUNYLXVLVUZREAE,21,28
ChZDSUhNMG9nS0VJQ0FnSUNYLXVLVUZREAE_03,ChZDSUhNMG9nS0VJQ0FnSUNYLXVLVUZREAE,2,2
ChZDSUhNMG9nS0VJQ0FnSUN2NGI2dllnEAE_01,ChZDSUhNMG9nS0VJQ0FnSUN2NGI2dllnEAE,3,3
ChZDSUhNMG9nS0VJQ0FnSUN2NGI2dllnEAE_02,ChZDSUhNMG9nS0VJQ0FnSUN2NGI2dllnEAE,3,3
ChZDSUhNMG9nS0VJQ0FnSUN2NGI2dllnEAE_03,ChZDSUhNMG9nS0VJQ0FnSUN2NGI2dllnEAE,2,2
ChZDSUhNMG9nS0VJQ0FnSUR2bWNpVUNREAE_01,ChZDSUhNMG9nS0VJQ0FnSUR2bWNpVUNREAE,21,28
ChZDSUhNMG9nS0VJQ0FnSUR2bWNpVUNREAE_02,ChZDSUhNMG9nS0VJQ0FnSUR2bWNpVUNREAE,20,18
ChdDSUhNMG9nS0VJQ0FnTURnc3VHYWtnRRAB_01,ChdDSUhNMG9nS0VJQ0FnTURnc3VHYWtnRRAB,37,35
ChdDSUhNMG9nS0VJQ0FnTURnc3VHYWtnRRAB_02,ChdDSUhNMG9nS0VJQ0FnTURnc3VHYWtnRRAB,21,28
ChZDSUhNMG9nS0VJQ0FnTURRanJXRmV3EAE_01,ChZDSUhNMG9nS0VJQ0FnTURRanJXRmV3EAE,0,1
ChZDSUhNMG9nS0VJQ0FnTURRanJXRmV3EAE_02,ChZDSUhNMG9nS0VJQ0FnTURRanJXRmV3EAE,-1,-1
ChZDSUhNMG9nS0VJQ0FnTURRam8zSGFBEAE_01,ChZDSUhNMG9nS0VJQ0FnTURRam8zSGFBEAE,0,1
ChZDSUhNMG9nS0VJQ0FnTURRODV6aElREAE_01,ChZDSUhNMG9nS0VJQ0FnTURRODV6aElREAE,20,18
ChZDSUhNMG9nS0VJQ0FnTURRODV6aElREAE_02,ChZDSUhNMG9nS0VJQ0FnTURRODV6aElREAE,4,5
ChZDSUhNMG9nS0VJQ0FnTURRODV6aElREAE_03,ChZDSUhNMG9nS0VJQ0FnTURRODV6aElREAE,1,-1
ChZDSUhNMG9nS0VJQ0FnTURRODV6aElREAE_04,ChZDSUhNMG9nS0VJQ0FnTURRODV6aElREAE,-1,-1
ChdDSUhNMG9nS0VJQ0FnTURvaXBuMy1nRRAB_01,ChdDSUhNMG9nS0VJQ0FnTURvaXBuMy1nRRAB,-1,-1
ChdDSUhNMG9nS0VJQ0FnTURvaXBuMy1nRRAB_02,ChdDSUhNMG9nS0VJQ0FnTURvaXBuMy1nRRAB,4,5
ChZDSUhNMG9nS0VMdUQxSzY3czhHNVFnEAE_01,ChZDSUhNMG9nS0VMdUQxSzY3czhHNVFnEAE,22,17
Ci9DQUlRQUNvZENodHljRjlvT21GQmFqaGFNbEpMTFROdGMwSlRMV1pOZEdrelgzYxAB_01,Ci9DQUlRQUNvZENodHljRjlvT21GQmFqaGFNbEpMTFROdGMwSlRMV1pOZEdrelgzYxAB,9,9
Ci9DQUlRQUNvZENodHljRjlvT2xaU1FVUXRWMGR5VmtaQmFHVlhkMDEwYW5jNWRtYxAB_01,Ci9DQUlRQUNvZENodHljRjlvT2xaU1FVUXRWMGR5VmtaQmFHVlhkMDEwYW5jNWRtYxAB,21,-1
Ci9DQUlRQUNvZENodHljRjlvT25WSGJFcHFUMU5TWkhGWloxUlJNMFpLUkVGelQyYxAB_01,Ci9DQUlRQUNvZENodHljRjlvT25WSGJFcHFUMU5TWkhGWloxUlJNMFpLUkVGelQyYxAB,-1,-1
Ci9DQUlRQUNvZENodHljRjlvT2s1U1puQkxTVUZyUkhWSFlsRlFWWGhzY2pjMmJsRRAB_01,Ci9DQUlRQUNvZENodHljRjlvT2s1U1puQkxTVUZyUkhWSFlsRlFWWGhzY2pjMmJsRRAB,6,6
Ci9DQUlRQUNvZENodHljRjlvT2pGS00yUlhhSFZ2WVhoUGNrNDROazgzUWtrM04wRRAB_01,Ci9DQUlRQUNvZENodHljRjlvT2pGS00yUlhhSFZ2WVhoUGNrNDROazgzUWtrM04wRRAB,34,-1
Ci9DQUlRQUNvZENodHljRjlvT2paWlVGWlBVWE14ZVV3eVlrVlVVazlqZWpoNE9XYxAB_01,Ci9DQUlRQUNvZENodHljRjlvT2paWlVGWlBVWE14ZVV3eVlrVlVVazlqZWpoNE9XYxAB,9,9
Ci9DQUlRQUNvZENodHljRjlvT2paWlVGWlBVWE14ZVV3eVlrVlVVazlqZWpoNE9XYxAB_02,Ci9DQUlRQUNvZENodHljRjlvT2paWlVGWlBVWE14ZVV3eVlrVlVVazlqZWpoNE9XYxAB,13,-1
Ci9DQUlRQUNvZENodHljRjlvT2paWlVGWlBVWE14ZVV3eVlrVlVVazlqZWpoNE9XYxAB_03,Ci9DQUlRQUNvZENodHljRjlvT2paWlVGWlBVWE14ZVV3eVlrVlVVazlqZWpoNE9XYxAB,10,10
Ci9DQUlRQUNvZENodHljRjlvT214b1gyWlRhbTF3UjI4NVJpMDNhbXQ1UmpobVJrRRAB_01,Ci9DQUlRQUNvZENodHljRjlvT214b1gyWlRhbTF3UjI4NVJpMDNhbXQ1UmpobVJrRRAB,7,-1
Ci9DQUlRQUNvZENodHljRjlvT214b1gyWlRhbTF3UjI4NVJpMDNhbXQ1UmpobVJrRRAB_02,Ci9DQUlRQUNvZENodHljRjlvT214b1gyWlRhbTF3UjI4NVJpMDNhbXQ1UmpobVJrRRAB,1,0
Ci9DQUlRQUNvZENodHljRjlvT2sxbFNpMTBkbEJhWjA1TmIwWlRkMFpHVjIxRE4xRRAB_01,Ci9DQUlRQUNvZENodHljRjlvT2sxbFNpMTBkbEJhWjA1TmIwWlRkMFpHVjIxRE4xRRAB,22,17
Ci9DQUlRQUNvZENodHljRjlvT2sxbFNpMTBkbEJhWjA1TmIwWlRkMFpHVjIxRE4xRRAB_02,Ci9DQUlRQUNvZENodHljRjlvT2sxbFNpMTBkbEJhWjA1TmIwWlRkMFpHVjIxRE4xRRAB,22,17
Ci9DQUlRQUNvZENodHljRjlvT21WRVpGTkliakJCTldzMFowSnNjRm81VG5oM1UzYxAB_01,Ci9DQUlRQUNvZENodHljRjlvT21WRVpGTkliakJCTldzMFowSnNjRm81VG5oM1UzYxAB,38,40
Ci9DQUlRQUNvZENodHljRjlvT21WRVpGTkliakJCTldzMFowSnNjRm81VG5oM1UzYxAB_02,Ci9DQUlRQUNvZENodHljRjlvT21WRVpGTkliakJCTldzMFowSnNjRm81VG5oM1UzYxAB,18,-1
Ci9DQUlRQUNvZENodHljRjlvT25wdWVXVlllbFJ5Ym5aUk1DMDVXbTR0VFV4VVRVRRAB_01,Ci9DQUlRQUNvZENodHljRjlvT25wdWVXVlllbFJ5Ym5aUk1DMDVXbTR0VFV4VVRVRRAB,0,1
Ci9DQUlRQUNvZENodHljRjlvT25wdWVXVlllbFJ5Ym5aUk1DMDVXbTR0VFV4VVRVRRAB_02,Ci9DQUlRQUNvZENodHljRjlvT25wdWVXVlllbFJ5Ym5aUk1DMDVXbTR0VFV4VVRVRRAB,-1,-1
Ci9DQUlRQUNvZENodHljRjlvT25wdWVXVlllbFJ5Ym5aUk1DMDVXbTR0VFV4VVRVRRAB_03,Ci9DQUlRQUNvZENodHljRjlvT25wdWVXVlllbFJ5Ym5aUk1DMDVXbTR0VFV4VVRVRRAB,-1,-1
Ci9DQUlRQUNvZENodHljRjlvT25wdWVXVlllbFJ5Ym5aUk1DMDVXbTR0VFV4VVRVRRAB_04,Ci9DQUlRQUNvZENodHljRjlvT25wdWVXVlllbFJ5Ym5aUk1DMDVXbTR0VFV4VVRVRRAB,4,5
Ci9DQUlRQUNvZENodHljRjlvT25wdWVXVlllbFJ5Ym5aUk1DMDVXbTR0VFV4VVRVRRAB_05,Ci9DQUlRQUNvZENodHljRjlvT25wdWVXVlllbFJ5Ym5aUk1DMDVXbTR0VFV4VVRVRRAB,34,34
ChZDSUhNMG9nS0VJQ0FnSURkc0ltaEtREAE_01,ChZDSUhNMG9nS0VJQ0FnSURkc0ltaEtREAE,34,-1
ChZDSUhNMG9nS0VJQ0FnSURkc0ltaEtREAE_02,ChZDSUhNMG9nS0VJQ0FnSURkc0ltaEtREAE,-1,-1
ChZDSUhNMG9nS0VJQ0FnSUQ3bS1Pb2RBEAE_01,ChZDSUhNMG9nS0VJQ0FnSUQ3bS1Pb2RBEAE,24,-1
ChdDSUhNMG9nS0VJQ0FnSURmdzRLVDNnRRAB_01,ChdDSUhNMG9nS0VJQ0FnSURmdzRLVDNnRRAB,14,-1
Ci9DQUlRQUNvZENodHljRjlvT2poQlgwZ3pSRlpsTWpZd1FsWndPV3huTldkaGFIYxAB_01,Ci9DQUlRQUNvZENodHljRjlvT2poQlgwZ3pSRlpsTWpZd1FsWndPV3huTldkaGFIYxAB,26,26
Ci9DQUlRQUNvZENodHljRjlvT2s5WmRGSnpiM05pVG5NM1NVbHhTbTlzYmxFd0xVRRAB_01,Ci9DQUlRQUNvZENodHljRjlvT2s5WmRGSnpiM05pVG5NM1NVbHhTbTlzYmxFd0xVRRAB,0,1
Ci9DQUlRQUNvZENodHljRjlvT2s5WmRGSnpiM05pVG5NM1NVbHhTbTlzYmxFd0xVRRAB_02,Ci9DQUlRQUNvZENodHljRjlvT2s5WmRGSnpiM05pVG5NM1NVbHhTbTlzYmxFd0xVRRAB,-1,-1
Ci9DQUlRQUNvZENodHljRjlvT2s5WmRGSnpiM05pVG5NM1NVbHhTbTlzYmxFd0xVRRAB_03,Ci9DQUlRQUNvZENodHljRjlvT2s5WmRGSnpiM05pVG5NM1NVbHhTbTlzYmxFd0xVRRAB,-1,-1
ChdDSUhNMG9nS0VJQ0FnSURONTdHbGtRRRAB_01,ChdDSUhNMG9nS0VJQ0FnSURONTdHbGtRRRAB,17,19
ChdDSUhNMG9nS0VJQ0FnSURONTdHbGtRRRAB_02,ChdDSUhNMG9nS0VJQ0FnSURONTdHbGtRRRAB,17,-1
ChdDSUhNMG9nS0VJQ0FnSURMNS1PVWlnRRAB_01,ChdDSUhNMG9nS0VJQ0FnSURMNS1PVWlnRRAB,6,6
ChZDSUhNMG9nS0VJQ0FnSURMNV8yN2RREAE_01,ChZDSUhNMG9nS0VJQ0FnSURMNV8yN2RREAE,0,1
ChZDSUhNMG9nS0VJQ0FnSURMNV8yN2RREAE_02,ChZDSUhNMG9nS0VJQ0FnSURMNV8yN2RREAE,6,6
ChZDSUhNMG9nS0VJQ0FnSURMNV8yN2RREAE_03,ChZDSUhNMG9nS0VJQ0FnSURMNV8yN2RREAE,30,-1
ChZDSUhNMG9nS0VJQ0FnSURMNV8yN2RREAE_04,ChZDSUhNMG9nS0VJQ0FnSURMNV8yN2RREAE,-1,-1
ChZDSUhNMG9nS0VJQ0FnSURMNV8yN2RREAE_05,ChZDSUhNMG9nS0VJQ0FnSURMNV8yN2RREAE,5,4
ChZDSUhNMG9nS0VJQ0FnSUNycU1DUEtBEAE_01,ChZDSUhNMG9nS0VJQ0FnSUNycU1DUEtBEAE,17,19
ChZDSUhNMG9nS0VJQ0FnSUNycU1DUEtBEAE_02,ChZDSUhNMG9nS0VJQ0FnSUNycU1DUEtBEAE,17,-1
ChZDSUhNMG9nS0VJQ0FnSUNycU1DUEtBEAE_03,ChZDSUhNMG9nS0VJQ0FnSUNycU1DUEtBEAE,-1,-1
ChdDSUhNMG9nS0VJQ0FnTURvdXBhSGx3RRAB_01,ChdDSUhNMG9nS0VJQ0FnTURvdXBhSGx3RRAB,3,3
ChdDSUhNMG9nS0VJQ0FnTURvdXBhSGx3RRAB_02,ChdDSUhNMG9nS0VJQ0FnTURvdXBhSGx3RRAB,-1,-1
Ci9DQUlRQUNvZENodHljRjlvT2tnelZWOUVha1Y0V25vd01qZENTSEl5Ykd0TFNrRRAB_01,Ci9DQUlRQUNvZENodHljRjlvT2tnelZWOUVha1Y0V25vd01qZENTSEl5Ykd0TFNrRRAB,-1,-1
Ci9DQUlRQUNvZENodHljRjlvT2w5RlRFdHFOalJ1YXpCRFEybzRVSEJhV0RGeFdsRRAB_01,Ci9DQUlRQUNvZENodHljRjlvT2w5RlRFdHFOalJ1YXpCRFEybzRVSEJhV0RGeFdsRRAB,17,-1
Ci9DQUlRQUNvZENodHljRjlvT2w5RlRFdHFOalJ1YXpCRFEybzRVSEJhV0RGeFdsRRAB_02,Ci9DQUlRQUNvZENodHljRjlvT2w5RlRFdHFOalJ1YXpCRFEybzRVSEJhV0RGeFdsRRAB,2,2
ChZDSUhNMG9nS0VJQ0FnSUQ5NFpuME9BEAE_01,ChZDSUhNMG9nS0VJQ0FnSUQ5NFpuME9BEAE,22,17
ChZDSUhNMG9nS0VJQ0FnSUNqNW9xVkJBEAE_01,ChZDSUhNMG9nS0VJQ0FnSUNqNW9xVkJBEAE,25,25
ChZDSUhNMG9nS0VJQ0FnSUNqNW9xVkJBEAE_02,ChZDSUhNMG9nS0VJQ0FnSUNqNW9xVkJBEAE,-1,-1
ChZDSUhNMG9nS0VJQ0FnSUNqNW9xVkJBEAE_03,ChZDSUhNMG9nS0VJQ0FnSUNqNW9xVkJBEAE,-1,-1
ChZDSUhNMG9nS0VJQ0FnSUNqNW9xVkJBEAE_04,ChZDSUhNMG9nS0VJQ0FnSUNqNW9xVkJBEAE,18,20
ChZDSUhNMG9nS0VJQ0FnSUNqNW9xVkJBEAE_05,ChZDSUhNMG9nS0VJQ0FnSUNqNW9xVkJBEAE,0,1
ChdDSUhNMG9nS0VJQ0FnSUNqNXFfem53RRAB_01,ChdDSUhNMG9nS0VJQ0FnSUNqNXFfem53RRAB,-1,-1
ChdDSUhNMG9nS0VJQ0FnSUNqNXFfem53RRAB_02,ChdDSUhNMG9nS0VJQ0FnSUNqNXFfem53RRAB,1,0
ChdDSUhNMG9nS0VJQ0FnSUNqNXFfem53RRAB_03,ChdDSUhNMG9nS0VJQ0FnSUNqNXFfem53RRAB,0,1
ChdDSUhNMG9nS0VJQ0FnSUNqNXFfem53RRAB_04,ChdDSUhNMG9nS0VJQ0FnSUNqNXFfem53RRAB,39,38
ChdDSUhNMG9nS0VJQ0FnSURqOVlmTXB3RRAB_01,ChdDSUhNMG9nS0VJQ0FnSURqOVlmTXB3RRAB,2,2
ChdDSUhNMG9nS0VJQ0FnSURqOVlmTXB3RRAB_02,ChdDSUhNMG9nS0VJQ0FnSURqOVlmTXB3RRAB,22,17
ChdDSUhNMG9nS0VJQ0FnSURqOVlmTXB3RRAB_03,ChdDSUhNMG9nS0VJQ0FnSURqOVlmTXB3RRAB,38,40
ChdDSUhNMG9nS0VJQ0FnSUNUc3UyWHZ3RRAB_01,ChdDSUhNMG9nS0VJQ0FnSUNUc3UyWHZ3RRAB,14,13
ChdDSUhNMG9nS0VJQ0FnSUNUc3UyWHZ3RRAB_02,ChdDSUhNMG9nS0VJQ0FnSUNUc3UyWHZ3RRAB,2,2
ChdDSUhNMG9nS0VJQ0FnSUN6cnVpVjNBRRAB_01,ChdDSUhNMG9nS0VJQ0FnSUN6cnVpVjNBRRAB,22,17
ChdDSUhNMG9nS0VJQ0FnSUN6cnVpVjNBRRAB_02,ChdDSUhNMG9nS0VJQ0FnSUN6cnVpVjNBRRAB,-1,-1
ChZDSUhNMG9nS0VJQ0FnSURMdE5QNElnEAE_01,ChZDSUhNMG9nS0VJQ0FnSURMdE5QNElnEAE,18,20
ChZDSUhNMG9nS0VJQ0FnSURMdE5QNElnEAE_02,ChZDSUhNMG9nS0VJQ0FnSURMdE5QNElnEAE,40,41
ChZDSUhNMG9nS0VJQ0FnSURMdE5QNElnEAE_03,ChZDSUhNMG9nS0VJQ0FnSURMdE5QNElnEAE,-1,-1
ChdDSUhNMG9nS0VJQ0FnSUNyZ3ZqbDBnRRAB_01,ChdDSUhNMG9nS0VJQ0FnSUNyZ3ZqbDBnRRAB,16,14
ChdDSUhNMG9nS0VJQ0FnSUNyZ3ZqbDBnRRAB_02,ChdDSUhNMG9nS0VJQ0FnSUNyZ3ZqbDBnRRAB,-1,-1
ChdDSUhNMG9nS0VJQ0FnSUNyZ3ZqbDBnRRAB_03,ChdDSUhNMG9nS0VJQ0FnSUNyZ3ZqbDBnRRAB,-1,-1
ChdDSUhNMG9nS0VJQ0FnSUNyZ3ZqbDBnRRAB_04,ChdDSUhNMG9nS0VJQ0FnSUNyZ3ZqbDBnRRAB,5,4
ChdDSUhNMG9nS0VJQ0FnSUNianRhMHlnRRAB_01,ChdDSUhNMG9nS0VJQ0FnSUNianRhMHlnRRAB,4,5
ChdDSUhNMG9nS0VJQ0FnSUNianRhMHlnRRAB_02,ChdDSUhNMG9nS0VJQ0FnSUNianRhMHlnRRAB,2,2
ChZDSUhNMG9nS0VJQ0FnSUN2cExxTkNREAE_01,ChZDSUhNMG9nS0VJQ0FnSUN2cExxTkNREAE,7,-1
ChZDSUhNMG9nS0VJQ0FnSUN2cExxTkNREAE_02,ChZDSUhNMG9nS0VJQ0FnSUN2cExxTkNREAE,5,-1
ChdDSUhNMG9nS0VJQ0FnTUNnMk1meXFBRRAB_01,ChdDSUhNMG9nS0VJQ0FnTUNnMk1meXFBRRAB,22,17
ChdDSUhNMG9nS0VJQ0FnTUNnMk1meXFBRRAB_02,ChdDSUhNMG9nS0VJQ0FnTUNnMk1meXFBRRAB,-1,-1
ChdDSUhNMG9nS0VJQ0FnTUNnMk1meXFBRRAB_03,ChdDSUhNMG9nS0VJQ0FnTUNnMk1meXFBRRAB,-1,-1
ChdDSUhNMG9nS0VJQ0FnTUNZMGVucmhBRRAB_01,ChdDSUhNMG9nS0VJQ0FnTUNZMGVucmhBRRAB,25,25
ChdDSUhNMG9nS0VJQ0FnTUNZMGVucmhBRRAB_02,ChdDSUhNMG9nS0VJQ0FnTUNZMGVucmhBRRAB,16,14
ChdDSUhNMG9nS0VJQ0FnTUNZMGVucmhBRRAB_03,ChdDSUhNMG9nS0VJQ0FnTUNZMGVucmhBRRAB,16,14
ChdDSUhNMG9nS0VJQ0FnTUNZMGVucmhBRRAB_04,ChdDSUhNMG9nS0VJQ0FnTUNZMGVucmhBRRAB,0,1
ChdDSUhNMG9nS0VJQ0FnTUNZMGVucmhBRRAB_05,ChdDSUhNMG9nS0VJQ0FnTUNZMGVucmhBRRAB,0,1
ChdDSUhNMG9nS0VJQ0FnTUNZMGVucmhBRRAB_06,ChdDSUhNMG9nS0VJQ0FnTUNZMGVucmhBRRAB,4,-1
Ci9DQUlRQUNvZENodHljRjlvT21kWGExWmhkamhPVnpaS1dqTTNXVjgwTldkQ2NFRRAB_01,Ci9DQUlRQUNvZENodHljRjlvT21kWGExWmhkamhPVnpaS1dqTTNXVjgwTldkQ2NFRRAB,26,26
Ci9DQUlRQUNvZENodHljRjlvT21kWGExWmhkamhPVnpaS1dqTTNXVjgwTldkQ2NFRRAB_02,Ci9DQUlRQUNvZENodHljRjlvT21kWGExWmhkamhPVnpaS1dqTTNXVjgwTldkQ2NFRRAB,13,15
Ci9DQUlRQUNvZENodHljRjlvT21kWGExWmhkamhPVnpaS1dqTTNXVjgwTldkQ2NFRRAB_03,Ci9DQUlRQUNvZENodHljRjlvT21kWGExWmhkamhPVnpaS1dqTTNXVjgwTldkQ2NFRRAB,22,17
Ci9DQUlRQUNvZENodHljRjlvT21kWGExWmhkamhPVnpaS1dqTTNXVjgwTldkQ2NFRRAB_04,Ci9DQUlRQUNvZENodHljRjlvT21kWGExWmhkamhPVnpaS1dqTTNXVjgwTldkQ2NFRRAB,2,2
Ci9DQUlRQUNvZENodHljRjlvT21kWGExWmhkamhPVnpaS1dqTTNXVjgwTldkQ2NFRRAB_05,Ci9DQUlRQUNvZENodHljRjlvT21kWGExWmhkamhPVnpaS1dqTTNXVjgwTldkQ2NFRRAB,-1,-1
Ci9DQUlRQUNvZENodHljRjlvT25NdFNXUmllVGxPVkhoUlNYaGxkblI1UlZsUk0yYxAB_01,Ci9DQUlRQUNvZENodHljRjlvT25NdFNXUmllVGxPVkhoUlNYaGxkblI1UlZsUk0yYxAB,1,0
Ci9DQUlRQUNvZENodHljRjlvT25NdFNXUmllVGxPVkhoUlNYaGxkblI1UlZsUk0yYxAB_02,Ci9DQUlRQUNvZENodHljRjlvT25NdFNXUmllVGxPVkhoUlNYaGxkblI1UlZsUk0yYxAB,0,1
Ci9DQUlRQUNvZENodHljRjlvT25NdFNXUmllVGxPVkhoUlNYaGxkblI1UlZsUk0yYxAB_03,Ci9DQUlRQUNvZENodHljRjlvT25NdFNXUmllVGxPVkhoUlNYaGxkblI1UlZsUk0yYxAB,1,0
Ci9DQUlRQUNvZENodHljRjlvT21weWFFSlRjbXh3WmpJeFgycGpOMFp2Wm5WVmNXYxAB_01,Ci9DQUlRQUNvZENodHljRjlvT21weWFFSlRjbXh3WmpJeFgycGpOMFp2Wm5WVmNXYxAB,7,7
Ci9DQUlRQUNvZENodHljRjlvT21weWFFSlRjbXh3WmpJeFgycGpOMFp2Wm5WVmNXYxAB_02,Ci9DQUlRQUNvZENodHljRjlvT21weWFFSlRjbXh3WmpJeFgycGpOMFp2Wm5WVmNXYxAB,-1,-1
Ci9DQUlRQUNvZENodHljRjlvT2pBNU1uYzFSRWRNWVhVd2RrdHlkR1JOVFRSVlpsRRAB_01,Ci9DQUlRQUNvZENodHljRjlvT2pBNU1uYzFSRWRNWVhVd2RrdHlkR1JOVFRSVlpsRRAB,-1,-1
Ci9DQUlRQUNvZENodHljRjlvT2pBNU1uYzFSRWRNWVhVd2RrdHlkR1JOVFRSVlpsRRAB_02,Ci9DQUlRQUNvZENodHljRjlvT2pBNU1uYzFSRWRNWVhVd2RrdHlkR1JOVFRSVlpsRRAB,6,6
Ci9DQUlRQUNvZENodHljRjlvT2pBNU1uYzFSRWRNWVhVd2RrdHlkR1JOVFRSVlpsRRAB_03,Ci9DQUlRQUNvZENodHljRjlvT2pBNU1uYzFSRWRNWVhVd2RrdHlkR1JOVFRSVlpsRRAB,20,18
Ci9DQUlRQUNvZENodHljRjlvT2pBNU1uYzFSRWRNWVhVd2RrdHlkR1JOVFRSVlpsRRAB_04,Ci9DQUlRQUNvZENodHljRjlvT2pBNU1uYzFSRWRNWVhVd2RrdHlkR1JOVFRSVlpsRRAB,20,-1
Ci9DQUlRQUNvZENodHljRjlvT2pBNU1uYzFSRWRNWVhVd2RrdHlkR1JOVFRSVlpsRRAB_05,Ci9DQUlRQUNvZENodHljRjlvT2pBNU1uYzFSRWRNWVhVd2RrdHlkR1JOVFRSVlpsRRAB,-1,-1
Ci9DQUlRQUNvZENodHljRjlvT2pBNU1uYzFSRWRNWVhVd2RrdHlkR1JOVFRSVlpsRRAB_06,Ci9DQUlRQUNvZENodHljRjlvT2pBNU1uYzFSRWRNWVhVd2RrdHlkR1JOVFRSVlpsRRAB,9,9
Ci9DQUlRQUNvZENodHljRjlvT25WWWVHMXVTeTFRVW5veWVHcGtNVXhFVjNGQlpFRRAB_01,Ci9DQUlRQUNvZENodHljRjlvT25WWWVHMXVTeTFRVW5veWVHcGtNVXhFVjNGQlpFRRAB,0,1
Ci9DQUlRQUNvZENodHljRjlvT205SFRUUXRjMUJSWXpkNldVVnVaM1ZtZUhkTlVtYxAB_01,Ci9DQUlRQUNvZENodHljRjlvT205SFRUUXRjMUJSWXpkNldVVnVaM1ZtZUhkTlVtYxAB,3,3
Ci9DQUlRQUNvZENodHljRjlvT2sxUWIwMU1jazlXYkVwQ1NESkRWVWxXYmtOQ01WRRAB_01,Ci9DQUlRQUNvZENodHljRjlvT2sxUWIwMU1jazlXYkVwQ1NESkRWVWxXYmtOQ01WRRAB,-1,-1
Ci9DQUlRQUNvZENodHljRjlvT21wV2IwdFZTbXhSZVVORlgwWk9NazVNVjBWNWFXYxAB_01,Ci9DQUlRQUNvZENodHljRjlvT21wV2IwdFZTbXhSZVVORlgwWk9NazVNVjBWNWFXYxAB,22,17
Ci9DQUlRQUNvZENodHljRjlvT2xKUVVVRjRXRUZ2T1cxaVpsRnZiemh5YzJSbmJIYxAB_01,Ci9DQUlRQUNvZENodHljRjlvT2xKUVVVRjRXRUZ2T1cxaVpsRnZiemh5YzJSbmJIYxAB,14,13
Ci9DQUlRQUNvZENodHljRjlvT2xKUVVVRjRXRUZ2T1cxaVpsRnZiemh5YzJSbmJIYxAB_02,Ci9DQUlRQUNvZENodHljRjlvT2xKUVVVRjRXRUZ2T1cxaVpsRnZiemh5YzJSbmJIYxAB,17,19
Ci9DQUlRQUNvZENodHljRjlvT2xKUVVVRjRXRUZ2T1cxaVpsRnZiemh5YzJSbmJIYxAB_03,Ci9DQUlRQUNvZENodHljRjlvT2xKUVVVRjRXRUZ2T1cxaVpsRnZiemh5YzJSbmJIYxAB,8,8
ChdDSUhNMG9nS0VJQ0FnSUNOa0o3TTJBRRAB_01,ChdDSUhNMG9nS0VJQ0FnSUNOa0o3TTJBRRAB,12,21
ChdDSUhNMG9nS0VJQ0FnSUROeWVuem9BRRAB_01,ChdDSUhNMG9nS0VJQ0FnSUROeWVuem9BRRAB,5,4
ChdDSUhNMG9nS0VJQ0FnSUROeWVuem9BRRAB_02,ChdDSUhNMG9nS0VJQ0FnSUROeWVuem9BRRAB,16,14
ChZDSUhNMG9nS0VJQ0FnSURud2RIT2JBEAE_01,ChZDSUhNMG9nS0VJQ0FnSURud2RIT2JBEAE,33,39
ChZDSUhNMG9nS0VJQ0FnSURud2RIT2JBEAE_02,ChZDSUhNMG9nS0VJQ0FnSURud2RIT2JBEAE,24,33
ChZDSUhNMG9nS0VJQ0FnSURud2RIT2JBEAE_03,ChZDSUhNMG9nS0VJQ0FnSURud2RIT2JBEAE,-1,-1
ChZDSUhNMG9nS0VJQ0FnSURud2RIT2JBEAE_04,ChZDSUhNMG9nS0VJQ0FnSURud2RIT2JBEAE,2,2
ChZDSUhNMG9nS0VJQ0FnSURud2RIT2JBEAE_05,ChZDSUhNMG9nS0VJQ0FnSURud2RIT2JBEAE,5,-1
ChdDSUhNMG9nS0VJQ0FnTURJOGZPXzd3RRAB_01,ChdDSUhNMG9nS0VJQ0FnTURJOGZPXzd3RRAB,28,22
ChdDSUhNMG9nS0VJQ0FnTURJOGZPXzd3RRAB_02,ChdDSUhNMG9nS0VJQ0FnTURJOGZPXzd3RRAB,10,10
Ci9DQUlRQUNvZENodHljRjlvT2tKdE1HOU9aVTQ1ZFZaR2RGTktTMm8wYmpOVU5IYxAB_01,Ci9DQUlRQUNvZENodHljRjlvT2tKdE1HOU9aVTQ1ZFZaR2RGTktTMm8wYmpOVU5IYxAB,24,33
Ci9DQUlRQUNvZENodHljRjlvT2kxRWRrdEtkbG93TFhsNmF6ZERkVTVRZVdNMVJVRRAB_01,Ci9DQUlRQUNvZENodHljRjlvT2kxRWRrdEtkbG93TFhsNmF6ZERkVTVRZVdNMVJVRRAB,-1,-1
Ci9DQUlRQUNvZENodHljRjlvT2kxRWRrdEtkbG93TFhsNmF6ZERkVTVRZVdNMVJVRRAB_02,Ci9DQUlRQUNvZENodHljRjlvT2kxRWRrdEtkbG93TFhsNmF6ZERkVTVRZVdNMVJVRRAB,4,5
ChZDSUhNMG9nS0VJQ0FnSUNtd0pmWU9REAE_01,ChZDSUhNMG9nS0VJQ0FnSUNtd0pmWU9REAE,21,28
Ci9DQUlRQUNvZENodHljRjlvT21JNGEwVTBTa0Z5Y3paZk4zcG9ZeTFSWkV0Vk5VRRAB_01,Ci9DQUlRQUNvZENodHljRjlvT21JNGEwVTBTa0Z5Y3paZk4zcG9ZeTFSWkV0Vk5VRRAB,30,29
Ci9DQUlRQUNvZENodHljRjlvT21JNGEwVTBTa0Z5Y3paZk4zcG9ZeTFSWkV0Vk5VRRAB_02,Ci9DQUlRQUNvZENodHljRjlvT21JNGEwVTBTa0Z5Y3paZk4zcG9ZeTFSWkV0Vk5VRRAB,30,29
ChdDSUhNMG9nS0VJQ0FnSURHaDZDNm5RRRAB_01,ChdDSUhNMG9nS0VJQ0FnSURHaDZDNm5RRRAB,2,2
ChdDSUhNMG9nS0VJQ0FnSURHaDZDNm5RRRAB_02,ChdDSUhNMG9nS0VJQ0FnSURHaDZDNm5RRRAB,5,4
ChdDSUhNMG9nS0VJQ0FnSURHaDZDNm5RRRAB_03,ChdDSUhNMG9nS0VJQ0FnSURHaDZDNm5RRRAB,4,5
ChdDSUhNMG9nS0VJQ0FnSUROMmF2Rnh3RRAB_01,ChdDSUhNMG9nS0VJQ0FnSUROMmF2Rnh3RRAB,15,11
ChdDSUhNMG9nS0VJQ0FnSUROMmF2Rnh3RRAB_02,ChdDSUhNMG9nS0VJQ0FnSUROMmF2Rnh3RRAB,15,11
ChdDSUhNMG9nS0VJQ0FnSUN6dS1IbjR3RRAB_01,ChdDSUhNMG9nS0VJQ0FnSUN6dS1IbjR3RRAB,15,11
ChZDSUhNMG9nS0VJQ0FnSURuMnZLdWZREAE_01,ChZDSUhNMG9nS0VJQ0FnSURuMnZLdWZREAE,26,26
ChZDSUhNMG9nS0VJQ0FnSURuMnZLdWZREAE_02,ChZDSUhNMG9nS0VJQ0FnSURuMnZLdWZREAE,13,15
ChZDSUhNMG9nS0VJQ0FnSURQX19DcUFREAE_01,ChZDSUhNMG9nS0VJQ0FnSURQX19DcUFREAE,2,2
ChZDSUhNMG9nS0VJQ0FnSURQX19DcUFREAE_02,ChZDSUhNMG9nS0VJQ0FnSURQX19DcUFREAE,3,3
ChZDSUhNMG9nS0VJQ0FnSURQX19DcUFREAE_03,ChZDSUhNMG9nS0VJQ0FnSURQX19DcUFREAE,2,2
ChdDSUhNMG9nS0VJQ0FnSUNfb1lHX2t3RRAB_01,ChdDSUhNMG9nS0VJQ0FnSUNfb1lHX2t3RRAB,0,1
ChdDSUhNMG9nS0VJQ0FnTUNBcDV5OG93RRAB_01,ChdDSUhNMG9nS0VJQ0FnTUNBcDV5OG93RRAB,15,11
ChdDSUhNMG9nS0VJQ0FnTUNBcDV5OG93RRAB_02,ChdDSUhNMG9nS0VJQ0FnTUNBcDV5OG93RRAB,23,-1
ChdDSUhNMG9nS0VJQ0FnTUNBcDV5OG93RRAB_03,ChdDSUhNMG9nS0VJQ0FnTUNBcDV5OG93RRAB,-1,-1
ChdDSUhNMG9nS0VJQ0FnTUNBcDV5OG93RRAB_04,ChdDSUhNMG9nS0VJQ0FnTUNBcDV5OG93RRAB,1,0
ChdDSUhNMG9nS0VJQ0FnTUNBcDV5OG93RRAB_05,ChdDSUhNMG9nS0VJQ0FnTUNBcDV5OG93RRAB,-1,-1
ChdDSUhNMG9nS0VON1FtOWpLb3UzYzl3RRAB_01,ChdDSUhNMG9nS0VON1FtOWpLb3UzYzl3RRAB,1,0
ChdDSUhNMG9nS0VON1FtOWpLb3UzYzl3RRAB_02,ChdDSUhNMG9nS0VON1FtOWpLb3UzYzl3RRAB,32,-1
ChdDSUhNMG9nS0VON1FtOWpLb3UzYzl3RRAB_03,ChdDSUhNMG9nS0VON1FtOWpLb3UzYzl3RRAB,2,2
Ci9DQUlRQUNvZENodHljRjlvT2poZlRraGhNbFJyVDJodVpWOHlNV1V4VEZBeWFVRRAB_01,Ci9DQUlRQUNvZENodHljRjlvT2poZlRraGhNbFJyVDJodVpWOHlNV1V4VEZBeWFVRRAB,-1,-1
Ci9DQUlRQUNvZENodHljRjlvT2poZlRraGhNbFJyVDJodVpWOHlNV1V4VEZBeWFVRRAB_02,Ci9DQUlRQUNvZENodHljRjlvT2poZlRraGhNbFJyVDJodVpWOHlNV1V4VEZBeWFVRRAB,15,11
Ci9DQUlRQUNvZENodHljRjlvT2poZlRraGhNbFJyVDJodVpWOHlNV1V4VEZBeWFVRRAB_03,Ci9DQUlRQUNvZENodHljRjlvT2poZlRraGhNbFJyVDJodVpWOHlNV1V4VEZBeWFVRRAB,-1,-1
Ci9DQUlRQUNvZENodHljRjlvT2poZlRraGhNbFJyVDJodVpWOHlNV1V4VEZBeWFVRRAB_04,Ci9DQUlRQUNvZENodHljRjlvT2poZlRraGhNbFJyVDJodVpWOHlNV1V4VEZBeWFVRRAB,13,15
Ci9DQUlRQUNvZENodHljRjlvT2poZlRraGhNbFJyVDJodVpWOHlNV1V4VEZBeWFVRRAB_05,Ci9DQUlRQUNvZENodHljRjlvT2poZlRraGhNbFJyVDJodVpWOHlNV1V4VEZBeWFVRRAB,20,18
Ci9DQUlRQUNvZENodHljRjlvT2poZlRraGhNbFJyVDJodVpWOHlNV1V4VEZBeWFVRRAB_06,Ci9DQUlRQUNvZENodHljRjlvT2poZlRraGhNbFJyVDJodVpWOHlNV1V4VEZBeWFVRRAB,15,11
Ci9DQUlRQUNvZENodHljRjlvT2poZlRraGhNbFJyVDJodVpWOHlNV1V4VEZBeWFVRRAB_07,Ci9DQUlRQUNvZENodHljRjlvT2poZlRraGhNbFJyVDJodVpWOHlNV1V4VEZBeWFVRRAB,2,-1
ChdDSUhNMG9nS0VOR002TEtmdjk3eTBBRRAB_01,ChdDSUhNMG9nS0VOR002TEtmdjk3eTBBRRAB,3,3
Ci9DQUlRQUNvZENodHljRjlvT2tKV1gyeDJiblI1U1ROMFRUQlJaV2syYUVaaGRYYxAB_01,Ci9DQUlRQUNvZENodHljRjlvT2tKV1gyeDJiblI1U1ROMFRUQlJaV2syYUVaaGRYYxAB,15,11
Ci9DQUlRQUNvZENodHljRjlvT2tKV1gyeDJiblI1U1ROMFRUQlJaV2syYUVaaGRYYxAB_02,Ci9DQUlRQUNvZENodHljRjlvT2tKV1gyeDJiblI1U1ROMFRUQlJaV2syYUVaaGRYYxAB,9,9
Ci9DQUlRQUNvZENodHljRjlvT2tKV1gyeDJiblI1U1ROMFRUQlJaV2syYUVaaGRYYxAB_03,Ci9DQUlRQUNvZENodHljRjlvT2tKV1gyeDJiblI1U1ROMFRUQlJaV2syYUVaaGRYYxAB,8,8
Ci9DQUlRQUNvZENodHljRjlvT2tKV1gyeDJiblI1U1ROMFRUQlJaV2syYUVaaGRYYxAB_04,Ci9DQUlRQUNvZENodHljRjlvT2tKV1gyeDJiblI1U1ROMFRUQlJaV2syYUVaaGRYYxAB,21,-1
Ci9DQUlRQUNvZENodHljRjlvT2tKV1gyeDJiblI1U1ROMFRUQlJaV2syYUVaaGRYYxAB_05,Ci9DQUlRQUNvZENodHljRjlvT2tKV1gyeDJiblI1U1ROMFRUQlJaV2syYUVaaGRYYxAB,5,-1
Ci9DQUlRQUNvZENodHljRjlvT25aeGRWZDNMWGxqVW1RMU5tRlpTVTlQYW00MGFFRRAB_01,Ci9DQUlRQUNvZENodHljRjlvT25aeGRWZDNMWGxqVW1RMU5tRlpTVTlQYW00MGFFRRAB,20,18
Ci9DQUlRQUNvZENodHljRjlvT25aeGRWZDNMWGxqVW1RMU5tRlpTVTlQYW00MGFFRRAB_02,Ci9DQUlRQUNvZENodHljRjlvT25aeGRWZDNMWGxqVW1RMU5tRlpTVTlQYW00MGFFRRAB,2,2
Ci9DQUlRQUNvZENodHljRjlvT25aeGRWZDNMWGxqVW1RMU5tRlpTVTlQYW00MGFFRRAB_03,Ci9DQUlRQUNvZENodHljRjlvT25aeGRWZDNMWGxqVW1RMU5tRlpTVTlQYW00MGFFRRAB,-1,-1
Ci9DQUlRQUNvZENodHljRjlvT2xWTWVsZHZkakJYZHpKTWEzcE9SMDVWTkdsNFFtYxAB_01,Ci9DQUlRQUNvZENodHljRjlvT2xWTWVsZHZkakJYZHpKTWEzcE9SMDVWTkdsNFFtYxAB,21,28
Ci9DQUlRQUNvZENodHljRjlvT2xWTWVsZHZkakJYZHpKTWEzcE9SMDVWTkdsNFFtYxAB_02,Ci9DQUlRQUNvZENodHljRjlvT2xWTWVsZHZkakJYZHpKTWEzcE9SMDVWTkdsNFFtYxAB,-1,-1
Ci9DQUlRQUNvZENodHljRjlvT25oMk5IRjFiMUZRU1RkR01FWlpUalJITUcxdmNXYxAB_01,Ci9DQUlRQUNvZENodHljRjlvT25oMk5IRjFiMUZRU1RkR01FWlpUalJITUcxdmNXYxAB,15,11
Ci9DQUlRQUNvZENodHljRjlvT2pVMlduZzNVamszVW5KUWIyNU5WMU5PVG5WUFNuYxAB_01,Ci9DQUlRQUNvZENodHljRjlvT2pVMlduZzNVamszVW5KUWIyNU5WMU5PVG5WUFNuYxAB,2,2
Ci9DQUlRQUNvZENodHljRjlvT2pVMlduZzNVamszVW5KUWIyNU5WMU5PVG5WUFNuYxAB_02,Ci9DQUlRQUNvZENodHljRjlvT2pVMlduZzNVamszVW5KUWIyNU5WMU5PVG5WUFNuYxAB,2,2
Ci9DQUlRQUNvZENodHljRjlvT2pVMlduZzNVamszVW5KUWIyNU5WMU5PVG5WUFNuYxAB_03,Ci9DQUlRQUNvZENodHljRjlvT2pVMlduZzNVamszVW5KUWIyNU5WMU5PVG5WUFNuYxAB,-1,-1
Ci9DQUlRQUNvZENodHljRjlvT2pVMlduZzNVamszVW5KUWIyNU5WMU5PVG5WUFNuYxAB_04,Ci9DQUlRQUNvZENodHljRjlvT2pVMlduZzNVamszVW5KUWIyNU5WMU5PVG5WUFNuYxAB,-1,-1
Ci9DQUlRQUNvZENodHljRjlvT2pVMlduZzNVamszVW5KUWIyNU5WMU5PVG5WUFNuYxAB_05,Ci9DQUlRQUNvZENodHljRjlvT2pVMlduZzNVamszVW5KUWIyNU5WMU5PVG5WUFNuYxAB,15,11
Ci9DQUlRQUNvZENodHljRjlvT2pVMlduZzNVamszVW5KUWIyNU5WMU5PVG5WUFNuYxAB_06,Ci9DQUlRQUNvZENodHljRjlvT2pVMlduZzNVamszVW5KUWIyNU5WMU5PVG5WUFNuYxAB,-1,-1
Ci9DQUlRQUNvZENodHljRjlvT2pVMlduZzNVamszVW5KUWIyNU5WMU5PVG5WUFNuYxAB_07,Ci9DQUlRQUNvZENodHljRjlvT2pVMlduZzNVamszVW5KUWIyNU5WMU5PVG5WUFNuYxAB,5,4
Ci9DQUlRQUNvZENodHljRjlvT2pVMlduZzNVamszVW5KUWIyNU5WMU5PVG5WUFNuYxAB_08,Ci9DQUlRQUNvZENodHljRjlvT2pVMlduZzNVamszVW5KUWIyNU5WMU5PVG5WUFNuYxAB,12,30
Ci9DQUlRQUNvZENodHljRjlvT2pCU1dDMDJiMVF0YTE5WVJHSkZibTFGVVVwVllsRRAB_01,Ci9DQUlRQUNvZENodHljRjlvT2pCU1dDMDJiMVF0YTE5WVJHSkZibTFGVVVwVllsRRAB,15,11
Ci9DQUlRQUNvZENodHljRjlvT2pCU1dDMDJiMVF0YTE5WVJHSkZibTFGVVVwVllsRRAB_02,Ci9DQUlRQUNvZENodHljRjlvT2pCU1dDMDJiMVF0YTE5WVJHSkZibTFGVVVwVllsRRAB,-1,-1
Ci9DQUlRQUNvZENodHljRjlvT2pCU1dDMDJiMVF0YTE5WVJHSkZibTFGVVVwVllsRRAB_03,Ci9DQUlRQUNvZENodHljRjlvT2pCU1dDMDJiMVF0YTE5WVJHSkZibTFGVVVwVllsRRAB,9,9
Ci9DQUlRQUNvZENodHljRjlvT2pOVE5uWkNWblYwUlhCTk1UVjNZbGhuU1VoaE9HYxAB_01,Ci9DQUlRQUNvZENodHljRjlvT2pOVE5uWkNWblYwUlhCTk1UVjNZbGhuU1VoaE9HYxAB,-1,-1
Ci9DQUlRQUNvZENodHljRjlvT2pOVE5uWkNWblYwUlhCTk1UVjNZbGhuU1VoaE9HYxAB_02,Ci9DQUlRQUNvZENodHljRjlvT2pOVE5uWkNWblYwUlhCTk1UVjNZbGhuU1VoaE9HYxAB,15,11
Ci9DQUlRQUNvZENodHljRjlvT25wd05HRTBOako2UW5oSGIxUlJMVkkyYVRaR1RHYxAB_01,Ci9DQUlRQUNvZENodHljRjlvT25wd05HRTBOako2UW5oSGIxUlJMVkkyYVRaR1RHYxAB,15,11
Ci9DQUlRQUNvZENodHljRjlvT25wd05HRTBOako2UW5oSGIxUlJMVkkyYVRaR1RHYxAB_02,Ci9DQUlRQUNvZENodHljRjlvT25wd05HRTBOako2UW5oSGIxUlJMVkkyYVRaR1RHYxAB,15,11
Ci9DQUlRQUNvZENodHljRjlvT25wd05HRTBOako2UW5oSGIxUlJMVkkyYVRaR1RHYxAB_03,Ci9DQUlRQUNvZENodHljRjlvT25wd05HRTBOako2UW5oSGIxUlJMVkkyYVRaR1RHYxAB,-1,-1
Ci9DQUlRQUNvZENodHljRjlvT25wd05HRTBOako2UW5oSGIxUlJMVkkyYVRaR1RHYxAB_04,Ci9DQUlRQUNvZENodHljRjlvT25wd05HRTBOako2UW5oSGIxUlJMVkkyYVRaR1RHYxAB,15,11
Ci9DQUlRQUNvZENodHljRjlvT2tWWVlXODBRaTA0V0cxeFF5MDRZbWxMZGw5bVVXYxAB_01,Ci9DQUlRQUNvZENodHljRjlvT2tWWVlXODBRaTA0V0cxeFF5MDRZbWxMZGw5bVVXYxAB,15,11
Ci9DQUlRQUNvZENodHljRjlvT2tWWVlXODBRaTA0V0cxeFF5MDRZbWxMZGw5bVVXYxAB_02,Ci9DQUlRQUNvZENodHljRjlvT2tWWVlXODBRaTA0V0cxeFF5MDRZbWxMZGw5bVVXYxAB,38,40
Ci9DQUlRQUNvZENodHljRjlvT2tWWVlXODBRaTA0V0cxeFF5MDRZbWxMZGw5bVVXYxAB_03,Ci9DQUlRQUNvZENodHljRjlvT2tWWVlXODBRaTA0V0cxeFF5MDRZbWxMZGw5bVVXYxAB,-1,-1
Ci9DQUlRQUNvZENodHljRjlvT2tWWVlXODBRaTA0V0cxeFF5MDRZbWxMZGw5bVVXYxAB_04,Ci9DQUlRQUNvZENodHljRjlvT2tWWVlXODBRaTA0V0cxeFF5MDRZbWxMZGw5bVVXYxAB,10,10
Ci9DQUlRQUNvZENodHljRjlvT2tWWVlXODBRaTA0V0cxeFF5MDRZbWxMZGw5bVVXYxAB_05,Ci9DQUlRQUNvZENodHljRjlvT2tWWVlXODBRaTA0V0cxeFF5MDRZbWxMZGw5bVVXYxAB,5,4
Ci9DQUlRQUNvZENodHljRjlvT2w5Wlh6UkZkbk00T1RKelZqWkRTV2h0ZEVjM2IwRRAB_01,Ci9DQUlRQUNvZENodHljRjlvT2w5Wlh6UkZkbk00T1RKelZqWkRTV2h0ZEVjM2IwRRAB,15,11
Ci9DQUlRQUNvZENodHljRjlvT2w5Wlh6UkZkbk00T1RKelZqWkRTV2h0ZEVjM2IwRRAB_02,Ci9DQUlRQUNvZENodHljRjlvT2w5Wlh6UkZkbk00T1RKelZqWkRTV2h0ZEVjM2IwRRAB,-1,-1
Ci9DQUlRQUNvZENodHljRjlvT2w5Wlh6UkZkbk00T1RKelZqWkRTV2h0ZEVjM2IwRRAB_03,Ci9DQUlRQUNvZENodHljRjlvT2w5Wlh6UkZkbk00T1RKelZqWkRTV2h0ZEVjM2IwRRAB,-1,-1
Ci9DQUlRQUNvZENodHljRjlvT2tOTlFXbHNUblJRUkZWc2IxQmFkV1Z5YWxoNlJsRRAB_01,Ci9DQUlRQUNvZENodHljRjlvT2tOTlFXbHNUblJRUkZWc2IxQmFkV1Z5YWxoNlJsRRAB,5,4
Ci9DQUlRQUNvZENodHljRjlvT2tOTlFXbHNUblJRUkZWc2IxQmFkV1Z5YWxoNlJsRRAB_02,Ci9DQUlRQUNvZENodHljRjlvT2tOTlFXbHNUblJRUkZWc2IxQmFkV1Z5YWxoNlJsRRAB,4,5
Ci9DQUlRQUNvZENodHljRjlvT2tOTlFXbHNUblJRUkZWc2IxQmFkV1Z5YWxoNlJsRRAB_03,Ci9DQUlRQUNvZENodHljRjlvT2tOTlFXbHNUblJRUkZWc2IxQmFkV1Z5YWxoNlJsRRAB,1,0
Ci9DQUlRQUNvZENodHljRjlvT2tOTlFXbHNUblJRUkZWc2IxQmFkV1Z5YWxoNlJsRRAB_04,Ci9DQUlRQUNvZENodHljRjlvT2tOTlFXbHNUblJRUkZWc2IxQmFkV1Z5YWxoNlJsRRAB,8,8
Ci9DQUlRQUNvZENodHljRjlvT2tOTlFXbHNUblJRUkZWc2IxQmFkV1Z5YWxoNlJsRRAB_05,Ci9DQUlRQUNvZENodHljRjlvT2tOTlFXbHNUblJRUkZWc2IxQmFkV1Z5YWxoNlJsRRAB,-1,-1
Ci9DQUlRQUNvZENodHljRjlvT25WeFZtUnRhVVJIYlZWdFowcHhURlZHVUZscFQzYxAB_01,Ci9DQUlRQUNvZENodHljRjlvT25WeFZtUnRhVVJIYlZWdFowcHhURlZHVUZscFQzYxAB,15,11
Ci9DQUlRQUNvZENodHljRjlvT25WeFZtUnRhVVJIYlZWdFowcHhURlZHVUZscFQzYxAB_02,Ci9DQUlRQUNvZENodHljRjlvT25WeFZtUnRhVVJIYlZWdFowcHhURlZHVUZscFQzYxAB,1,0
ChZDSUhNMG9nS0VJQ0FnSURaeGFQb2ZREAE_01,ChZDSUhNMG9nS0VJQ0FnSURaeGFQb2ZREAE,15,11
ChZDSUhNMG9nS0VJQ0FnSURaeGFQb2ZREAE_02,ChZDSUhNMG9nS0VJQ0FnSURaeGFQb2ZREAE,1,0
ChZDSUhNMG9nS0VJQ0FnSURaeGFQb2ZREAE_03,ChZDSUhNMG9nS0VJQ0FnSURaeGFQb2ZREAE,4,5
ChZDSUhNMG9nS0VJQ0FnSURaeGFQb2ZREAE_04,ChZDSUhNMG9nS0VJQ0FnSURaeGFQb2ZREAE,39,38
ChZDSUhNMG9nS0VJQ0FnSURaeGFQb2ZREAE_05,ChZDSUhNMG9nS0VJQ0FnSURaeGFQb2ZREAE,15,11
ChZDSUhNMG9nS0VJQ0FnSURaeGFQb2ZREAE_06,ChZDSUhNMG9nS0VJQ0FnSURaeGFQb2ZREAE,19,16
ChZDSUhNMG9nS0VJQ0FnSURaeGFQb2ZREAE_07,ChZDSUhNMG9nS0VJQ0FnSURaeGFQb2ZREAE,31,27
ChdDSUhNMG9nS0VJQ0FnSUN0bVluZzl3RRAB_01,ChdDSUhNMG9nS0VJQ0FnSUN0bVluZzl3RRAB,4,5
ChZDSUhNMG9nS0VJQ0FnSURkeElPeEF3EAE_01,ChZDSUhNMG9nS0VJQ0FnSURkeElPeEF3EAE,6,6
ChZDSUhNMG9nS0VJQ0FnSURkbnZPelhREAE_01,ChZDSUhNMG9nS0VJQ0FnSURkbnZPelhREAE,3,3
ChdDSUhNMG9nS0VJQ0FnSUNEaVl2dDFBRRAB_01,ChdDSUhNMG9nS0VJQ0FnSUNEaVl2dDFBRRAB,26,26
ChdDSUhNMG9nS0VJQ0FnSUNEaVl2dDFBRRAB_02,ChdDSUhNMG9nS0VJQ0FnSUNEaVl2dDFBRRAB,-1,-1
ChZDSUhNMG9nS0VJQ0FnSURqMWEyeFR3EAE_01,ChZDSUhNMG9nS0VJQ0FnSURqMWEyeFR3EAE,23,31
ChdDSUhNMG9nS0VJQ0FnSURqMWVPcTFRRRAB_01,ChdDSUhNMG9nS0VJQ0FnSURqMWVPcTFRRRAB,9,9
ChdDSUhNMG9nS0VJQ0FnSURqdGZXTmdnRRAB_01,ChdDSUhNMG9nS0VJQ0FnSURqdGZXTmdnRRAB,37,35
ChdDSUhNMG9nS0VJQ0FnSURqdGZXTmdnRRAB_02,ChdDSUhNMG9nS0VJQ0FnSURqdGZXTmdnRRAB,7,7
ChdDSUhNMG9nS0VJQ0FnSURqdGZXTmdnRRAB_03,ChdDSUhNMG9nS0VJQ0FnSURqdGZXTmdnRRAB,2,2
ChdDSUhNMG9nS0VJQ0FnSURqdGZXTmdnRRAB_04,ChdDSUhNMG9nS0VJQ0FnSURqdGZXTmdnRRAB,5,-1
ChdDSUhNMG9nS0VJQ0FnSURqOWRhUW13RRAB_01,ChdDSUhNMG9nS0VJQ0FnSURqOWRhUW13RRAB,1,0
ChdDSUhNMG9nS0VJQ0FnSURqOWRhUW13RRAB_02,ChdDSUhNMG9nS0VJQ0FnSURqOWRhUW13RRAB,3,3
ChZDSUhNMG9nS0VJQ0FnSUNiMDVTdElBEAE_01,ChZDSUhNMG9nS0VJQ0FnSUNiMDVTdElBEAE,7,7
ChdDSUhNMG9nS0VJQ0FnSUQ3cU5XSThnRRAB_01,ChdDSUhNMG9nS0VJQ0FnSUQ3cU5XSThnRRAB,6,6
ChdDSUhNMG9nS0VJQ0FnSUQ3cU5XSThnRRAB_02,ChdDSUhNMG9nS0VJQ0FnSUQ3cU5XSThnRRAB,25,25
ChZDSUhNMG9nS0VJQ0FnSUQ3cWIzTExnEAE_01,ChZDSUhNMG9nS0VJQ0FnSUQ3cWIzTExnEAE,6,6
ChZDSUhNMG9nS0VJQ0FnSUQ3cWIzTExnEAE_02,ChZDSUhNMG9nS0VJQ0FnSUQ3cWIzTExnEAE,-1,-1
ChZDSUhNMG9nS0VJQ0FnSUQ3cWIzTExnEAE_03,ChZDSUhNMG9nS0VJQ0FnSUQ3cWIzTExnEAE,32,32
ChZDSUhNMG9nS0VJQ0FnSUQ3cWIzTExnEAE_04,ChZDSUhNMG9nS0VJQ0FnSUQ3cWIzTExnEAE,-1,-1
ChZDSUhNMG9nS0VJQ0FnSUQ3cWIzTExnEAE_05,ChZDSUhNMG9nS0VJQ0FnSUQ3cWIzTExnEAE,-1,-1
ChZDSUhNMG9nS0VJQ0FnSUQ3cWIzTExnEAE_06,ChZDSUhNMG9nS0VJQ0FnSUQ3cWIzTExnEAE,6,6
ChZDSUhNMG9nS0VJQ0FnSUQ3cWIzTExnEAE_07,ChZDSUhNMG9nS0VJQ0FnSUQ3cWIzTExnEAE,5,4
ChZDSUhNMG9nS0VJQ0FnSUQ3cWIzTExnEAE_08,ChZDSUhNMG9nS0VJQ0FnSUQ3cWIzTExnEAE,-1,-1
ChZDSUhNMG9nS0VJQ0FnSUQ3cWIzTExnEAE_09,ChZDSUhNMG9nS0VJQ0FnSUQ3cWIzTExnEAE,35,36
ChZDSUhNMG9nS0VJQ0FnSUNYbS12eEN3EAE_01,ChZDSUhNMG9nS0VJQ0FnSUNYbS12eEN3EAE,3,3
ChZDSUhNMG9nS0VJQ0FnSUNYbS12eEN3EAE_02,ChZDSUhNMG9nS0VJQ0FnSUNYbS12eEN3EAE,31,27
ChZDSUhNMG9nS0VJQ0FnSUMzMWQ2VWFBEAE_01,ChZDSUhNMG9nS0VJQ0FnSUMzMWQ2VWFBEAE,23,31
ChdDSUhNMG9nS0VJQ0FnTUNncXVxT3BnRRAB_01,ChdDSUhNMG9nS0VJQ0FnTUNncXVxT3BnRRAB,6,6
ChdDSUhNMG9nS0VJQ0FnTUNncXVxT3BnRRAB_02,ChdDSUhNMG9nS0VJQ0FnTUNncXVxT3BnRRAB,16,14
ChdDSUhNMG9nS0VJQ0FnTURRbVB1Y2hnRRAB_01,ChdDSUhNMG9nS0VJQ0FnTURRbVB1Y2hnRRAB,-1,-1
ChdDSUhNMG9nS0VJQ0FnTURRbVB1Y2hnRRAB_02,ChdDSUhNMG9nS0VJQ0FnTURRbVB1Y2hnRRAB,0,1
ChdDSUhNMG9nS0VJQ0FnTURRbVB1Y2hnRRAB_03,ChdDSUhNMG9nS0VJQ0FnTURRbVB1Y2hnRRAB,-1,-1
ChdDSUhNMG9nS0VJQ0FnTURRbVB1Y2hnRRAB_04,ChdDSUhNMG9nS0VJQ0FnTURRbVB1Y2hnRRAB,32,32
ChZDSUhNMG9nS0VJQ0FnTURRdUlfNEVBEAE_01,ChZDSUhNMG9nS0VJQ0FnTURRdUlfNEVBEAE,-1,-1
ChZDSUhNMG9nS0VJQ0FnTURRdUlfNEVBEAE_02,ChZDSUhNMG9nS0VJQ0FnTURRdUlfNEVBEAE,-1,-1
ChZDSUhNMG9nS0VJQ0FnTURRdUlfNEVBEAE_03,ChZDSUhNMG9nS0VJQ0FnTURRdUlfNEVBEAE,1,0
ChZDSUhNMG9nS0VJQ0FnTURRdUlfNEVBEAE_04,ChZDSUhNMG9nS0VJQ0FnTURRdUlfNEVBEAE,14,13
ChZDSUhNMG9nS0VJQ0FnTURRdVBfWEl3EAE_01,ChZDSUhNMG9nS0VJQ0FnTURRdVBfWEl3EAE,-1,-1
ChZDSUhNMG9nS0VJQ0FnTURRLUpDRUNnEAE_01,ChZDSUhNMG9nS0VJQ0FnTURRLUpDRUNnEAE,7,7
ChZDSUhNMG9nS0VJQ0FnSUM2MnRINkhREAE_01,ChZDSUhNMG9nS0VJQ0FnSUM2MnRINkhREAE,9,9
ChZDSUhNMG9nS0VJQ0FnSUM2MnRINkhREAE_02,ChZDSUhNMG9nS0VJQ0FnSUM2MnRINkhREAE,14,13
ChZDSUhNMG9nS0VJQ0FnSUM2MnRINkhREAE_03,ChZDSUhNMG9nS0VJQ0FnSUM2MnRINkhREAE,20,18
ChZDSUhNMG9nS0VJQ0FnSUM2MnRINkhREAE_04,ChZDSUhNMG9nS0VJQ0FnSUM2MnRINkhREAE,2,2
ChZDSUhNMG9nS0VJQ0FnSUM2MnRINkhREAE_05,ChZDSUhNMG9nS0VJQ0FnSUM2MnRINkhREAE,36,37
ChZDSUhNMG9nS0VJQ0FnSUM2MnRINkhREAE_06,ChZDSUhNMG9nS0VJQ0FnSUM2MnRINkhREAE,16,14
ChZDSUhNMG9nS0VJQ0FnSUM2MnRINkhREAE_07,ChZDSUhNMG9nS0VJQ0FnSUM2MnRINkhREAE,40,41
ChZDSUhNMG9nS0VJQ0FnSUM2MnRINkhREAE_08,ChZDSUhNMG9nS0VJQ0FnSUM2MnRINkhREAE,-1,-1
ChdDSUhNMG9nS0VJQ0FnTUN3LVlPcnFRRRAB_01,ChdDSUhNMG9nS0VJQ0FnTUN3LVlPcnFRRRAB,0,1
ChdDSUhNMG9nS0VJQ0FnSURQbTdIQnN3RRAB_01,ChdDSUhNMG9nS0VJQ0FnSURQbTdIQnN3RRAB,7,7
ChdDSUhNMG9nS0VJQ0FnSURQbTdIQnN3RRAB_02,ChdDSUhNMG9nS0VJQ0FnSURQbTdIQnN3RRAB,5,-1
ChdDSUhNMG9nS0VJQ0FnTURvb2NlYjFnRRAB_01,ChdDSUhNMG9nS0VJQ0FnTURvb2NlYjFnRRAB,1,0
ChdDSUhNMG9nS0VJQ0FnTURvb2NlYjFnRRAB_02,ChdDSUhNMG9nS0VJQ0FnTURvb2NlYjFnRRAB,2,2
ChdDSUhNMG9nS0VJQ0FnTURvb2NlYjFnRRAB_03,ChdDSUhNMG9nS0VJQ0FnTURvb2NlYjFnRRAB,5,4
Ci9DQUlRQUNvZENodHljRjlvT21vMFZtbFplak5UU21sQ1dUZGhSRXRHTUVGR2RGRRAB_01,Ci9DQUlRQUNvZENodHljRjlvT21vMFZtbFplak5UU21sQ1dUZGhSRXRHTUVGR2RGRRAB,3,-1
ChZDSUhNMG9nS0VPQ0gyNnVjdWZ2aklBEAE_01,ChZDSUhNMG9nS0VPQ0gyNnVjdWZ2aklBEAE,0,1
ChZDSUhNMG9nS0VPQ0gyNnVjdWZ2aklBEAE_02,ChZDSUhNMG9nS0VPQ0gyNnVjdWZ2aklBEAE,-1,-1
Ci9DQUlRQUNvZENodHljRjlvT2pFMU5XTjNTME5KU1ZadVF6WnNkMHRMYUc1c1FrRRAB_01,Ci9DQUlRQUNvZENodHljRjlvT2pFMU5XTjNTME5KU1ZadVF6WnNkMHRMYUc1c1FrRRAB,0,1
Ci9DQUlRQUNvZENodHljRjlvT21SVVMyTk9lakJDVG1ablNFSnBTMmRRUlUxeVdIYxAB_01,Ci9DQUlRQUNvZENodHljRjlvT21SVVMyTk9lakJDVG1ablNFSnBTMmRRUlUxeVdIYxAB,11,12
Ci9DQUlRQUNvZENodHljRjlvT21SVVMyTk9lakJDVG1ablNFSnBTMmRRUlUxeVdIYxAB_02,Ci9DQUlRQUNvZENodHljRjlvT21SVVMyTk9lakJDVG1ablNFSnBTMmRRUlUxeVdIYxAB,6,6
Ci9DQUlRQUNvZENodHljRjlvT21SVVMyTk9lakJDVG1ablNFSnBTMmRRUlUxeVdIYxAB_03,Ci9DQUlRQUNvZENodHljRjlvT21SVVMyTk9lakJDVG1ablNFSnBTMmRRUlUxeVdIYxAB,6,-1
Ci9DQUlRQUNvZENodHljRjlvT21SVVMyTk9lakJDVG1ablNFSnBTMmRRUlUxeVdIYxAB_04,Ci9DQUlRQUNvZENodHljRjlvT21SVVMyTk9lakJDVG1ablNFSnBTMmRRUlUxeVdIYxAB,25,25
Ci9DQUlRQUNvZENodHljRjlvT2xaTVJEVm5la2hzZDFZelRXVnpNVUp0Um14TlYyYxAB_01,Ci9DQUlRQUNvZENodHljRjlvT2xaTVJEVm5la2hzZDFZelRXVnpNVUp0Um14TlYyYxAB,1,0
Ci9DQUlRQUNvZENodHljRjlvT2xaTVJEVm5la2hzZDFZelRXVnpNVUp0Um14TlYyYxAB_02,Ci9DQUlRQUNvZENodHljRjlvT2xaTVJEVm5la2hzZDFZelRXVnpNVUp0Um14TlYyYxAB,0,1
Ci9DQUlRQUNvZENodHljRjlvT2s5cGNqWlJTbGx0YmpsdVRESnJOV05yTjBkb1VuYxAB_01,Ci9DQUlRQUNvZENodHljRjlvT2s5cGNqWlJTbGx0YmpsdVRESnJOV05yTjBkb1VuYxAB,0,1
Ci9DQUlRQUNvZENodHljRjlvT2s5cGNqWlJTbGx0YmpsdVRESnJOV05yTjBkb1VuYxAB_02,Ci9DQUlRQUNvZENodHljRjlvT2s5cGNqWlJTbGx0YmpsdVRESnJOV05yTjBkb1VuYxAB,-1,-1
Ci9DQUlRQUNvZENodHljRjlvT2s5cGNqWlJTbGx0YmpsdVRESnJOV05yTjBkb1VuYxAB_03,Ci9DQUlRQUNvZENodHljRjlvT2s5cGNqWlJTbGx0YmpsdVRESnJOV05yTjBkb1VuYxAB,1,0
Ci9DQUlRQUNvZENodHljRjlvT2psRVowdGpabEZ1WHpOTGJHRlhUSEJQUVc1Uk4yYxAB_01,Ci9DQUlRQUNvZENodHljRjlvT2psRVowdGpabEZ1WHpOTGJHRlhUSEJQUVc1Uk4yYxAB,2,2
Ci9DQUlRQUNvZENodHljRjlvT2psRVowdGpabEZ1WHpOTGJHRlhUSEJQUVc1Uk4yYxAB_02,Ci9DQUlRQUNvZENodHljRjlvT2psRVowdGpabEZ1WHpOTGJHRlhUSEJQUVc1Uk4yYxAB,-1,-1
Ci9DQUlRQUNvZENodHljRjlvT2psRVowdGpabEZ1WHpOTGJHRlhUSEJQUVc1Uk4yYxAB_03,Ci9DQUlRQUNvZENodHljRjlvT2psRVowdGpabEZ1WHpOTGJHRlhUSEJQUVc1Uk4yYxAB,16,14
Ci9DQUlRQUNvZENodHljRjlvT2psRVowdGpabEZ1WHpOTGJHRlhUSEJQUVc1Uk4yYxAB_04,Ci9DQUlRQUNvZENodHljRjlvT2psRVowdGpabEZ1WHpOTGJHRlhUSEJQUVc1Uk4yYxAB,-1,-1
Ci9DQUlRQUNvZENodHljRjlvT2psRVowdGpabEZ1WHpOTGJHRlhUSEJQUVc1Uk4yYxAB_05,Ci9DQUlRQUNvZENodHljRjlvT2psRVowdGpabEZ1WHpOTGJHRlhUSEJQUVc1Uk4yYxAB,-1,-1
Ci9DQUlRQUNvZENodHljRjlvT2psRVowdGpabEZ1WHpOTGJHRlhUSEJQUVc1Uk4yYxAB_06,Ci9DQUlRQUNvZENodHljRjlvT2psRVowdGpabEZ1WHpOTGJHRlhUSEJQUVc1Uk4yYxAB,-1,-1
Ci9DQUlRQUNvZENodHljRjlvT2psRVowdGpabEZ1WHpOTGJHRlhUSEJQUVc1Uk4yYxAB_07,Ci9DQUlRQUNvZENodHljRjlvT2psRVowdGpabEZ1WHpOTGJHRlhUSEJQUVc1Uk4yYxAB,10,10
Ci9DQUlRQUNvZENodHljRjlvT2psRVowdGpabEZ1WHpOTGJHRlhUSEJQUVc1Uk4yYxAB_08,Ci9DQUlRQUNvZENodHljRjlvT2psRVowdGpabEZ1WHpOTGJHRlhUSEJQUVc1Uk4yYxAB,11,12
Ci9DQUlRQUNvZENodHljRjlvT2psRVowdGpabEZ1WHpOTGJHRlhUSEJQUVc1Uk4yYxAB_09,Ci9DQUlRQUNvZENodHljRjlvT2psRVowdGpabEZ1WHpOTGJHRlhUSEJQUVc1Uk4yYxAB,1,0
Ci9DQUlRQUNvZENodHljRjlvT2tObVJ6QXphVlp1ZDE5QmNHSlVkakJDWnpkb2FWRRAB_01,Ci9DQUlRQUNvZENodHljRjlvT2tObVJ6QXphVlp1ZDE5QmNHSlVkakJDWnpkb2FWRRAB,25,25
Ci9DQUlRQUNvZENodHljRjlvT2tObVJ6QXphVlp1ZDE5QmNHSlVkakJDWnpkb2FWRRAB_02,Ci9DQUlRQUNvZENodHljRjlvT2tObVJ6QXphVlp1ZDE5QmNHSlVkakJDWnpkb2FWRRAB,6,6
Ci9DQUlRQUNvZENodHljRjlvT2tObVJ6QXphVlp1ZDE5QmNHSlVkakJDWnpkb2FWRRAB_03,Ci9DQUlRQUNvZENodHljRjlvT2tObVJ6QXphVlp1ZDE5QmNHSlVkakJDWnpkb2FWRRAB,-1,-1
Ci9DQUlRQUNvZENodHljRjlvT2tObVJ6QXphVlp1ZDE5QmNHSlVkakJDWnpkb2FWRRAB_04,Ci9DQUlRQUNvZENodHljRjlvT2tObVJ6QXphVlp1ZDE5QmNHSlVkakJDWnpkb2FWRRAB,5,4
Ci9DQUlRQUNvZENodHljRjlvT2xaWVUycFhUMlpTVnpOVGMweFdlVWswZW1oR1NYYxAB_01,Ci9DQUlRQUNvZENodHljRjlvT2xaWVUycFhUMlpTVnpOVGMweFdlVWswZW1oR1NYYxAB,9,9
Ci9DQUlRQUNvZENodHljRjlvT201MlpXY3pNbGsyYVdoeWR6RmpWR2xGVmsxRWRWRRAB_01,Ci9DQUlRQUNvZENodHljRjlvT201MlpXY3pNbGsyYVdoeWR6RmpWR2xGVmsxRWRWRRAB,3,3
Ci9DQUlRQUNvZENodHljRjlvT21OYU1YTXpSalpIUm1KQ1oxRm9NVnA2VUV0MmRsRRAB_01,Ci9DQUlRQUNvZENodHljRjlvT21OYU1YTXpSalpIUm1KQ1oxRm9NVnA2VUV0MmRsRRAB,-1,-1
Ci9DQUlRQUNvZENodHljRjlvT2xrNVQxUmFaV3gxZFZoWFQzZHpWVTFyVTJkYVJYYxAB_01,Ci9DQUlRQUNvZENodHljRjlvT2xrNVQxUmFaV3gxZFZoWFQzZHpWVTFyVTJkYVJYYxAB,11,12
Ci9DQUlRQUNvZENodHljRjlvT2xrNVQxUmFaV3gxZFZoWFQzZHpWVTFyVTJkYVJYYxAB_02,Ci9DQUlRQUNvZENodHljRjlvT2xrNVQxUmFaV3gxZFZoWFQzZHpWVTFyVTJkYVJYYxAB,1,0
Ci9DQUlRQUNvZENodHljRjlvT2xrNVQxUmFaV3gxZFZoWFQzZHpWVTFyVTJkYVJYYxAB_03,Ci9DQUlRQUNvZENodHljRjlvT2xrNVQxUmFaV3gxZFZoWFQzZHpWVTFyVTJkYVJYYxAB,2,-1
Ci9DQUlRQUNvZENodHljRjlvT25VdFVHMW1iVlJQYW5oVFpreFlaR2MwTkZoelkwRRAB_01,Ci9DQUlRQUNvZENodHljRjlvT25VdFVHMW1iVlJQYW5oVFpreFlaR2MwTkZoelkwRRAB,6,6
Ci9DQUlRQUNvZENodHljRjlvT2pRd2JHcGpVVUpsV0ZZNGFGUjJRV050UWt4R2FtYxAB_01,Ci9DQUlRQUNvZENodHljRjlvT2pRd2JHcGpVVUpsV0ZZNGFGUjJRV050UWt4R2FtYxAB,2,2
Ci9DQUlRQUNvZENodHljRjlvT2tvdFIxUlRUR2RZUzBkeU5rdFRjemx1YkROR1NHYxAB_01,Ci9DQUlRQUNvZENodHljRjlvT2tvdFIxUlRUR2RZUzBkeU5rdFRjemx1YkROR1NHYxAB,0,1
Ci9DQUlRQUNvZENodHljRjlvT25VMWIwc3hVRlJhWWpnelNVaHpkazB4TkVwR2FFRRAB_01,Ci9DQUlRQUNvZENodHljRjlvT25VMWIwc3hVRlJhWWpnelNVaHpkazB4TkVwR2FFRRAB,3,-1
Ci9DQUlRQUNvZENodHljRjlvT2kxcFVrOVlaamxWU1RRMlpERnhaakZwVkRaNlJWRRAB_01,Ci9DQUlRQUNvZENodHljRjlvT2kxcFVrOVlaamxWU1RRMlpERnhaakZwVkRaNlJWRRAB,29,23
ChdDSUhNMG9nS0VJQ0FnSUNvcFl5cHdBRRAB_01,ChdDSUhNMG9nS0VJQ0FnSUNvcFl5cHdBRRAB,3,3
Ci9DQUlRQUNvZENodHljRjlvT2xSRlNHVmZNemM1ZUhaQ2VGTlNaR294YnpWeVNXYxAB_01,Ci9DQUlRQUNvZENodHljRjlvT2xSRlNHVmZNemM1ZUhaQ2VGTlNaR294YnpWeVNXYxAB,-1,-1
ChdDSUhNMG9nS0VJQ0FnSUQybTh6VGpBRRAB_01,ChdDSUhNMG9nS0VJQ0FnSUQybTh6VGpBRRAB,9,9
Ci9DQUlRQUNvZENodHljRjlvT2tSQ1NYSmtURUpIVm10ZlJEaDJhM1ZTTWxWQlZuYxAB_01,Ci9DQUlRQUNvZENodHljRjlvT2tSQ1NYSmtURUpIVm10ZlJEaDJhM1ZTTWxWQlZuYxAB,6,-1
Ci9DQUlRQUNvZENodHljRjlvT2tSQ1NYSmtURUpIVm10ZlJEaDJhM1ZTTWxWQlZuYxAB_02,Ci9DQUlRQUNvZENodHljRjlvT2tSQ1NYSmtURUpIVm10ZlJEaDJhM1ZTTWxWQlZuYxAB,2,2
Ci9DQUlRQUNvZENodHljRjlvT2pKRE5UQnNWV1pPTFRFMWNWWlRVVEpvWVZRMVRrRRAB_01,Ci9DQUlRQUNvZENodHljRjlvT2pKRE5UQnNWV1pPTFRFMWNWWlRVVEpvWVZRMVRrRRAB,6,6
Ci9DQUlRQUNvZENodHljRjlvT2kwMFQwRkRXVzVyYTI0d2RYTXpla3BPY21sd1NYYxAB_01,Ci9DQUlRQUNvZENodHljRjlvT2kwMFQwRkRXVzVyYTI0d2RYTXpla3BPY21sd1NYYxAB,2,2
Ci9DQUlRQUNvZENodHljRjlvT2kwMFQwRkRXVzVyYTI0d2RYTXpla3BPY21sd1NYYxAB_02,Ci9DQUlRQUNvZENodHljRjlvT2kwMFQwRkRXVzVyYTI0d2RYTXpla3BPY21sd1NYYxAB,-1,-1
Ci9DQUlRQUNvZENodHljRjlvT2kwMFQwRkRXVzVyYTI0d2RYTXpla3BPY21sd1NYYxAB_03,Ci9DQUlRQUNvZENodHljRjlvT2kwMFQwRkRXVzVyYTI0d2RYTXpla3BPY21sd1NYYxAB,35,36
Ci9DQUlRQUNvZENodHljRjlvT2kwMFQwRkRXVzVyYTI0d2RYTXpla3BPY21sd1NYYxAB_04,Ci9DQUlRQUNvZENodHljRjlvT2kwMFQwRkRXVzVyYTI0d2RYTXpla3BPY21sd1NYYxAB,-1,-1
Ci9DQUlRQUNvZENodHljRjlvT2kwMFQwRkRXVzVyYTI0d2RYTXpla3BPY21sd1NYYxAB_05,Ci9DQUlRQUNvZENodHljRjlvT2kwMFQwRkRXVzVyYTI0d2RYTXpla3BPY21sd1NYYxAB,2,2
Ci9DQUlRQUNvZENodHljRjlvT25aRmVXeENTekZFWjJRNFFtcHdSbEJOTUd4cVVrRRAB_01,Ci9DQUlRQUNvZENodHljRjlvT25aRmVXeENTekZFWjJRNFFtcHdSbEJOTUd4cVVrRRAB,7,-1
Ci9DQUlRQUNvZENodHljRjlvT25aRmVXeENTekZFWjJRNFFtcHdSbEJOTUd4cVVrRRAB_02,Ci9DQUlRQUNvZENodHljRjlvT25aRmVXeENTekZFWjJRNFFtcHdSbEJOTUd4cVVrRRAB,2,2
Ci9DQUlRQUNvZENodHljRjlvT25aRmVXeENTekZFWjJRNFFtcHdSbEJOTUd4cVVrRRAB_03,Ci9DQUlRQUNvZENodHljRjlvT25aRmVXeENTekZFWjJRNFFtcHdSbEJOTUd4cVVrRRAB,11,12
Ci9DQUlRQUNvZENodHljRjlvT25aRmVXeENTekZFWjJRNFFtcHdSbEJOTUd4cVVrRRAB_04,Ci9DQUlRQUNvZENodHljRjlvT25aRmVXeENTekZFWjJRNFFtcHdSbEJOTUd4cVVrRRAB,26,26
Ci9DQUlRQUNvZENodHljRjlvT25aRmVXeENTekZFWjJRNFFtcHdSbEJOTUd4cVVrRRAB_05,Ci9DQUlRQUNvZENodHljRjlvT25aRmVXeENTekZFWjJRNFFtcHdSbEJOTUd4cVVrRRAB,11,-1
Ci9DQUlRQUNvZENodHljRjlvT2tGemRsaHZRVGw2Y1hwNE9GVjRVbFpoUWs1RVJYYxAB_01,Ci9DQUlRQUNvZENodHljRjlvT2tGemRsaHZRVGw2Y1hwNE9GVjRVbFpoUWs1RVJYYxAB,2,2
Ci9DQUlRQUNvZENodHljRjlvT2tkV1JuSTNSSFpoT1dSMlUwcE9WbXM0ZVc1RlZsRRAB_01,Ci9DQUlRQUNvZENodHljRjlvT2tkV1JuSTNSSFpoT1dSMlUwcE9WbXM0ZVc1RlZsRRAB,22,17
Ci9DQUlRQUNvZENodHljRjlvT2tkV1JuSTNSSFpoT1dSMlUwcE9WbXM0ZVc1RlZsRRAB_02,Ci9DQUlRQUNvZENodHljRjlvT2tkV1JuSTNSSFpoT1dSMlUwcE9WbXM0ZVc1RlZsRRAB,33,39
Ci9DQUlRQUNvZENodHljRjlvT2pOSWRYTmxSVmhyU3pWSlMyNHlZVVpRVEZrdE1FRRAB_01,Ci9DQUlRQUNvZENodHljRjlvT2pOSWRYTmxSVmhyU3pWSlMyNHlZVVpRVEZrdE1FRRAB,8,8
Ci9DQUlRQUNvZENodHljRjlvT2pOSWRYTmxSVmhyU3pWSlMyNHlZVVpRVEZrdE1FRRAB_02,Ci9DQUlRQUNvZENodHljRjlvT2pOSWRYTmxSVmhyU3pWSlMyNHlZVVpRVEZrdE1FRRAB,2,2
Ci9DQUlRQUNvZENodHljRjlvT2pOSWRYTmxSVmhyU3pWSlMyNHlZVVpRVEZrdE1FRRAB_03,Ci9DQUlRQUNvZENodHljRjlvT2pOSWRYTmxSVmhyU3pWSlMyNHlZVVpRVEZrdE1FRRAB,-1,-1
Ci9DQUlRQUNvZENodHljRjlvT2padlVrUjNaRjh6UzBSaldGRjNhMUU1ZVcxclJFRRAB_01,Ci9DQUlRQUNvZENodHljRjlvT2padlVrUjNaRjh6UzBSaldGRjNhMUU1ZVcxclJFRRAB,0,-1
Ci9DQUlRQUNvZENodHljRjlvT2pKSFNuTlJXRGx2VGtWaWQwUTJZbUZzUm10clpIYxAB_01,Ci9DQUlRQUNvZENodHljRjlvT2pKSFNuTlJXRGx2VGtWaWQwUTJZbUZzUm10clpIYxAB,25,25
Ci9DQUlRQUNvZENodHljRjlvT2pKSFNuTlJXRGx2VGtWaWQwUTJZbUZzUm10clpIYxAB_02,Ci9DQUlRQUNvZENodHljRjlvT2pKSFNuTlJXRGx2VGtWaWQwUTJZbUZzUm10clpIYxAB,6,6
Ci9DQUlRQUNvZENodHljRjlvT2pKSFNuTlJXRGx2VGtWaWQwUTJZbUZzUm10clpIYxAB_03,Ci9DQUlRQUNvZENodHljRjlvT2pKSFNuTlJXRGx2VGtWaWQwUTJZbUZzUm10clpIYxAB,29,23
Ci9DQUlRQUNvZENodHljRjlvT2pKSFNuTlJXRGx2VGtWaWQwUTJZbUZzUm10clpIYxAB_04,Ci9DQUlRQUNvZENodHljRjlvT2pKSFNuTlJXRGx2VGtWaWQwUTJZbUZzUm10clpIYxAB,-1,-1
Ci9DQUlRQUNvZENodHljRjlvT2pKSFNuTlJXRGx2VGtWaWQwUTJZbUZzUm10clpIYxAB_05,Ci9DQUlRQUNvZENodHljRjlvT2pKSFNuTlJXRGx2VGtWaWQwUTJZbUZzUm10clpIYxAB,11,12
Ci9DQUlRQUNvZENodHljRjlvT2xKb2NVSnNWa3hEVjB4U2JtcGZkMGhxUVZJeFRtYxAB_01,Ci9DQUlRQUNvZENodHljRjlvT2xKb2NVSnNWa3hEVjB4U2JtcGZkMGhxUVZJeFRtYxAB,2,2
Ci9DQUlRQUNvZENodHljRjlvT21aa2MycEtTamxQTUVSVGIzSXljVzVuUmt0Uk9IYxAB_01,Ci9DQUlRQUNvZENodHljRjlvT21aa2MycEtTamxQTUVSVGIzSXljVzVuUmt0Uk9IYxAB,-1,-1
Ci9DQUlRQUNvZENodHljRjlvT21kc1NXcFdWREU1VUhZNE9Xb3RTalY2UjNaQlpsRRAB_01,Ci9DQUlRQUNvZENodHljRjlvT21kc1NXcFdWREU1VUhZNE9Xb3RTalY2UjNaQlpsRRAB,4,5
Ci9DQUlRQUNvZENodHljRjlvT21kc1NXcFdWREU1VUhZNE9Xb3RTalY2UjNaQlpsRRAB_02,Ci9DQUlRQUNvZENodHljRjlvT21kc1NXcFdWREU1VUhZNE9Xb3RTalY2UjNaQlpsRRAB,-1,-1
Ci9DQUlRQUNvZENodHljRjlvT21KQ1dGSkdkV2szU0RBME4yMVVPVWRhWlZwbk5YYxAB_01,Ci9DQUlRQUNvZENodHljRjlvT21KQ1dGSkdkV2szU0RBME4yMVVPVWRhWlZwbk5YYxAB,1,0
Ci9DQUlRQUNvZENodHljRjlvT21KQ1dGSkdkV2szU0RBME4yMVVPVWRhWlZwbk5YYxAB_02,Ci9DQUlRQUNvZENodHljRjlvT21KQ1dGSkdkV2szU0RBME4yMVVPVWRhWlZwbk5YYxAB,6,6
Ci9DQUlRQUNvZENodHljRjlvT21KQ1dGSkdkV2szU0RBME4yMVVPVWRhWlZwbk5YYxAB_03,Ci9DQUlRQUNvZENodHljRjlvT21KQ1dGSkdkV2szU0RBME4yMVVPVWRhWlZwbk5YYxAB,-1,-1
Ci9DQUlRQUNvZENodHljRjlvT21KQ1dGSkdkV2szU0RBME4yMVVPVWRhWlZwbk5YYxAB_04,Ci9DQUlRQUNvZENodHljRjlvT21KQ1dGSkdkV2szU0RBME4yMVVPVWRhWlZwbk5YYxAB,10,10
Ci9DQUlRQUNvZENodHljRjlvT21KQ1dGSkdkV2szU0RBME4yMVVPVWRhWlZwbk5YYxAB_05,Ci9DQUlRQUNvZENodHljRjlvT21KQ1dGSkdkV2szU0RBME4yMVVPVWRhWlZwbk5YYxAB,34,34
Ci9DQUlRQUNvZENodHljRjlvT21KQ1dGSkdkV2szU0RBME4yMVVPVWRhWlZwbk5YYxAB_06,Ci9DQUlRQUNvZENodHljRjlvT21KQ1dGSkdkV2szU0RBME4yMVVPVWRhWlZwbk5YYxAB,-1,-1
Ci9DQUlRQUNvZENodHljRjlvT21KQ1dGSkdkV2szU0RBME4yMVVPVWRhWlZwbk5YYxAB_07,Ci9DQUlRQUNvZENodHljRjlvT21KQ1dGSkdkV2szU0RBME4yMVVPVWRhWlZwbk5YYxAB,6,6
Ci9DQUlRQUNvZENodHljRjlvT25GV1pXSjBUVFJTTUVsbGVqUlFZV0pHVVZVdFYzYxAB_01,Ci9DQUlRQUNvZENodHljRjlvT25GV1pXSjBUVFJTTUVsbGVqUlFZV0pHVVZVdFYzYxAB,24,33
ChdDSUhNMG9nS0VJQ0FnSURiOWVHSDJnRRAB_01,ChdDSUhNMG9nS0VJQ0FnSURiOWVHSDJnRRAB,8,8
ChdDSUhNMG9nS0VJQ0FnSURiOWVHSDJnRRAB_02,ChdDSUhNMG9nS0VJQ0FnSURiOWVHSDJnRRAB,8,8
ChZDSUhNMG9nS0VJQ0FnTUNRaEpmb1BnEAE_01,ChZDSUhNMG9nS0VJQ0FnTUNRaEpmb1BnEAE,6,6
ChZDSUhNMG9nS0VJQ0FnTUNRaEpmb1BnEAE_02,ChZDSUhNMG9nS0VJQ0FnTUNRaEpmb1BnEAE,20,18
ChdDSUhNMG9nS0VJQ0FnTUNvLXJPY213RRAB_01,ChdDSUhNMG9nS0VJQ0FnTUNvLXJPY213RRAB,24,33
ChdDSUhNMG9nS0VJQ0FnTUNvLXJPY213RRAB_02,ChdDSUhNMG9nS0VJQ0FnTUNvLXJPY213RRAB,2,2
ChZDSUhNMG9nS0VLMzdrcVdBc2JIekd3EAE_01,ChZDSUhNMG9nS0VLMzdrcVdBc2JIekd3EAE,1,0
ChZDSUhNMG9nS0VLMzdrcVdBc2JIekd3EAE_02,ChZDSUhNMG9nS0VLMzdrcVdBc2JIekd3EAE,1,0
ChZDSUhNMG9nS0VLMzdrcVdBc2JIekd3EAE_03,ChZDSUhNMG9nS0VLMzdrcVdBc2JIekd3EAE,2,2
ChZDSUhNMG9nS0VLMzdrcVdBc2JIekd3EAE_04,ChZDSUhNMG9nS0VLMzdrcVdBc2JIekd3EAE,6,6
ChZDSUhNMG9nS0VLMzdrcVdBc2JIekd3EAE_05,ChZDSUhNMG9nS0VLMzdrcVdBc2JIekd3EAE,11,12
Ci9DQUlRQUNvZENodHljRjlvT2xsMWF6ZE5VbXBRZG13MFFVMUdXVFZNWldoQ01rRRAB_01,Ci9DQUlRQUNvZENodHljRjlvT2xsMWF6ZE5VbXBRZG13MFFVMUdXVFZNWldoQ01rRRAB,0,1
Ci9DQUlRQUNvZENodHljRjlvT2xsMWF6ZE5VbXBRZG13MFFVMUdXVFZNWldoQ01rRRAB_02,Ci9DQUlRQUNvZENodHljRjlvT2xsMWF6ZE5VbXBRZG13MFFVMUdXVFZNWldoQ01rRRAB,6,-1
Ci9DQUlRQUNvZENodHljRjlvT2tsU2MyazNTRWxuVlVOclRtTnJTRk53UVRWNWQwRRAB_01,Ci9DQUlRQUNvZENodHljRjlvT2tsU2MyazNTRWxuVlVOclRtTnJTRk53UVRWNWQwRRAB,6,6
Ci9DQUlRQUNvZENodHljRjlvT2tsU2MyazNTRWxuVlVOclRtTnJTRk53UVRWNWQwRRAB_02,Ci9DQUlRQUNvZENodHljRjlvT2tsU2MyazNTRWxuVlVOclRtTnJTRk53UVRWNWQwRRAB,2,2
Ci9DQUlRQUNvZENodHljRjlvT2tsU2MyazNTRWxuVlVOclRtTnJTRk53UVRWNWQwRRAB_03,Ci9DQUlRQUNvZENodHljRjlvT2tsU2MyazNTRWxuVlVOclRtTnJTRk53UVRWNWQwRRAB,39,38
Ci9DQUlRQUNvZENodHljRjlvT2pCUU0ydEdVV0o2WW13dFJHVTNZak5CUjFWYWRHYxAB_01,Ci9DQUlRQUNvZENodHljRjlvT2pCUU0ydEdVV0o2WW13dFJHVTNZak5CUjFWYWRHYxAB,6,-1
Ci9DQUlRQUNvZENodHljRjlvT2pCUU0ydEdVV0o2WW13dFJHVTNZak5CUjFWYWRHYxAB_02,Ci9DQUlRQUNvZENodHljRjlvT2pCUU0ydEdVV0o2WW13dFJHVTNZak5CUjFWYWRHYxAB,1,0
Ci9DQUlRQUNvZENodHljRjlvT2pCUU0ydEdVV0o2WW13dFJHVTNZak5CUjFWYWRHYxAB_03,Ci9DQUlRQUNvZENodHljRjlvT2pCUU0ydEdVV0o2WW13dFJHVTNZak5CUjFWYWRHYxAB,6,-1
Ci9DQUlRQUNvZENodHljRjlvT2tvMVpGcFJjRGh3ZVZGTE1EbE1NbU5uTW5KV1ZuYxAB_01,Ci9DQUlRQUNvZENodHljRjlvT2tvMVpGcFJjRGh3ZVZGTE1EbE1NbU5uTW5KV1ZuYxAB,23,31
Ci9DQUlRQUNvZENodHljRjlvT2tvMVpGcFJjRGh3ZVZGTE1EbE1NbU5uTW5KV1ZuYxAB_02,Ci9DQUlRQUNvZENodHljRjlvT2tvMVpGcFJjRGh3ZVZGTE1EbE1NbU5uTW5KV1ZuYxAB,16,14
Ci9DQUlRQUNvZENodHljRjlvT2tvMVpGcFJjRGh3ZVZGTE1EbE1NbU5uTW5KV1ZuYxAB_03,Ci9DQUlRQUNvZENodHljRjlvT2tvMVpGcFJjRGh3ZVZGTE1EbE1NbU5uTW5KV1ZuYxAB,20,18
Ci9DQUlRQUNvZENodHljRjlvT2tvMVpGcFJjRGh3ZVZGTE1EbE1NbU5uTW5KV1ZuYxAB_04,Ci9DQUlRQUNvZENodHljRjlvT2tvMVpGcFJjRGh3ZVZGTE1EbE1NbU5uTW5KV1ZuYxAB,0,1
Ci9DQUlRQUNvZENodHljRjlvT2tvMVpGcFJjRGh3ZVZGTE1EbE1NbU5uTW5KV1ZuYxAB_05,Ci9DQUlRQUNvZENodHljRjlvT2tvMVpGcFJjRGh3ZVZGTE1EbE1NbU5uTW5KV1ZuYxAB,35,36
Ci9DQUlRQUNvZENodHljRjlvT2tvMVpGcFJjRGh3ZVZGTE1EbE1NbU5uTW5KV1ZuYxAB_06,Ci9DQUlRQUNvZENodHljRjlvT2tvMVpGcFJjRGh3ZVZGTE1EbE1NbU5uTW5KV1ZuYxAB,7,7
Ci9DQUlRQUNvZENodHljRjlvT2tvMVpGcFJjRGh3ZVZGTE1EbE1NbU5uTW5KV1ZuYxAB_07,Ci9DQUlRQUNvZENodHljRjlvT2tvMVpGcFJjRGh3ZVZGTE1EbE1NbU5uTW5KV1ZuYxAB,37,35
ChZDSUhNMG9nS0VJQ0FnSUN0cTUzOFJnEAE_01,ChZDSUhNMG9nS0VJQ0FnSUN0cTUzOFJnEAE,36,37
ChdDSUhNMG9nS0VJQ0FnSUR0NHNDRGxBRRAB_01,ChdDSUhNMG9nS0VJQ0FnSUR0NHNDRGxBRRAB,36,37
ChdDSUhNMG9nS0VJQ0FnSUR0NHNDRGxBRRAB_02,ChdDSUhNMG9nS0VJQ0FnSUR0NHNDRGxBRRAB,30,29
ChdDSUhNMG9nS0VJQ0FnSUR0NHMzbThBRRAB_01,ChdDSUhNMG9nS0VJQ0FnSUR0NHMzbThBRRAB,12,21
ChdDSUhNMG9nS0VJQ0FnSUR0a3VuNmx3RRAB_01,ChdDSUhNMG9nS0VJQ0FnSUR0a3VuNmx3RRAB,9,9
ChZDSUhNMG9nS0VJQ0FnSUNkNE5qNlF3EAE_01,ChZDSUhNMG9nS0VJQ0FnSUNkNE5qNlF3EAE,19,16
ChZDSUhNMG9nS0VJQ0FnSUNkNE5qNlF3EAE_02,ChZDSUhNMG9nS0VJQ0FnSUNkNE5qNlF3EAE,-1,-1
ChZDSUhNMG9nS0VJQ0FnSUNka015bmRREAE_01,ChZDSUhNMG9nS0VJQ0FnSUNka015bmRREAE,2,2
ChZDSUhNMG9nS0VJQ0FnSUNka015bmRREAE_02,ChZDSUhNMG9nS0VJQ0FnSUNka015bmRREAE,6,6
ChdDSUhNMG9nS0VJQ0FnSURkd3ZLeF9nRRAB_01,ChdDSUhNMG9nS0VJQ0FnSURkd3ZLeF9nRRAB,21,-1
ChdDSUhNMG9nS0VJQ0FnSURkd3ZLeF9nRRAB_02,ChdDSUhNMG9nS0VJQ0FnSURkd3ZLeF9nRRAB,9,9
ChdDSUhNMG9nS0VJQ0FnSURkd3ZLeF9nRRAB_03,ChdDSUhNMG9nS0VJQ0FnSURkd3ZLeF9nRRAB,19,16
ChdDSUhNMG9nS0VJQ0FnSURkNnEtbzNBRRAB_01,ChdDSUhNMG9nS0VJQ0FnSURkNnEtbzNBRRAB,9,9
ChdDSUhNMG9nS0VJQ0FnSURkNnEtbzNBRRAB_02,ChdDSUhNMG9nS0VJQ0FnSURkNnEtbzNBRRAB,3,-1
ChdDSUhNMG9nS0VJQ0FnSURkNnEtbzNBRRAB_03,ChdDSUhNMG9nS0VJQ0FnSURkNnEtbzNBRRAB,-1,-1
ChdDSUhNMG9nS0VJQ0FnSURkNnEtbzNBRRAB_04,ChdDSUhNMG9nS0VJQ0FnSURkNnEtbzNBRRAB,8,8
ChdDSUhNMG9nS0VJQ0FnSURkczRHTl9RRRAB_01,ChdDSUhNMG9nS0VJQ0FnSURkczRHTl9RRRAB,19,16
ChdDSUhNMG9nS0VJQ0FnSURkczRHTl9RRRAB_02,ChdDSUhNMG9nS0VJQ0FnSURkczRHTl9RRRAB,3,3
ChZDSUhNMG9nS0VJQ0FnSUM5aTRLdFZ3EAE_01,ChZDSUhNMG9nS0VJQ0FnSUM5aTRLdFZ3EAE,18,20
ChZDSUhNMG9nS0VJQ0FnSUM5aTRLdFZ3EAE_02,ChZDSUhNMG9nS0VJQ0FnSUM5aTRLdFZ3EAE,0,1
ChZDSUhNMG9nS0VJQ0FnSUM5aTRLdFZ3EAE_03,ChZDSUhNMG9nS0VJQ0FnSUM5aTRLdFZ3EAE,-1,-1
ChdDSUhNMG9nS0VJQ0FnSUQ5MU91bi1BRRAB_01,ChdDSUhNMG9nS0VJQ0FnSUQ5MU91bi1BRRAB,9,9
ChdDSUhNMG9nS0VJQ0FnSUQ5MU91bi1BRRAB_02,ChdDSUhNMG9nS0VJQ0FnSUQ5MU91bi1BRRAB,5,-1
ChdDSUhNMG9nS0VJQ0FnSUQ5bzZIS3N3RRAB_01,ChdDSUhNMG9nS0VJQ0FnSUQ5bzZIS3N3RRAB,12,30
ChdDSUhNMG9nS0VJQ0FnSUQ5bzZIS3N3RRAB_02,ChdDSUhNMG9nS0VJQ0FnSUQ5bzZIS3N3RRAB,11,12
ChdDSUhNMG9nS0VJQ0FnSUQ5bzZIS3N3RRAB_03,ChdDSUhNMG9nS0VJQ0FnSUQ5bzZIS3N3RRAB,0,1
ChdDSUhNMG9nS0VJQ0FnSUQ5bzZIS3N3RRAB_04,ChdDSUhNMG9nS0VJQ0FnSUQ5bzZIS3N3RRAB,-1,-1
ChdDSUhNMG9nS0VJQ0FnSUQ5bzZIS3N3RRAB_05,ChdDSUhNMG9nS0VJQ0FnSUQ5bzZIS3N3RRAB,-1,-1
ChdDSUhNMG9nS0VJQ0FnSUQ5bzZIS3N3RRAB_06,ChdDSUhNMG9nS0VJQ0FnSUQ5bzZIS3N3RRAB,-1,-1
ChdDSUhNMG9nS0VJQ0FnSUQ5bzZIS3N3RRAB_07,ChdDSUhNMG9nS0VJQ0FnSUQ5bzZIS3N3RRAB,-1,-1
ChdDSUhNMG9nS0VJQ0FnSUQ5bzZIS3N3RRAB_08,ChdDSUhNMG9nS0VJQ0FnSUQ5bzZIS3N3RRAB,5,4
ChZDSUhNMG9nS0VJQ0FnSUNENW9ITU1BEAE_01,ChZDSUhNMG9nS0VJQ0FnSUNENW9ITU1BEAE,3,3
ChdDSUhNMG9nS0VJQ0FnSUNENXNHYTVnRRAB_01,ChdDSUhNMG9nS0VJQ0FnSUNENXNHYTVnRRAB,7,7
ChdDSUhNMG9nS0VJQ0FnSUNENXNHYTVnRRAB_02,ChdDSUhNMG9nS0VJQ0FnSUNENXNHYTVnRRAB,-1,-1
ChdDSUhNMG9nS0VJQ0FnSUNENXNHYTVnRRAB_03,ChdDSUhNMG9nS0VJQ0FnSUNENXNHYTVnRRAB,9,9
ChZDSUhNMG9nS0VJQ0FnSUNEeWNyaFJREAE_01,ChZDSUhNMG9nS0VJQ0FnSUNEeWNyaFJREAE,-1,-1
ChdDSUhNMG9nS0VJQ0FnSUNEeWFyNTFBRRAB_01,ChdDSUhNMG9nS0VJQ0FnSUNEeWFyNTFBRRAB,2,2
ChdDSUhNMG9nS0VJQ0FnSUNEeWFyNTFBRRAB_02,ChdDSUhNMG9nS0VJQ0FnSUNEeWFyNTFBRRAB,19,16
ChdDSUhNMG9nS0VJQ0FnSUNEeWFyNTFBRRAB_03,ChdDSUhNMG9nS0VJQ0FnSUNEeWFyNTFBRRAB,0,1
ChdDSUhNMG9nS0VJQ0FnSUNEeWFyNTFBRRAB_04,ChdDSUhNMG9nS0VJQ0FnSUNEeWFyNTFBRRAB,32,32
ChZDSUhNMG9nS0VJQ0FnSUNEbVlqQmRREAE_01,ChZDSUhNMG9nS0VJQ0FnSUNEbVlqQmRREAE,0,1
ChZDSUhNMG9nS0VJQ0FnSUNEbVlqQmRREAE_02,ChZDSUhNMG9nS0VJQ0FnSUNEbVlqQmRREAE,0,1
ChZDSUhNMG9nS0VJQ0FnSUNEbVlqQmRREAE_03,ChZDSUhNMG9nS0VJQ0FnSUNEbVlqQmRREAE,0,1
ChZDSUhNMG9nS0VJQ0FnSUNEbVlqQmRREAE_04,ChZDSUhNMG9nS0VJQ0FnSUNEbVlqQmRREAE,6,6
ChZDSUhNMG9nS0VJQ0FnSUNEbVlqQmRREAE_05,ChZDSUhNMG9nS0VJQ0FnSUNEbVlqQmRREAE,5,4
ChZDSUhNMG9nS0VJQ0FnSUNEbVlqQmRREAE_06,ChZDSUhNMG9nS0VJQ0FnSUNEbVlqQmRREAE,-1,-1
ChZDSUhNMG9nS0VJQ0FnSUNEbVlqQmRREAE_07,ChZDSUhNMG9nS0VJQ0FnSUNEbVlqQmRREAE,37,35
ChZDSUhNMG9nS0VJQ0FnSUNEeFpMdE93EAE_01,ChZDSUhNMG9nS0VJQ0FnSUNEeFpMdE93EAE,3,3
ChZDSUhNMG9nS0VJQ0FnSUNEeFpMdE93EAE_02,ChZDSUhNMG9nS0VJQ0FnSUNEeFpMdE93EAE,5,-1
ChdDSUhNMG9nS0VJQ0FnSUNEMTRUcndRRRAB_01,ChdDSUhNMG9nS0VJQ0FnSUNEMTRUcndRRRAB,-1,-1
ChdDSUhNMG9nS0VJQ0FnSUNEMTRUcndRRRAB_02,ChdDSUhNMG9nS0VJQ0FnSUNEMTRUcndRRRAB,3,3
ChdDSUhNMG9nS0VJQ0FnSUNEMTRUcndRRRAB_03,ChdDSUhNMG9nS0VJQ0FnSUNEMTRUcndRRRAB,5,4
ChdDSUhNMG9nS0VJQ0FnSUNEMTRUcndRRRAB_04,ChdDSUhNMG9nS0VJQ0FnSUNEMTRUcndRRRAB,19,16
ChdDSUhNMG9nS0VJQ0FnSUREOFBqRjRnRRAB_01,ChdDSUhNMG9nS0VJQ0FnSUREOFBqRjRnRRAB,5,-1
ChdDSUhNMG9nS0VJQ0FnSUREOFBqRjRnRRAB_02,ChdDSUhNMG9nS0VJQ0FnSUREOFBqRjRnRRAB,12,21
ChdDSUhNMG9nS0VJQ0FnSUREOFBqRjRnRRAB_03,ChdDSUhNMG9nS0VJQ0FnSUREOFBqRjRnRRAB,36,37
ChdDSUhNMG9nS0VJQ0FnSUREOFBqRjRnRRAB_04,ChdDSUhNMG9nS0VJQ0FnSUREOFBqRjRnRRAB,1,0
ChdDSUhNMG9nS0VJQ0FnSUREOFBqRjRnRRAB_05,ChdDSUhNMG9nS0VJQ0FnSUREOFBqRjRnRRAB,-1,-1
ChdDSUhNMG9nS0VJQ0FnSUREM0tTWjZBRRAB_01,ChdDSUhNMG9nS0VJQ0FnSUREM0tTWjZBRRAB,30,29
ChdDSUhNMG9nS0VJQ0FnSUREM0tTWjZBRRAB_02,ChdDSUhNMG9nS0VJQ0FnSUREM0tTWjZBRRAB,2,2
ChdDSUhNMG9nS0VJQ0FnSUREM0oyNHR3RRAB_01,ChdDSUhNMG9nS0VJQ0FnSUREM0oyNHR3RRAB,28,22
ChdDSUhNMG9nS0VJQ0FnSUREM0oyNHR3RRAB_02,ChdDSUhNMG9nS0VJQ0FnSUREM0oyNHR3RRAB,20,18
ChdDSUhNMG9nS0VJQ0FnSUREM0oyNHR3RRAB_03,ChdDSUhNMG9nS0VJQ0FnSUREM0oyNHR3RRAB,30,29
ChdDSUhNMG9nS0VJQ0FnSUREX0pLQnlRRRAB_01,ChdDSUhNMG9nS0VJQ0FnSUREX0pLQnlRRRAB,3,3
ChdDSUhNMG9nS0VJQ0FnSUREX0pLQnlRRRAB_02,ChdDSUhNMG9nS0VJQ0FnSUREX0pLQnlRRRAB,1,0
ChdDSUhNMG9nS0VJQ0FnSUREX0pLQnlRRRAB_03,ChdDSUhNMG9nS0VJQ0FnSUREX0pLQnlRRRAB,31,27
ChZDSUhNMG9nS0VJQ0FnSUREX0pIWmN3EAE_01,ChZDSUhNMG9nS0VJQ0FnSUREX0pIWmN3EAE,1,0
ChZDSUhNMG9nS0VJQ0FnSUREX0pIWmN3EAE_02,ChZDSUhNMG9nS0VJQ0FnSUREX0pIWmN3EAE,3,3
ChZDSUhNMG9nS0VJQ0FnSUREX0pIWmN3EAE_03,ChZDSUhNMG9nS0VJQ0FnSUREX0pIWmN3EAE,5,4
ChZDSUhNMG9nS0VJQ0FnSUREX0pIWmN3EAE_04,ChZDSUhNMG9nS0VJQ0FnSUREX0pIWmN3EAE,-1,-1
ChZDSUhNMG9nS0VJQ0FnSUREX0x2UVR3EAE_01,ChZDSUhNMG9nS0VJQ0FnSUREX0x2UVR3EAE,3,3
ChdDSUhNMG9nS0VJQ0FnSUREaW9IUTN3RRAB_01,ChdDSUhNMG9nS0VJQ0FnSUREaW9IUTN3RRAB,7,7
ChdDSUhNMG9nS0VJQ0FnSUREbHR6YV9RRRAB_01,ChdDSUhNMG9nS0VJQ0FnSUREbHR6YV9RRRAB,21,28
ChZDSUhNMG9nS0VJQ0FnSUREN2JYWlJnEAE_01,ChZDSUhNMG9nS0VJQ0FnSUREN2JYWlJnEAE,8,8
ChZDSUhNMG9nS0VJQ0FnSUREN2JYWlJnEAE_02,ChZDSUhNMG9nS0VJQ0FnSUREN2JYWlJnEAE,1,0
ChZDSUhNMG9nS0VJQ0FnSUREN2JYWlJnEAE_03,ChZDSUhNMG9nS0VJQ0FnSUREN2JYWlJnEAE,3,-1
ChdDSUhNMG9nS0VJQ0FnSURqbE5uSGlRRRAB_01,ChdDSUhNMG9nS0VJQ0FnSURqbE5uSGlRRRAB,1,0
ChdDSUhNMG9nS0VJQ0FnSURqbE5uSGlRRRAB_02,ChdDSUhNMG9nS0VJQ0FnSURqbE5uSGlRRRAB,8,8
ChdDSUhNMG9nS0VJQ0FnSURqdE5feDhnRRAB_01,ChdDSUhNMG9nS0VJQ0FnSURqdE5feDhnRRAB,-1,-1
ChdDSUhNMG9nS0VJQ0FnSURqdE5feDhnRRAB_02,ChdDSUhNMG9nS0VJQ0FnSURqdE5feDhnRRAB,3,-1
ChdDSUhNMG9nS0VJQ0FnSURqdE5feDhnRRAB_03,ChdDSUhNMG9nS0VJQ0FnSURqdE5feDhnRRAB,-1,-1
ChdDSUhNMG9nS0VJQ0FnSURqeV9PTzhnRRAB_01,ChdDSUhNMG9nS0VJQ0FnSURqeV9PTzhnRRAB,0,-1
ChdDSUhNMG9nS0VJQ0FnSURqeV9PTzhnRRAB_02,ChdDSUhNMG9nS0VJQ0FnSURqeV9PTzhnRRAB,-1,-1
ChdDSUhNMG9nS0VJQ0FnSUNUNlpQM3hRRRAB_01,ChdDSUhNMG9nS0VJQ0FnSUNUNlpQM3hRRRAB,3,3
ChdDSUhNMG9nS0VJQ0FnSUNUNlpQM3hRRRAB_02,ChdDSUhNMG9nS0VJQ0FnSUNUNlpQM3hRRRAB,10,10
ChdDSUhNMG9nS0VJQ0FnSUNUNlpQM3hRRRAB_03,ChdDSUhNMG9nS0VJQ0FnSUNUNlpQM3hRRRAB,2,2
ChZDSUhNMG9nS0VJQ0FnSUNMOGQ2VUtREAE_01,ChZDSUhNMG9nS0VJQ0FnSUNMOGQ2VUtREAE,7,7
ChZDSUhNMG9nS0VJQ0FnSUNMOGQ2VUtREAE_02,ChZDSUhNMG9nS0VJQ0FnSUNMOGQ2VUtREAE,2,2
ChZDSUhNMG9nS0VJQ0FnSUNMOGQ2VUtREAE_03,ChZDSUhNMG9nS0VJQ0FnSUNMOGQ2VUtREAE,31,27
ChZDSUhNMG9nS0VJQ0FnSUNMOGQ2VUtREAE_04,ChZDSUhNMG9nS0VJQ0FnSUNMOGQ2VUtREAE,-1,-1
ChdDSUhNMG9nS0VJQ0FnSURMcHVtTHl3RRAB_01,ChdDSUhNMG9nS0VJQ0FnSURMcHVtTHl3RRAB,3,-1
ChdDSUhNMG9nS0VJQ0FnSURMcHVtTHl3RRAB_02,ChdDSUhNMG9nS0VJQ0FnSURMcHVtTHl3RRAB,0,1
ChdDSUhNMG9nS0VJQ0FnSUNyelB6YTJ3RRAB_01,ChdDSUhNMG9nS0VJQ0FnSUNyelB6YTJ3RRAB,12,30
ChdDSUhNMG9nS0VJQ0FnSUNyelB6YTJ3RRAB_02,ChdDSUhNMG9nS0VJQ0FnSUNyelB6YTJ3RRAB,26,26
ChdDSUhNMG9nS0VJQ0FnSUNyelB6YTJ3RRAB_03,ChdDSUhNMG9nS0VJQ0FnSUNyelB6YTJ3RRAB,-1,-1
ChdDSUhNMG9nS0VJQ0FnSUNyelB6YTJ3RRAB_04,ChdDSUhNMG9nS0VJQ0FnSUNyelB6YTJ3RRAB,30,29
ChdDSUhNMG9nS0VJQ0FnSUNyelB6YTJ3RRAB_05,ChdDSUhNMG9nS0VJQ0FnSUNyelB6YTJ3RRAB,0,1
ChdDSUhNMG9nS0VJQ0FnSUQ3aVpUUmlnRRAB_01,ChdDSUhNMG9nS0VJQ0FnSUQ3aVpUUmlnRRAB,7,7
ChZDSUhNMG9nS0VJQ0FnSUNYMlBuVlZnEAE_01,ChZDSUhNMG9nS0VJQ0FnSUNYMlBuVlZnEAE,38,40
ChZDSUhNMG9nS0VJQ0FnSUNYMlBuVlZnEAE_02,ChZDSUhNMG9nS0VJQ0FnSUNYMlBuVlZnEAE,7,7
ChdDSUhNMG9nS0VJQ0FnSURYM3JDcW5nRRAB_01,ChdDSUhNMG9nS0VJQ0FnSURYM3JDcW5nRRAB,3,3
ChdDSUhNMG9nS0VJQ0FnSUMzNE1MczRRRRAB_01,ChdDSUhNMG9nS0VJQ0FnSUMzNE1MczRRRRAB,-1,-1
ChdDSUhNMG9nS0VJQ0FnSUMzNE1MczRRRRAB_02,ChdDSUhNMG9nS0VJQ0FnSUMzNE1MczRRRRAB,10,10
ChdDSUhNMG9nS0VJQ0FnSUMzNE1MczRRRRAB_03,ChdDSUhNMG9nS0VJQ0FnSUMzNE1MczRRRRAB,10,10
ChdDSUhNMG9nS0VJQ0FnSUMzNE1MczRRRRAB_04,ChdDSUhNMG9nS0VJQ0FnSUMzNE1MczRRRRAB,31,27
ChZDSUhNMG9nS0VJQ0FnSUMzNEpxV0ZnEAE_01,ChZDSUhNMG9nS0VJQ0FnSUMzNEpxV0ZnEAE,3,3
ChdDSUhNMG9nS0VJQ0FnSUMzNVBPRHNRRRAB_01,ChdDSUhNMG9nS0VJQ0FnSUMzNVBPRHNRRRAB,2,2
ChdDSUhNMG9nS0VJQ0FnSUMzNVBPRHNRRRAB_02,ChdDSUhNMG9nS0VJQ0FnSUMzNVBPRHNRRRAB,1,0
ChdDSUhNMG9nS0VJQ0FnSUMzNVBPRHNRRRAB_03,ChdDSUhNMG9nS0VJQ0FnSUMzNVBPRHNRRRAB,4,5
ChdDSUhNMG9nS0VJQ0FnSUMzNVBPRHNRRRAB_04,ChdDSUhNMG9nS0VJQ0FnSUMzNVBPRHNRRRAB,-1,-1
ChZDSUhNMG9nS0VJQ0FnSUNQNHBXOVdBEAE_01,ChZDSUhNMG9nS0VJQ0FnSUNQNHBXOVdBEAE,21,-1
ChdDSUhNMG9nS0VJQ0FnSUNQN3ZUTXpBRRAB_01,ChdDSUhNMG9nS0VJQ0FnSUNQN3ZUTXpBRRAB,19,16
ChZDSUhNMG9nS0VJQ0FnSURQdFB6eU5nEAE_01,ChZDSUhNMG9nS0VJQ0FnSURQdFB6eU5nEAE,3,3
ChZDSUhNMG9nS0VJQ0FnSURQdFB6eU5nEAE_02,ChZDSUhNMG9nS0VJQ0FnSURQdFB6eU5nEAE,28,22
ChdDSUhNMG9nS0VJQ0FnSUN2M1pIRW1RRRAB_01,ChdDSUhNMG9nS0VJQ0FnSUN2M1pIRW1RRRAB,34,34
ChdDSUhNMG9nS0VJQ0FnSUN2M1pIRW1RRRAB_02,ChdDSUhNMG9nS0VJQ0FnSUN2M1pIRW1RRRAB,34,34
ChdDSUhNMG9nS0VJQ0FnSUN2M1pIRW1RRRAB_03,ChdDSUhNMG9nS0VJQ0FnSUN2M1pIRW1RRRAB,1,0
ChdDSUhNMG9nS0VJQ0FnSUN2ZzZ1NDB3RRAB_01,ChdDSUhNMG9nS0VJQ0FnSUN2ZzZ1NDB3RRAB,0,1
ChdDSUhNMG9nS0VJQ0FnSUN2ZzZ1NDB3RRAB_02,ChdDSUhNMG9nS0VJQ0FnSUN2ZzZ1NDB3RRAB,14,13
ChdDSUhNMG9nS0VJQ0FnSUN2ZzZ1NDB3RRAB_03,ChdDSUhNMG9nS0VJQ0FnSUN2ZzZ1NDB3RRAB,0,1
ChZDSUhNMG9nS0VJQ0FnSUN2dzlDblJBEAE_01,ChZDSUhNMG9nS0VJQ0FnSUN2dzlDblJBEAE,21,-1
ChZDSUhNMG9nS0VJQ0FnSUN2dzRqRk5nEAE_01,ChZDSUhNMG9nS0VJQ0FnSUN2dzRqRk5nEAE,1,-1
ChdDSUhNMG9nS0VJQ0FnSUR2N3BtRTVnRRAB_01,ChdDSUhNMG9nS0VJQ0FnSUR2N3BtRTVnRRAB,9,9
ChdDSUhNMG9nS0VJQ0FnSUR2N3BtRTVnRRAB_02,ChdDSUhNMG9nS0VJQ0FnSUR2N3BtRTVnRRAB,11,12
ChdDSUhNMG9nS0VJQ0FnSUR2N3BtRTVnRRAB_03,ChdDSUhNMG9nS0VJQ0FnSUR2N3BtRTVnRRAB,29,23
ChdDSUhNMG9nS0VJQ0FnSUR2N3BtRTVnRRAB_04,ChdDSUhNMG9nS0VJQ0FnSUR2N3BtRTVnRRAB,12,30
ChdDSUhNMG9nS0VJQ0FnSUR2N3BtRTVnRRAB_05,ChdDSUhNMG9nS0VJQ0FnSUR2N3BtRTVnRRAB,2,2
ChdDSUhNMG9nS0VJQ0FnSUNmbjYyYzhnRRAB_01,ChdDSUhNMG9nS0VJQ0FnSUNmbjYyYzhnRRAB,4,5
ChdDSUhNMG9nS0VJQ0FnSUNmbjYyYzhnRRAB_02,ChdDSUhNMG9nS0VJQ0FnSUNmbjYyYzhnRRAB,2,2
ChdDSUhNMG9nS0VJQ0FnSUNmbjYyYzhnRRAB_03,ChdDSUhNMG9nS0VJQ0FnSUNmbjYyYzhnRRAB,6,6
ChdDSUhNMG9nS0VJQ0FnSUNmbjYyYzhnRRAB_04,ChdDSUhNMG9nS0VJQ0FnSUNmbjYyYzhnRRAB,16,14
ChdDSUhNMG9nS0VJQ0FnSUNmbjYyYzhnRRAB_05,ChdDSUhNMG9nS0VJQ0FnSUNmbjYyYzhnRRAB,5,-1
ChdDSUhNMG9nS0VJQ0FnTUR3enBhcHZBRRAB_01,ChdDSUhNMG9nS0VJQ0FnTUR3enBhcHZBRRAB,8,8
ChdDSUhNMG9nS0VJQ0FnTUR3enBhcHZBRRAB_02,ChdDSUhNMG9nS0VJQ0FnTUR3enBhcHZBRRAB,21,-1
ChdDSUhNMG9nS0VJQ0FnTUR3enBhcHZBRRAB_03,ChdDSUhNMG9nS0VJQ0FnTUR3enBhcHZBRRAB,-1,-1
ChdDSUhNMG9nS0VQZjJ4Sm1YeDVXYTh3RRAB_01,ChdDSUhNMG9nS0VQZjJ4Sm1YeDVXYTh3RRAB,22,17
ChdDSUhNMG9nS0VJN042WnluMk9MVTJ3RRAB_01,ChdDSUhNMG9nS0VJN042WnluMk9MVTJ3RRAB,23,-1
ChdDSUhNMG9nS0VJN042WnluMk9MVTJ3RRAB_02,ChdDSUhNMG9nS0VJN042WnluMk9MVTJ3RRAB,4,5
ChdDSUhNMG9nS0VJN042WnluMk9MVTJ3RRAB_03,ChdDSUhNMG9nS0VJN042WnluMk9MVTJ3RRAB,1,0
Ci9DQUlRQUNvZENodHljRjlvT2t4eE1HWmhkVTl3VkRFNVlYVTNOM0ZYTjFaeFIwRRAB_01,Ci9DQUlRQUNvZENodHljRjlvT2t4eE1HWmhkVTl3VkRFNVlYVTNOM0ZYTjFaeFIwRRAB,3,3
Ci9DQUlRQUNvZENodHljRjlvT21RMVgyWk5UR00wZURkUlVYQnVjVzF1TXpOamMwRRAB_01,Ci9DQUlRQUNvZENodHljRjlvT21RMVgyWk5UR00wZURkUlVYQnVjVzF1TXpOamMwRRAB,-1,-1
Ci9DQUlRQUNvZENodHljRjlvT2xkQ1dsSlFhSE5oVmxoNFkyVkdZMWh6VGxOemIxRRAB_01,Ci9DQUlRQUNvZENodHljRjlvT2xkQ1dsSlFhSE5oVmxoNFkyVkdZMWh6VGxOemIxRRAB,19,16
Ci9DQUlRQUNvZENodHljRjlvT2xkQ1dsSlFhSE5oVmxoNFkyVkdZMWh6VGxOemIxRRAB_02,Ci9DQUlRQUNvZENodHljRjlvT2xkQ1dsSlFhSE5oVmxoNFkyVkdZMWh6VGxOemIxRRAB,21,-1
Ci9DQUlRQUNvZENodHljRjlvT2pOVlpXbHdVRWhsUTB4WWMzWnROa1Y1YjNwWlYyYxAB_01,Ci9DQUlRQUNvZENodHljRjlvT2pOVlpXbHdVRWhsUTB4WWMzWnROa1Y1YjNwWlYyYxAB,2,2
Ci9DQUlRQUNvZENodHljRjlvT2pOVlpXbHdVRWhsUTB4WWMzWnROa1Y1YjNwWlYyYxAB_02,Ci9DQUlRQUNvZENodHljRjlvT2pOVlpXbHdVRWhsUTB4WWMzWnROa1Y1YjNwWlYyYxAB,14,13
Ci9DQUlRQUNvZENodHljRjlvT25Jek1UWkhhelF0VmtOM1gxQTVOelZIUlU5UVlXYxAB_01,Ci9DQUlRQUNvZENodHljRjlvT25Jek1UWkhhelF0VmtOM1gxQTVOelZIUlU5UVlXYxAB,2,2
Ci9DQUlRQUNvZENodHljRjlvT25Jek1UWkhhelF0VmtOM1gxQTVOelZIUlU5UVlXYxAB_02,Ci9DQUlRQUNvZENodHljRjlvT25Jek1UWkhhelF0VmtOM1gxQTVOelZIUlU5UVlXYxAB,0,1
Ci9DQUlRQUNvZENodHljRjlvT25Jek1UWkhhelF0VmtOM1gxQTVOelZIUlU5UVlXYxAB_03,Ci9DQUlRQUNvZENodHljRjlvT25Jek1UWkhhelF0VmtOM1gxQTVOelZIUlU5UVlXYxAB,6,6
Ci9DQUlRQUNvZENodHljRjlvT25Jek1UWkhhelF0VmtOM1gxQTVOelZIUlU5UVlXYxAB_04,Ci9DQUlRQUNvZENodHljRjlvT25Jek1UWkhhelF0VmtOM1gxQTVOelZIUlU5UVlXYxAB,-1,-1
Ci9DQUlRQUNvZENodHljRjlvT25Jek1UWkhhelF0VmtOM1gxQTVOelZIUlU5UVlXYxAB_05,Ci9DQUlRQUNvZENodHljRjlvT25Jek1UWkhhelF0VmtOM1gxQTVOelZIUlU5UVlXYxAB,-1,-1
Ci9DQUlRQUNvZENodHljRjlvT2xGM1ptNW9OVVZOWlhZelMwdDVUSFJUVlhsdlQyYxAB_01,Ci9DQUlRQUNvZENodHljRjlvT2xGM1ptNW9OVVZOWlhZelMwdDVUSFJUVlhsdlQyYxAB,18,20
Ci9DQUlRQUNvZENodHljRjlvT2xGM1ptNW9OVVZOWlhZelMwdDVUSFJUVlhsdlQyYxAB_02,Ci9DQUlRQUNvZENodHljRjlvT2xGM1ptNW9OVVZOWlhZelMwdDVUSFJUVlhsdlQyYxAB,25,25
Ci9DQUlRQUNvZENodHljRjlvT25oS01UaG9ibU5vZFd4TUxYbDRUMmc1VDJzMk0zYxAB_01,Ci9DQUlRQUNvZENodHljRjlvT25oS01UaG9ibU5vZFd4TUxYbDRUMmc1VDJzMk0zYxAB,2,2
Ci9DQUlRQUNvZENodHljRjlvT21OSU0wOUdNbXd4Y3pacU5WOTJTemN6V1VoSFoyYxAB_01,Ci9DQUlRQUNvZENodHljRjlvT21OSU0wOUdNbXd4Y3pacU5WOTJTemN6V1VoSFoyYxAB,11,-1
Ci9DQUlRQUNvZENodHljRjlvT21OSU0wOUdNbXd4Y3pacU5WOTJTemN6V1VoSFoyYxAB_02,Ci9DQUlRQUNvZENodHljRjlvT21OSU0wOUdNbXd4Y3pacU5WOTJTemN6V1VoSFoyYxAB,6,6
Ci9DQUlRQUNvZENodHljRjlvT21OSU0wOUdNbXd4Y3pacU5WOTJTemN6V1VoSFoyYxAB_03,Ci9DQUlRQUNvZENodHljRjlvT21OSU0wOUdNbXd4Y3pacU5WOTJTemN6V1VoSFoyYxAB,0,-1
Ci9DQUlRQUNvZENodHljRjlvT2pCcmNqUmxSVGxEUldvMVJHSnNNSGh3Y2pFek5VRRAB_01,Ci9DQUlRQUNvZENodHljRjlvT2pCcmNqUmxSVGxEUldvMVJHSnNNSGh3Y2pFek5VRRAB,12,30
Ci9DQUlRQUNvZENodHljRjlvT2pCcmNqUmxSVGxEUldvMVJHSnNNSGh3Y2pFek5VRRAB_02,Ci9DQUlRQUNvZENodHljRjlvT2pCcmNqUmxSVGxEUldvMVJHSnNNSGh3Y2pFek5VRRAB,38,-1
Ci9DQUlRQUNvZENodHljRjlvT2pCcmNqUmxSVGxEUldvMVJHSnNNSGh3Y2pFek5VRRAB_03,Ci9DQUlRQUNvZENodHljRjlvT2pCcmNqUmxSVGxEUldvMVJHSnNNSGh3Y2pFek5VRRAB,16,14
Ci9DQUlRQUNvZENodHljRjlvT20xcFNqbEtTV2syZWxKdFMyeDJSV2xIY21JdE5FRRAB_01,Ci9DQUlRQUNvZENodHljRjlvT20xcFNqbEtTV2syZWxKdFMyeDJSV2xIY21JdE5FRRAB,14,-1
Ci9DQUlRQUNvZENodHljRjlvT20xcFNqbEtTV2syZWxKdFMyeDJSV2xIY21JdE5FRRAB_02,Ci9DQUlRQUNvZENodHljRjlvT20xcFNqbEtTV2syZWxKdFMyeDJSV2xIY21JdE5FRRAB,-1,-1
Ci9DQUlRQUNvZENodHljRjlvT2xKdVNtZDFaRXBXU2xWRWNYUjZjMWxLUlZkZlNtYxAB_01,Ci9DQUlRQUNvZENodHljRjlvT2xKdVNtZDFaRXBXU2xWRWNYUjZjMWxLUlZkZlNtYxAB,3,3
Ci9DQUlRQUNvZENodHljRjlvT21GTVdteGZiMTltY0dWWU9YVjFiM1JPU0hwV09IYxAB_01,Ci9DQUlRQUNvZENodHljRjlvT21GTVdteGZiMTltY0dWWU9YVjFiM1JPU0hwV09IYxAB,3,3
ChZDSUhNMG9nS0VJQ0FnSUNMdHQzZFZBEAE_01,ChZDSUhNMG9nS0VJQ0FnSUNMdHQzZFZBEAE,27,24
ChZDSUhNMG9nS0VJQ0FnSUNMdHQzZFZBEAE_02,ChZDSUhNMG9nS0VJQ0FnSUNMdHQzZFZBEAE,4,5
ChdDSUhNMG9nS0VJQ0FnSUNMX3VuSWp3RRAB_01,ChdDSUhNMG9nS0VJQ0FnSUNMX3VuSWp3RRAB,27,24
ChdDSUhNMG9nS0VJQ0FnSURid0lqZXdnRRAB_01,ChdDSUhNMG9nS0VJQ0FnSURid0lqZXdnRRAB,11,-1
ChdDSUhNMG9nS0VJQ0FnSURid0lqZXdnRRAB_02,ChdDSUhNMG9nS0VJQ0FnSURid0lqZXdnRRAB,1,-1
ChZDSUhNMG9nS0VJQ0FnSUM3Z3BmNU9nEAE_01,ChZDSUhNMG9nS0VJQ0FnSUM3Z3BmNU9nEAE,6,-1
ChdDSUhNMG9nS0VJQ0FnSURIb3RmejFBRRAB_01,ChdDSUhNMG9nS0VJQ0FnSURIb3RmejFBRRAB,-1,-1
ChdDSUhNMG9nS0VJQ0FnSURIb3RmejFBRRAB_02,ChdDSUhNMG9nS0VJQ0FnSURIb3RmejFBRRAB,5,4
ChdDSUhNMG9nS0VJQ0FnSURIb3RmejFBRRAB_03,ChdDSUhNMG9nS0VJQ0FnSURIb3RmejFBRRAB,39,38
ChdDSUhNMG9nS0VJQ0FnSURIb3RmejFBRRAB_04,ChdDSUhNMG9nS0VJQ0FnSURIb3RmejFBRRAB,1,0
ChdDSUhNMG9nS0VJQ0FnSURIb3RmejFBRRAB_05,ChdDSUhNMG9nS0VJQ0FnSURIb3RmejFBRRAB,-1,-1
ChdDSUhNMG9nS0VJQ0FnSURIb3RmejFBRRAB_06,ChdDSUhNMG9nS0VJQ0FnSURIb3RmejFBRRAB,32,32
ChZDSUhNMG9nS0VJQ0FnSURINHFTR2FREAE_01,ChZDSUhNMG9nS0VJQ0FnSURINHFTR2FREAE,16,14
ChZDSUhNMG9nS0VJQ0FnSURINHFTR2FREAE_02,ChZDSUhNMG9nS0VJQ0FnSURINHFTR2FREAE,10,10
ChZDSUhNMG9nS0VJQ0FnSURINHFTR2FREAE_03,ChZDSUhNMG9nS0VJQ0FnSURINHFTR2FREAE,7,7
ChZDSUhNMG9nS0VJQ0FnSURINHFTR2FREAE_04,ChZDSUhNMG9nS0VJQ0FnSURINHFTR2FREAE,32,32
ChZDSUhNMG9nS0VJQ0FnSURINHFTR2FREAE_05,ChZDSUhNMG9nS0VJQ0FnSURINHFTR2FREAE,27,24
ChZDSUhNMG9nS0VJQ0FnSURINHFTR2FREAE_06,ChZDSUhNMG9nS0VJQ0FnSURINHFTR2FREAE,27,24
ChZDSUhNMG9nS0VJQ0FnSURINHFTR2FREAE_07,ChZDSUhNMG9nS0VJQ0FnSURINHFTR2FREAE,27,24
ChZDSUhNMG9nS0VJQ0FnSURINHFTR2FREAE_08,ChZDSUhNMG9nS0VJQ0FnSURINHFTR2FREAE,-1,-1
ChZDSUhNMG9nS0VJQ0FnSURINHFTR2FREAE_09,ChZDSUhNMG9nS0VJQ0FnSURINHFTR2FREAE,-1,-1
ChZDSUhNMG9nS0VJQ0FnSURINHFTR2FREAE_10,ChZDSUhNMG9nS0VJQ0FnSURINHFTR2FREAE,-1,-1
ChZDSUhNMG9nS0VJQ0FnSURINHFTR2FREAE_11,ChZDSUhNMG9nS0VJQ0FnSURINHFTR2FREAE,27,-1
ChZDSUhNMG9nS0VJQ0FnSURINHFTR2FREAE_12,ChZDSUhNMG9nS0VJQ0FnSURINHFTR2FREAE,6,6
ChZDSUhNMG9nS0VJQ0FnSURINHFTR2FREAE_13,ChZDSUhNMG9nS0VJQ0FnSURINHFTR2FREAE,4,5
ChZDSUhNMG9nS0VJQ0FnSURINHFTR2FREAE_14,ChZDSUhNMG9nS0VJQ0FnSURINHFTR2FREAE,-1,-1
ChZDSUhNMG9nS0VJQ0FnSURINHFTR2FREAE_15,ChZDSUhNMG9nS0VJQ0FnSURINHFTR2FREAE,6,6
ChZDSUhNMG9nS0VJQ0FnSURINHFTR2FREAE_16,ChZDSUhNMG9nS0VJQ0FnSURINHFTR2FREAE,6,6
ChZDSUhNMG9nS0VJQ0FnSURINHFTR2FREAE_17,ChZDSUhNMG9nS0VJQ0FnSURINHFTR2FREAE,11,-1
ChZDSUhNMG9nS0VJQ0FnSURINHFTR2FREAE_18,ChZDSUhNMG9nS0VJQ0FnSURINHFTR2FREAE,25,25
ChZDSUhNMG9nS0VJQ0FnSURINHFTR2FREAE_19,ChZDSUhNMG9nS0VJQ0FnSURINHFTR2FREAE,-1,-1
ChZDSUhNMG9nS0VJQ0FnSURINnVqZU1nEAE_01,ChZDSUhNMG9nS0VJQ0FnSURINnVqZU1nEAE,13,15
ChZDSUhNMG9nS0VJQ0FnSURINnVqZU1nEAE_02,ChZDSUhNMG9nS0VJQ0FnSURINnVqZU1nEAE,-1,-1
ChZDSUhNMG9nS0VJQ0FnSURINnVqZU1nEAE_03,ChZDSUhNMG9nS0VJQ0FnSURINnVqZU1nEAE,2,2
ChZDSUhNMG9nS0VJQ0FnSURIbXFqNmJ3EAE_01,ChZDSUhNMG9nS0VJQ0FnSURIbXFqNmJ3EAE,2,2
ChZDSUhNMG9nS0VJQ0FnSURIbXFqNmJ3EAE_02,ChZDSUhNMG9nS0VJQ0FnSURIbXFqNmJ3EAE,1,0
ChZDSUhNMG9nS0VJQ0FnSURIbXFqNmJ3EAE_03,ChZDSUhNMG9nS0VJQ0FnSURIbXFqNmJ3EAE,27,24
ChZDSUhNMG9nS0VJQ0FnSURIbXFqNmJ3EAE_04,ChZDSUhNMG9nS0VJQ0FnSURIbXFqNmJ3EAE,-1,-1
ChdDSUhNMG9nS0VJQ0FnSURINnFTTTNnRRAB_01,ChdDSUhNMG9nS0VJQ0FnSURINnFTTTNnRRAB,27,24
ChZDSUhNMG9nS0VJQ0FnSUNuOXFlMll3EAE_01,ChZDSUhNMG9nS0VJQ0FnSUNuOXFlMll3EAE,21,-1
ChdDSUhNMG9nS0VJQ0FnSUNublo3TTJBRRAB_01,ChdDSUhNMG9nS0VJQ0FnSUNublo3TTJBRRAB,-1,-1
ChdDSUhNMG9nS0VJQ0FnSUNublo3TTJBRRAB_02,ChdDSUhNMG9nS0VJQ0FnSUNublo3TTJBRRAB,4,-1
ChdDSUhNMG9nS0VJQ0FnSUNublo3TTJBRRAB_03,ChdDSUhNMG9nS0VJQ0FnSUNublo3TTJBRRAB,5,-1
ChRDSUhNMG9nS0VJQ0FnSUNQemVaShAB_01,ChRDSUhNMG9nS0VJQ0FnSUNQemVaShAB,-1,-1
ChRDSUhNMG9nS0VJQ0FnSUNQemVaShAB_02,ChRDSUhNMG9nS0VJQ0FnSUNQemVaShAB,0,1
ChRDSUhNMG9nS0VJQ0FnSUNQemVaShAB_03,ChRDSUhNMG9nS0VJQ0FnSUNQemVaShAB,0,1
ChRDSUhNMG9nS0VJQ0FnSUNQemVaShAB_04,ChRDSUhNMG9nS0VJQ0FnSUNQemVaShAB,6,-1
ChRDSUhNMG9nS0VJQ0FnSUNQemVaShAB_05,ChRDSUhNMG9nS0VJQ0FnSUNQemVaShAB,2,2
ChZDSUhNMG9nS0VJQ0FnSUN2Z2ZuNFNBEAE_01,ChZDSUhNMG9nS0VJQ0FnSUN2Z2ZuNFNBEAE,9,9
ChZDSUhNMG9nS0VJQ0FnSUN2Z2ZuNFNBEAE_02,ChZDSUhNMG9nS0VJQ0FnSUN2Z2ZuNFNBEAE,4,5
ChZDSUhNMG9nS0VJQ0FnSUN2Z2ZuNFNBEAE_03,ChZDSUhNMG9nS0VJQ0FnSUN2Z2ZuNFNBEAE,36,37
ChZDSUhNMG9nS0VJQ0FnSUR2NHB2b0RBEAE_01,ChZDSUhNMG9nS0VJQ0FnSUR2NHB2b0RBEAE,27,24
ChZDSUhNMG9nS0VJQ0FnSUR2NHB2b0RBEAE_02,ChZDSUhNMG9nS0VJQ0FnSUR2NHB2b0RBEAE,-1,-1
ChdDSUhNMG9nS0VJQ0FnSUNmNXF6TS1nRRAB_01,ChdDSUhNMG9nS0VJQ0FnSUNmNXF6TS1nRRAB,34,-1
ChdDSUhNMG9nS0VJQ0FnSUNmNXF6TS1nRRAB_02,ChdDSUhNMG9nS0VJQ0FnSUNmNXF6TS1nRRAB,6,6
ChdDSUhNMG9nS0VJQ0FnSUNmNXF6TS1nRRAB_03,ChdDSUhNMG9nS0VJQ0FnSUNmNXF6TS1nRRAB,0,1
ChdDSUhNMG9nS0VJQ0FnSUNmNXF6TS1nRRAB_04,ChdDSUhNMG9nS0VJQ0FnSUNmNXF6TS1nRRAB,1,0
ChZDSUhNMG9nS0VJQ0FnSUNfN01tRlFBEAE_01,ChZDSUhNMG9nS0VJQ0FnSUNfN01tRlFBEAE,24,33
ChZDSUhNMG9nS0VJQ0FnSUNfN01tRlFBEAE_02,ChZDSUhNMG9nS0VJQ0FnSUNfN01tRlFBEAE,-1,-1
ChZDSUhNMG9nS0VJQ0FnSURfcXBxQU9REAE_01,ChZDSUhNMG9nS0VJQ0FnSURfcXBxQU9REAE,9,9
ChZDSUhNMG9nS0VJQ0FnSURfcXBxQU9REAE_02,ChZDSUhNMG9nS0VJQ0FnSURfcXBxQU9REAE,6,6
ChZDSUhNMG9nS0VJQ0FnSURfcXBxQU9REAE_03,ChZDSUhNMG9nS0VJQ0FnSURfcXBxQU9REAE,6,-1
ChZDSUhNMG9nS0VJQ0FnSURfcXBxQU9REAE_04,ChZDSUhNMG9nS0VJQ0FnSURfcXBxQU9REAE,5,4
ChZDSUhNMG9nS0VJQ0FnSURfcXBxQU9REAE_05,ChZDSUhNMG9nS0VJQ0FnSURfcXBxQU9REAE,-1,-1
ChZDSUhNMG9nS0VJQ0FnSURfcXBxQU9REAE_06,ChZDSUhNMG9nS0VJQ0FnSURfcXBxQU9REAE,-1,-1
ChZDSUhNMG9nS0VJQ0FnSURfcXBxQU9REAE_07,ChZDSUhNMG9nS0VJQ0FnSURfcXBxQU9REAE,25,25
ChZDSUhNMG9nS0VQdnh4ckdvN051RUpnEAE_01,ChZDSUhNMG9nS0VQdnh4ckdvN051RUpnEAE,-1,-1
ChZDSUhNMG9nS0VQdnh4ckdvN051RUpnEAE_02,ChZDSUhNMG9nS0VQdnh4ckdvN051RUpnEAE,27,24
ChZDSUhNMG9nS0VQdnh4ckdvN051RUpnEAE_03,ChZDSUhNMG9nS0VQdnh4ckdvN051RUpnEAE,6,6
ChZDSUhNMG9nS0VQdnh4ckdvN051RUpnEAE_04,ChZDSUhNMG9nS0VQdnh4ckdvN051RUpnEAE,27,24
ChZDSUhNMG9nS0VQdnh4ckdvN051RUpnEAE_05,ChZDSUhNMG9nS0VQdnh4ckdvN051RUpnEAE,27,24
ChZDSUhNMG9nS0VQdnh4ckdvN051RUpnEAE_06,ChZDSUhNMG9nS0VQdnh4ckdvN051RUpnEAE,-1,-1
ChZDSUhNMG9nS0VQdnh4ckdvN051RUpnEAE_07,ChZDSUhNMG9nS0VQdnh4ckdvN051RUpnEAE,-1,-1
ChZDSUhNMG9nS0VQdnh4ckdvN051RUpnEAE_08,ChZDSUhNMG9nS0VQdnh4ckdvN051RUpnEAE,18,20
ChZDSUhNMG9nS0VQdnh4ckdvN051RUpnEAE_09,ChZDSUhNMG9nS0VQdnh4ckdvN051RUpnEAE,20,18
ChZDSUhNMG9nS0VQdnh4ckdvN051RUpnEAE_10,ChZDSUhNMG9nS0VQdnh4ckdvN051RUpnEAE,-1,-1
Ci9DQUlRQUNvZENodHljRjlvT2s1VlZqQm9RelppV1ZWS1VXZE9hV3h1VnpsR01FRRAB_01,Ci9DQUlRQUNvZENodHljRjlvT2s1VlZqQm9RelppV1ZWS1VXZE9hV3h1VnpsR01FRRAB,19,-1
Ci9DQUlRQUNvZENodHljRjlvT2s1VlZqQm9RelppV1ZWS1VXZE9hV3h1VnpsR01FRRAB_02,Ci9DQUlRQUNvZENodHljRjlvT2s1VlZqQm9RelppV1ZWS1VXZE9hV3h1VnpsR01FRRAB,27,24
Ci9DQUlRQUNvZENodHljRjlvT2s1VlZqQm9RelppV1ZWS1VXZE9hV3h1VnpsR01FRRAB_03,Ci9DQUlRQUNvZENodHljRjlvT2s1VlZqQm9RelppV1ZWS1VXZE9hV3h1VnpsR01FRRAB,3,3
Ci9DQUlRQUNvZENodHljRjlvT2s1VlZqQm9RelppV1ZWS1VXZE9hV3h1VnpsR01FRRAB_04,Ci9DQUlRQUNvZENodHljRjlvT2s1VlZqQm9RelppV1ZWS1VXZE9hV3h1VnpsR01FRRAB,-1,-1
Ci9DQUlRQUNvZENodHljRjlvT2s1VlZqQm9RelppV1ZWS1VXZE9hV3h1VnpsR01FRRAB_05,Ci9DQUlRQUNvZENodHljRjlvT2s1VlZqQm9RelppV1ZWS1VXZE9hV3h1VnpsR01FRRAB,-1,-1
Ci9DQUlRQUNvZENodHljRjlvT2s1VlZqQm9RelppV1ZWS1VXZE9hV3h1VnpsR01FRRAB_06,Ci9DQUlRQUNvZENodHljRjlvT2s1VlZqQm9RelppV1ZWS1VXZE9hV3h1VnpsR01FRRAB,-1,-1
Ci9DQUlRQUNvZENodHljRjlvT2s1VlZqQm9RelppV1ZWS1VXZE9hV3h1VnpsR01FRRAB_07,Ci9DQUlRQUNvZENodHljRjlvT2s1VlZqQm9RelppV1ZWS1VXZE9hV3h1VnpsR01FRRAB,19,16
Ci9DQUlRQUNvZENodHljRjlvT2pOTFVVUTNTVWRTVlVJelh6QlVSakJqYVVodU1IYxAB_01,Ci9DQUlRQUNvZENodHljRjlvT2pOTFVVUTNTVWRTVlVJelh6QlVSakJqYVVodU1IYxAB,1,0
Ci9DQUlRQUNvZENodHljRjlvT21wbllUWmlibk5qTm5WalMyNUdVbTl6ZEhGZlNWRRAB_01,Ci9DQUlRQUNvZENodHljRjlvT21wbllUWmlibk5qTm5WalMyNUdVbTl6ZEhGZlNWRRAB,14,13
Ci9DQUlRQUNvZENodHljRjlvT21wbllUWmlibk5qTm5WalMyNUdVbTl6ZEhGZlNWRRAB_02,Ci9DQUlRQUNvZENodHljRjlvT21wbllUWmlibk5qTm5WalMyNUdVbTl6ZEhGZlNWRRAB,27,24
Ci9DQUlRQUNvZENodHljRjlvT21wbllUWmlibk5qTm5WalMyNUdVbTl6ZEhGZlNWRRAB_03,Ci9DQUlRQUNvZENodHljRjlvT21wbllUWmlibk5qTm5WalMyNUdVbTl6ZEhGZlNWRRAB,-1,-1
Ci9DQUlRQUNvZENodHljRjlvT21wbllUWmlibk5qTm5WalMyNUdVbTl6ZEhGZlNWRRAB_04,Ci9DQUlRQUNvZENodHljRjlvT21wbllUWmlibk5qTm5WalMyNUdVbTl6ZEhGZlNWRRAB,11,12
Ci9DQUlRQUNvZENodHljRjlvT21wbllUWmlibk5qTm5WalMyNUdVbTl6ZEhGZlNWRRAB_05,Ci9DQUlRQUNvZENodHljRjlvT21wbllUWmlibk5qTm5WalMyNUdVbTl6ZEhGZlNWRRAB,1,0
Ci9DQUlRQUNvZENodHljRjlvT2psTk5EWnRTbWhEUzA5NVprbzFOVU42VW13ek1VRRAB_01,Ci9DQUlRQUNvZENodHljRjlvT2psTk5EWnRTbWhEUzA5NVprbzFOVU42VW13ek1VRRAB,7,7
Ci9DQUlRQUNvZENodHljRjlvT2psTk5EWnRTbWhEUzA5NVprbzFOVU42VW13ek1VRRAB_02,Ci9DQUlRQUNvZENodHljRjlvT2psTk5EWnRTbWhEUzA5NVprbzFOVU42VW13ek1VRRAB,8,8
Ci9DQUlRQUNvZENodHljRjlvT2xkeGFVcEdSSGh2U1VkTFlXRlFRMHRqZW1SdFVVRRAB_01,Ci9DQUlRQUNvZENodHljRjlvT2xkeGFVcEdSSGh2U1VkTFlXRlFRMHRqZW1SdFVVRRAB,-1,-1
Ci9DQUlRQUNvZENodHljRjlvT2xkeGFVcEdSSGh2U1VkTFlXRlFRMHRqZW1SdFVVRRAB_02,Ci9DQUlRQUNvZENodHljRjlvT2xkeGFVcEdSSGh2U1VkTFlXRlFRMHRqZW1SdFVVRRAB,9,-1
Ci9DQUlRQUNvZENodHljRjlvT2xkeGFVcEdSSGh2U1VkTFlXRlFRMHRqZW1SdFVVRRAB_03,Ci9DQUlRQUNvZENodHljRjlvT2xkeGFVcEdSSGh2U1VkTFlXRlFRMHRqZW1SdFVVRRAB,29,23
Ci9DQUlRQUNvZENodHljRjlvT2xkeGFVcEdSSGh2U1VkTFlXRlFRMHRqZW1SdFVVRRAB_04,Ci9DQUlRQUNvZENodHljRjlvT2xkeGFVcEdSSGh2U1VkTFlXRlFRMHRqZW1SdFVVRRAB,12,-1
Ci9DQUlRQUNvZENodHljRjlvT2tacVlUaFVVbmhPTURORU9FUjRTV05FVjBaSFJsRRAB_01,Ci9DQUlRQUNvZENodHljRjlvT2tacVlUaFVVbmhPTURORU9FUjRTV05FVjBaSFJsRRAB,-1,-1
Ci9DQUlRQUNvZENodHljRjlvT2xwelZVeEJSalZPZDIxMlZrdzRiWGRhTlVobk5sRRAB_01,Ci9DQUlRQUNvZENodHljRjlvT2xwelZVeEJSalZPZDIxMlZrdzRiWGRhTlVobk5sRRAB,2,2
Ci9DQUlRQUNvZENodHljRjlvT2xwelZVeEJSalZPZDIxMlZrdzRiWGRhTlVobk5sRRAB_02,Ci9DQUlRQUNvZENodHljRjlvT2xwelZVeEJSalZPZDIxMlZrdzRiWGRhTlVobk5sRRAB,7,7
Ci9DQUlRQUNvZENodHljRjlvT2xwelZVeEJSalZPZDIxMlZrdzRiWGRhTlVobk5sRRAB_03,Ci9DQUlRQUNvZENodHljRjlvT2xwelZVeEJSalZPZDIxMlZrdzRiWGRhTlVobk5sRRAB,-1,-1
Ci9DQUlRQUNvZENodHljRjlvT2xwelZVeEJSalZPZDIxMlZrdzRiWGRhTlVobk5sRRAB_04,Ci9DQUlRQUNvZENodHljRjlvT2xwelZVeEJSalZPZDIxMlZrdzRiWGRhTlVobk5sRRAB,-1,-1
Ci9DQUlRQUNvZENodHljRjlvT2xwelZVeEJSalZPZDIxMlZrdzRiWGRhTlVobk5sRRAB_05,Ci9DQUlRQUNvZENodHljRjlvT2xwelZVeEJSalZPZDIxMlZrdzRiWGRhTlVobk5sRRAB,27,24
Ci9DQUlRQUNvZENodHljRjlvT2xwelZVeEJSalZPZDIxMlZrdzRiWGRhTlVobk5sRRAB_06,Ci9DQUlRQUNvZENodHljRjlvT2xwelZVeEJSalZPZDIxMlZrdzRiWGRhTlVobk5sRRAB,0,1
Ci9DQUlRQUNvZENodHljRjlvT25oZmIwZHdlRzVyWVV4VFl6TmpVR1pUV1hwSGRFRRAB_01,Ci9DQUlRQUNvZENodHljRjlvT25oZmIwZHdlRzVyWVV4VFl6TmpVR1pUV1hwSGRFRRAB,7,7
Ci9DQUlRQUNvZENodHljRjlvT20xUVQwazVZMWhMYzNSa2FqWkRSRGhJZEd0blNHYxAB_01,Ci9DQUlRQUNvZENodHljRjlvT20xUVQwazVZMWhMYzNSa2FqWkRSRGhJZEd0blNHYxAB,36,-1
Ci9DQUlRQUNvZENodHljRjlvT25sWVdEZ3hkREZ0VDBJeWRVeE9ZVTh3V1ZKTmFGRRAB_01,Ci9DQUlRQUNvZENodHljRjlvT25sWVdEZ3hkREZ0VDBJeWRVeE9ZVTh3V1ZKTmFGRRAB,1,0
Ci9DQUlRQUNvZENodHljRjlvT25sWVdEZ3hkREZ0VDBJeWRVeE9ZVTh3V1ZKTmFGRRAB_02,Ci9DQUlRQUNvZENodHljRjlvT25sWVdEZ3hkREZ0VDBJeWRVeE9ZVTh3V1ZKTmFGRRAB,9,9
Ci9DQUlRQUNvZENodHljRjlvT25sWVdEZ3hkREZ0VDBJeWRVeE9ZVTh3V1ZKTmFGRRAB_03,Ci9DQUlRQUNvZENodHljRjlvT25sWVdEZ3hkREZ0VDBJeWRVeE9ZVTh3V1ZKTmFGRRAB,4,-1
ChZDSUhNMG9nS0VJQ0FnSUNseW9mVE9REAE_01,ChZDSUhNMG9nS0VJQ0FnSUNseW9mVE9REAE,3,3
ChZDSUhNMG9nS0VJQ0FnSUNseW9mVE9REAE_02,ChZDSUhNMG9nS0VJQ0FnSUNseW9mVE9REAE,-1,-1
ChZDSUhNMG9nS0VJQ0FnSURmLXFpUFdREAE_01,ChZDSUhNMG9nS0VJQ0FnSURmLXFpUFdREAE,-1,-1
ChZDSUhNMG9nS0VJQ0FnSURmLXFpUFdREAE_02,ChZDSUhNMG9nS0VJQ0FnSURmLXFpUFdREAE,6,6
ChZDSUhNMG9nS0VJQ0FnSURmLXFpUFdREAE_03,ChZDSUhNMG9nS0VJQ0FnSURmLXFpUFdREAE,1,0
ChdDSUhNMG9nS0VJQ0FnTUN3eFppZTBnRRAB_01,ChdDSUhNMG9nS0VJQ0FnTUN3eFppZTBnRRAB,3,-1
ChdDSUhNMG9nS0VJQ0FnTUN3eFppZTBnRRAB_02,ChdDSUhNMG9nS0VJQ0FnTUN3eFppZTBnRRAB,5,-1
Ci9DQUlRQUNvZENodHljRjlvT2tGM04weEhRbTFuT1ZSMU1GQTFhVmhFWjAwMWNuYxAB_01,Ci9DQUlRQUNvZENodHljRjlvT2tGM04weEhRbTFuT1ZSMU1GQTFhVmhFWjAwMWNuYxAB,4,-1
Ci9DQUlRQUNvZENodHljRjlvT2tGM04weEhRbTFuT1ZSMU1GQTFhVmhFWjAwMWNuYxAB_02,Ci9DQUlRQUNvZENodHljRjlvT2tGM04weEhRbTFuT1ZSMU1GQTFhVmhFWjAwMWNuYxAB,13,15
Ci9DQUlRQUNvZENodHljRjlvT2tGM04weEhRbTFuT1ZSMU1GQTFhVmhFWjAwMWNuYxAB_03,Ci9DQUlRQUNvZENodHljRjlvT2tGM04weEhRbTFuT1ZSMU1GQTFhVmhFWjAwMWNuYxAB,20,18
Ci9DQUlRQUNvZENodHljRjlvT2tGM04weEhRbTFuT1ZSMU1GQTFhVmhFWjAwMWNuYxAB_04,Ci9DQUlRQUNvZENodHljRjlvT2tGM04weEhRbTFuT1ZSMU1GQTFhVmhFWjAwMWNuYxAB,1,0
Ci9DQUlRQUNvZENodHljRjlvT2tGM04weEhRbTFuT1ZSMU1GQTFhVmhFWjAwMWNuYxAB_05,Ci9DQUlRQUNvZENodHljRjlvT2tGM04weEhRbTFuT1ZSMU1GQTFhVmhFWjAwMWNuYxAB,-1,-1
Ci9DQUlRQUNvZENodHljRjlvT2tzNWNGWllXRlJhV0VadVEyY3RNV2hMTUVGVFkyYxAB_01,Ci9DQUlRQUNvZENodHljRjlvT2tzNWNGWllXRlJhV0VadVEyY3RNV2hMTUVGVFkyYxAB,4,5
Ci9DQUlRQUNvZENodHljRjlvT2tzNWNGWllXRlJhV0VadVEyY3RNV2hMTUVGVFkyYxAB_02,Ci9DQUlRQUNvZENodHljRjlvT2tzNWNGWllXRlJhV0VadVEyY3RNV2hMTUVGVFkyYxAB,2,2
Ci9DQUlRQUNvZENodHljRjlvT2tzNWNGWllXRlJhV0VadVEyY3RNV2hMTUVGVFkyYxAB_03,Ci9DQUlRQUNvZENodHljRjlvT2tzNWNGWllXRlJhV0VadVEyY3RNV2hMTUVGVFkyYxAB,5,-1
Ci9DQUlRQUNvZENodHljRjlvT2tsTE9WVnRSbVJTWVhScFgwZEZVbGRoVUhFek4wRRAB_01,Ci9DQUlRQUNvZENodHljRjlvT2tsTE9WVnRSbVJTWVhScFgwZEZVbGRoVUhFek4wRRAB,3,-1
Ci9DQUlRQUNvZENodHljRjlvT2tsTE9WVnRSbVJTWVhScFgwZEZVbGRoVUhFek4wRRAB_02,Ci9DQUlRQUNvZENodHljRjlvT2tsTE9WVnRSbVJTWVhScFgwZEZVbGRoVUhFek4wRRAB,11,12
Ci9DQUlRQUNvZENodHljRjlvT2tsTE9WVnRSbVJTWVhScFgwZEZVbGRoVUhFek4wRRAB_03,Ci9DQUlRQUNvZENodHljRjlvT2tsTE9WVnRSbVJTWVhScFgwZEZVbGRoVUhFek4wRRAB,10,10
Ci9DQUlRQUNvZENodHljRjlvT2tsTE9WVnRSbVJTWVhScFgwZEZVbGRoVUhFek4wRRAB_04,Ci9DQUlRQUNvZENodHljRjlvT2tsTE9WVnRSbVJTWVhScFgwZEZVbGRoVUhFek4wRRAB,33,39
Ci9DQUlRQUNvZENodHljRjlvT2tsTE9WVnRSbVJTWVhScFgwZEZVbGRoVUhFek4wRRAB_05,Ci9DQUlRQUNvZENodHljRjlvT2tsTE9WVnRSbVJTWVhScFgwZEZVbGRoVUhFek4wRRAB,5,4
ChZDSUhNMG9nS0VJQ0FnSURIMU16S0xREAE_01,ChZDSUhNMG9nS0VJQ0FnSURIMU16S0xREAE,2,2
ChZDSUhNMG9nS0VJQ0FnSURIMU16S0xREAE_02,ChZDSUhNMG9nS0VJQ0FnSURIMU16S0xREAE,36,-1
ChZDSUhNMG9nS0VJQ0FnSURIMU16S0xREAE_03,ChZDSUhNMG9nS0VJQ0FnSURIMU16S0xREAE,2,2
ChZDSUhNMG9nS0VJQ0FnSURIMU16S0xREAE_04,ChZDSUhNMG9nS0VJQ0FnSURIMU16S0xREAE,40,41
ChZDSUhNMG9nS0VJQ0FnSURIMU16S0xREAE_05,ChZDSUhNMG9nS0VJQ0FnSURIMU16S0xREAE,11,-1
ChZDSUhNMG9nS0VJQ0FnSURIMU16S0xREAE_06,ChZDSUhNMG9nS0VJQ0FnSURIMU16S0xREAE,-1,-1
ChZDSUhNMG9nS0VJQ0FnSUNuaThLb1NBEAE_01,ChZDSUhNMG9nS0VJQ0FnSUNuaThLb1NBEAE,3,3
ChZDSUhNMG9nS0VJQ0FnSUNuaThLb1NBEAE_02,ChZDSUhNMG9nS0VJQ0FnSUNuaThLb1NBEAE,5,4
ChZDSUhNMG9nS0VJQ0FnSURuNF92N1Z3EAE_01,ChZDSUhNMG9nS0VJQ0FnSURuNF92N1Z3EAE,3,3
ChZDSUhNMG9nS0VJQ0FnSURuNF92N1Z3EAE_02,ChZDSUhNMG9nS0VJQ0FnSURuNF92N1Z3EAE,-1,-1
ChZDSUhNMG9nS0VJQ0FnSUNYaTZfSWJnEAE_01,ChZDSUhNMG9nS0VJQ0FnSUNYaTZfSWJnEAE,28,22
ChdDSUhNMG9nS0VJQ0FnSUMzeE4yODdnRRAB_01,ChdDSUhNMG9nS0VJQ0FnSUMzeE4yODdnRRAB,1,0
ChdDSUhNMG9nS0VJQ0FnSUMzeEp1UjBBRRAB_01,ChdDSUhNMG9nS0VJQ0FnSUMzeEp1UjBBRRAB,8,8
ChdDSUhNMG9nS0VJQ0FnSUMzeEp1UjBBRRAB_02,ChdDSUhNMG9nS0VJQ0FnSUMzeEp1UjBBRRAB,7,7
ChdDSUhNMG9nS0VJQ0FnSUMzeEp1UjBBRRAB_03,ChdDSUhNMG9nS0VJQ0FnSUMzeEp1UjBBRRAB,-1,-1
ChZDSUhNMG9nS0VJQ0FnSUMzeE51Wk9REAE_01,ChZDSUhNMG9nS0VJQ0FnSUMzeE51Wk9REAE,1,0
ChZDSUhNMG9nS0VJQ0FnSUMzeE51Wk9REAE_02,ChZDSUhNMG9nS0VJQ0FnSUMzeE51Wk9REAE,-1,-1
ChZDSUhNMG9nS0VJQ0FnSUMzeE51Wk9REAE_03,ChZDSUhNMG9nS0VJQ0FnSUMzeE51Wk9REAE,20,-1
ChZDSUhNMG9nS0VJQ0FnSUMzeE51Wk9REAE_04,ChZDSUhNMG9nS0VJQ0FnSUMzeE51Wk9REAE,-1,-1
ChdDSUhNMG9nS0VJQ0FnSUMzNzQtRG1RRRAB_01,ChdDSUhNMG9nS0VJQ0FnSUMzNzQtRG1RRRAB,10,10
ChdDSUhNMG9nS0VJQ0FnSUMzNzQtRG1RRRAB_02,ChdDSUhNMG9nS0VJQ0FnSUMzNzQtRG1RRRAB,13,15
ChdDSUhNMG9nS0VJQ0FnSURQLWJ5TjFBRRAB_01,ChdDSUhNMG9nS0VJQ0FnSURQLWJ5TjFBRRAB,10,10
ChdDSUhNMG9nS0VJQ0FnSURQLWJ5TjFBRRAB_02,ChdDSUhNMG9nS0VJQ0FnSURQLWJ5TjFBRRAB,3,3
ChdDSUhNMG9nS0VJQ0FnSUN2eXFxUnJ3RRAB_01,ChdDSUhNMG9nS0VJQ0FnSUN2eXFxUnJ3RRAB,19,16
ChdDSUhNMG9nS0VJQ0FnSUN2eXFxUnJ3RRAB_02,ChdDSUhNMG9nS0VJQ0FnSUN2eXFxUnJ3RRAB,2,2
ChdDSUhNMG9nS0VJQ0FnSUN2eXFxUnJ3RRAB_03,ChdDSUhNMG9nS0VJQ0FnSUN2eXFxUnJ3RRAB,28,22
ChdDSUhNMG9nS0VJQ0FnSUR2MG9lSjR3RRAB_01,ChdDSUhNMG9nS0VJQ0FnSUR2MG9lSjR3RRAB,12,30
ChdDSUhNMG9nS0VJQ0FnSURmZ3VYYzZBRRAB_01,ChdDSUhNMG9nS0VJQ0FnSURmZ3VYYzZBRRAB,28,22
ChZDSUhNMG9nS0VJQ0FnTURnbnJpckJREAE_01,ChZDSUhNMG9nS0VJQ0FnTURnbnJpckJREAE,2,2
ChZDSUhNMG9nS0VJQ0FnTURnbnJpckJREAE_02,ChZDSUhNMG9nS0VJQ0FnTURnbnJpckJREAE,0,1
ChdDSUhNMG9nS0VJQ0FnTURReHRQUmlRRRAB_01,ChdDSUhNMG9nS0VJQ0FnTURReHRQUmlRRRAB,-1,-1
ChdDSUhNMG9nS0VJQ0FnTURReHRQUmlRRRAB_02,ChdDSUhNMG9nS0VJQ0FnTURReHRQUmlRRRAB,16,14
ChdDSUhNMG9nS0VJQ0FnTURReHRQUmlRRRAB_03,ChdDSUhNMG9nS0VJQ0FnTURReHRQUmlRRRAB,-1,-1
ChdDSUhNMG9nS0VJQ0FnTURReHRQUmlRRRAB_04,ChdDSUhNMG9nS0VJQ0FnTURReHRQUmlRRRAB,-1,-1
ChdDSUhNMG9nS0VJQ0FnTURReHRQUmlRRRAB_05,ChdDSUhNMG9nS0VJQ0FnTURReHRQUmlRRRAB,-1,-1
ChdDSUhNMG9nS0VJQ0FnTURReHRQUmlRRRAB_06,ChdDSUhNMG9nS0VJQ0FnTURReHRQUmlRRRAB,28,22
ChdDSUhNMG9nS0VJQ0FnTURReHRQUmlRRRAB_07,ChdDSUhNMG9nS0VJQ0FnTURReHRQUmlRRRAB,2,2
ChdDSUhNMG9nS0VJQ0FnTURReHRQUmlRRRAB_08,ChdDSUhNMG9nS0VJQ0FnTURReHRQUmlRRRAB,14,-1
ChdDSUhNMG9nS0VJQ0FnTURReHRQUmlRRRAB_09,ChdDSUhNMG9nS0VJQ0FnTURReHRQUmlRRRAB,28,22
ChdDSUhNMG9nS0VJQ0FnTUN3alBHbXZ3RRAB_01,ChdDSUhNMG9nS0VJQ0FnTUN3alBHbXZ3RRAB,14,-1
ChdDSUhNMG9nS0VJQ0FnTUNvcFlTa3hBRRAB_01,ChdDSUhNMG9nS0VJQ0FnTUNvcFlTa3hBRRAB,0,-1
ChdDSUhNMG9nS0VJQ0FnTUNvcFlTa3hBRRAB_02,ChdDSUhNMG9nS0VJQ0FnTUNvcFlTa3hBRRAB,0,1
ChdDSUhNMG9nS0VJQ0FnTUNvcFlTa3hBRRAB_03,ChdDSUhNMG9nS0VJQ0FnTUNvcFlTa3hBRRAB,0,1
ChdDSUhNMG9nS0VJQ0FnTUNvcFlTa3hBRRAB_04,ChdDSUhNMG9nS0VJQ0FnTUNvcFlTa3hBRRAB,-1,-1
ChdDSUhNMG9nS0VJQ0FnTUNvcFlTa3hBRRAB_05,ChdDSUhNMG9nS0VJQ0FnTUNvcFlTa3hBRRAB,-1,-1
ChdDSUhNMG9nS0VJQ0FnTUNvcFlTa3hBRRAB_06,ChdDSUhNMG9nS0VJQ0FnTUNvcFlTa3hBRRAB,16,-1
ChZDSUhNMG9nS0VJQ0FnTUNvay1yckN3EAE_01,ChZDSUhNMG9nS0VJQ0FnTUNvay1yckN3EAE,7,7
ChZDSUhNMG9nS0VJQ0FnTUNvay1yckN3EAE_02,ChZDSUhNMG9nS0VJQ0FnTUNvay1yckN3EAE,-1,-1
ChZDSUhNMG9nS0VJQ0FnTURJeWVlUEx3EAE_01,ChZDSUhNMG9nS0VJQ0FnTURJeWVlUEx3EAE,28,22
ChZDSUhNMG9nS0VJQ0FnTURJeWVlUEx3EAE_02,ChZDSUhNMG9nS0VJQ0FnTURJeWVlUEx3EAE,-1,-1
ChdDSUhNMG9nS0VJQ0FnTUNvbi1LSWlBRRAB_01,ChdDSUhNMG9nS0VJQ0FnTUNvbi1LSWlBRRAB,4,5
ChdDSUhNMG9nS0VJQ0FnTUNvbi1LSWlBRRAB_02,ChdDSUhNMG9nS0VJQ0FnTUNvbi1LSWlBRRAB,30,29
ChZDSUhNMG9nS0VJbjJnTWJGbExUQkZ3EAE_01,ChZDSUhNMG9nS0VJbjJnTWJGbExUQkZ3EAE,3,3
ChZDSUhNMG9nS0VJbjJnTWJGbExUQkZ3EAE_02,ChZDSUhNMG9nS0VJbjJnTWJGbExUQkZ3EAE,18,20
ChZDSUhNMG9nS0VJbjJnTWJGbExUQkZ3EAE_03,ChZDSUhNMG9nS0VJbjJnTWJGbExUQkZ3EAE,5,4
ChZDSUhNMG9nS0VNWFBoNW02dF9pRk1REAE_01,ChZDSUhNMG9nS0VNWFBoNW02dF9pRk1REAE,2,2
ChZDSUhNMG9nS0VNWFBoNW02dF9pRk1REAE_02,ChZDSUhNMG9nS0VNWFBoNW02dF9pRk1REAE,0,1
ChZDSUhNMG9nS0VNWFBoNW02dF9pRk1REAE_03,ChZDSUhNMG9nS0VNWFBoNW02dF9pRk1REAE,2,2
Ci9DQUlRQUNvZENodHljRjlvT25wck1HaE5WMTgzZFVSeE1YVkJRVWt0WkhCRlltYxAB_01,Ci9DQUlRQUNvZENodHljRjlvT25wck1HaE5WMTgzZFVSeE1YVkJRVWt0WkhCRlltYxAB,-1,-1
Ci9DQUlRQUNvZENodHljRjlvT25wck1HaE5WMTgzZFVSeE1YVkJRVWt0WkhCRlltYxAB_02,Ci9DQUlRQUNvZENodHljRjlvT25wck1HaE5WMTgzZFVSeE1YVkJRVWt0WkhCRlltYxAB,1,0
Ci9DQUlRQUNvZENodHljRjlvT2xCSmMzQlVTSEpUWjNCWmJFMXNSR2hpUmxRellrRRAB_01,Ci9DQUlRQUNvZENodHljRjlvT2xCSmMzQlVTSEpUWjNCWmJFMXNSR2hpUmxRellrRRAB,14,-1
Ci9DQUlRQUNvZENodHljRjlvT2xCSmMzQlVTSEpUWjNCWmJFMXNSR2hpUmxRellrRRAB_02,Ci9DQUlRQUNvZENodHljRjlvT2xCSmMzQlVTSEpUWjNCWmJFMXNSR2hpUmxRellrRRAB,-1,-1
ChdDSUhNMG9nS0VPcXU5Sy1renRqMzRBRRAB_01,ChdDSUhNMG9nS0VPcXU5Sy1renRqMzRBRRAB,-1,-1
ChdDSUhNMG9nS0VPcXU5Sy1renRqMzRBRRAB_02,ChdDSUhNMG9nS0VPcXU5Sy1renRqMzRBRRAB,-1,-1
ChdDSUhNMG9nS0VPcXU5Sy1renRqMzRBRRAB_03,ChdDSUhNMG9nS0VPcXU5Sy1renRqMzRBRRAB,31,27
Ci9DQUlRQUNvZENodHljRjlvT2kxWWRuY3RiVzQ1VGtKWE9HNDJRMU52YWxodGVXYxAB_01,Ci9DQUlRQUNvZENodHljRjlvT2kxWWRuY3RiVzQ1VGtKWE9HNDJRMU52YWxodGVXYxAB,2,2
Ci9DQUlRQUNvZENodHljRjlvT2kxWWRuY3RiVzQ1VGtKWE9HNDJRMU52YWxodGVXYxAB_02,Ci9DQUlRQUNvZENodHljRjlvT2kxWWRuY3RiVzQ1VGtKWE9HNDJRMU52YWxodGVXYxAB,1,0
Ci9DQUlRQUNvZENodHljRjlvT2kxWWRuY3RiVzQ1VGtKWE9HNDJRMU52YWxodGVXYxAB_03,Ci9DQUlRQUNvZENodHljRjlvT2kxWWRuY3RiVzQ1VGtKWE9HNDJRMU52YWxodGVXYxAB,0,1
Ci9DQUlRQUNvZENodHljRjlvT25oM1ptNDBUa2xaY2s5Rk5GWlBhMlo2YlVsbE1FRRAB_01,Ci9DQUlRQUNvZENodHljRjlvT25oM1ptNDBUa2xaY2s5Rk5GWlBhMlo2YlVsbE1FRRAB,3,-1
Ci9DQUlRQUNvZENodHljRjlvT25oM1ptNDBUa2xaY2s5Rk5GWlBhMlo2YlVsbE1FRRAB_02,Ci9DQUlRQUNvZENodHljRjlvT25oM1ptNDBUa2xaY2s5Rk5GWlBhMlo2YlVsbE1FRRAB,1,0
Ci9DQUlRQUNvZENodHljRjlvT21NNWJGTTVRMjlFT1VWRk9EaEJkWE5wYm0wemFIYxAB_01,Ci9DQUlRQUNvZENodHljRjlvT21NNWJGTTVRMjlFT1VWRk9EaEJkWE5wYm0wemFIYxAB,30,29
Ci9DQUlRQUNvZENodHljRjlvT21WelgxQlBaMnQ2ZDI1YVpHeFBiMFppWldFNFZVRRAB_01,Ci9DQUlRQUNvZENodHljRjlvT21WelgxQlBaMnQ2ZDI1YVpHeFBiMFppWldFNFZVRRAB,2,2
Ci9DQUlRQUNvZENodHljRjlvT21WelgxQlBaMnQ2ZDI1YVpHeFBiMFppWldFNFZVRRAB_02,Ci9DQUlRQUNvZENodHljRjlvT21WelgxQlBaMnQ2ZDI1YVpHeFBiMFppWldFNFZVRRAB,5,4
Ci9DQUlRQUNvZENodHljRjlvT2pCU1oyRkJXbUkxUWpWMVoxSjBMV2ROUzFsTE9YYxAB_01,Ci9DQUlRQUNvZENodHljRjlvT2pCU1oyRkJXbUkxUWpWMVoxSjBMV2ROUzFsTE9YYxAB,-1,-1
Ci9DQUlRQUNvZENodHljRjlvT2pCU1oyRkJXbUkxUWpWMVoxSjBMV2ROUzFsTE9YYxAB_02,Ci9DQUlRQUNvZENodHljRjlvT2pCU1oyRkJXbUkxUWpWMVoxSjBMV2ROUzFsTE9YYxAB,2,2
Ci9DQUlRQUNvZENodHljRjlvT2pCS1dXWk5TSFJ1WVd0UlJIWXRVMU5pUlhKTlJGRRAB_01,Ci9DQUlRQUNvZENodHljRjlvT2pCS1dXWk5TSFJ1WVd0UlJIWXRVMU5pUlhKTlJGRRAB,3,3
Ci9DQUlRQUNvZENodHljRjlvT2pCS1dXWk5TSFJ1WVd0UlJIWXRVMU5pUlhKTlJGRRAB_02,Ci9DQUlRQUNvZENodHljRjlvT2pCS1dXWk5TSFJ1WVd0UlJIWXRVMU5pUlhKTlJGRRAB,18,-1
Ci9DQUlRQUNvZENodHljRjlvT2pCS1dXWk5TSFJ1WVd0UlJIWXRVMU5pUlhKTlJGRRAB_03,Ci9DQUlRQUNvZENodHljRjlvT2pCS1dXWk5TSFJ1WVd0UlJIWXRVMU5pUlhKTlJGRRAB,18,-1
Ci9DQUlRQUNvZENodHljRjlvT2pCS1dXWk5TSFJ1WVd0UlJIWXRVMU5pUlhKTlJGRRAB_04,Ci9DQUlRQUNvZENodHljRjlvT2pCS1dXWk5TSFJ1WVd0UlJIWXRVMU5pUlhKTlJGRRAB,2,-1
Ci9DQUlRQUNvZENodHljRjlvT2pCS1dXWk5TSFJ1WVd0UlJIWXRVMU5pUlhKTlJGRRAB_05,Ci9DQUlRQUNvZENodHljRjlvT2pCS1dXWk5TSFJ1WVd0UlJIWXRVMU5pUlhKTlJGRRAB,-1,-1
Ci9DQUlRQUNvZENodHljRjlvT2pCS1dXWk5TSFJ1WVd0UlJIWXRVMU5pUlhKTlJGRRAB_06,Ci9DQUlRQUNvZENodHljRjlvT2pCS1dXWk5TSFJ1WVd0UlJIWXRVMU5pUlhKTlJGRRAB,8,8
Ci9DQUlRQUNvZENodHljRjlvT2pCS1dXWk5TSFJ1WVd0UlJIWXRVMU5pUlhKTlJGRRAB_07,Ci9DQUlRQUNvZENodHljRjlvT2pCS1dXWk5TSFJ1WVd0UlJIWXRVMU5pUlhKTlJGRRAB,1,0
Ci9DQUlRQUNvZENodHljRjlvT2pCS1dXWk5TSFJ1WVd0UlJIWXRVMU5pUlhKTlJGRRAB_08,Ci9DQUlRQUNvZENodHljRjlvT2pCS1dXWk5TSFJ1WVd0UlJIWXRVMU5pUlhKTlJGRRAB,1,0
Ci9DQUlRQUNvZENodHljRjlvT2tGamVEaFZaRXRXY21kVmEwcDRaVmRhUkhaeVpFRRAB_01,Ci9DQUlRQUNvZENodHljRjlvT2tGamVEaFZaRXRXY21kVmEwcDRaVmRhUkhaeVpFRRAB,2,2
Ci9DQUlRQUNvZENodHljRjlvT2tGamVEaFZaRXRXY21kVmEwcDRaVmRhUkhaeVpFRRAB_02,Ci9DQUlRQUNvZENodHljRjlvT2tGamVEaFZaRXRXY21kVmEwcDRaVmRhUkhaeVpFRRAB,4,5
Ci9DQUlRQUNvZENodHljRjlvT2tGamVEaFZaRXRXY21kVmEwcDRaVmRhUkhaeVpFRRAB_03,Ci9DQUlRQUNvZENodHljRjlvT2tGamVEaFZaRXRXY21kVmEwcDRaVmRhUkhaeVpFRRAB,0,1
Ci9DQUlRQUNvZENodHljRjlvT2tGamVEaFZaRXRXY21kVmEwcDRaVmRhUkhaeVpFRRAB_04,Ci9DQUlRQUNvZENodHljRjlvT2tGamVEaFZaRXRXY21kVmEwcDRaVmRhUkhaeVpFRRAB,5,4
Ci9DQUlRQUNvZENodHljRjlvT2tGamVEaFZaRXRXY21kVmEwcDRaVmRhUkhaeVpFRRAB_05,Ci9DQUlRQUNvZENodHljRjlvT2tGamVEaFZaRXRXY21kVmEwcDRaVmRhUkhaeVpFRRAB,-1,-1
Ci9DQUlRQUNvZENodHljRjlvT2tSSVRraGlkWGhEZWtkWk9FWTBYM0p1T0ZKWVEyYxAB_01,Ci9DQUlRQUNvZENodHljRjlvT2tSSVRraGlkWGhEZWtkWk9FWTBYM0p1T0ZKWVEyYxAB,5,4
Ci9DQUlRQUNvZENodHljRjlvT2tSSVRraGlkWGhEZWtkWk9FWTBYM0p1T0ZKWVEyYxAB_02,Ci9DQUlRQUNvZENodHljRjlvT2tSSVRraGlkWGhEZWtkWk9FWTBYM0p1T0ZKWVEyYxAB,0,1
Ci9DQUlRQUNvZENodHljRjlvT25OeVdrUk1Nakp4U0U5aWFVOXVVemhKWkVvdFdrRRAB_01,Ci9DQUlRQUNvZENodHljRjlvT25OeVdrUk1Nakp4U0U5aWFVOXVVemhKWkVvdFdrRRAB,0,1
Ci9DQUlRQUNvZENodHljRjlvT25OeVdrUk1Nakp4U0U5aWFVOXVVemhKWkVvdFdrRRAB_02,Ci9DQUlRQUNvZENodHljRjlvT25OeVdrUk1Nakp4U0U5aWFVOXVVemhKWkVvdFdrRRAB,0,1
Ci9DQUlRQUNvZENodHljRjlvT205bGFFaHhjR1JrTVVaUVQxQmlaVmN0UkRKT09WRRAB_01,Ci9DQUlRQUNvZENodHljRjlvT205bGFFaHhjR1JrTVVaUVQxQmlaVmN0UkRKT09WRRAB,0,1
Ci9DQUlRQUNvZENodHljRjlvT205bGFFaHhjR1JrTVVaUVQxQmlaVmN0UkRKT09WRRAB_02,Ci9DQUlRQUNvZENodHljRjlvT205bGFFaHhjR1JrTVVaUVQxQmlaVmN0UkRKT09WRRAB,18,20
Ci9DQUlRQUNvZENodHljRjlvT2xGRFRHWktPVFJOTm5WWVgzZHdObGRRT0ZjemRWRRAB_01,Ci9DQUlRQUNvZENodHljRjlvT2xGRFRHWktPVFJOTm5WWVgzZHdObGRRT0ZjemRWRRAB,40,41
Ci9DQUlRQUNvZENodHljRjlvT2xGRFRHWktPVFJOTm5WWVgzZHdObGRRT0ZjemRWRRAB_02,Ci9DQUlRQUNvZENodHljRjlvT2xGRFRHWktPVFJOTm5WWVgzZHdObGRRT0ZjemRWRRAB,36,37
Ci9DQUlRQUNvZENodHljRjlvT2xGRFRHWktPVFJOTm5WWVgzZHdObGRRT0ZjemRWRRAB_03,Ci9DQUlRQUNvZENodHljRjlvT2xGRFRHWktPVFJOTm5WWVgzZHdObGRRT0ZjemRWRRAB,6,6
Ci9DQUlRQUNvZENodHljRjlvT2xGRFRHWktPVFJOTm5WWVgzZHdObGRRT0ZjemRWRRAB_04,Ci9DQUlRQUNvZENodHljRjlvT2xGRFRHWktPVFJOTm5WWVgzZHdObGRRT0ZjemRWRRAB,-1,-1
Ci9DQUlRQUNvZENodHljRjlvT201Zk4xaGtkemhCYTFvdFFUWnFTWGt4VkUxd2MyYxAB_01,Ci9DQUlRQUNvZENodHljRjlvT201Zk4xaGtkemhCYTFvdFFUWnFTWGt4VkUxd2MyYxAB,3,3
Ci9DQUlRQUNvZENodHljRjlvT201Zk4xaGtkemhCYTFvdFFUWnFTWGt4VkUxd2MyYxAB_02,Ci9DQUlRQUNvZENodHljRjlvT201Zk4xaGtkemhCYTFvdFFUWnFTWGt4VkUxd2MyYxAB,30,29
Ci9DQUlRQUNvZENodHljRjlvT201Zk4xaGtkemhCYTFvdFFUWnFTWGt4VkUxd2MyYxAB_03,Ci9DQUlRQUNvZENodHljRjlvT201Zk4xaGtkemhCYTFvdFFUWnFTWGt4VkUxd2MyYxAB,28,22
Ci9DQUlRQUNvZENodHljRjlvT21oU01XaHBVMUowVmxwQlpERndObmRzTUUxUFRYYxAB_01,Ci9DQUlRQUNvZENodHljRjlvT21oU01XaHBVMUowVmxwQlpERndObmRzTUUxUFRYYxAB,3,3
Ci9DQUlRQUNvZENodHljRjlvT2tzMWVsTmljRkZEV0RBM2N5MDBVbU4zTURoUFVHYxAB_01,Ci9DQUlRQUNvZENodHljRjlvT2tzMWVsTmljRkZEV0RBM2N5MDBVbU4zTURoUFVHYxAB,28,22
Ci9DQUlRQUNvZENodHljRjlvT2tzMWVsTmljRkZEV0RBM2N5MDBVbU4zTURoUFVHYxAB_02,Ci9DQUlRQUNvZENodHljRjlvT2tzMWVsTmljRkZEV0RBM2N5MDBVbU4zTURoUFVHYxAB,29,23
Ci9DQUlRQUNvZENodHljRjlvT2tkR2FGWkpSakV0YUZkVlIySkxjWFJTTFRGZk1HYxAB_01,Ci9DQUlRQUNvZENodHljRjlvT2tkR2FGWkpSakV0YUZkVlIySkxjWFJTTFRGZk1HYxAB,-1,-1
Ci9DQUlRQUNvZENodHljRjlvT2xkS05FRTBVbmxPWlROdGJGQTNhbkJYTlVOT2VGRRAB_01,Ci9DQUlRQUNvZENodHljRjlvT2xkS05FRTBVbmxPWlROdGJGQTNhbkJYTlVOT2VGRRAB,13,-1
Ci9DQUlRQUNvZENodHljRjlvT205Zll6WjNaR3h1VGtZM09HazFiVll6T0hWV1pVRRAB_01,Ci9DQUlRQUNvZENodHljRjlvT205Zll6WjNaR3h1VGtZM09HazFiVll6T0hWV1pVRRAB,2,2
Ci9DQUlRQUNvZENodHljRjlvT205Zll6WjNaR3h1VGtZM09HazFiVll6T0hWV1pVRRAB_02,Ci9DQUlRQUNvZENodHljRjlvT205Zll6WjNaR3h1VGtZM09HazFiVll6T0hWV1pVRRAB,-1,-1
Ci9DQUlRQUNvZENodHljRjlvT205Zll6WjNaR3h1VGtZM09HazFiVll6T0hWV1pVRRAB_03,Ci9DQUlRQUNvZENodHljRjlvT205Zll6WjNaR3h1VGtZM09HazFiVll6T0hWV1pVRRAB,6,6
Ci9DQUlRQUNvZENodHljRjlvT205Zll6WjNaR3h1VGtZM09HazFiVll6T0hWV1pVRRAB_04,Ci9DQUlRQUNvZENodHljRjlvT205Zll6WjNaR3h1VGtZM09HazFiVll6T0hWV1pVRRAB,0,1
Ci9DQUlRQUNvZENodHljRjlvT205Zll6WjNaR3h1VGtZM09HazFiVll6T0hWV1pVRRAB_05,Ci9DQUlRQUNvZENodHljRjlvT205Zll6WjNaR3h1VGtZM09HazFiVll6T0hWV1pVRRAB,7,-1
Ci9DQUlRQUNvZENodHljRjlvT205SVkzaFdTbEJ1VERVd1pGQXhVek16ZDFkS2RIYxAB_01,Ci9DQUlRQUNvZENodHljRjlvT205SVkzaFdTbEJ1VERVd1pGQXhVek16ZDFkS2RIYxAB,2,2
Ci9DQUlRQUNvZENodHljRjlvT205SVkzaFdTbEJ1VERVd1pGQXhVek16ZDFkS2RIYxAB_02,Ci9DQUlRQUNvZENodHljRjlvT205SVkzaFdTbEJ1VERVd1pGQXhVek16ZDFkS2RIYxAB,9,9
Ci9DQUlRQUNvZENodHljRjlvT2paWlZuTmZhbWN3VHkxcWJGRXhTVEJqTVVKYU1FRRAB_01,Ci9DQUlRQUNvZENodHljRjlvT2paWlZuTmZhbWN3VHkxcWJGRXhTVEJqTVVKYU1FRRAB,29,23
Ci9DQUlRQUNvZENodHljRjlvT2paWlZuTmZhbWN3VHkxcWJGRXhTVEJqTVVKYU1FRRAB_02,Ci9DQUlRQUNvZENodHljRjlvT2paWlZuTmZhbWN3VHkxcWJGRXhTVEJqTVVKYU1FRRAB,28,22
ChZDSUhNMG9nS0VJQ0FnSUR0MDZ2ZVlREAE_01,ChZDSUhNMG9nS0VJQ0FnSUR0MDZ2ZVlREAE,3,3
ChdDSUhNMG9nS0VJQ0FnSURmMDdheDRRRRAB_01,ChdDSUhNMG9nS0VJQ0FnSURmMDdheDRRRRAB,27,24
ChdDSUhNMG9nS0VJQ0FnSURmMDdheDRRRRAB_02,ChdDSUhNMG9nS0VJQ0FnSURmMDdheDRRRRAB,10,10
ChZDSUhNMG9nS0VJQ0FnTUNRNGZlbEtBEAE_01,ChZDSUhNMG9nS0VJQ0FnTUNRNGZlbEtBEAE,-1,-1
ChdDSUhNMG9nS0VNbjQzNzJ6X1ptTGxnRRAB_01,ChdDSUhNMG9nS0VNbjQzNzJ6X1ptTGxnRRAB,-1,-1
Ci9DQUlRQUNvZENodHljRjlvT25aRlEya3lTWG94VVd4alZtbENiRUUwVUVkWFJtYxAB_01,Ci9DQUlRQUNvZENodHljRjlvT25aRlEya3lTWG94VVd4alZtbENiRUUwVUVkWFJtYxAB,-1,-1
Ci9DQUlRQUNvZENodHljRjlvT25CYVZsa3RWRlV4TVhWNVZqTldWR3hsY2xOR1lYYxAB_01,Ci9DQUlRQUNvZENodHljRjlvT25CYVZsa3RWRlV4TVhWNVZqTldWR3hsY2xOR1lYYxAB,0,1
Ci9DQUlRQUNvZENodHljRjlvT2pOVFluRXRXVFJyYURGTGExWktXV3R2VVRrNFMyYxAB_01,Ci9DQUlRQUNvZENodHljRjlvT2pOVFluRXRXVFJyYURGTGExWktXV3R2VVRrNFMyYxAB,27,24
Ci9DQUlRQUNvZENodHljRjlvT2pOVFluRXRXVFJyYURGTGExWktXV3R2VVRrNFMyYxAB_02,Ci9DQUlRQUNvZENodHljRjlvT2pOVFluRXRXVFJyYURGTGExWktXV3R2VVRrNFMyYxAB,6,6
ChZDSUhNMG9nS0VJQ0FnSUNENmVmTVFnEAE_01,ChZDSUhNMG9nS0VJQ0FnSUNENmVmTVFnEAE,12,-1
ChZDSUhNMG9nS0VJQ0FnSUNENmVmTVFnEAE_02,ChZDSUhNMG9nS0VJQ0FnSUNENmVmTVFnEAE,1,0
ChdDSUhNMG9nS0VJQ0FnSURjaHB5SjBnRRAB_01,ChdDSUhNMG9nS0VJQ0FnSURjaHB5SjBnRRAB,4,-1
ChdDSUhNMG9nS0VJQ0FnSURmdFpIcHVBRRAB_01,ChdDSUhNMG9nS0VJQ0FnSURmdFpIcHVBRRAB,28,22
ChZDSUhNMG9nS0VJQ0FnTUNBOGZLZGJREAE_01,ChZDSUhNMG9nS0VJQ0FnTUNBOGZLZGJREAE,2,2
ChZDSUhNMG9nS0VJQ0FnTUNBOGZLZGJREAE_02,ChZDSUhNMG9nS0VJQ0FnTUNBOGZLZGJREAE,6,-1
ChZDSUhNMG9nS0VJQ0FnTUNBOGZLZGJREAE_03,ChZDSUhNMG9nS0VJQ0FnTUNBOGZLZGJREAE,38,-1
ChZDSUhNMG9nS0VJQ0FnTUNBOGZLZGJREAE_04,ChZDSUhNMG9nS0VJQ0FnTUNBOGZLZGJREAE,-1,-1
ChZDSUhNMG9nS0VJQ0FnTUNBOGZLZGJREAE_05,ChZDSUhNMG9nS0VJQ0FnTUNBOGZLZGJREAE,6,6
ChZDSUhNMG9nS0VJQ0FnTUNBOGZLZGJREAE_06,ChZDSUhNMG9nS0VJQ0FnTUNBOGZLZGJREAE,-1,-1
ChZDSUhNMG9nS0VJQ0FnTUNBOGZLZGJREAE_07,ChZDSUhNMG9nS0VJQ0FnTUNBOGZLZGJREAE,32,32
ChZDSUhNMG9nS0VJQ0FnTUNBOGZLZGJREAE_08,ChZDSUhNMG9nS0VJQ0FnTUNBOGZLZGJREAE,-1,-1
ChZDSUhNMG9nS0VJQ0FnTUNBOGZLZGJREAE_09,ChZDSUhNMG9nS0VJQ0FnTUNBOGZLZGJREAE,-1,-1
ChZDSUhNMG9nS0VJQ0FnTUNBOGZLZGJREAE_10,ChZDSUhNMG9nS0VJQ0FnTUNBOGZLZGJREAE,2,2
ChZDSUhNMG9nS0VJQ0FnTUNBOGZLZGJREAE_11,ChZDSUhNMG9nS0VJQ0FnTUNBOGZLZGJREAE,-1,-1
ChdDSUhNMG9nS0VJQ0FnTUNRbWEtVDd3RRAB_01,ChdDSUhNMG9nS0VJQ0FnTUNRbWEtVDd3RRAB,1,0
ChdDSUhNMG9nS0VJQ0FnTUR3MUxEcnN3RRAB_01,ChdDSUhNMG9nS0VJQ0FnTUR3MUxEcnN3RRAB,4,5
ChdDSUhNMG9nS0VJQ0FnTUR3MUxEcnN3RRAB_02,ChdDSUhNMG9nS0VJQ0FnTUR3MUxEcnN3RRAB,-1,-1
ChZDSUhNMG9nS0VJQ0FnTUNvdDl5OUVBEAE_01,ChZDSUhNMG9nS0VJQ0FnTUNvdDl5OUVBEAE,4,-1
ChZDSUhNMG9nS0VJQ0FnTUNvdDl5OUVBEAE_02,ChZDSUhNMG9nS0VJQ0FnTUNvdDl5OUVBEAE,0,1
ChdDSUhNMG9nS0VLUFB2cFBBd2MtTnlnRRAB_01,ChdDSUhNMG9nS0VLUFB2cFBBd2MtTnlnRRAB,21,28
ChZDSUhNMG9nS0VKZnZ3UFduNE82LWVREAE_01,ChZDSUhNMG9nS0VKZnZ3UFduNE82LWVREAE,28,22
ChdDSUhNMG9nS0VOX3lqNlAyME8yb2lnRRAB_01,ChdDSUhNMG9nS0VOX3lqNlAyME8yb2lnRRAB,7,7
ChdDSUhNMG9nS0VOX3lqNlAyME8yb2lnRRAB_02,ChdDSUhNMG9nS0VOX3lqNlAyME8yb2lnRRAB,-1,-1
ChdDSUhNMG9nS0VOX3lqNlAyME8yb2lnRRAB_03,ChdDSUhNMG9nS0VOX3lqNlAyME8yb2lnRRAB,-1,-1
ChdDSUhNMG9nS0VJQ0FnSURadUlpbV93RRAB_01,ChdDSUhNMG9nS0VJQ0FnSURadUlpbV93RRAB,3,3
ChdDSUhNMG9nS0VJQ0FnSURadUlpbV93RRAB_02,ChdDSUhNMG9nS0VJQ0FnSURadUlpbV93RRAB,11,12
ChdDSUhNMG9nS0VJQ0FnSURadUlpbV93RRAB_03,ChdDSUhNMG9nS0VJQ0FnSURadUlpbV93RRAB,14,13
ChdDSUhNMG9nS0VJQ0FnSURadUlpbV93RRAB_04,ChdDSUhNMG9nS0VJQ0FnSURadUlpbV93RRAB,-1,-1
Ci9DQUlRQUNvZENodHljRjlvT25sRVNtbzJjWGxPYUVndFlYQkxaWGRTVkhoVFprRRAB_01,Ci9DQUlRQUNvZENodHljRjlvT25sRVNtbzJjWGxPYUVndFlYQkxaWGRTVkhoVFprRRAB,0,1
Ci9DQUlRQUNvZENodHljRjlvT2t0UVJUWmZZbmhhYjJsU2FHaHZWaTEyUTNGNlprRRAB_01,Ci9DQUlRQUNvZENodHljRjlvT2t0UVJUWmZZbmhhYjJsU2FHaHZWaTEyUTNGNlprRRAB,6,-1
Ci9DQUlRQUNvZENodHljRjlvT2t0UVJUWmZZbmhhYjJsU2FHaHZWaTEyUTNGNlprRRAB_02,Ci9DQUlRQUNvZENodHljRjlvT2t0UVJUWmZZbmhhYjJsU2FHaHZWaTEyUTNGNlprRRAB,16,14
ChZDSUhNMG9nS0VJQ0FnSUNOdGFmSWNnEAE_01,ChZDSUhNMG9nS0VJQ0FnSUNOdGFmSWNnEAE,24,33
ChZDSUhNMG9nS0VJQ0FnSUR2LXNEa0NnEAE_01,ChZDSUhNMG9nS0VJQ0FnSUR2LXNEa0NnEAE,9,9
ChZDSUhNMG9nS0VJQ0FnSUR2NDVid1R3EAE_01,ChZDSUhNMG9nS0VJQ0FnSUR2NDVid1R3EAE,20,18
ChdDSUhNMG9nS0VJQ0FnSUNmMzdXVHBBRRAB_01,ChdDSUhNMG9nS0VJQ0FnSUNmMzdXVHBBRRAB,6,6
ChdDSUhNMG9nS0VJQ0FnSUNmMzdXVHBBRRAB_02,ChdDSUhNMG9nS0VJQ0FnSUNmMzdXVHBBRRAB,6,-1
ChdDSUhNMG9nS0VJQ0FnSURmX1A2M3h3RRAB_01,ChdDSUhNMG9nS0VJQ0FnSURmX1A2M3h3RRAB,9,9
ChdDSUhNMG9nS0VJQ0FnSURmX1A2M3h3RRAB_02,ChdDSUhNMG9nS0VJQ0FnSURmX1A2M3h3RRAB,3,3
ChdDSUhNMG9nS0VJQ0FnSURmX1A2M3h3RRAB_03,ChdDSUhNMG9nS0VJQ0FnSURmX1A2M3h3RRAB,1,0
ChdDSUhNMG9nS0VJQ0FnSURmX1A2M3h3RRAB_04,ChdDSUhNMG9nS0VJQ0FnSURmX1A2M3h3RRAB,-1,-1
ChdDSUhNMG9nS0VJQ0FnSURmX1A2M3h3RRAB_05,ChdDSUhNMG9nS0VJQ0FnSURmX1A2M3h3RRAB,-1,-1
ChZDSUhNMG9nS0VJQ0FnSURmcW91b093EAE_01,ChZDSUhNMG9nS0VJQ0FnSURmcW91b093EAE,3,-1
ChZDSUhNMG9nS0VJQ0FnSUNfck1IZFhnEAE_01,ChZDSUhNMG9nS0VJQ0FnSUNfck1IZFhnEAE,-1,-1
ChZDSUhNMG9nS0VJQ0FnSUNfeTVtVllBEAE_01,ChZDSUhNMG9nS0VJQ0FnSUNfeTVtVllBEAE,37,35
ChZDSUhNMG9nS0VJQ0FnSUNfeTVtVllBEAE_02,ChZDSUhNMG9nS0VJQ0FnSUNfeTVtVllBEAE,1,0
ChZDSUhNMG9nS0VJQ0FnSUNfeTVtVllBEAE_03,ChZDSUhNMG9nS0VJQ0FnSUNfeTVtVllBEAE,4,5
ChZDSUhNMG9nS0VJQ0FnSUNfeTVtVllBEAE_04,ChZDSUhNMG9nS0VJQ0FnSUNfeTVtVllBEAE,11,12
ChZDSUhNMG9nS0VJQ0FnSUNfeTVtVllBEAE_05,ChZDSUhNMG9nS0VJQ0FnSUNfeTVtVllBEAE,2,2
ChZDSUhNMG9nS0VJQ0FnSUNfeTVtVllBEAE_06,ChZDSUhNMG9nS0VJQ0FnSUNfeTVtVllBEAE,33,-1
ChdDSUhNMG9nS0VJQ0FnSURfMHN1NGtnRRAB_01,ChdDSUhNMG9nS0VJQ0FnSURfMHN1NGtnRRAB,2,2
ChdDSUhNMG9nS0VJQ0FnSURfMHN1NGtnRRAB_02,ChdDSUhNMG9nS0VJQ0FnSURfMHN1NGtnRRAB,2,2
ChdDSUhNMG9nS0VJQ0FnSURfMHN1NGtnRRAB_03,ChdDSUhNMG9nS0VJQ0FnSURfMHN1NGtnRRAB,4,5
ChdDSUhNMG9nS0VJQ0FnSURfMHN1NGtnRRAB_04,ChdDSUhNMG9nS0VJQ0FnSURfMHN1NGtnRRAB,2,2
ChdDSUhNMG9nS0VJQ0FnSURfaDVQbnZ3RRAB_01,ChdDSUhNMG9nS0VJQ0FnSURfaDVQbnZ3RRAB,-1,-1
ChdDSUhNMG9nS0VJQ0FnSURfaDVQbnZ3RRAB_02,ChdDSUhNMG9nS0VJQ0FnSURfaDVQbnZ3RRAB,2,2
ChZDSUhNMG9nS0VJQ0FnTUNBbFpuVkVnEAE_01,ChZDSUhNMG9nS0VJQ0FnTUNBbFpuVkVnEAE,9,9
ChZDSUhNMG9nS0VJQ0FnTUNBbFpuVkVnEAE_02,ChZDSUhNMG9nS0VJQ0FnTUNBbFpuVkVnEAE,-1,-1
ChdDSUhNMG9nS0VJQ0FnTUNBX2JEV29nRRAB_01,ChdDSUhNMG9nS0VJQ0FnTUNBX2JEV29nRRAB,11,12
ChdDSUhNMG9nS0VJQ0FnTUNBX2JEV29nRRAB_02,ChdDSUhNMG9nS0VJQ0FnTUNBX2JEV29nRRAB,2,2
ChZDSUhNMG9nS0VJQ0FnTUNnMHJ6OFpnEAE_01,ChZDSUhNMG9nS0VJQ0FnTUNnMHJ6OFpnEAE,-1,-1
ChZDSUhNMG9nS0VJQ0FnTUNnMHJ6OFpnEAE_02,ChZDSUhNMG9nS0VJQ0FnTUNnMHJ6OFpnEAE,39,38
ChZDSUhNMG9nS0VJQ0FnTUNnaHZYckN3EAE_01,ChZDSUhNMG9nS0VJQ0FnTUNnaHZYckN3EAE,3,-1
ChdDSUhNMG9nS0VJQ0FnTUNnczZPZmp3RRAB_01,ChdDSUhNMG9nS0VJQ0FnTUNnczZPZmp3RRAB,2,-1
ChdDSUhNMG9nS0VJQ0FnTURnN091RzRRRRAB_01,ChdDSUhNMG9nS0VJQ0FnTURnN091RzRRRRAB,3,3
ChdDSUhNMG9nS0VJQ0FnTURnN091RzRRRRAB_02,ChdDSUhNMG9nS0VJQ0FnTURnN091RzRRRRAB,2,2
ChdDSUhNMG9nS0VJQ0FnTURRMS1IMHNnRRAB_01,ChdDSUhNMG9nS0VJQ0FnTURRMS1IMHNnRRAB,7,7
ChZDSUhNMG9nS0VJQ0FnTUN3Mkt1YlVnEAE_01,ChZDSUhNMG9nS0VJQ0FnTUN3Mkt1YlVnEAE,9,9
ChZDSUhNMG9nS0VJQ0FnTUN3Mkt1YlVnEAE_02,ChZDSUhNMG9nS0VJQ0FnTUN3Mkt1YlVnEAE,1,0
ChZDSUhNMG9nS0VJQ0FnTUN3Mkt1YlVnEAE_03,ChZDSUhNMG9nS0VJQ0FnTUN3Mkt1YlVnEAE,21,28
ChZDSUhNMG9nS0VJQ0FnTUN3MUx2SFd3EAE_01,ChZDSUhNMG9nS0VJQ0FnTUN3MUx2SFd3EAE,5,4
ChZDSUhNMG9nS0VJQ0FnTUN3MUx2SFd3EAE_02,ChZDSUhNMG9nS0VJQ0FnTUN3MUx2SFd3EAE,30,29
ChZDSUhNMG9nS0VJQ0FnTUN3OU5YdWVBEAE_01,ChZDSUhNMG9nS0VJQ0FnTUN3OU5YdWVBEAE,-1,-1
ChZDSUhNMG9nS0VJQ0FnTUN3OU5YdWVBEAE_02,ChZDSUhNMG9nS0VJQ0FnTUN3OU5YdWVBEAE,3,3
ChZDSUhNMG9nS0VJQ0FnTUN3OU5YdWVBEAE_03,ChZDSUhNMG9nS0VJQ0FnTUN3OU5YdWVBEAE,33,-1
ChZDSUhNMG9nS0VJQ0FnTUN3OU5YdWVBEAE_04,ChZDSUhNMG9nS0VJQ0FnTUN3OU5YdWVBEAE,31,27
ChdDSUhNMG9nS0VJQ0FnTUNJbGE3b3FnRRAB_01,ChdDSUhNMG9nS0VJQ0FnTUNJbGE3b3FnRRAB,12,30
ChdDSUhNMG9nS0VJQ0FnTUNJbGE3b3FnRRAB_02,ChdDSUhNMG9nS0VJQ0FnTUNJbGE3b3FnRRAB,8,8
ChdDSUhNMG9nS0VJQ0FnTUNJbGE3b3FnRRAB_03,ChdDSUhNMG9nS0VJQ0FnTUNJbGE3b3FnRRAB,31,27
ChdDSUhNMG9nS0VJQ0FnTURJNjVqZF9nRRAB_01,ChdDSUhNMG9nS0VJQ0FnTURJNjVqZF9nRRAB,21,28
ChdDSUhNMG9nS0VJQ0FnSURmeGJQYXFRRRAB_01,ChdDSUhNMG9nS0VJQ0FnSURmeGJQYXFRRRAB,7,7
ChdDSUhNMG9nS0VJQ0FnTUNvOHN6enNnRRAB_01,ChdDSUhNMG9nS0VJQ0FnTUNvOHN6enNnRRAB,3,3
ChZDSUhNMG9nS0VJQ0FnTUNvd1piWldREAE_01,ChZDSUhNMG9nS0VJQ0FnTUNvd1piWldREAE,7,7
ChdDSUhNMG9nS0VJQ0FnTUNvOTRicXJnRRAB_01,ChdDSUhNMG9nS0VJQ0FnTUNvOTRicXJnRRAB,7,7
ChdDSUhNMG9nS0VJQ0FnTURvcnRYcHpnRRAB_01,ChdDSUhNMG9nS0VJQ0FnTURvcnRYcHpnRRAB,9,-1
ChdDSUhNMG9nS0VJQ0FnTURvcnRYcHpnRRAB_02,ChdDSUhNMG9nS0VJQ0FnTURvcnRYcHpnRRAB,19,16
ChdDSUhNMG9nS0VJQ0FnTUNZd0pXYnhBRRAB_01,ChdDSUhNMG9nS0VJQ0FnTUNZd0pXYnhBRRAB,-1,-1
ChdDSUhNMG9nS0VJQ0FnTUNZd0pXYnhBRRAB_02,ChdDSUhNMG9nS0VJQ0FnTUNZd0pXYnhBRRAB,26,-1
ChdDSUhNMG9nS0VJQ0FnTUNZd0pXYnhBRRAB_03,ChdDSUhNMG9nS0VJQ0FnTUNZd0pXYnhBRRAB,-1,-1
ChZDSUhNMG9nS0VJQ0FnTUNZN3Yzb0pBEAE_01,ChZDSUhNMG9nS0VJQ0FnTUNZN3Yzb0pBEAE,3,3
ChZDSUhNMG9nS0VPXzN5OGJ3dXFmNlF3EAE_01,ChZDSUhNMG9nS0VPXzN5OGJ3dXFmNlF3EAE,6,6
ChZDSUhNMG9nS0VNT25rSkNQb2R5RE5BEAE_01,ChZDSUhNMG9nS0VNT25rSkNQb2R5RE5BEAE,19,16
ChdDSUhNMG9nS0VMZkg2N3pyNGZYZnVRRRAB_01,ChdDSUhNMG9nS0VMZkg2N3pyNGZYZnVRRRAB,21,28
ChdDSUhNMG9nS0VMZkg2N3pyNGZYZnVRRRAB_02,ChdDSUhNMG9nS0VMZkg2N3pyNGZYZnVRRRAB,2,2
ChZDSUhNMG9nS0VQN2RpcEQ5N1AtalRBEAE_01,ChZDSUhNMG9nS0VQN2RpcEQ5N1AtalRBEAE,24,33
ChZDSUhNMG9nS0VJTFN0dmVBcTduLUdREAE_01,ChZDSUhNMG9nS0VJTFN0dmVBcTduLUdREAE,2,2
ChZDSUhNMG9nS0VJTFN0dmVBcTduLUdREAE_02,ChZDSUhNMG9nS0VJTFN0dmVBcTduLUdREAE,2,2
ChZDSUhNMG9nS0VJTFN0dmVBcTduLUdREAE_03,ChZDSUhNMG9nS0VJTFN0dmVBcTduLUdREAE,-1,-1
ChdDSUhNMG9nS0VMYTQyS2FCMl9Hd3BBRRAB_01,ChdDSUhNMG9nS0VMYTQyS2FCMl9Hd3BBRRAB,3,3
Ci9DQUlRQUNvZENodHljRjlvT2pKeFgyUlhNemRDYW5wTk9UY3dZVGN5Tm5Wa1YxRRAB_01,Ci9DQUlRQUNvZENodHljRjlvT2pKeFgyUlhNemRDYW5wTk9UY3dZVGN5Tm5Wa1YxRRAB,3,-1
Ci9DQUlRQUNvZENodHljRjlvT2pKeFgyUlhNemRDYW5wTk9UY3dZVGN5Tm5Wa1YxRRAB_02,Ci9DQUlRQUNvZENodHljRjlvT2pKeFgyUlhNemRDYW5wTk9UY3dZVGN5Tm5Wa1YxRRAB,5,4
Ci9DQUlRQUNvZENodHljRjlvT2pKeFgyUlhNemRDYW5wTk9UY3dZVGN5Tm5Wa1YxRRAB_03,Ci9DQUlRQUNvZENodHljRjlvT2pKeFgyUlhNemRDYW5wTk9UY3dZVGN5Tm5Wa1YxRRAB,31,27
ChdDSUhNMG9nS0VKbWs4cDJHd2Nqb3RnRRAB_01,ChdDSUhNMG9nS0VKbWs4cDJHd2Nqb3RnRRAB,3,-1
ChdDSUhNMG9nS0VKbWs4cDJHd2Nqb3RnRRAB_02,ChdDSUhNMG9nS0VKbWs4cDJHd2Nqb3RnRRAB,19,16
Ci9DQUlRQUNvZENodHljRjlvT20wMk0weG5RVkZrVEZkRWIzTnVTVzUxYUhaRmJYYxAB_01,Ci9DQUlRQUNvZENodHljRjlvT20wMk0weG5RVkZrVEZkRWIzTnVTVzUxYUhaRmJYYxAB,9,9
Ci9DQUlRQUNvZENodHljRjlvT20wMk0weG5RVkZrVEZkRWIzTnVTVzUxYUhaRmJYYxAB_02,Ci9DQUlRQUNvZENodHljRjlvT20wMk0weG5RVkZrVEZkRWIzTnVTVzUxYUhaRmJYYxAB,3,-1
Ci9DQUlRQUNvZENodHljRjlvT20wMk0weG5RVkZrVEZkRWIzTnVTVzUxYUhaRmJYYxAB_03,Ci9DQUlRQUNvZENodHljRjlvT20wMk0weG5RVkZrVEZkRWIzTnVTVzUxYUhaRmJYYxAB,11,12
Ci9DQUlRQUNvZENodHljRjlvT20wMk0weG5RVkZrVEZkRWIzTnVTVzUxYUhaRmJYYxAB_04,Ci9DQUlRQUNvZENodHljRjlvT20wMk0weG5RVkZrVEZkRWIzTnVTVzUxYUhaRmJYYxAB,11,12
Ci9DQUlRQUNvZENodHljRjlvT20wMk0weG5RVkZrVEZkRWIzTnVTVzUxYUhaRmJYYxAB_05,Ci9DQUlRQUNvZENodHljRjlvT20wMk0weG5RVkZrVEZkRWIzTnVTVzUxYUhaRmJYYxAB,37,35
Ci9DQUlRQUNvZENodHljRjlvT20wMk0weG5RVkZrVEZkRWIzTnVTVzUxYUhaRmJYYxAB_06,Ci9DQUlRQUNvZENodHljRjlvT20wMk0weG5RVkZrVEZkRWIzTnVTVzUxYUhaRmJYYxAB,1,0
ChZDSUhNMG9nS0VPQ201LXJtcnMzb1pBEAE_01,ChZDSUhNMG9nS0VPQ201LXJtcnMzb1pBEAE,1,0
ChZDSUhNMG9nS0VPQ201LXJtcnMzb1pBEAE_02,ChZDSUhNMG9nS0VPQ201LXJtcnMzb1pBEAE,11,12
ChZDSUhNMG9nS0VPQ201LXJtcnMzb1pBEAE_03,ChZDSUhNMG9nS0VPQ201LXJtcnMzb1pBEAE,5,-1
ChdDSUhNMG9nS0VNX2R1ZHVIaDk3OHlnRRAB_01,ChdDSUhNMG9nS0VNX2R1ZHVIaDk3OHlnRRAB,7,7
ChdDSUhNMG9nS0VNX2R1ZHVIaDk3OHlnRRAB_02,ChdDSUhNMG9nS0VNX2R1ZHVIaDk3OHlnRRAB,19,16
Ci9DQUlRQUNvZENodHljRjlvT2paUkxXUTNkakJ5VkRFM2NscHVTVk55U0ZWS1gxRRAB_01,Ci9DQUlRQUNvZENodHljRjlvT2paUkxXUTNkakJ5VkRFM2NscHVTVk55U0ZWS1gxRRAB,7,7
Ci9DQUlRQUNvZENodHljRjlvT2paUkxXUTNkakJ5VkRFM2NscHVTVk55U0ZWS1gxRRAB_02,Ci9DQUlRQUNvZENodHljRjlvT2paUkxXUTNkakJ5VkRFM2NscHVTVk55U0ZWS1gxRRAB,5,4
Ci9DQUlRQUNvZENodHljRjlvT2tWUE1FbFdjWFJrWTBwS2N6VkZhbEV3Umt0VVMyYxAB_01,Ci9DQUlRQUNvZENodHljRjlvT2tWUE1FbFdjWFJrWTBwS2N6VkZhbEV3Umt0VVMyYxAB,1,0
Ci9DQUlRQUNvZENodHljRjlvT201dVR6ZHdMVUowYW5KWVVsRlVZblJCTVZwYVZFRRAB_01,Ci9DQUlRQUNvZENodHljRjlvT201dVR6ZHdMVUowYW5KWVVsRlVZblJCTVZwYVZFRRAB,7,7
Ci9DQUlRQUNvZENodHljRjlvT25WSWExRktjelZKWm01M1V6aEZNMUpVZUV4QldVRRAB_01,Ci9DQUlRQUNvZENodHljRjlvT25WSWExRktjelZKWm01M1V6aEZNMUpVZUV4QldVRRAB,21,-1
Ci9DQUlRQUNvZENodHljRjlvT25WSWExRktjelZKWm01M1V6aEZNMUpVZUV4QldVRRAB_02,Ci9DQUlRQUNvZENodHljRjlvT25WSWExRktjelZKWm01M1V6aEZNMUpVZUV4QldVRRAB,12,30
Ci9DQUlRQUNvZENodHljRjlvT21kSFZsWTFNRTlJVWpsYVNFSlpVMUY1VlY5TlltYxAB_01,Ci9DQUlRQUNvZENodHljRjlvT21kSFZsWTFNRTlJVWpsYVNFSlpVMUY1VlY5TlltYxAB,-1,-1
Ci9DQUlRQUNvZENodHljRjlvT21SdVYxVjVRblJsUlZKTWFtTkNXVE5IV2s4Mk5FRRAB_01,Ci9DQUlRQUNvZENodHljRjlvT21SdVYxVjVRblJsUlZKTWFtTkNXVE5IV2s4Mk5FRRAB,3,3
Ci9DQUlRQUNvZENodHljRjlvT21OTE5EZHBOMGhRTVZWaVFXUnlVR3BGWmtkdmIyYxAB_01,Ci9DQUlRQUNvZENodHljRjlvT21OTE5EZHBOMGhRTVZWaVFXUnlVR3BGWmtkdmIyYxAB,3,3
Ci9DQUlRQUNvZENodHljRjlvT21OTE5EZHBOMGhRTVZWaVFXUnlVR3BGWmtkdmIyYxAB_02,Ci9DQUlRQUNvZENodHljRjlvT21OTE5EZHBOMGhRTVZWaVFXUnlVR3BGWmtkdmIyYxAB,-1,-1
Ci9DQUlRQUNvZENodHljRjlvT205MlRUWllYMFZ5WjBjMVdtOVZURE5EZEcxaFduYxAB_01,Ci9DQUlRQUNvZENodHljRjlvT205MlRUWllYMFZ5WjBjMVdtOVZURE5EZEcxaFduYxAB,9,9
Ci9DQUlRQUNvZENodHljRjlvT2pOS2JXNXFNbE5hWTJ4SFdrRkdZa1ZTUVRWMGMwRRAB_01,Ci9DQUlRQUNvZENodHljRjlvT2pOS2JXNXFNbE5hWTJ4SFdrRkdZa1ZTUVRWMGMwRRAB,7,7
Ci9DQUlRQUNvZENodHljRjlvT2pOS2JXNXFNbE5hWTJ4SFdrRkdZa1ZTUVRWMGMwRRAB_02,Ci9DQUlRQUNvZENodHljRjlvT2pOS2JXNXFNbE5hWTJ4SFdrRkdZa1ZTUVRWMGMwRRAB,-1,-1
Ci9DQUlRQUNvZENodHljRjlvT2pOS2JXNXFNbE5hWTJ4SFdrRkdZa1ZTUVRWMGMwRRAB_03,Ci9DQUlRQUNvZENodHljRjlvT2pOS2JXNXFNbE5hWTJ4SFdrRkdZa1ZTUVRWMGMwRRAB,1,0
Ci9DQUlRQUNvZENodHljRjlvT2xvdE1IbHVSVWQxUTNFNE5YZDBUMUE1ZEdGVE5tYxAB_01,Ci9DQUlRQUNvZENodHljRjlvT2xvdE1IbHVSVWQxUTNFNE5YZDBUMUE1ZEdGVE5tYxAB,3,3
Ci9DQUlRQUNvZENodHljRjlvT2pkNWRGbEZOVmxDVVY5SWJtNWZlV2hXZEhKRFoxRRAB_01,Ci9DQUlRQUNvZENodHljRjlvT2pkNWRGbEZOVmxDVVY5SWJtNWZlV2hXZEhKRFoxRRAB,12,30
Ci9DQUlRQUNvZENodHljRjlvT2pkNWRGbEZOVmxDVVY5SWJtNWZlV2hXZEhKRFoxRRAB_02,Ci9DQUlRQUNvZENodHljRjlvT2pkNWRGbEZOVmxDVVY5SWJtNWZlV2hXZEhKRFoxRRAB,11,-1
Ci9DQUlRQUNvZENodHljRjlvT2pkNWRGbEZOVmxDVVY5SWJtNWZlV2hXZEhKRFoxRRAB_03,Ci9DQUlRQUNvZENodHljRjlvT2pkNWRGbEZOVmxDVVY5SWJtNWZlV2hXZEhKRFoxRRAB,1,0
Ci9DQUlRQUNvZENodHljRjlvT25KV1kxZERjME15YWpOSFgwVjBRa3hRWTJ4aU5WRRAB_01,Ci9DQUlRQUNvZENodHljRjlvT25KV1kxZERjME15YWpOSFgwVjBRa3hRWTJ4aU5WRRAB,7,7
Ci9DQUlRQUNvZENodHljRjlvT2w5U2JsaE1jR3h0YmtoRFNuVkdkVUV3Wm5kdGNsRRAB_01,Ci9DQUlRQUNvZENodHljRjlvT2w5U2JsaE1jR3h0YmtoRFNuVkdkVUV3Wm5kdGNsRRAB,-1,-1
Ci9DQUlRQUNvZENodHljRjlvT2pWcVZtTlVSM0pRWVVsWVpVTnlibXBxYVMxMldXYxAB_01,Ci9DQUlRQUNvZENodHljRjlvT2pWcVZtTlVSM0pRWVVsWVpVTnlibXBxYVMxMldXYxAB,3,3
Ci9DQUlRQUNvZENodHljRjlvT2pWcVZtTlVSM0pRWVVsWVpVTnlibXBxYVMxMldXYxAB_02,Ci9DQUlRQUNvZENodHljRjlvT2pWcVZtTlVSM0pRWVVsWVpVTnlibXBxYVMxMldXYxAB,-1,-1
Ci9DQUlRQUNvZENodHljRjlvT25saFEzSnVSRE54Tmw5aVkxZDFkV0prYXpsM1ZWRRAB_01,Ci9DQUlRQUNvZENodHljRjlvT25saFEzSnVSRE54Tmw5aVkxZDFkV0prYXpsM1ZWRRAB,-1,-1
Ci9DQUlRQUNvZENodHljRjlvT21rd1puQnpOR0ZaZGpKUlJHbDZTbVZYUlVObE5uYxAB_01,Ci9DQUlRQUNvZENodHljRjlvT21rd1puQnpOR0ZaZGpKUlJHbDZTbVZYUlVObE5uYxAB,2,2
Ci9DQUlRQUNvZENodHljRjlvT21rd1puQnpOR0ZaZGpKUlJHbDZTbVZYUlVObE5uYxAB_02,Ci9DQUlRQUNvZENodHljRjlvT21rd1puQnpOR0ZaZGpKUlJHbDZTbVZYUlVObE5uYxAB,4,5
Ci9DQUlRQUNvZENodHljRjlvT205M01VeFZTWEU1VHpONU1EQlJSRmt0YzFkME1WRRAB_01,Ci9DQUlRQUNvZENodHljRjlvT205M01VeFZTWEU1VHpONU1EQlJSRmt0YzFkME1WRRAB,3,3
Ci9DQUlRQUNvZENodHljRjlvT2pSeVVEQjRTRWRXZDJOeVozcGlOa1YxTWsxTU4yYxAB_01,Ci9DQUlRQUNvZENodHljRjlvT2pSeVVEQjRTRWRXZDJOeVozcGlOa1YxTWsxTU4yYxAB,-1,-1
Ci9DQUlRQUNvZENodHljRjlvT2s1bk1UVnRhbFYyVDNNeExUZzFlVWRqZVVweVVrRRAB_01,Ci9DQUlRQUNvZENodHljRjlvT2s1bk1UVnRhbFYyVDNNeExUZzFlVWRqZVVweVVrRRAB,3,-1
Ci9DQUlRQUNvZENodHljRjlvT2s1bk1UVnRhbFYyVDNNeExUZzFlVWRqZVVweVVrRRAB_02,Ci9DQUlRQUNvZENodHljRjlvT2s1bk1UVnRhbFYyVDNNeExUZzFlVWRqZVVweVVrRRAB,8,8
Ci9DQUlRQUNvZENodHljRjlvT25kcFdrcG1ORFJpYjNKc1drbEZaSE56VDNkelJWRRAB_01,Ci9DQUlRQUNvZENodHljRjlvT25kcFdrcG1ORFJpYjNKc1drbEZaSE56VDNkelJWRRAB,7,7
Ci9DQUlRQUNvZENodHljRjlvT2xseFdDMHpaR3RSZFZkZlRreHNkVEYxWjFCYVRGRRAB_01,Ci9DQUlRQUNvZENodHljRjlvT2xseFdDMHpaR3RSZFZkZlRreHNkVEYxWjFCYVRGRRAB,37,35
Ci9DQUlRQUNvZENodHljRjlvT2xseFdDMHpaR3RSZFZkZlRreHNkVEYxWjFCYVRGRRAB_02,Ci9DQUlRQUNvZENodHljRjlvT2xseFdDMHpaR3RSZFZkZlRreHNkVEYxWjFCYVRGRRAB,-1,-1
Ci9DQUlRQUNvZENodHljRjlvT2pkcVdqTnRjVzVaWDBreVFqZ3lRV0pHVDJ4b1IzYxAB_01,Ci9DQUlRQUNvZENodHljRjlvT2pkcVdqTnRjVzVaWDBreVFqZ3lRV0pHVDJ4b1IzYxAB,-1,-1
Ci9DQUlRQUNvZENodHljRjlvT2pkcVdqTnRjVzVaWDBreVFqZ3lRV0pHVDJ4b1IzYxAB_02,Ci9DQUlRQUNvZENodHljRjlvT2pkcVdqTnRjVzVaWDBreVFqZ3lRV0pHVDJ4b1IzYxAB,2,2
Ci9DQUlRQUNvZENodHljRjlvT2xSa2JsaG9jbWxpY0haRWVqVkNVVVJaTTB4bk1GRRAB_01,Ci9DQUlRQUNvZENodHljRjlvT2xSa2JsaG9jbWxpY0haRWVqVkNVVVJaTTB4bk1GRRAB,24,33
Ci9DQUlRQUNvZENodHljRjlvT2xsaFpreFhiRmxQZVZKRFNpMW5ZMjlrZW1aNlluYxAB_01,Ci9DQUlRQUNvZENodHljRjlvT2xsaFpreFhiRmxQZVZKRFNpMW5ZMjlrZW1aNlluYxAB,7,7
Ci9DQUlRQUNvZENodHljRjlvT2tOclMwTm1ORkp3ZVMxNFF6QnNYekJKY21kT1YxRRAB_01,Ci9DQUlRQUNvZENodHljRjlvT2tOclMwTm1ORkp3ZVMxNFF6QnNYekJKY21kT1YxRRAB,3,-1
Ci9DQUlRQUNvZENodHljRjlvT214NFdtdzVORE5RYTFGa2JsVm5OMjVWV1ROUlQyYxAB_01,Ci9DQUlRQUNvZENodHljRjlvT214NFdtdzVORE5RYTFGa2JsVm5OMjVWV1ROUlQyYxAB,24,-1
Ci9DQUlRQUNvZENodHljRjlvT2xCcVlXaFhUR1Y2VkRNMk1GUnRia2hFV0VWeFozYxAB_01,Ci9DQUlRQUNvZENodHljRjlvT2xCcVlXaFhUR1Y2VkRNMk1GUnRia2hFV0VWeFozYxAB,1,0
Ci9DQUlRQUNvZENodHljRjlvT2xKM2N6bG5Sa1F3TjJadWFuVmZTbmt6UTNOV1JVRRAB_01,Ci9DQUlRQUNvZENodHljRjlvT2xKM2N6bG5Sa1F3TjJadWFuVmZTbmt6UTNOV1JVRRAB,3,3
Ci9DQUlRQUNvZENodHljRjlvT2xKM2N6bG5Sa1F3TjJadWFuVmZTbmt6UTNOV1JVRRAB_02,Ci9DQUlRQUNvZENodHljRjlvT2xKM2N6bG5Sa1F3TjJadWFuVmZTbmt6UTNOV1JVRRAB,2,2
ChZDSUhNMG9nS0VJQ0FnSUNJM2VMNFJBEAE_01,ChZDSUhNMG9nS0VJQ0FnSUNJM2VMNFJBEAE,5,4
ChZDSUhNMG9nS0VJQ0FnSUNJM2VMNFJBEAE_02,ChZDSUhNMG9nS0VJQ0FnSUNJM2VMNFJBEAE,7,7
Ci9DQUlRQUNvZENodHljRjlvT2xwelIyRXRkbUZTTFdGYVQzcG1jME5wUzBVMmJWRRAB_01,Ci9DQUlRQUNvZENodHljRjlvT2xwelIyRXRkbUZTTFdGYVQzcG1jME5wUzBVMmJWRRAB,2,2
Ci9DQUlRQUNvZENodHljRjlvT2xwelIyRXRkbUZTTFdGYVQzcG1jME5wUzBVMmJWRRAB_02,Ci9DQUlRQUNvZENodHljRjlvT2xwelIyRXRkbUZTTFdGYVQzcG1jME5wUzBVMmJWRRAB,7,7
Ci9DQUlRQUNvZENodHljRjlvT2tkT09GOUxORWgyUldZeFducEJhWFJpWWxoQlJIYxAB_01,Ci9DQUlRQUNvZENodHljRjlvT2tkT09GOUxORWgyUldZeFducEJhWFJpWWxoQlJIYxAB,10,10
Ci9DQUlRQUNvZENodHljRjlvT2pabWFuRnFNM05IZDNKRFppMVNNVEJ6UmtKd2VFRRAB_01,Ci9DQUlRQUNvZENodHljRjlvT2pabWFuRnFNM05IZDNKRFppMVNNVEJ6UmtKd2VFRRAB,37,35
Ci9DQUlRQUNvZENodHljRjlvT2pabWFuRnFNM05IZDNKRFppMVNNVEJ6UmtKd2VFRRAB_02,Ci9DQUlRQUNvZENodHljRjlvT2pabWFuRnFNM05IZDNKRFppMVNNVEJ6UmtKd2VFRRAB,1,0
Ci9DQUlRQUNvZENodHljRjlvT21NeVVuUk9NQzFsTUhSdVkwNU9jelJOY3pWRlRYYxAB_01,Ci9DQUlRQUNvZENodHljRjlvT21NeVVuUk9NQzFsTUhSdVkwNU9jelJOY3pWRlRYYxAB,3,-1
Ci9DQUlRQUNvZENodHljRjlvT21obGMyTmxVRkJmYVhSdVozQjFSSFJ6UlZwRVdFRRAB_01,Ci9DQUlRQUNvZENodHljRjlvT21obGMyTmxVRkJmYVhSdVozQjFSSFJ6UlZwRVdFRRAB,14,13
Ci9DQUlRQUNvZENodHljRjlvT2xsc1F6Vk1hR2xFTTAxVVExTjJURXhFYWtoNlZFRRAB_01,Ci9DQUlRQUNvZENodHljRjlvT2xsc1F6Vk1hR2xFTTAxVVExTjJURXhFYWtoNlZFRRAB,7,7
Ci9DQUlRQUNvZENodHljRjlvT2pKdFRGbElNMEZrWVZoSU5YSnhUMEZwVkhwRmVsRRAB_01,Ci9DQUlRQUNvZENodHljRjlvT2pKdFRGbElNMEZrWVZoSU5YSnhUMEZwVkhwRmVsRRAB,7,7
Ci9DQUlRQUNvZENodHljRjlvT2tGYU0wNVpZMUpIVlhSWmJXeEVPR1pGYVRSTE5VRRAB_01,Ci9DQUlRQUNvZENodHljRjlvT2tGYU0wNVpZMUpIVlhSWmJXeEVPR1pGYVRSTE5VRRAB,3,3
Ci9DQUlRQUNvZENodHljRjlvT2tGYU0wNVpZMUpIVlhSWmJXeEVPR1pGYVRSTE5VRRAB_02,Ci9DQUlRQUNvZENodHljRjlvT2tGYU0wNVpZMUpIVlhSWmJXeEVPR1pGYVRSTE5VRRAB,-1,-1
Ci9DQUlRQUNvZENodHljRjlvT2kxbGVtVXplVmRFV0VWTk1IbGhUbEJGYVVOZllVRRAB_01,Ci9DQUlRQUNvZENodHljRjlvT2kxbGVtVXplVmRFV0VWTk1IbGhUbEJGYVVOZllVRRAB,10,10
Ci9DQUlRQUNvZENodHljRjlvT2kxbGVtVXplVmRFV0VWTk1IbGhUbEJGYVVOZllVRRAB_02,Ci9DQUlRQUNvZENodHljRjlvT2kxbGVtVXplVmRFV0VWTk1IbGhUbEJGYVVOZllVRRAB,10,10
Ci9DQUlRQUNvZENodHljRjlvT2tKd1JYSm5UMHhvUjI1MmJrZFRWRTExZEdzMFFtYxAB_01,Ci9DQUlRQUNvZENodHljRjlvT2tKd1JYSm5UMHhvUjI1MmJrZFRWRTExZEdzMFFtYxAB,7,7
Ci9DQUlRQUNvZENodHljRjlvT2xsVVFrWkdMVUpuWVRGMVh6RnBXRW8yTmtWb2FIYxAB_01,Ci9DQUlRQUNvZENodHljRjlvT2xsVVFrWkdMVUpuWVRGMVh6RnBXRW8yTmtWb2FIYxAB,1,0
Ci9DQUlRQUNvZENodHljRjlvT2xCeFNWTkxNMFpxUjFWd1UwdzNjV2s1TlhGaGVYYxAB_01,Ci9DQUlRQUNvZENodHljRjlvT2xCeFNWTkxNMFpxUjFWd1UwdzNjV2s1TlhGaGVYYxAB,7,7
Ci9DQUlRQUNvZENodHljRjlvT2xCeFNWTkxNMFpxUjFWd1UwdzNjV2s1TlhGaGVYYxAB_02,Ci9DQUlRQUNvZENodHljRjlvT2xCeFNWTkxNMFpxUjFWd1UwdzNjV2s1TlhGaGVYYxAB,16,14
Ci9DQUlRQUNvZENodHljRjlvT2xkTFkySklaWE50TUhVeE1HMWllRzh0TVVkdU1VRRAB_01,Ci9DQUlRQUNvZENodHljRjlvT2xkTFkySklaWE50TUhVeE1HMWllRzh0TVVkdU1VRRAB,24,-1
Ci9DQUlRQUNvZENodHljRjlvT21nNWRrMUJVMUpYYWxOcUxXZ3hhbUZRZGpkWGJXYxAB_01,Ci9DQUlRQUNvZENodHljRjlvT21nNWRrMUJVMUpYYWxOcUxXZ3hhbUZRZGpkWGJXYxAB,2,2
Ci9DQUlRQUNvZENodHljRjlvT21nNWRrMUJVMUpYYWxOcUxXZ3hhbUZRZGpkWGJXYxAB_02,Ci9DQUlRQUNvZENodHljRjlvT21nNWRrMUJVMUpYYWxOcUxXZ3hhbUZRZGpkWGJXYxAB,0,1
Ci9DQUlRQUNvZENodHljRjlvT21nNWRrMUJVMUpYYWxOcUxXZ3hhbUZRZGpkWGJXYxAB_03,Ci9DQUlRQUNvZENodHljRjlvT21nNWRrMUJVMUpYYWxOcUxXZ3hhbUZRZGpkWGJXYxAB,2,2
Ci9DQUlRQUNvZENodHljRjlvT25KNk1rbG9ZbEpzUm05M1YwOXpRMHh1V0ZGb1FVRRAB_01,Ci9DQUlRQUNvZENodHljRjlvT25KNk1rbG9ZbEpzUm05M1YwOXpRMHh1V0ZGb1FVRRAB,5,4
Ci9DQUlRQUNvZENodHljRjlvT25KNk1rbG9ZbEpzUm05M1YwOXpRMHh1V0ZGb1FVRRAB_02,Ci9DQUlRQUNvZENodHljRjlvT25KNk1rbG9ZbEpzUm05M1YwOXpRMHh1V0ZGb1FVRRAB,5,-1
Ci9DQUlRQUNvZENodHljRjlvT25KNk1rbG9ZbEpzUm05M1YwOXpRMHh1V0ZGb1FVRRAB_03,Ci9DQUlRQUNvZENodHljRjlvT25KNk1rbG9ZbEpzUm05M1YwOXpRMHh1V0ZGb1FVRRAB,-1,-1
Ci9DQUlRQUNvZENodHljRjlvT2xaRFowNXZlazlDWmxOeVN6aDJiVGhZTURsaGJVRRAB_01,Ci9DQUlRQUNvZENodHljRjlvT2xaRFowNXZlazlDWmxOeVN6aDJiVGhZTURsaGJVRRAB,-1,-1
Ci9DQUlRQUNvZENodHljRjlvT2pZM1UwNXRUV2szVnpSemVITXlhRkJTTTJrM05HYxAB_01,Ci9DQUlRQUNvZENodHljRjlvT2pZM1UwNXRUV2szVnpSemVITXlhRkJTTTJrM05HYxAB,2,2
Ci9DQUlRQUNvZENodHljRjlvT2w5VE1Fc3dhVE5yVG14V2NqaG5lbGd6V1ZCRGEzYxAB_01,Ci9DQUlRQUNvZENodHljRjlvT2w5VE1Fc3dhVE5yVG14V2NqaG5lbGd6V1ZCRGEzYxAB,7,7
Ci9DQUlRQUNvZENodHljRjlvT2w5VE1Fc3dhVE5yVG14V2NqaG5lbGd6V1ZCRGEzYxAB_02,Ci9DQUlRQUNvZENodHljRjlvT2w5VE1Fc3dhVE5yVG14V2NqaG5lbGd6V1ZCRGEzYxAB,2,2
Ci9DQUlRQUNvZENodHljRjlvT2xwb1VuUlhMVlJuV25KMFRYUllZbTAwWTJGVWFsRRAB_01,Ci9DQUlRQUNvZENodHljRjlvT2xwb1VuUlhMVlJuV25KMFRYUllZbTAwWTJGVWFsRRAB,33,39
Ci9DQUlRQUNvZENodHljRjlvT2xwb1VuUlhMVlJuV25KMFRYUllZbTAwWTJGVWFsRRAB_02,Ci9DQUlRQUNvZENodHljRjlvT2xwb1VuUlhMVlJuV25KMFRYUllZbTAwWTJGVWFsRRAB,3,3
Ci9DQUlRQUNvZENodHljRjlvT2xwb1VuUlhMVlJuV25KMFRYUllZbTAwWTJGVWFsRRAB_03,Ci9DQUlRQUNvZENodHljRjlvT2xwb1VuUlhMVlJuV25KMFRYUllZbTAwWTJGVWFsRRAB,1,0
Ci9DQUlRQUNvZENodHljRjlvT2kxNmQwRjNXbXBDVVZjMlRYQnpaamxIZVZwdlpHYxAB_01,Ci9DQUlRQUNvZENodHljRjlvT2kxNmQwRjNXbXBDVVZjMlRYQnpaamxIZVZwdlpHYxAB,-1,-1
Ci9DQUlRQUNvZENodHljRjlvT2kxNmQwRjNXbXBDVVZjMlRYQnpaamxIZVZwdlpHYxAB_02,Ci9DQUlRQUNvZENodHljRjlvT2kxNmQwRjNXbXBDVVZjMlRYQnpaamxIZVZwdlpHYxAB,-1,-1
Ci9DQUlRQUNvZENodHljRjlvT2kxNmQwRjNXbXBDVVZjMlRYQnpaamxIZVZwdlpHYxAB_03,Ci9DQUlRQUNvZENodHljRjlvT2kxNmQwRjNXbXBDVVZjMlRYQnpaamxIZVZwdlpHYxAB,-1,-1
ChZDSUhNMG9nS0VNWFBvYWFTazhIRmV3EAE_01,ChZDSUhNMG9nS0VNWFBvYWFTazhIRmV3EAE,3,3
ChZDSUhNMG9nS0VJQ0FnSUNmZ01qelN3EAE_01,ChZDSUhNMG9nS0VJQ0FnSUNmZ01qelN3EAE,37,35
ChZDSUhNMG9nS0VJQ0FnSUNmZ01qelN3EAE_02,ChZDSUhNMG9nS0VJQ0FnSUNmZ01qelN3EAE,8,8
ChZDSUhNMG9nS0VJQ0FnSUNkcU96SEtREAE_01,ChZDSUhNMG9nS0VJQ0FnSUNkcU96SEtREAE,7,7
Ci9DQUlRQUNvZENodHljRjlvT21sSFp6WmpjRlZ6YldVdFMxbE1OMjFxUTJkWWRuYxAB_01,Ci9DQUlRQUNvZENodHljRjlvT21sSFp6WmpjRlZ6YldVdFMxbE1OMjFxUTJkWWRuYxAB,34,34
Ci9DQUlRQUNvZENodHljRjlvT2psaVdGZE5OWEZEVDBGdVNsUnZiakpMUlZsNVRIYxAB_01,Ci9DQUlRQUNvZENodHljRjlvT2psaVdGZE5OWEZEVDBGdVNsUnZiakpMUlZsNVRIYxAB,-1,-1
Ci9DQUlRQUNvZENodHljRjlvT2psaVdGZE5OWEZEVDBGdVNsUnZiakpMUlZsNVRIYxAB_02,Ci9DQUlRQUNvZENodHljRjlvT2psaVdGZE5OWEZEVDBGdVNsUnZiakpMUlZsNVRIYxAB,13,15
Ci9DQUlRQUNvZENodHljRjlvT2psaVdGZE5OWEZEVDBGdVNsUnZiakpMUlZsNVRIYxAB_03,Ci9DQUlRQUNvZENodHljRjlvT2psaVdGZE5OWEZEVDBGdVNsUnZiakpMUlZsNVRIYxAB,11,12
Ci9DQUlRQUNvZENodHljRjlvT2psaVdGZE5OWEZEVDBGdVNsUnZiakpMUlZsNVRIYxAB_04,Ci9DQUlRQUNvZENodHljRjlvT2psaVdGZE5OWEZEVDBGdVNsUnZiakpMUlZsNVRIYxAB,1,0
Ci9DQUlRQUNvZENodHljRjlvT2psaVdGZE5OWEZEVDBGdVNsUnZiakpMUlZsNVRIYxAB_05,Ci9DQUlRQUNvZENodHljRjlvT2psaVdGZE5OWEZEVDBGdVNsUnZiakpMUlZsNVRIYxAB,37,35
Ci9DQUlRQUNvZENodHljRjlvT2padlRFa3dSVlo2ZGpGQmNFRmFaMHN6UVdSbFRrRRAB_01,Ci9DQUlRQUNvZENodHljRjlvT2padlRFa3dSVlo2ZGpGQmNFRmFaMHN6UVdSbFRrRRAB,5,4
Ci9DQUlRQUNvZENodHljRjlvT2padlRFa3dSVlo2ZGpGQmNFRmFaMHN6UVdSbFRrRRAB_02,Ci9DQUlRQUNvZENodHljRjlvT2padlRFa3dSVlo2ZGpGQmNFRmFaMHN6UVdSbFRrRRAB,1,0
Ci9DQUlRQUNvZENodHljRjlvT2padlRFa3dSVlo2ZGpGQmNFRmFaMHN6UVdSbFRrRRAB_03,Ci9DQUlRQUNvZENodHljRjlvT2padlRFa3dSVlo2ZGpGQmNFRmFaMHN6UVdSbFRrRRAB,2,2
Ci9DQUlRQUNvZENodHljRjlvT2padlRFa3dSVlo2ZGpGQmNFRmFaMHN6UVdSbFRrRRAB_04,Ci9DQUlRQUNvZENodHljRjlvT2padlRFa3dSVlo2ZGpGQmNFRmFaMHN6UVdSbFRrRRAB,11,12
Ci9DQUlRQUNvZENodHljRjlvT2padlRFa3dSVlo2ZGpGQmNFRmFaMHN6UVdSbFRrRRAB_05,Ci9DQUlRQUNvZENodHljRjlvT2padlRFa3dSVlo2ZGpGQmNFRmFaMHN6UVdSbFRrRRAB,-1,-1
Ci9DQUlRQUNvZENodHljRjlvT2xkWWNYZEJiM0ZoZVd4TE1FZDFaMVY0TkRsMVNuYxAB_01,Ci9DQUlRQUNvZENodHljRjlvT2xkWWNYZEJiM0ZoZVd4TE1FZDFaMVY0TkRsMVNuYxAB,1,0
Ci9DQUlRQUNvZENodHljRjlvT2xkWWNYZEJiM0ZoZVd4TE1FZDFaMVY0TkRsMVNuYxAB_02,Ci9DQUlRQUNvZENodHljRjlvT2xkWWNYZEJiM0ZoZVd4TE1FZDFaMVY0TkRsMVNuYxAB,3,3
ChdDSUhNMG9nS0VKN29qNXUxdE42VHp3RRAB_01,ChdDSUhNMG9nS0VKN29qNXUxdE42VHp3RRAB,8,8
ChdDSUhNMG9nS0VKN29qNXUxdE42VHp3RRAB_02,ChdDSUhNMG9nS0VKN29qNXUxdE42VHp3RRAB,5,4
ChdDSUhNMG9nS0VKN29qNXUxdE42VHp3RRAB_03,ChdDSUhNMG9nS0VKN29qNXUxdE42VHp3RRAB,8,8
ChdDSUhNMG9nS0VJQ0FnSUNveEpqMHFRRRAB_01,ChdDSUhNMG9nS0VJQ0FnSUNveEpqMHFRRRAB,12,30
ChdDSUhNMG9nS0VJQ0FnSUNveEpqMHFRRRAB_02,ChdDSUhNMG9nS0VJQ0FnSUNveEpqMHFRRRAB,21,-1
ChdDSUhNMG9nS0VJQ0FnSUNveEpqMHFRRRAB_03,ChdDSUhNMG9nS0VJQ0FnSUNveEpqMHFRRRAB,-1,-1
Ci9DQUlRQUNvZENodHljRjlvT2tsbWIxRnFTemRqYjBKek5YZ3RXa0Z4Um1Ka0xWRRAB_01,Ci9DQUlRQUNvZENodHljRjlvT2tsbWIxRnFTemRqYjBKek5YZ3RXa0Z4Um1Ka0xWRRAB,3,-1
Ci9DQUlRQUNvZENodHljRjlvT2xCRWRETnJjMEZQUjNGV1NuaDFhRTFmVGpCUFZYYxAB_01,Ci9DQUlRQUNvZENodHljRjlvT2xCRWRETnJjMEZQUjNGV1NuaDFhRTFmVGpCUFZYYxAB,3,-1
Ci9DQUlRQUNvZENodHljRjlvT2poclEzRXdOVXhyUTNKMVdUUldTV1JuUm5OQlpWRRAB_01,Ci9DQUlRQUNvZENodHljRjlvT2poclEzRXdOVXhyUTNKMVdUUldTV1JuUm5OQlpWRRAB,7,7
Ci9DQUlRQUNvZENodHljRjlvT2pGd1QzcHRiVWh6Tm1oU05tWmFPV2szWXkxWVkyYxAB_01,Ci9DQUlRQUNvZENodHljRjlvT2pGd1QzcHRiVWh6Tm1oU05tWmFPV2szWXkxWVkyYxAB,3,3
Ci9DQUlRQUNvZENodHljRjlvT2taaE5XOWlZek5TYkhCeGNGUjJXbUpqVG1kVmVuYxAB_01,Ci9DQUlRQUNvZENodHljRjlvT2taaE5XOWlZek5TYkhCeGNGUjJXbUpqVG1kVmVuYxAB,3,3
Ci9DQUlRQUNvZENodHljRjlvT2tSRmIxOXBNbEpWTUROUlN6aG5USEZPYTJreFNXYxAB_01,Ci9DQUlRQUNvZENodHljRjlvT2tSRmIxOXBNbEpWTUROUlN6aG5USEZPYTJreFNXYxAB,3,3
Ci9DQUlRQUNvZENodHljRjlvT2tSRmIxOXBNbEpWTUROUlN6aG5USEZPYTJreFNXYxAB_02,Ci9DQUlRQUNvZENodHljRjlvT2tSRmIxOXBNbEpWTUROUlN6aG5USEZPYTJreFNXYxAB,2,2
Ci9DQUlRQUNvZENodHljRjlvT2tSRmIxOXBNbEpWTUROUlN6aG5USEZPYTJreFNXYxAB_03,Ci9DQUlRQUNvZENodHljRjlvT2tSRmIxOXBNbEpWTUROUlN6aG5USEZPYTJreFNXYxAB,9,9
Ci9DQUlRQUNvZENodHljRjlvT2xkSGVWUmlUVzFKVmtoelNFbDViM1ZVYTJkbFVuYxAB_01,Ci9DQUlRQUNvZENodHljRjlvT2xkSGVWUmlUVzFKVmtoelNFbDViM1ZVYTJkbFVuYxAB,3,3
Ci9DQUlRQUNvZENodHljRjlvT2xkSGVWUmlUVzFKVmtoelNFbDViM1ZVYTJkbFVuYxAB_02,Ci9DQUlRQUNvZENodHljRjlvT2xkSGVWUmlUVzFKVmtoelNFbDViM1ZVYTJkbFVuYxAB,1,0
Ci9DQUlRQUNvZENodHljRjlvT21sb2FsZE1OWGRwWDJaWVptZzVjRGRIVWpaT2QzYxAB_01,Ci9DQUlRQUNvZENodHljRjlvT21sb2FsZE1OWGRwWDJaWVptZzVjRGRIVWpaT2QzYxAB,2,2
Ci9DQUlRQUNvZENodHljRjlvT21sb2FsZE1OWGRwWDJaWVptZzVjRGRIVWpaT2QzYxAB_02,Ci9DQUlRQUNvZENodHljRjlvT21sb2FsZE1OWGRwWDJaWVptZzVjRGRIVWpaT2QzYxAB,33,39
Ci9DQUlRQUNvZENodHljRjlvT21sb2FsZE1OWGRwWDJaWVptZzVjRGRIVWpaT2QzYxAB_03,Ci9DQUlRQUNvZENodHljRjlvT21sb2FsZE1OWGRwWDJaWVptZzVjRGRIVWpaT2QzYxAB,4,5
Ci9DQUlRQUNvZENodHljRjlvT21sb2FsZE1OWGRwWDJaWVptZzVjRGRIVWpaT2QzYxAB_04,Ci9DQUlRQUNvZENodHljRjlvT21sb2FsZE1OWGRwWDJaWVptZzVjRGRIVWpaT2QzYxAB,5,-1
Ci9DQUlRQUNvZENodHljRjlvT21sb2FsZE1OWGRwWDJaWVptZzVjRGRIVWpaT2QzYxAB_05,Ci9DQUlRQUNvZENodHljRjlvT21sb2FsZE1OWGRwWDJaWVptZzVjRGRIVWpaT2QzYxAB,31,27
ChdDSUhNMG9nS0VJQ0FnSURzdnU2bWxnRRAB_01,ChdDSUhNMG9nS0VJQ0FnSURzdnU2bWxnRRAB,4,5
ChdDSUhNMG9nS0VJQ0FnSURzdnU2bWxnRRAB_02,ChdDSUhNMG9nS0VJQ0FnSURzdnU2bWxnRRAB,34,34
Ci9DQUlRQUNvZENodHljRjlvT2pOd2JrVjJVR0ZsUTFCdVVsZERXRUpMYVUxS1FtYxAB_01,Ci9DQUlRQUNvZENodHljRjlvT2pOd2JrVjJVR0ZsUTFCdVVsZERXRUpMYVUxS1FtYxAB,2,2
Ci9DQUlRQUNvZENodHljRjlvT2pOd2JrVjJVR0ZsUTFCdVVsZERXRUpMYVUxS1FtYxAB_02,Ci9DQUlRQUNvZENodHljRjlvT2pOd2JrVjJVR0ZsUTFCdVVsZERXRUpMYVUxS1FtYxAB,1,0
Ci9DQUlRQUNvZENodHljRjlvT21GT1ptOUJWMnBaZUVVMlgwdEtSVWhoUkdWR2MxRRAB_01,Ci9DQUlRQUNvZENodHljRjlvT21GT1ptOUJWMnBaZUVVMlgwdEtSVWhoUkdWR2MxRRAB,34,34
Ci9DQUlRQUNvZENodHljRjlvT21GT1ptOUJWMnBaZUVVMlgwdEtSVWhoUkdWR2MxRRAB_02,Ci9DQUlRQUNvZENodHljRjlvT21GT1ptOUJWMnBaZUVVMlgwdEtSVWhoUkdWR2MxRRAB,31,27
Ci9DQUlRQUNvZENodHljRjlvT21GT1ptOUJWMnBaZUVVMlgwdEtSVWhoUkdWR2MxRRAB_03,Ci9DQUlRQUNvZENodHljRjlvT21GT1ptOUJWMnBaZUVVMlgwdEtSVWhoUkdWR2MxRRAB,1,0
Ci9DQUlRQUNvZENodHljRjlvT2toVFRXWnVXVFY0Ymxka2FqWmFYMUkyWDNkeVpHYxAB_01,Ci9DQUlRQUNvZENodHljRjlvT2toVFRXWnVXVFY0Ymxka2FqWmFYMUkyWDNkeVpHYxAB,3,3
Ci9DQUlRQUNvZENodHljRjlvT21KcE9XcFplR2xzWVhoeGQxTllNVE5NTm1ZMmNVRRAB_01,Ci9DQUlRQUNvZENodHljRjlvT21KcE9XcFplR2xzWVhoeGQxTllNVE5NTm1ZMmNVRRAB,3,3
Ci9DQUlRQUNvZENodHljRjlvT213M1JESkRTMXBwZDJ0eE1GbGZhM2R6WTFwS1JHYxAB_01,Ci9DQUlRQUNvZENodHljRjlvT213M1JESkRTMXBwZDJ0eE1GbGZhM2R6WTFwS1JHYxAB,0,1
ChZDSUhNMG9nS0VJQ0FnSUNndzlHaGVnEAE_01,ChZDSUhNMG9nS0VJQ0FnSUNndzlHaGVnEAE,7,7
ChZDSUhNMG9nS0VJQ0FnSUNndzlHaGVnEAE_02,ChZDSUhNMG9nS0VJQ0FnSUNndzlHaGVnEAE,-1,-1
Ci9DQUlRQUNvZENodHljRjlvT21jeGExbEJUVWRyYldoaGRYUk1jMFJDYkMxclRXYxAB_01,Ci9DQUlRQUNvZENodHljRjlvT21jeGExbEJUVWRyYldoaGRYUk1jMFJDYkMxclRXYxAB,7,7
Ci9DQUlRQUNvZENodHljRjlvT2pocVNXRjNWbHBwUnpOSVZsQmZTSGhVTm5KblltYxAB_01,Ci9DQUlRQUNvZENodHljRjlvT2pocVNXRjNWbHBwUnpOSVZsQmZTSGhVTm5KblltYxAB,3,-1
Ci9DQUlRQUNvZENodHljRjlvT2xKV00waFRaRXBVWDBsS1NXdzJTakU1ZG1aU1MyYxAB_01,Ci9DQUlRQUNvZENodHljRjlvT2xKV00waFRaRXBVWDBsS1NXdzJTakU1ZG1aU1MyYxAB,9,9
Ci9DQUlRQUNvZENodHljRjlvT2xKV00waFRaRXBVWDBsS1NXdzJTakU1ZG1aU1MyYxAB_02,Ci9DQUlRQUNvZENodHljRjlvT2xKV00waFRaRXBVWDBsS1NXdzJTakU1ZG1aU1MyYxAB,12,30
Ci9DQUlRQUNvZENodHljRjlvT2xKV00waFRaRXBVWDBsS1NXdzJTakU1ZG1aU1MyYxAB_03,Ci9DQUlRQUNvZENodHljRjlvT2xKV00waFRaRXBVWDBsS1NXdzJTakU1ZG1aU1MyYxAB,-1,-1
Ci9DQUlRQUNvZENodHljRjlvT2pKdE4wRXhSR051U2xKMmRFMUNZWG96VjBoa1YxRRAB_01,Ci9DQUlRQUNvZENodHljRjlvT2pKdE4wRXhSR051U2xKMmRFMUNZWG96VjBoa1YxRRAB,2,2
Ci9DQUlRQUNvZENodHljRjlvT2pKdE4wRXhSR051U2xKMmRFMUNZWG96VjBoa1YxRRAB_02,Ci9DQUlRQUNvZENodHljRjlvT2pKdE4wRXhSR051U2xKMmRFMUNZWG96VjBoa1YxRRAB,31,27
ChZDSUhNMG9nS0VJQ0FnTUNZNFpqSmN3EAE_01,ChZDSUhNMG9nS0VJQ0FnTUNZNFpqSmN3EAE,3,3
ChdDSUhNMG9nS0VJQ0FnTUNJdU5ETWdnRRAB_01,ChdDSUhNMG9nS0VJQ0FnTUNJdU5ETWdnRRAB,21,28
Ci9DQUlRQUNvZENodHljRjlvT2tGSWNFbGhRbXh2UzBkblNVVm9iR3RSZGtoak1rRRAB_01,Ci9DQUlRQUNvZENodHljRjlvT2tGSWNFbGhRbXh2UzBkblNVVm9iR3RSZGtoak1rRRAB,37,35
Ci9DQUlRQUNvZENodHljRjlvT2tGSWNFbGhRbXh2UzBkblNVVm9iR3RSZGtoak1rRRAB_02,Ci9DQUlRQUNvZENodHljRjlvT2tGSWNFbGhRbXh2UzBkblNVVm9iR3RSZGtoak1rRRAB,11,12
Ci9DQUlRQUNvZENodHljRjlvT2tGSWNFbGhRbXh2UzBkblNVVm9iR3RSZGtoak1rRRAB_03,Ci9DQUlRQUNvZENodHljRjlvT2tGSWNFbGhRbXh2UzBkblNVVm9iR3RSZGtoak1rRRAB,1,0
Ci9DQUlRQUNvZENodHljRjlvT2tGSWNFbGhRbXh2UzBkblNVVm9iR3RSZGtoak1rRRAB_04,Ci9DQUlRQUNvZENodHljRjlvT2tGSWNFbGhRbXh2UzBkblNVVm9iR3RSZGtoak1rRRAB,31,27
Ci9DQUlRQUNvZENodHljRjlvT2twS01HVTRNVUZuT1Zwa05HczFVVUpNZERaeE1IYxAB_01,Ci9DQUlRQUNvZENodHljRjlvT2twS01HVTRNVUZuT1Zwa05HczFVVUpNZERaeE1IYxAB,2,2
Ci9DQUlRQUNvZENodHljRjlvT2twS01HVTRNVUZuT1Zwa05HczFVVUpNZERaeE1IYxAB_02,Ci9DQUlRQUNvZENodHljRjlvT2twS01HVTRNVUZuT1Zwa05HczFVVUpNZERaeE1IYxAB,2,2
Ci9DQUlRQUNvZENodHljRjlvT2twS01HVTRNVUZuT1Zwa05HczFVVUpNZERaeE1IYxAB_03,Ci9DQUlRQUNvZENodHljRjlvT2twS01HVTRNVUZuT1Zwa05HczFVVUpNZERaeE1IYxAB,2,2
Ci9DQUlRQUNvZENodHljRjlvT2twS01HVTRNVUZuT1Zwa05HczFVVUpNZERaeE1IYxAB_04,Ci9DQUlRQUNvZENodHljRjlvT2twS01HVTRNVUZuT1Zwa05HczFVVUpNZERaeE1IYxAB,2,2
Ci9DQUlRQUNvZENodHljRjlvT2twS01HVTRNVUZuT1Zwa05HczFVVUpNZERaeE1IYxAB_05,Ci9DQUlRQUNvZENodHljRjlvT2twS01HVTRNVUZuT1Zwa05HczFVVUpNZERaeE1IYxAB,5,4
Ci9DQUlRQUNvZENodHljRjlvT2twS01HVTRNVUZuT1Zwa05HczFVVUpNZERaeE1IYxAB_06,Ci9DQUlRQUNvZENodHljRjlvT2twS01HVTRNVUZuT1Zwa05HczFVVUpNZERaeE1IYxAB,3,3
Ci9DQUlRQUNvZENodHljRjlvT2twS01HVTRNVUZuT1Zwa05HczFVVUpNZERaeE1IYxAB_07,Ci9DQUlRQUNvZENodHljRjlvT2twS01HVTRNVUZuT1Zwa05HczFVVUpNZERaeE1IYxAB,9,9
Ci9DQUlRQUNvZENodHljRjlvT2twS01HVTRNVUZuT1Zwa05HczFVVUpNZERaeE1IYxAB_08,Ci9DQUlRQUNvZENodHljRjlvT2twS01HVTRNVUZuT1Zwa05HczFVVUpNZERaeE1IYxAB,2,2
Ci9DQUlRQUNvZENodHljRjlvT2twS01HVTRNVUZuT1Zwa05HczFVVUpNZERaeE1IYxAB_09,Ci9DQUlRQUNvZENodHljRjlvT2twS01HVTRNVUZuT1Zwa05HczFVVUpNZERaeE1IYxAB,-1,-1
Ci9DQUlRQUNvZENodHljRjlvT2twS01HVTRNVUZuT1Zwa05HczFVVUpNZERaeE1IYxAB_10,Ci9DQUlRQUNvZENodHljRjlvT2twS01HVTRNVUZuT1Zwa05HczFVVUpNZERaeE1IYxAB,-1,-1
Ci9DQUlRQUNvZENodHljRjlvT2twS01HVTRNVUZuT1Zwa05HczFVVUpNZERaeE1IYxAB_11,Ci9DQUlRQUNvZENodHljRjlvT2twS01HVTRNVUZuT1Zwa05HczFVVUpNZERaeE1IYxAB,20,18
Ci9DQUlRQUNvZENodHljRjlvT2twS01HVTRNVUZuT1Zwa05HczFVVUpNZERaeE1IYxAB_12,Ci9DQUlRQUNvZENodHljRjlvT2twS01HVTRNVUZuT1Zwa05HczFVVUpNZERaeE1IYxAB,20,18
Ci9DQUlRQUNvZENodHljRjlvT2twS01HVTRNVUZuT1Zwa05HczFVVUpNZERaeE1IYxAB_13,Ci9DQUlRQUNvZENodHljRjlvT2twS01HVTRNVUZuT1Zwa05HczFVVUpNZERaeE1IYxAB,20,18
Ci9DQUlRQUNvZENodHljRjlvT2twS01HVTRNVUZuT1Zwa05HczFVVUpNZERaeE1IYxAB_14,Ci9DQUlRQUNvZENodHljRjlvT2twS01HVTRNVUZuT1Zwa05HczFVVUpNZERaeE1IYxAB,11,12
Ci9DQUlRQUNvZENodHljRjlvT2twS01HVTRNVUZuT1Zwa05HczFVVUpNZERaeE1IYxAB_15,Ci9DQUlRQUNvZENodHljRjlvT2twS01HVTRNVUZuT1Zwa05HczFVVUpNZERaeE1IYxAB,7,-1
Ci9DQUlRQUNvZENodHljRjlvT2psMU0zRkhkVkIzTlhCRVZFVTFkMDlQTlc5TVkzYxAB_01,Ci9DQUlRQUNvZENodHljRjlvT2psMU0zRkhkVkIzTlhCRVZFVTFkMDlQTlc5TVkzYxAB,6,-1
Ci9DQUlRQUNvZENodHljRjlvT21OM09EQlJiemxsYVZsb1kyUm5UbEpoTmpKTFVYYxAB_01,Ci9DQUlRQUNvZENodHljRjlvT21OM09EQlJiemxsYVZsb1kyUm5UbEpoTmpKTFVYYxAB,2,2
Ci9DQUlRQUNvZENodHljRjlvT21OM09EQlJiemxsYVZsb1kyUm5UbEpoTmpKTFVYYxAB_02,Ci9DQUlRQUNvZENodHljRjlvT21OM09EQlJiemxsYVZsb1kyUm5UbEpoTmpKTFVYYxAB,1,0
Ci9DQUlRQUNvZENodHljRjlvT21OM09EQlJiemxsYVZsb1kyUm5UbEpoTmpKTFVYYxAB_03,Ci9DQUlRQUNvZENodHljRjlvT21OM09EQlJiemxsYVZsb1kyUm5UbEpoTmpKTFVYYxAB,4,5
Ci9DQUlRQUNvZENodHljRjlvT21OM09EQlJiemxsYVZsb1kyUm5UbEpoTmpKTFVYYxAB_04,Ci9DQUlRQUNvZENodHljRjlvT21OM09EQlJiemxsYVZsb1kyUm5UbEpoTmpKTFVYYxAB,37,35
Ci9DQUlRQUNvZENodHljRjlvT21OM09EQlJiemxsYVZsb1kyUm5UbEpoTmpKTFVYYxAB_05,Ci9DQUlRQUNvZENodHljRjlvT21OM09EQlJiemxsYVZsb1kyUm5UbEpoTmpKTFVYYxAB,31,27
Ci9DQUlRQUNvZENodHljRjlvT2poYWVGUkpaVWhVTVRsM1dHWlNUWEZsYzFKblNHYxAB_01,Ci9DQUlRQUNvZENodHljRjlvT2poYWVGUkpaVWhVTVRsM1dHWlNUWEZsYzFKblNHYxAB,12,30
Ci9DQUlRQUNvZENodHljRjlvT2xwck9WbDJVMkZRVFVGd1FtSnJlVU5vTWtZelRVRRAB_01,Ci9DQUlRQUNvZENodHljRjlvT2xwck9WbDJVMkZRVFVGd1FtSnJlVU5vTWtZelRVRRAB,34,34
Ci9DQUlRQUNvZENodHljRjlvT2xwck9WbDJVMkZRVFVGd1FtSnJlVU5vTWtZelRVRRAB_02,Ci9DQUlRQUNvZENodHljRjlvT2xwck9WbDJVMkZRVFVGd1FtSnJlVU5vTWtZelRVRRAB,4,5
Ci9DQUlRQUNvZENodHljRjlvT2xwck9WbDJVMkZRVFVGd1FtSnJlVU5vTWtZelRVRRAB_03,Ci9DQUlRQUNvZENodHljRjlvT2xwck9WbDJVMkZRVFVGd1FtSnJlVU5vTWtZelRVRRAB,25,25
Ci9DQUlRQUNvZENodHljRjlvT2xwck9WbDJVMkZRVFVGd1FtSnJlVU5vTWtZelRVRRAB_04,Ci9DQUlRQUNvZENodHljRjlvT2xwck9WbDJVMkZRVFVGd1FtSnJlVU5vTWtZelRVRRAB,18,20
Ci9DQUlRQUNvZENodHljRjlvT2xwck9WbDJVMkZRVFVGd1FtSnJlVU5vTWtZelRVRRAB_05,Ci9DQUlRQUNvZENodHljRjlvT2xwck9WbDJVMkZRVFVGd1FtSnJlVU5vTWtZelRVRRAB,0,1
Ci9DQUlRQUNvZENodHljRjlvT2xwck9WbDJVMkZRVFVGd1FtSnJlVU5vTWtZelRVRRAB_06,Ci9DQUlRQUNvZENodHljRjlvT2xwck9WbDJVMkZRVFVGd1FtSnJlVU5vTWtZelRVRRAB,0,1
Ci9DQUlRQUNvZENodHljRjlvT2xwck9WbDJVMkZRVFVGd1FtSnJlVU5vTWtZelRVRRAB_07,Ci9DQUlRQUNvZENodHljRjlvT2xwck9WbDJVMkZRVFVGd1FtSnJlVU5vTWtZelRVRRAB,0,1
Ci9DQUlRQUNvZENodHljRjlvT2xwck9WbDJVMkZRVFVGd1FtSnJlVU5vTWtZelRVRRAB_08,Ci9DQUlRQUNvZENodHljRjlvT2xwck9WbDJVMkZRVFVGd1FtSnJlVU5vTWtZelRVRRAB,32,32
Ci9DQUlRQUNvZENodHljRjlvT2xwck9WbDJVMkZRVFVGd1FtSnJlVU5vTWtZelRVRRAB_09,Ci9DQUlRQUNvZENodHljRjlvT2xwck9WbDJVMkZRVFVGd1FtSnJlVU5vTWtZelRVRRAB,-1,-1
Ci9DQUlRQUNvZENodHljRjlvT2xwck9WbDJVMkZRVFVGd1FtSnJlVU5vTWtZelRVRRAB_10,Ci9DQUlRQUNvZENodHljRjlvT2xwck9WbDJVMkZRVFVGd1FtSnJlVU5vTWtZelRVRRAB,-1,-1
Ci9DQUlRQUNvZENodHljRjlvT2xwck9WbDJVMkZRVFVGd1FtSnJlVU5vTWtZelRVRRAB_11,Ci9DQUlRQUNvZENodHljRjlvT2xwck9WbDJVMkZRVFVGd1FtSnJlVU5vTWtZelRVRRAB,32,32
Ci9DQUlRQUNvZENodHljRjlvT2xwck9WbDJVMkZRVFVGd1FtSnJlVU5vTWtZelRVRRAB_12,Ci9DQUlRQUNvZENodHljRjlvT2xwck9WbDJVMkZRVFVGd1FtSnJlVU5vTWtZelRVRRAB,1,0
Ci9DQUlRQUNvZENodHljRjlvT2w4NU5qRmhja3RaY0ZCTVVWZFJTWE5IVEZSb1gxRRAB_01,Ci9DQUlRQUNvZENodHljRjlvT2w4NU5qRmhja3RaY0ZCTVVWZFJTWE5IVEZSb1gxRRAB,7,7
Ci9DQUlRQUNvZENodHljRjlvT2pGZlJuUlhZWGszYURFMk5YTkdVVEpWZFVKR05IYxAB_01,Ci9DQUlRQUNvZENodHljRjlvT2pGZlJuUlhZWGszYURFMk5YTkdVVEpWZFVKR05IYxAB,9,9
Ci9DQUlRQUNvZENodHljRjlvT2s5YWVHY3hMVkpqVEUxdGFqZHlaRGhCVG1kZlkxRRAB_01,Ci9DQUlRQUNvZENodHljRjlvT2s5YWVHY3hMVkpqVEUxdGFqZHlaRGhCVG1kZlkxRRAB,21,-1
Ci9DQUlRQUNvZENodHljRjlvT2s5YWVHY3hMVkpqVEUxdGFqZHlaRGhCVG1kZlkxRRAB_02,Ci9DQUlRQUNvZENodHljRjlvT2s5YWVHY3hMVkpqVEUxdGFqZHlaRGhCVG1kZlkxRRAB,2,2
Ci9DQUlRQUNvZENodHljRjlvT2xZeFMwTnllRzlTWDFGd2FraGtZMjl1WVVJdFEyYxAB_01,Ci9DQUlRQUNvZENodHljRjlvT2xZeFMwTnllRzlTWDFGd2FraGtZMjl1WVVJdFEyYxAB,3,3
Ci9DQUlRQUNvZENodHljRjlvT2xkMllrVndObVZWTXpZdGJGOUtZVGd5V0Y4dFFuYxAB_01,Ci9DQUlRQUNvZENodHljRjlvT2xkMllrVndObVZWTXpZdGJGOUtZVGd5V0Y4dFFuYxAB,7,7
Ci9DQUlRQUNvZENodHljRjlvT20xVlpXZEJXRXRmTjBsRlJHWklPVFpMUkVkeGJWRRAB_01,Ci9DQUlRQUNvZENodHljRjlvT20xVlpXZEJXRXRmTjBsRlJHWklPVFpMUkVkeGJWRRAB,7,7
ChdDSUhNMG9nS0VJQ0FnSUR2MzYzd293RRAB_01,ChdDSUhNMG9nS0VJQ0FnSUR2MzYzd293RRAB,-1,-1
ChdDSUhNMG9nS0VJQ0FnSUR2MzYzd293RRAB_02,ChdDSUhNMG9nS0VJQ0FnSUR2MzYzd293RRAB,1,0
ChdDSUhNMG9nS0VJQ0FnSUR2MzYzd293RRAB_03,ChdDSUhNMG9nS0VJQ0FnSUR2MzYzd293RRAB,13,15
ChdDSUhNMG9nS0VJQ0FnSUR2MzYzd293RRAB_04,ChdDSUhNMG9nS0VJQ0FnSUR2MzYzd293RRAB,5,4
ChdDSUhNMG9nS0VJQ0FnSUR2MzYzd293RRAB_05,ChdDSUhNMG9nS0VJQ0FnSUR2MzYzd293RRAB,-1,-1
Ci9DQUlRQUNvZENodHljRjlvT2pKclJ6ZGlhekV3WjAxaU5HOVRXbE51ZVhGWlUxRRAB_01,Ci9DQUlRQUNvZENodHljRjlvT2pKclJ6ZGlhekV3WjAxaU5HOVRXbE51ZVhGWlUxRRAB,2,2
Ci9DQUlRQUNvZENodHljRjlvT2pKclJ6ZGlhekV3WjAxaU5HOVRXbE51ZVhGWlUxRRAB_02,Ci9DQUlRQUNvZENodHljRjlvT2pKclJ6ZGlhekV3WjAxaU5HOVRXbE51ZVhGWlUxRRAB,4,-1
Ci9DQUlRQUNvZENodHljRjlvT2w5RGVFeFZaVUYwU2xKb1FYSlJUMjVrVUhOdFVXYxAB_01,Ci9DQUlRQUNvZENodHljRjlvT2w5RGVFeFZaVUYwU2xKb1FYSlJUMjVrVUhOdFVXYxAB,24,33
Ci9DQUlRQUNvZENodHljRjlvT2preFZVOXhhMWd5UlhGSllrcGFja00zY1MxMWVHYxAB_01,Ci9DQUlRQUNvZENodHljRjlvT2preFZVOXhhMWd5UlhGSllrcGFja00zY1MxMWVHYxAB,21,-1
Ci9DQUlRQUNvZENodHljRjlvT2s1d2FVcGhUWEZKV0cxbldFbDBSa1ZMUm1SNE9VRRAB_01,Ci9DQUlRQUNvZENodHljRjlvT2s1d2FVcGhUWEZKV0cxbldFbDBSa1ZMUm1SNE9VRRAB,9,9
Ci9DQUlRQUNvZENodHljRjlvT2s1d2FVcGhUWEZKV0cxbldFbDBSa1ZMUm1SNE9VRRAB_02,Ci9DQUlRQUNvZENodHljRjlvT2s1d2FVcGhUWEZKV0cxbldFbDBSa1ZMUm1SNE9VRRAB,13,15
Ci9DQUlRQUNvZENodHljRjlvT2s1d2FVcGhUWEZKV0cxbldFbDBSa1ZMUm1SNE9VRRAB_03,Ci9DQUlRQUNvZENodHljRjlvT2s1d2FVcGhUWEZKV0cxbldFbDBSa1ZMUm1SNE9VRRAB,21,28
Ci9DQUlRQUNvZENodHljRjlvT2tRd05Vc3dlbkYwZVhRemRtNWthbXh2T0RKdGFWRRAB_01,Ci9DQUlRQUNvZENodHljRjlvT2tRd05Vc3dlbkYwZVhRemRtNWthbXh2T0RKdGFWRRAB,7,-1
Ci9DQUlRQUNvZENodHljRjlvT2tRd05Vc3dlbkYwZVhRemRtNWthbXh2T0RKdGFWRRAB_02,Ci9DQUlRQUNvZENodHljRjlvT2tRd05Vc3dlbkYwZVhRemRtNWthbXh2T0RKdGFWRRAB,-1,-1
Ci9DQUlRQUNvZENodHljRjlvT21KV2NqbExTRXQ2Ym1wWFJWQXhTMHgxWTJaamFYYxAB_01,Ci9DQUlRQUNvZENodHljRjlvT21KV2NqbExTRXQ2Ym1wWFJWQXhTMHgxWTJaamFYYxAB,9,9
Ci9DQUlRQUNvZENodHljRjlvT25Sek5YSnJWbVphWlZsWFFuTTBNRGgxY25adVJXYxAB_01,Ci9DQUlRQUNvZENodHljRjlvT25Sek5YSnJWbVphWlZsWFFuTTBNRGgxY25adVJXYxAB,2,2
Ci9DQUlRQUNvZENodHljRjlvT25Sek5YSnJWbVphWlZsWFFuTTBNRGgxY25adVJXYxAB_02,Ci9DQUlRQUNvZENodHljRjlvT25Sek5YSnJWbVphWlZsWFFuTTBNRGgxY25adVJXYxAB,19,16
Ci9DQUlRQUNvZENodHljRjlvT2toNGJuUm5UbEJtVlRrNE5WaHZhVkpYVmpKb1pVRRAB_01,Ci9DQUlRQUNvZENodHljRjlvT2toNGJuUm5UbEJtVlRrNE5WaHZhVkpYVmpKb1pVRRAB,7,7
Ci9DQUlRQUNvZENodHljRjlvT201M1IxRlRURWd0TmxGS1dEUnlXVFJXUVhKYWEyYxAB_01,Ci9DQUlRQUNvZENodHljRjlvT201M1IxRlRURWd0TmxGS1dEUnlXVFJXUVhKYWEyYxAB,3,3
ChZDSUhNMG9nS0VJQ0FnSURaM3ZTYUJREAE_01,ChZDSUhNMG9nS0VJQ0FnSURaM3ZTYUJREAE,21,-1
ChZDSUhNMG9nS0VJQ0FnSURaM3ZTYUJREAE_02,ChZDSUhNMG9nS0VJQ0FnSURaM3ZTYUJREAE,5,4
Ci9DQUlRQUNvZENodHljRjlvT2s1QmVVTjVhMEZHWkV4amRHdElXVlpVZVRFMmVWRRAB_01,Ci9DQUlRQUNvZENodHljRjlvT2s1QmVVTjVhMEZHWkV4amRHdElXVlpVZVRFMmVWRRAB,2,2
Ci9DQUlRQUNvZENodHljRjlvT2s1QmVVTjVhMEZHWkV4amRHdElXVlpVZVRFMmVWRRAB_02,Ci9DQUlRQUNvZENodHljRjlvT2s1QmVVTjVhMEZHWkV4amRHdElXVlpVZVRFMmVWRRAB,37,35
Ci9DQUlRQUNvZENodHljRjlvT2s1QmVVTjVhMEZHWkV4amRHdElXVlpVZVRFMmVWRRAB_03,Ci9DQUlRQUNvZENodHljRjlvT2s1QmVVTjVhMEZHWkV4amRHdElXVlpVZVRFMmVWRRAB,-1,-1
Ci9DQUlRQUNvZENodHljRjlvT2s1QmVVTjVhMEZHWkV4amRHdElXVlpVZVRFMmVWRRAB_04,Ci9DQUlRQUNvZENodHljRjlvT2s1QmVVTjVhMEZHWkV4amRHdElXVlpVZVRFMmVWRRAB,24,-1
Ci9DQUlRQUNvZENodHljRjlvT2s1QmVVTjVhMEZHWkV4amRHdElXVlpVZVRFMmVWRRAB_05,Ci9DQUlRQUNvZENodHljRjlvT2s1QmVVTjVhMEZHWkV4amRHdElXVlpVZVRFMmVWRRAB,1,0
Ci9DQUlRQUNvZENodHljRjlvT2s1QmVVTjVhMEZHWkV4amRHdElXVlpVZVRFMmVWRRAB_06,Ci9DQUlRQUNvZENodHljRjlvT2s1QmVVTjVhMEZHWkV4amRHdElXVlpVZVRFMmVWRRAB,-1,-1
Ci9DQUlRQUNvZENodHljRjlvT21kRmJERlRiR2xGUlhaUGRqZDBWRVJvVkRCcVlVRRAB_01,Ci9DQUlRQUNvZENodHljRjlvT21kRmJERlRiR2xGUlhaUGRqZDBWRVJvVkRCcVlVRRAB,8,8
Ci9DQUlRQUNvZENodHljRjlvT20xcmRIUnBiSEZQTlVZdFNFZEtZbk5aVmswMlltYxAB_01,Ci9DQUlRQUNvZENodHljRjlvT20xcmRIUnBiSEZQTlVZdFNFZEtZbk5aVmswMlltYxAB,7,7
Ci9DQUlRQUNvZENodHljRjlvT20xcmRIUnBiSEZQTlVZdFNFZEtZbk5aVmswMlltYxAB_02,Ci9DQUlRQUNvZENodHljRjlvT20xcmRIUnBiSEZQTlVZdFNFZEtZbk5aVmswMlltYxAB,33,39
Ci9DQUlRQUNvZENodHljRjlvT25SVk1HWkdTbXhFUzJ0R01EbFVjblpLVFRWdFYyYxAB_01,Ci9DQUlRQUNvZENodHljRjlvT25SVk1HWkdTbXhFUzJ0R01EbFVjblpLVFRWdFYyYxAB,7,7
Ci9DQUlRQUNvZENodHljRjlvT21KTE0xQXpRbGsxWkV0MGN6ZFhUM2sxU2tGWGVrRRAB_01,Ci9DQUlRQUNvZENodHljRjlvT21KTE0xQXpRbGsxWkV0MGN6ZFhUM2sxU2tGWGVrRRAB,17,19
Ci9DQUlRQUNvZENodHljRjlvT21KTE0xQXpRbGsxWkV0MGN6ZFhUM2sxU2tGWGVrRRAB_02,Ci9DQUlRQUNvZENodHljRjlvT21KTE0xQXpRbGsxWkV0MGN6ZFhUM2sxU2tGWGVrRRAB,13,-1
Ci9DQUlRQUNvZENodHljRjlvT21KTE0xQXpRbGsxWkV0MGN6ZFhUM2sxU2tGWGVrRRAB_03,Ci9DQUlRQUNvZENodHljRjlvT21KTE0xQXpRbGsxWkV0MGN6ZFhUM2sxU2tGWGVrRRAB,5,4
ChZDSUhNMG9nS0VJQ0FnTURBOGNTeldBEAE_01,ChZDSUhNMG9nS0VJQ0FnTURBOGNTeldBEAE,8,8
ChZDSUhNMG9nS0VJQ0FnSUNBX19ld1JnEAE_01,ChZDSUhNMG9nS0VJQ0FnSUNBX19ld1JnEAE,11,-1
Ci9DQUlRQUNvZENodHljRjlvT25OMWVTMU9SemQ1TjJsMVRHYzVaazVFTWs5T1ZHYxAB_01,Ci9DQUlRQUNvZENodHljRjlvT25OMWVTMU9SemQ1TjJsMVRHYzVaazVFTWs5T1ZHYxAB,3,3
Ci9DQUlRQUNvZENodHljRjlvT25OMWVTMU9SemQ1TjJsMVRHYzVaazVFTWs5T1ZHYxAB_02,Ci9DQUlRQUNvZENodHljRjlvT25OMWVTMU9SemQ1TjJsMVRHYzVaazVFTWs5T1ZHYxAB,9,9
Ci9DQUlRQUNvZENodHljRjlvT25OMWVTMU9SemQ1TjJsMVRHYzVaazVFTWs5T1ZHYxAB_03,Ci9DQUlRQUNvZENodHljRjlvT25OMWVTMU9SemQ1TjJsMVRHYzVaazVFTWs5T1ZHYxAB,1,0
Ci9DQUlRQUNvZENodHljRjlvT25oQ2VrdFZibGR6ZVhKTFNqRkNaM3BvTjBkcUxXYxAB_01,Ci9DQUlRQUNvZENodHljRjlvT25oQ2VrdFZibGR6ZVhKTFNqRkNaM3BvTjBkcUxXYxAB,9,9
Ci9DQUlRQUNvZENodHljRjlvT25oQ2VrdFZibGR6ZVhKTFNqRkNaM3BvTjBkcUxXYxAB_02,Ci9DQUlRQUNvZENodHljRjlvT25oQ2VrdFZibGR6ZVhKTFNqRkNaM3BvTjBkcUxXYxAB,33,39
Ci9DQUlRQUNvZENodHljRjlvT2pSelVtSnpMVFJaWlc4dE5UUTNjRWcwZW5FMFFsRRAB_01,Ci9DQUlRQUNvZENodHljRjlvT2pSelVtSnpMVFJaWlc4dE5UUTNjRWcwZW5FMFFsRRAB,3,3
Ci9DQUlRQUNvZENodHljRjlvT2pGdlRXODNRMGx3UnpsVlVISmFkblE0YUVSUFNIYxAB_01,Ci9DQUlRQUNvZENodHljRjlvT2pGdlRXODNRMGx3UnpsVlVISmFkblE0YUVSUFNIYxAB,2,2
Ci9DQUlRQUNvZENodHljRjlvT2xWYVFVdERZVWhZVjFVMmIzUk5hMG93YUdwelZuYxAB_01,Ci9DQUlRQUNvZENodHljRjlvT2xWYVFVdERZVWhZVjFVMmIzUk5hMG93YUdwelZuYxAB,7,7
Ci9DQUlRQUNvZENodHljRjlvT2pGamNXdEpjR2x2YzFCbmRuRjBRVmh0ZEZJeFRXYxAB_01,Ci9DQUlRQUNvZENodHljRjlvT2pGamNXdEpjR2x2YzFCbmRuRjBRVmh0ZEZJeFRXYxAB,-1,-1
Ci9DQUlRQUNvZENodHljRjlvT2pFdFEwbFlNM1Z1YVMwM1ZrWmhWVmQxUjFkR01WRRAB_01,Ci9DQUlRQUNvZENodHljRjlvT2pFdFEwbFlNM1Z1YVMwM1ZrWmhWVmQxUjFkR01WRRAB,21,28
Ci9DQUlRQUNvZENodHljRjlvT2pFdFEwbFlNM1Z1YVMwM1ZrWmhWVmQxUjFkR01WRRAB_02,Ci9DQUlRQUNvZENodHljRjlvT2pFdFEwbFlNM1Z1YVMwM1ZrWmhWVmQxUjFkR01WRRAB,5,4
Ci9DQUlRQUNvZENodHljRjlvT2tKV1VHRnBMVTlFWWxaSFVtazBUbUZxTWtweE0yYxAB_01,Ci9DQUlRQUNvZENodHljRjlvT2tKV1VHRnBMVTlFWWxaSFVtazBUbUZxTWtweE0yYxAB,3,-1
Ci9DQUlRQUNvZENodHljRjlvT2pGaldIRmtZblpzYXpaNUxURjBURFZYVUZOTFYzYxAB_01,Ci9DQUlRQUNvZENodHljRjlvT2pGaldIRmtZblpzYXpaNUxURjBURFZYVUZOTFYzYxAB,37,35
Ci9DQUlRQUNvZENodHljRjlvT2pGaldIRmtZblpzYXpaNUxURjBURFZYVUZOTFYzYxAB_02,Ci9DQUlRQUNvZENodHljRjlvT2pGaldIRmtZblpzYXpaNUxURjBURFZYVUZOTFYzYxAB,29,23
Ci9DQUlRQUNvZENodHljRjlvT2pGaldIRmtZblpzYXpaNUxURjBURFZYVUZOTFYzYxAB_03,Ci9DQUlRQUNvZENodHljRjlvT2pGaldIRmtZblpzYXpaNUxURjBURFZYVUZOTFYzYxAB,2,2
Ci9DQUlRQUNvZENodHljRjlvT2pGaldIRmtZblpzYXpaNUxURjBURFZYVUZOTFYzYxAB_04,Ci9DQUlRQUNvZENodHljRjlvT2pGaldIRmtZblpzYXpaNUxURjBURFZYVUZOTFYzYxAB,21,-1
Ci9DQUlRQUNvZENodHljRjlvT2pGaldIRmtZblpzYXpaNUxURjBURFZYVUZOTFYzYxAB_05,Ci9DQUlRQUNvZENodHljRjlvT2pGaldIRmtZblpzYXpaNUxURjBURFZYVUZOTFYzYxAB,1,0
Ci9DQUlRQUNvZENodHljRjlvT2pGaldIRmtZblpzYXpaNUxURjBURFZYVUZOTFYzYxAB_06,Ci9DQUlRQUNvZENodHljRjlvT2pGaldIRmtZblpzYXpaNUxURjBURFZYVUZOTFYzYxAB,1,0
Ci9DQUlRQUNvZENodHljRjlvT2pGaldIRmtZblpzYXpaNUxURjBURFZYVUZOTFYzYxAB_07,Ci9DQUlRQUNvZENodHljRjlvT2pGaldIRmtZblpzYXpaNUxURjBURFZYVUZOTFYzYxAB,2,2
Ci9DQUlRQUNvZENodHljRjlvT2pGaldIRmtZblpzYXpaNUxURjBURFZYVUZOTFYzYxAB_08,Ci9DQUlRQUNvZENodHljRjlvT2pGaldIRmtZblpzYXpaNUxURjBURFZYVUZOTFYzYxAB,29,23
Ci9DQUlRQUNvZENodHljRjlvT2pGaldIRmtZblpzYXpaNUxURjBURFZYVUZOTFYzYxAB_09,Ci9DQUlRQUNvZENodHljRjlvT2pGaldIRmtZblpzYXpaNUxURjBURFZYVUZOTFYzYxAB,-1,-1
Ci9DQUlRQUNvZENodHljRjlvT2xSa2JVdGhWR2hHUzNWbmNYTjRWMVoxZGtoUE0yYxAB_01,Ci9DQUlRQUNvZENodHljRjlvT2xSa2JVdGhWR2hHUzNWbmNYTjRWMVoxZGtoUE0yYxAB,4,5
Ci9DQUlRQUNvZENodHljRjlvT2xSa2JVdGhWR2hHUzNWbmNYTjRWMVoxZGtoUE0yYxAB_02,Ci9DQUlRQUNvZENodHljRjlvT2xSa2JVdGhWR2hHUzNWbmNYTjRWMVoxZGtoUE0yYxAB,1,0
Ci9DQUlRQUNvZENodHljRjlvT2kxd2VtaGlZMWN5TmtSR2QzUm5ZM3BRWWxkd1dtYxAB_01,Ci9DQUlRQUNvZENodHljRjlvT2kxd2VtaGlZMWN5TmtSR2QzUm5ZM3BRWWxkd1dtYxAB,8,8
Ci9DQUlRQUNvZENodHljRjlvT205TE4yZHdRV2hTYlhvdGEwczBlVWR3Ym1aeWJXYxAB_01,Ci9DQUlRQUNvZENodHljRjlvT205TE4yZHdRV2hTYlhvdGEwczBlVWR3Ym1aeWJXYxAB,-1,-1
Ci9DQUlRQUNvZENodHljRjlvT205TE4yZHdRV2hTYlhvdGEwczBlVWR3Ym1aeWJXYxAB_02,Ci9DQUlRQUNvZENodHljRjlvT205TE4yZHdRV2hTYlhvdGEwczBlVWR3Ym1aeWJXYxAB,2,2
Ci9DQUlRQUNvZENodHljRjlvT205TE4yZHdRV2hTYlhvdGEwczBlVWR3Ym1aeWJXYxAB_03,Ci9DQUlRQUNvZENodHljRjlvT205TE4yZHdRV2hTYlhvdGEwczBlVWR3Ym1aeWJXYxAB,1,0
Ci9DQUlRQUNvZENodHljRjlvT205TE4yZHdRV2hTYlhvdGEwczBlVWR3Ym1aeWJXYxAB_04,Ci9DQUlRQUNvZENodHljRjlvT205TE4yZHdRV2hTYlhvdGEwczBlVWR3Ym1aeWJXYxAB,11,12
Ci9DQUlRQUNvZENodHljRjlvT205TE4yZHdRV2hTYlhvdGEwczBlVWR3Ym1aeWJXYxAB_05,Ci9DQUlRQUNvZENodHljRjlvT205TE4yZHdRV2hTYlhvdGEwczBlVWR3Ym1aeWJXYxAB,-1,-1
Ci9DQUlRQUNvZENodHljRjlvT205TE4yZHdRV2hTYlhvdGEwczBlVWR3Ym1aeWJXYxAB_06,Ci9DQUlRQUNvZENodHljRjlvT205TE4yZHdRV2hTYlhvdGEwczBlVWR3Ym1aeWJXYxAB,31,27
ChdDSUhNMG9nS0VJQ0FnSUQxOEliU3FBRRAB_01,ChdDSUhNMG9nS0VJQ0FnSUQxOEliU3FBRRAB,3,3
ChdDSUhNMG9nS0VJQ0FnSUQxOEliU3FBRRAB_02,ChdDSUhNMG9nS0VJQ0FnSUQxOEliU3FBRRAB,8,8
ChdDSUhNMG9nS0VJQ0FnSUQxdzRTYWp3RRAB_01,ChdDSUhNMG9nS0VJQ0FnSUQxdzRTYWp3RRAB,26,-1
ChdDSUhNMG9nS0VJQ0FnSUQxdzRTYWp3RRAB_02,ChdDSUhNMG9nS0VJQ0FnSUQxdzRTYWp3RRAB,6,6
ChdDSUhNMG9nS0VJQ0FnSUQxdzRTYWp3RRAB_03,ChdDSUhNMG9nS0VJQ0FnSUQxdzRTYWp3RRAB,1,0
ChdDSUhNMG9nS0VJQ0FnSUQxdzRTYWp3RRAB_04,ChdDSUhNMG9nS0VJQ0FnSUQxdzRTYWp3RRAB,6,6
ChZDSUhNMG9nS0VJQ0FnSUMxc3VmUWZ3EAE_01,ChZDSUhNMG9nS0VJQ0FnSUMxc3VmUWZ3EAE,10,10
ChZDSUhNMG9nS0VJQ0FnSUMxc3VmUWZ3EAE_02,ChZDSUhNMG9nS0VJQ0FnSUMxc3VmUWZ3EAE,-1,-1
ChdDSUhNMG9nS0VJQ0FnSUROMDV5cV9nRRAB_01,ChdDSUhNMG9nS0VJQ0FnSUROMDV5cV9nRRAB,11,12
ChdDSUhNMG9nS0VJQ0FnSUN0aE1tdDB3RRAB_01,ChdDSUhNMG9nS0VJQ0FnSUN0aE1tdDB3RRAB,3,-1
ChZDSUhNMG9nS0VJQ0FnSUR0ME83eEJREAE_01,ChZDSUhNMG9nS0VJQ0FnSUR0ME83eEJREAE,36,-1
ChZDSUhNMG9nS0VJQ0FnSUNEbXBlUEd3EAE_01,ChZDSUhNMG9nS0VJQ0FnSUNEbXBlUEd3EAE,8,8
ChZDSUhNMG9nS0VJQ0FnSUNEbXBlUEd3EAE_02,ChZDSUhNMG9nS0VJQ0FnSUNEbXBlUEd3EAE,-1,-1
ChZDSUhNMG9nS0VJQ0FnSUN6OHFLZ1R3EAE_01,ChZDSUhNMG9nS0VJQ0FnSUN6OHFLZ1R3EAE,2,2
ChZDSUhNMG9nS0VJQ0FnSUN6OHFLZ1R3EAE_02,ChZDSUhNMG9nS0VJQ0FnSUN6OHFLZ1R3EAE,15,11
ChZDSUhNMG9nS0VJQ0FnSUN6OHFLZ1R3EAE_03,ChZDSUhNMG9nS0VJQ0FnSUN6OHFLZ1R3EAE,6,6
ChdDSUhNMG9nS0VJQ0FnSUN0NzdEODdBRRAB_01,ChdDSUhNMG9nS0VJQ0FnSUN0NzdEODdBRRAB,2,-1
ChZDSUhNMG9nS0VJQ0FnSUNMZzVlQlB3EAE_01,ChZDSUhNMG9nS0VJQ0FnSUNMZzVlQlB3EAE,7,7
ChZDSUhNMG9nS0VJQ0FnSUNMaDQzQkx3EAE_01,ChZDSUhNMG9nS0VJQ0FnSUNMaDQzQkx3EAE,-1,-1
ChZDSUhNMG9nS0VJQ0FnSUNMaDQzQkx3EAE_02,ChZDSUhNMG9nS0VJQ0FnSUNMaDQzQkx3EAE,10,10
ChZDSUhNMG9nS0VJQ0FnSURyX1lHTEZBEAE_01,ChZDSUhNMG9nS0VJQ0FnSURyX1lHTEZBEAE,3,3
ChdDSUhNMG9nS0VJQ0FnSUM3bXJTYjNRRRAB_01,ChdDSUhNMG9nS0VJQ0FnSUM3bXJTYjNRRRAB,8,8
ChZDSUhNMG9nS0VJQ0FnSURIMU5xVU53EAE_01,ChZDSUhNMG9nS0VJQ0FnSURIMU5xVU53EAE,9,9
ChdDSUhNMG9nS0VJQ0FnTUNBeWIzd3ZBRRAB_01,ChdDSUhNMG9nS0VJQ0FnTUNBeWIzd3ZBRRAB,3,-1
ChdDSUhNMG9nS0VJQ0FnTUNBeWIzd3ZBRRAB_02,ChdDSUhNMG9nS0VJQ0FnTUNBeWIzd3ZBRRAB,8,8
ChdDSUhNMG9nS0VJQ0FnTUN3aktpSTBnRRAB_01,ChdDSUhNMG9nS0VJQ0FnTUN3aktpSTBnRRAB,4,-1
ChZDSUhNMG9nS0VKeldsOUR2Nlp1dVJ3EAE_01,ChZDSUhNMG9nS0VKeldsOUR2Nlp1dVJ3EAE,2,-1
ChZDSUhNMG9nS0VKeldsOUR2Nlp1dVJ3EAE_02,ChZDSUhNMG9nS0VKeldsOUR2Nlp1dVJ3EAE,-1,-1
ChZDSUhNMG9nS0VKeldsOUR2Nlp1dVJ3EAE_03,ChZDSUhNMG9nS0VKeldsOUR2Nlp1dVJ3EAE,-1,-1
Ci9DQUlRQUNvZENodHljRjlvT205eFZuSnhjVGRyVTNCRWMzaHZiQzFIVlcxUmNIYxAB_01,Ci9DQUlRQUNvZENodHljRjlvT205eFZuSnhjVGRyVTNCRWMzaHZiQzFIVlcxUmNIYxAB,1,0
Ci9DQUlRQUNvZENodHljRjlvT205eFZuSnhjVGRyVTNCRWMzaHZiQzFIVlcxUmNIYxAB_02,Ci9DQUlRQUNvZENodHljRjlvT205eFZuSnhjVGRyVTNCRWMzaHZiQzFIVlcxUmNIYxAB,20,18
Ci9DQUlRQUNvZENodHljRjlvT2twUWMwaHBNMjAxYjA1aE1WTm5hbVpFUWxkUk1HYxAB_01,Ci9DQUlRQUNvZENodHljRjlvT2twUWMwaHBNMjAxYjA1aE1WTm5hbVpFUWxkUk1HYxAB,-1,-1
Ci9DQUlRQUNvZENodHljRjlvT2tONlZVMTFORUUwVjJjelNHeFlUbUpQWjBaWGFIYxAB_01,Ci9DQUlRQUNvZENodHljRjlvT2tONlZVMTFORUUwVjJjelNHeFlUbUpQWjBaWGFIYxAB,8,8
Ci9DQUlRQUNvZENodHljRjlvT2tONlZVMTFORUUwVjJjelNHeFlUbUpQWjBaWGFIYxAB_02,Ci9DQUlRQUNvZENodHljRjlvT2tONlZVMTFORUUwVjJjelNHeFlUbUpQWjBaWGFIYxAB,-1,-1
Ci9DQUlRQUNvZENodHljRjlvT2tONlZVMTFORUUwVjJjelNHeFlUbUpQWjBaWGFIYxAB_03,Ci9DQUlRQUNvZENodHljRjlvT2tONlZVMTFORUUwVjJjelNHeFlUbUpQWjBaWGFIYxAB,-1,-1
Ci9DQUlRQUNvZENodHljRjlvT2pWNmNYbE5ha3RGVWxWWGVUVXpOVVZ6TFRORlgwRRAB_01,Ci9DQUlRQUNvZENodHljRjlvT2pWNmNYbE5ha3RGVWxWWGVUVXpOVVZ6TFRORlgwRRAB,13,15
Ci9DQUlRQUNvZENodHljRjlvT2xkS2FrcFpjWGhCV2xWZlpUQXlZbXMzYlVKRlJFRRAB_01,Ci9DQUlRQUNvZENodHljRjlvT2xkS2FrcFpjWGhCV2xWZlpUQXlZbXMzYlVKRlJFRRAB,9,9
Ci9DQUlRQUNvZENodHljRjlvT2xkS2FrcFpjWGhCV2xWZlpUQXlZbXMzYlVKRlJFRRAB_02,Ci9DQUlRQUNvZENodHljRjlvT2xkS2FrcFpjWGhCV2xWZlpUQXlZbXMzYlVKRlJFRRAB,9,-1
Ci9DQUlRQUNvZENodHljRjlvT2pocmFrSkRjWGh3YWkxa1FWaE1OVVJRVGswMVRrRRAB_01,Ci9DQUlRQUNvZENodHljRjlvT2pocmFrSkRjWGh3YWkxa1FWaE1OVVJRVGswMVRrRRAB,9,9
Ci9DQUlRQUNvZENodHljRjlvT2t3NFpWazROV2x3UlV4S05VOVVOREZZVEZWUmVuYxAB_01,Ci9DQUlRQUNvZENodHljRjlvT2t3NFpWazROV2x3UlV4S05VOVVOREZZVEZWUmVuYxAB,1,0
Ci9DQUlRQUNvZENodHljRjlvT2t3NFpWazROV2x3UlV4S05VOVVOREZZVEZWUmVuYxAB_02,Ci9DQUlRQUNvZENodHljRjlvT2t3NFpWazROV2x3UlV4S05VOVVOREZZVEZWUmVuYxAB,3,-1
ChZDSUhNMG9nS0VJQ0FnSUREMU9LUkd3EAE_01,ChZDSUhNMG9nS0VJQ0FnSUREMU9LUkd3EAE,2,2
ChZDSUhNMG9nS0VJQ0FnSUREMU9LUkd3EAE_02,ChZDSUhNMG9nS0VJQ0FnSUREMU9LUkd3EAE,6,-1
ChZDSUhNMG9nS0VJQ0FnSUREMU9LUkd3EAE_03,ChZDSUhNMG9nS0VJQ0FnSUREMU9LUkd3EAE,10,10
ChZDSUhNMG9nS0VJQ0FnSUREMU9LUkd3EAE_04,ChZDSUhNMG9nS0VJQ0FnSUREMU9LUkd3EAE,27,24
ChZDSUhNMG9nS0VJQ0FnSUREMU9LUkd3EAE_05,ChZDSUhNMG9nS0VJQ0FnSUREMU9LUkd3EAE,1,0
ChZDSUhNMG9nS0VJQ0FnSURqeVBEZkhnEAE_01,ChZDSUhNMG9nS0VJQ0FnSURqeVBEZkhnEAE,38,40
ChZDSUhNMG9nS0VJQ0FnSURqeVBEZkhnEAE_02,ChZDSUhNMG9nS0VJQ0FnSURqeVBEZkhnEAE,5,4
ChZDSUhNMG9nS0VJQ0FnSURqeVBEZkhnEAE_03,ChZDSUhNMG9nS0VJQ0FnSURqeVBEZkhnEAE,-1,-1
ChZDSUhNMG9nS0VJQ0FnSURqeUpHdk9BEAE_01,ChZDSUhNMG9nS0VJQ0FnSURqeUpHdk9BEAE,27,24
ChdDSUhNMG9nS0VJQ0FnSURqZ3BHODNBRRAB_01,ChdDSUhNMG9nS0VJQ0FnSURqZ3BHODNBRRAB,7,-1
ChdDSUhNMG9nS0VJQ0FnSURqZ3BHODNBRRAB_02,ChdDSUhNMG9nS0VJQ0FnSURqZ3BHODNBRRAB,10,10
ChZDSUhNMG9nS0VJQ0FnSUR6djYzVEdBEAE_01,ChZDSUhNMG9nS0VJQ0FnSUR6djYzVEdBEAE,-1,-1
ChZDSUhNMG9nS0VJQ0FnSUR6djYzVEdBEAE_02,ChZDSUhNMG9nS0VJQ0FnSUR6djYzVEdBEAE,-1,-1
ChZDSUhNMG9nS0VJQ0FnSUR6djYzVEdBEAE_03,ChZDSUhNMG9nS0VJQ0FnSUR6djYzVEdBEAE,-1,-1
ChdDSUhNMG9nS0VJQ0FnSUR6di1laXFRRRAB_01,ChdDSUhNMG9nS0VJQ0FnSUR6di1laXFRRRAB,25,25
ChdDSUhNMG9nS0VJQ0FnSUR6di1laXFRRRAB_02,ChdDSUhNMG9nS0VJQ0FnSUR6di1laXFRRRAB,2,2
ChdDSUhNMG9nS0VJQ0FnSUR6di1laXFRRRAB_03,ChdDSUhNMG9nS0VJQ0FnSUR6di1laXFRRRAB,27,24
ChdDSUhNMG9nS0VJQ0FnSUR6di1laXFRRRAB_04,ChdDSUhNMG9nS0VJQ0FnSUR6di1laXFRRRAB,1,0
ChdDSUhNMG9nS0VJQ0FnSUNQeVB5UXZRRRAB_01,ChdDSUhNMG9nS0VJQ0FnSUNQeVB5UXZRRRAB,3,3
ChdDSUhNMG9nS0VJQ0FnTUNvamNtbzdRRRAB_01,ChdDSUhNMG9nS0VJQ0FnTUNvamNtbzdRRRAB,23,31
ChdDSUhNMG9nS0VJQ0FnTUNvamNtbzdRRRAB_02,ChdDSUhNMG9nS0VJQ0FnTUNvamNtbzdRRRAB,0,1
ChdDSUhNMG9nS0VJQ0FnTUNvamNtbzdRRRAB_03,ChdDSUhNMG9nS0VJQ0FnTUNvamNtbzdRRRAB,39,38
ChZDSUhNMG9nS0VNbkhwZkRzaTluQkx3EAE_01,ChZDSUhNMG9nS0VNbkhwZkRzaTluQkx3EAE,27,24
Ci9DQUlRQUNvZENodHljRjlvT25JelpVeE9iMlZVVVcxaU1VMVNTVkJuWmt0SVltYxAB_01,Ci9DQUlRQUNvZENodHljRjlvT25JelpVeE9iMlZVVVcxaU1VMVNTVkJuWmt0SVltYxAB,26,26
Ci9DQUlRQUNvZENodHljRjlvT25JelpVeE9iMlZVVVcxaU1VMVNTVkJuWmt0SVltYxAB_02,Ci9DQUlRQUNvZENodHljRjlvT25JelpVeE9iMlZVVVcxaU1VMVNTVkJuWmt0SVltYxAB,-1,-1
Ci9DQUlRQUNvZENodHljRjlvT25JelpVeE9iMlZVVVcxaU1VMVNTVkJuWmt0SVltYxAB_03,Ci9DQUlRQUNvZENodHljRjlvT25JelpVeE9iMlZVVVcxaU1VMVNTVkJuWmt0SVltYxAB,0,1
Ci9DQUlRQUNvZENodHljRjlvT25JelpVeE9iMlZVVVcxaU1VMVNTVkJuWmt0SVltYxAB_04,Ci9DQUlRQUNvZENodHljRjlvT25JelpVeE9iMlZVVVcxaU1VMVNTVkJuWmt0SVltYxAB,1,0
Ci9DQUlRQUNvZENodHljRjlvT25JelpVeE9iMlZVVVcxaU1VMVNTVkJuWmt0SVltYxAB_05,Ci9DQUlRQUNvZENodHljRjlvT25JelpVeE9iMlZVVVcxaU1VMVNTVkJuWmt0SVltYxAB,40,41
Ci9DQUlRQUNvZENodHljRjlvT2paSE9WUkhVVEpmYkRoS1ZtSmZRalpETTB4SlVsRRAB_01,Ci9DQUlRQUNvZENodHljRjlvT2paSE9WUkhVVEpmYkRoS1ZtSmZRalpETTB4SlVsRRAB,27,24
Ci9DQUlRQUNvZENodHljRjlvT2paSE9WUkhVVEpmYkRoS1ZtSmZRalpETTB4SlVsRRAB_02,Ci9DQUlRQUNvZENodHljRjlvT2paSE9WUkhVVEpmYkRoS1ZtSmZRalpETTB4SlVsRRAB,27,24
Ci9DQUlRQUNvZENodHljRjlvT2paSE9WUkhVVEpmYkRoS1ZtSmZRalpETTB4SlVsRRAB_03,Ci9DQUlRQUNvZENodHljRjlvT2paSE9WUkhVVEpmYkRoS1ZtSmZRalpETTB4SlVsRRAB,27,24
Ci9DQUlRQUNvZENodHljRjlvT2paSE9WUkhVVEpmYkRoS1ZtSmZRalpETTB4SlVsRRAB_04,Ci9DQUlRQUNvZENodHljRjlvT2paSE9WUkhVVEpmYkRoS1ZtSmZRalpETTB4SlVsRRAB,6,6
Ci9DQUlRQUNvZENodHljRjlvT2paSE9WUkhVVEpmYkRoS1ZtSmZRalpETTB4SlVsRRAB_05,Ci9DQUlRQUNvZENodHljRjlvT2paSE9WUkhVVEpmYkRoS1ZtSmZRalpETTB4SlVsRRAB,-1,-1
Ci9DQUlRQUNvZENodHljRjlvT2paSE9WUkhVVEpmYkRoS1ZtSmZRalpETTB4SlVsRRAB_06,Ci9DQUlRQUNvZENodHljRjlvT2paSE9WUkhVVEpmYkRoS1ZtSmZRalpETTB4SlVsRRAB,25,25
Ci9DQUlRQUNvZENodHljRjlvT2paSE9WUkhVVEpmYkRoS1ZtSmZRalpETTB4SlVsRRAB_07,Ci9DQUlRQUNvZENodHljRjlvT2paSE9WUkhVVEpmYkRoS1ZtSmZRalpETTB4SlVsRRAB,-1,-1
Ci9DQUlRQUNvZENodHljRjlvT2paSE9WUkhVVEpmYkRoS1ZtSmZRalpETTB4SlVsRRAB_08,Ci9DQUlRQUNvZENodHljRjlvT2paSE9WUkhVVEpmYkRoS1ZtSmZRalpETTB4SlVsRRAB,-1,-1
Ci9DQUlRQUNvZENodHljRjlvT2paSE9WUkhVVEpmYkRoS1ZtSmZRalpETTB4SlVsRRAB_09,Ci9DQUlRQUNvZENodHljRjlvT2paSE9WUkhVVEpmYkRoS1ZtSmZRalpETTB4SlVsRRAB,-1,-1
Ci9DQUlRQUNvZENodHljRjlvT2paSE9WUkhVVEpmYkRoS1ZtSmZRalpETTB4SlVsRRAB_10,Ci9DQUlRQUNvZENodHljRjlvT2paSE9WUkhVVEpmYkRoS1ZtSmZRalpETTB4SlVsRRAB,27,24
Ci9DQUlRQUNvZENodHljRjlvT2paSE9WUkhVVEpmYkRoS1ZtSmZRalpETTB4SlVsRRAB_11,Ci9DQUlRQUNvZENodHljRjlvT2paSE9WUkhVVEpmYkRoS1ZtSmZRalpETTB4SlVsRRAB,-1,-1
Ci9DQUlRQUNvZENodHljRjlvT2paSE9WUkhVVEpmYkRoS1ZtSmZRalpETTB4SlVsRRAB_12,Ci9DQUlRQUNvZENodHljRjlvT2paSE9WUkhVVEpmYkRoS1ZtSmZRalpETTB4SlVsRRAB,18,20
Ci9DQUlRQUNvZENodHljRjlvT2paSE9WUkhVVEpmYkRoS1ZtSmZRalpETTB4SlVsRRAB_13,Ci9DQUlRQUNvZENodHljRjlvT2paSE9WUkhVVEpmYkRoS1ZtSmZRalpETTB4SlVsRRAB,-1,-1
Ci9DQUlRQUNvZENodHljRjlvT2paSE9WUkhVVEpmYkRoS1ZtSmZRalpETTB4SlVsRRAB_14,Ci9DQUlRQUNvZENodHljRjlvT2paSE9WUkhVVEpmYkRoS1ZtSmZRalpETTB4SlVsRRAB,34,34
Ci9DQUlRQUNvZENodHljRjlvT21kVVkwbHpZM0ZKUm5Gd00yRXhlSEpZTW1rM0xWRRAB_01,Ci9DQUlRQUNvZENodHljRjlvT21kVVkwbHpZM0ZKUm5Gd00yRXhlSEpZTW1rM0xWRRAB,2,2
Ci9DQUlRQUNvZENodHljRjlvT21kVVkwbHpZM0ZKUm5Gd00yRXhlSEpZTW1rM0xWRRAB_02,Ci9DQUlRQUNvZENodHljRjlvT21kVVkwbHpZM0ZKUm5Gd00yRXhlSEpZTW1rM0xWRRAB,-1,-1
Ci9DQUlRQUNvZENodHljRjlvT21kVVkwbHpZM0ZKUm5Gd00yRXhlSEpZTW1rM0xWRRAB_03,Ci9DQUlRQUNvZENodHljRjlvT21kVVkwbHpZM0ZKUm5Gd00yRXhlSEpZTW1rM0xWRRAB,4,5
Ci9DQUlRQUNvZENodHljRjlvT21kVVkwbHpZM0ZKUm5Gd00yRXhlSEpZTW1rM0xWRRAB_04,Ci9DQUlRQUNvZENodHljRjlvT21kVVkwbHpZM0ZKUm5Gd00yRXhlSEpZTW1rM0xWRRAB,18,20
Ci9DQUlRQUNvZENodHljRjlvT2tSUk1ubG9abFpRVkhKSVVHODJXa3c1VFhOaGRsRRAB_01,Ci9DQUlRQUNvZENodHljRjlvT2tSUk1ubG9abFpRVkhKSVVHODJXa3c1VFhOaGRsRRAB,1,0
Ci9DQUlRQUNvZENodHljRjlvT2tSUk1ubG9abFpRVkhKSVVHODJXa3c1VFhOaGRsRRAB_02,Ci9DQUlRQUNvZENodHljRjlvT2tSUk1ubG9abFpRVkhKSVVHODJXa3c1VFhOaGRsRRAB,27,24
Ci9DQUlRQUNvZENodHljRjlvT2tSUk1ubG9abFpRVkhKSVVHODJXa3c1VFhOaGRsRRAB_03,Ci9DQUlRQUNvZENodHljRjlvT2tSUk1ubG9abFpRVkhKSVVHODJXa3c1VFhOaGRsRRAB,12,21
ChZDSUhNMG9nS0VJQ0FnSUMxLTZQZFhnEAE_01,ChZDSUhNMG9nS0VJQ0FnSUMxLTZQZFhnEAE,0,1
Ci9DQUlRQUNvZENodHljRjlvT2t3NE0wRnZORlJSU2tGTFdYZFZSaTAzTFZGa2NGRRAB_01,Ci9DQUlRQUNvZENodHljRjlvT2t3NE0wRnZORlJSU2tGTFdYZFZSaTAzTFZGa2NGRRAB,-1,-1
Ci9DQUlRQUNvZENodHljRjlvT2xSUFFrVjBTMHg1YjBoeE5rMUxVbUpwWTJnd2NuYxAB_01,Ci9DQUlRQUNvZENodHljRjlvT2xSUFFrVjBTMHg1YjBoeE5rMUxVbUpwWTJnd2NuYxAB,4,-1
Ci9DQUlRQUNvZENodHljRjlvT2xSUFFrVjBTMHg1YjBoeE5rMUxVbUpwWTJnd2NuYxAB_02,Ci9DQUlRQUNvZENodHljRjlvT2xSUFFrVjBTMHg1YjBoeE5rMUxVbUpwWTJnd2NuYxAB,-1,-1
ChZDSUhNMG9nS0VJQ0FnSURObDQyRVZnEAE_01,ChZDSUhNMG9nS0VJQ0FnSURObDQyRVZnEAE,2,2
ChZDSUhNMG9nS0VJQ0FnSURObDQyRVZnEAE_02,ChZDSUhNMG9nS0VJQ0FnSURObDQyRVZnEAE,1,0
ChZDSUhNMG9nS0VJQ0FnSUNEMWNhWWV3EAE_01,ChZDSUhNMG9nS0VJQ0FnSUNEMWNhWWV3EAE,7,7
ChdDSUhNMG9nS0VJQ0FnSUNhZzhya2tnRRAB_01,ChdDSUhNMG9nS0VJQ0FnSUNhZzhya2tnRRAB,4,-1
ChZDSUhNMG9nS0VJQ0FnSUNUbktiNVVnEAE_01,ChZDSUhNMG9nS0VJQ0FnSUNUbktiNVVnEAE,4,-1
ChZDSUhNMG9nS0VJQ0FnSUNUbktiNVVnEAE_02,ChZDSUhNMG9nS0VJQ0FnSUNUbktiNVVnEAE,10,10
ChZDSUhNMG9nS0VJQ0FnSURyeUtITlpREAE_01,ChZDSUhNMG9nS0VJQ0FnSURyeUtITlpREAE,3,3
ChdDSUhNMG9nS0VJQ0FnSURiajZqYnVRRRAB_01,ChdDSUhNMG9nS0VJQ0FnSURiajZqYnVRRRAB,13,15
ChdDSUhNMG9nS0VJQ0FnSURiajZqYnVRRRAB_02,ChdDSUhNMG9nS0VJQ0FnSURiajZqYnVRRRAB,4,-1
ChdDSUhNMG9nS0VJQ0FnSURiajZqYnVRRRAB_03,ChdDSUhNMG9nS0VJQ0FnSURiajZqYnVRRRAB,13,15
ChdDSUhNMG9nS0VJQ0FnTUNRMllXV3lnRRAB_01,ChdDSUhNMG9nS0VJQ0FnTUNRMllXV3lnRRAB,29,23
ChdDSUhNMG9nS0VJQ0FnTUNRMllXV3lnRRAB_02,ChdDSUhNMG9nS0VJQ0FnTUNRMllXV3lnRRAB,0,1
Ci9DQUlRQUNvZENodHljRjlvT2pGbVMweEVaVmd6UlZsTFRuRnFUMUJFZUhsbGQwRRAB_01,Ci9DQUlRQUNvZENodHljRjlvT2pGbVMweEVaVmd6UlZsTFRuRnFUMUJFZUhsbGQwRRAB,6,-1
Ci9DQUlRQUNvZENodHljRjlvT25KQmIzRk9OVnB5YUVkU1pEaDFhSG94WjIweFgxRRAB_01,Ci9DQUlRQUNvZENodHljRjlvT25KQmIzRk9OVnB5YUVkU1pEaDFhSG94WjIweFgxRRAB,12,30
Ci9DQUlRQUNvZENodHljRjlvT25KQmIzRk9OVnB5YUVkU1pEaDFhSG94WjIweFgxRRAB_02,Ci9DQUlRQUNvZENodHljRjlvT25KQmIzRk9OVnB5YUVkU1pEaDFhSG94WjIweFgxRRAB,9,9
Ci9DQUlRQUNvZENodHljRjlvT25aaFlXOW9iV1pvUkRWb1gwaHpPVkZrVm5BdGJWRRAB_01,Ci9DQUlRQUNvZENodHljRjlvT25aaFlXOW9iV1pvUkRWb1gwaHpPVkZrVm5BdGJWRRAB,21,-1
Ci9DQUlRQUNvZENodHljRjlvT2w5SmFtVm1XVGhDV2t3MFlXWm9SVVk0UkhaQ05sRRAB_01,Ci9DQUlRQUNvZENodHljRjlvT2w5SmFtVm1XVGhDV2t3MFlXWm9SVVk0UkhaQ05sRRAB,25,25
Ci9DQUlRQUNvZENodHljRjlvT2w5SmFtVm1XVGhDV2t3MFlXWm9SVVk0UkhaQ05sRRAB_02,Ci9DQUlRQUNvZENodHljRjlvT2w5SmFtVm1XVGhDV2t3MFlXWm9SVVk0UkhaQ05sRRAB,0,1
Ci9DQUlRQUNvZENodHljRjlvT2w5SmFtVm1XVGhDV2t3MFlXWm9SVVk0UkhaQ05sRRAB_03,Ci9DQUlRQUNvZENodHljRjlvT2w5SmFtVm1XVGhDV2t3MFlXWm9SVVk0UkhaQ05sRRAB,17,19
Ci9DQUlRQUNvZENodHljRjlvT2w5SmFtVm1XVGhDV2t3MFlXWm9SVVk0UkhaQ05sRRAB_04,Ci9DQUlRQUNvZENodHljRjlvT2w5SmFtVm1XVGhDV2t3MFlXWm9SVVk0UkhaQ05sRRAB,-1,-1
Ci9DQUlRQUNvZENodHljRjlvT2w5SmFtVm1XVGhDV2t3MFlXWm9SVVk0UkhaQ05sRRAB_05,Ci9DQUlRQUNvZENodHljRjlvT2w5SmFtVm1XVGhDV2t3MFlXWm9SVVk0UkhaQ05sRRAB,6,-1
Ci9DQUlRQUNvZENodHljRjlvT2w5SmFtVm1XVGhDV2t3MFlXWm9SVVk0UkhaQ05sRRAB_06,Ci9DQUlRQUNvZENodHljRjlvT2w5SmFtVm1XVGhDV2t3MFlXWm9SVVk0UkhaQ05sRRAB,-1,-1
Ci9DQUlRQUNvZENodHljRjlvT2w5RmNrSkljRk5UTkZVMGVVdFJYM0p1VG1Kc2RuYxAB_01,Ci9DQUlRQUNvZENodHljRjlvT2w5RmNrSkljRk5UTkZVMGVVdFJYM0p1VG1Kc2RuYxAB,13,-1
Ci9DQUlRQUNvZENodHljRjlvT2tzdFgycEpkRkZWUjJKc09UaHJlRFJEWWpsalVGRRAB_01,Ci9DQUlRQUNvZENodHljRjlvT2tzdFgycEpkRkZWUjJKc09UaHJlRFJEWWpsalVGRRAB,7,-1
Ci9DQUlRQUNvZENodHljRjlvT2tVeVozcG5ORmxUU1ZWUVYyNHpiRTAwYm5kWFIzYxAB_01,Ci9DQUlRQUNvZENodHljRjlvT2tVeVozcG5ORmxUU1ZWUVYyNHpiRTAwYm5kWFIzYxAB,1,0
Ci9DQUlRQUNvZENodHljRjlvT2tVeVozcG5ORmxUU1ZWUVYyNHpiRTAwYm5kWFIzYxAB_02,Ci9DQUlRQUNvZENodHljRjlvT2tVeVozcG5ORmxUU1ZWUVYyNHpiRTAwYm5kWFIzYxAB,14,13
ChZDSUhNMG9nS0VJQ0FnSUMxODhtZFVnEAE_01,ChZDSUhNMG9nS0VJQ0FnSUMxODhtZFVnEAE,2,2
ChZDSUhNMG9nS0VJQ0FnSUQxOXZIMlRnEAE_01,ChZDSUhNMG9nS0VJQ0FnSUQxOXZIMlRnEAE,4,-1
ChdDSUhNMG9nS0VJQ0FnSUQxdzVpT3hBRRAB_01,ChdDSUhNMG9nS0VJQ0FnSUQxdzVpT3hBRRAB,12,30
ChdDSUhNMG9nS0VJQ0FnSUQxdzVpT3hBRRAB_02,ChdDSUhNMG9nS0VJQ0FnSUQxdzVpT3hBRRAB,26,26
ChdDSUhNMG9nS0VJQ0FnSUQxdzVpT3hBRRAB_03,ChdDSUhNMG9nS0VJQ0FnSUQxdzVpT3hBRRAB,14,13
ChdDSUhNMG9nS0VJQ0FnSUNOeU9LYTlBRRAB_01,ChdDSUhNMG9nS0VJQ0FnSUNOeU9LYTlBRRAB,20,18
ChdDSUhNMG9nS0VJQ0FnSUNOeU9LYTlBRRAB_02,ChdDSUhNMG9nS0VJQ0FnSUNOeU9LYTlBRRAB,1,0
ChdDSUhNMG9nS0VJQ0FnSUNOeU9LYTlBRRAB_03,ChdDSUhNMG9nS0VJQ0FnSUNOeU9LYTlBRRAB,-1,-1
ChdDSUhNMG9nS0VJQ0FnSUN6OW9pTnFRRRAB_01,ChdDSUhNMG9nS0VJQ0FnSUN6OW9pTnFRRRAB,0,1
ChdDSUhNMG9nS0VJQ0FnSUN6OW9pTnFRRRAB_02,ChdDSUhNMG9nS0VJQ0FnSUN6OW9pTnFRRRAB,0,1
ChdDSUhNMG9nS0VJQ0FnSUN6OW9pTnFRRRAB_03,ChdDSUhNMG9nS0VJQ0FnSUN6OW9pTnFRRRAB,-1,-1
ChdDSUhNMG9nS0VJQ0FnSUN6OW9pTnFRRRAB_04,ChdDSUhNMG9nS0VJQ0FnSUN6OW9pTnFRRRAB,-1,-1
ChdDSUhNMG9nS0VJQ0FnSUN6OW9pTnFRRRAB_05,ChdDSUhNMG9nS0VJQ0FnSUN6OW9pTnFRRRAB,-1,-1
ChdDSUhNMG9nS0VJQ0FnSUN6OW9pTnFRRRAB_06,ChdDSUhNMG9nS0VJQ0FnSUN6OW9pTnFRRRAB,32,32
ChdDSUhNMG9nS0VJQ0FnSUN6OW9pTnFRRRAB_07,ChdDSUhNMG9nS0VJQ0FnSUN6OW9pTnFRRRAB,-1,-1
ChdDSUhNMG9nS0VJQ0FnSUN6OW9pTnFRRRAB_08,ChdDSUhNMG9nS0VJQ0FnSUN6OW9pTnFRRRAB,39,38
ChdDSUhNMG9nS0VJQ0FnSURMdi1EdXdnRRAB_01,ChdDSUhNMG9nS0VJQ0FnSURMdi1EdXdnRRAB,14,13
ChdDSUhNMG9nS0VJQ0FnSURMdi1EdXdnRRAB_02,ChdDSUhNMG9nS0VJQ0FnSURMdi1EdXdnRRAB,-1,-1
ChdDSUhNMG9nS0VJQ0FnSURMdi1EdXdnRRAB_03,ChdDSUhNMG9nS0VJQ0FnSURMdi1EdXdnRRAB,17,-1
ChdDSUhNMG9nS0VJQ0FnSURMdi1EdXdnRRAB_04,ChdDSUhNMG9nS0VJQ0FnSURMdi1EdXdnRRAB,5,-1
ChdDSUhNMG9nS0VJQ0FnSURMdi1EdXdnRRAB_05,ChdDSUhNMG9nS0VJQ0FnSURMdi1EdXdnRRAB,10,10
ChdDSUhNMG9nS0VJQ0FnSUNyMmZDWHBBRRAB_01,ChdDSUhNMG9nS0VJQ0FnSUNyMmZDWHBBRRAB,21,28
ChZDSUhNMG9nS0VJQ0FnSUNyMmVpS0VnEAE_01,ChZDSUhNMG9nS0VJQ0FnSUNyMmVpS0VnEAE,1,0
ChdDSUhNMG9nS0VJQ0FnSUNydGZqQWhBRRAB_01,ChdDSUhNMG9nS0VJQ0FnSUNydGZqQWhBRRAB,2,2
ChdDSUhNMG9nS0VJQ0FnSUNydGZqQWhBRRAB_02,ChdDSUhNMG9nS0VJQ0FnSUNydGZqQWhBRRAB,23,31
ChdDSUhNMG9nS0VJQ0FnSUNydGZqQWhBRRAB_03,ChdDSUhNMG9nS0VJQ0FnSUNydGZqQWhBRRAB,0,1
ChdDSUhNMG9nS0VJQ0FnSUNydGZqQWhBRRAB_04,ChdDSUhNMG9nS0VJQ0FnSUNydGZqQWhBRRAB,39,38
ChZDSUhNMG9nS0VJQ0FnSURibHFyMER3EAE_01,ChZDSUhNMG9nS0VJQ0FnSURibHFyMER3EAE,6,6
ChZDSUhNMG9nS0VJQ0FnSURibHFyMER3EAE_02,ChZDSUhNMG9nS0VJQ0FnSURibHFyMER3EAE,2,2
ChZDSUhNMG9nS0VJQ0FnSUM3eU9LOUpREAE_01,ChZDSUhNMG9nS0VJQ0FnSUM3eU9LOUpREAE,23,31
ChZDSUhNMG9nS0VJQ0FnSUM3eU9LOUpREAE_02,ChZDSUhNMG9nS0VJQ0FnSUM3eU9LOUpREAE,5,4
ChZDSUhNMG9nS0VJQ0FnSUM3bExpN0VnEAE_01,ChZDSUhNMG9nS0VJQ0FnSUM3bExpN0VnEAE,1,0
ChdDSUhNMG9nS0VJQ0FnSURINmEtTjZnRRAB_01,ChdDSUhNMG9nS0VJQ0FnSURINmEtTjZnRRAB,35,36
ChdDSUhNMG9nS0VJQ0FnSURINmEtTjZnRRAB_02,ChdDSUhNMG9nS0VJQ0FnSURINmEtTjZnRRAB,-1,-1
ChdDSUhNMG9nS0VJQ0FnSURINmEtTjZnRRAB_03,ChdDSUhNMG9nS0VJQ0FnSURINmEtTjZnRRAB,7,7
ChdDSUhNMG9nS0VJQ0FnSUNucThiaGpRRRAB_01,ChdDSUhNMG9nS0VJQ0FnSUNucThiaGpRRRAB,0,1
ChdDSUhNMG9nS0VJQ0FnSUNucThiaGpRRRAB_02,ChdDSUhNMG9nS0VJQ0FnSUNucThiaGpRRRAB,0,-1
ChdDSUhNMG9nS0VJQ0FnSUNucThiaGpRRRAB_03,ChdDSUhNMG9nS0VJQ0FnSUNucThiaGpRRRAB,0,1
ChdDSUhNMG9nS0VJQ0FnSUNucThiaGpRRRAB_04,ChdDSUhNMG9nS0VJQ0FnSUNucThiaGpRRRAB,-1,-1
ChdDSUhNMG9nS0VJQ0FnSURuMGE2UmxRRRAB_01,ChdDSUhNMG9nS0VJQ0FnSURuMGE2UmxRRRAB,13,15
ChdDSUhNMG9nS0VJQ0FnSURuMGE2UmxRRRAB_02,ChdDSUhNMG9nS0VJQ0FnSURuMGE2UmxRRRAB,1,0
ChZDSUhNMG9nS0VJQ0FnSUMzLXMyN0hBEAE_01,ChZDSUhNMG9nS0VJQ0FnSUMzLXMyN0hBEAE,6,6
ChZDSUhNMG9nS0VJQ0FnSUMzLXMyN0hBEAE_02,ChZDSUhNMG9nS0VJQ0FnSUMzLXMyN0hBEAE,10,10
ChdDSUhNMG9nS0VJQ0FnSURQaU56LXFBRRAB_01,ChdDSUhNMG9nS0VJQ0FnSURQaU56LXFBRRAB,9,9
ChdDSUhNMG9nS0VJQ0FnSURQaU56LXFBRRAB_02,ChdDSUhNMG9nS0VJQ0FnSURQaU56LXFBRRAB,26,26
ChZDSUhNMG9nS0VJQ0FnSUN2OTdxeExREAE_01,ChZDSUhNMG9nS0VJQ0FnSUN2OTdxeExREAE,23,31
ChdDSUhNMG9nS0VJQ0FnSUNtb3NlRjFnRRAB_01,ChdDSUhNMG9nS0VJQ0FnSUNtb3NlRjFnRRAB,26,26
ChdDSUhNMG9nS0VJQ0FnSUNtb3NlRjFnRRAB_02,ChdDSUhNMG9nS0VJQ0FnSUNtb3NlRjFnRRAB,5,4
ChdDSUhNMG9nS0VJQ0FnSUNtb3NlRjFnRRAB_03,ChdDSUhNMG9nS0VJQ0FnSUNtb3NlRjFnRRAB,10,10
ChdDSUhNMG9nS0VJQ0FnSUNtb3NlRjFnRRAB_04,ChdDSUhNMG9nS0VJQ0FnSUNtb3NlRjFnRRAB,40,41
ChdDSUhNMG9nS0VJQ0FnSUNtb3NlRjFnRRAB_05,ChdDSUhNMG9nS0VJQ0FnSUNtb3NlRjFnRRAB,2,2
ChdDSUhNMG9nS0VJQ0FnSUNtb3NlRjFnRRAB_06,ChdDSUhNMG9nS0VJQ0FnSUNtb3NlRjFnRRAB,14,13
ChdDSUhNMG9nS0VJQ0FnSUNtb3NlRjFnRRAB_07,ChdDSUhNMG9nS0VJQ0FnSUNtb3NlRjFnRRAB,-1,-1
ChdDSUhNMG9nS0VJQ0FnSUNtb3NlRjFnRRAB_08,ChdDSUhNMG9nS0VJQ0FnSUNtb3NlRjFnRRAB,13,15
ChZDSUhNMG9nS0VJQ0FnSURmNDlMc0hnEAE_01,ChZDSUhNMG9nS0VJQ0FnSURmNDlMc0hnEAE,14,13
ChZDSUhNMG9nS0VJQ0FnSURmNDlMc0hnEAE_02,ChZDSUhNMG9nS0VJQ0FnSURmNDlMc0hnEAE,6,6
ChZDSUhNMG9nS0VJQ0FnSURmNDlMc0hnEAE_03,ChZDSUhNMG9nS0VJQ0FnSURmNDlMc0hnEAE,-1,-1
ChZDSUhNMG9nS0VJQ0FnSURmNDlMc0hnEAE_04,ChZDSUhNMG9nS0VJQ0FnSURmNDlMc0hnEAE,20,18
ChZDSUhNMG9nS0VJQ0FnSURmNDlMc0hnEAE_05,ChZDSUhNMG9nS0VJQ0FnSURmNDlMc0hnEAE,-1,-1
ChZDSUhNMG9nS0VJQ0FnSURmNDlMc0hnEAE_06,ChZDSUhNMG9nS0VJQ0FnSURmNDlMc0hnEAE,5,4
ChZDSUhNMG9nS0VJQ0FnSURmNDlMc0hnEAE_07,ChZDSUhNMG9nS0VJQ0FnSURmNDlMc0hnEAE,5,4
ChZDSUhNMG9nS0VJQ0FnSURmNDlMc0hnEAE_08,ChZDSUhNMG9nS0VJQ0FnSURmNDlMc0hnEAE,1,0
ChZDSUhNMG9nS0VJQ0FnSURmNDlMc0hnEAE_09,ChZDSUhNMG9nS0VJQ0FnSURmNDlMc0hnEAE,2,2
ChZDSUhNMG9nS0VJQ0FnSURmNDlMc0hnEAE_10,ChZDSUhNMG9nS0VJQ0FnSURmNDlMc0hnEAE,-1,-1
ChZDSUhNMG9nS0VJQ0FnSURmNDlMc0hnEAE_11,ChZDSUhNMG9nS0VJQ0FnSURmNDlMc0hnEAE,6,6
ChdDSUhNMG9nS0VJQ0FnSUNPMHJMZDdBRRAB_01,ChdDSUhNMG9nS0VJQ0FnSUNPMHJMZDdBRRAB,8,8
ChdDSUhNMG9nS0VJQ0FnSUNPMHJMZDdBRRAB_02,ChdDSUhNMG9nS0VJQ0FnSUNPMHJMZDdBRRAB,10,10
ChdDSUhNMG9nS0VJQ0FnSUNPMHJMZDdBRRAB_03,ChdDSUhNMG9nS0VJQ0FnSUNPMHJMZDdBRRAB,1,0
ChdDSUhNMG9nS0VJQ0FnSUNPMHJMZDdBRRAB_04,ChdDSUhNMG9nS0VJQ0FnSUNPMHJMZDdBRRAB,31,27
ChdDSUhNMG9nS0VJQ0FnSUNPMHJMZDdBRRAB_05,ChdDSUhNMG9nS0VJQ0FnSUNPMHJMZDdBRRAB,-1,-1
ChZDSUhNMG9nS0VJQ0FnSURfeDlLOU9BEAE_01,ChZDSUhNMG9nS0VJQ0FnSURfeDlLOU9BEAE,-1,-1
ChZDSUhNMG9nS0VJQ0FnSURfeDlLOU9BEAE_02,ChZDSUhNMG9nS0VJQ0FnSURfeDlLOU9BEAE,-1,-1
ChdDSUhNMG9nS0VJQ0FnTUN3NVBiamp3RRAB_01,ChdDSUhNMG9nS0VJQ0FnTUN3NVBiamp3RRAB,0,-1
ChdDSUhNMG9nS0VJajA5ZXkya2RLSTZnRRAB_01,ChdDSUhNMG9nS0VJajA5ZXkya2RLSTZnRRAB,-1,-1
ChdDSUhNMG9nS0VJajA5ZXkya2RLSTZnRRAB_02,ChdDSUhNMG9nS0VJajA5ZXkya2RLSTZnRRAB,-1,-1
ChdDSUhNMG9nS0VMamIwNG1CcHFlMjR3RRAB_01,ChdDSUhNMG9nS0VMamIwNG1CcHFlMjR3RRAB,20,18
Ci9DQUlRQUNvZENodHljRjlvT2xST1NXbGZRMG93YlVwMFExWklUVk5oWkdOeU9FRRAB_01,Ci9DQUlRQUNvZENodHljRjlvT2xST1NXbGZRMG93YlVwMFExWklUVk5oWkdOeU9FRRAB,12,21
Ci9DQUlRQUNvZENodHljRjlvT25SSFZGVjFVWE5QUlRscVdHbHFZMWxPZG13elRsRRAB_01,Ci9DQUlRQUNvZENodHljRjlvT25SSFZGVjFVWE5QUlRscVdHbHFZMWxPZG13elRsRRAB,0,-1
Ci9DQUlRQUNvZENodHljRjlvT25SSFZGVjFVWE5QUlRscVdHbHFZMWxPZG13elRsRRAB_02,Ci9DQUlRQUNvZENodHljRjlvT25SSFZGVjFVWE5QUlRscVdHbHFZMWxPZG13elRsRRAB,-1,-1
Ci9DQUlRQUNvZENodHljRjlvT25SSFZGVjFVWE5QUlRscVdHbHFZMWxPZG13elRsRRAB_03,Ci9DQUlRQUNvZENodHljRjlvT25SSFZGVjFVWE5QUlRscVdHbHFZMWxPZG13elRsRRAB,-1,-1
Ci9DQUlRQUNvZENodHljRjlvT210aE5ISkpMUzF3VVdWcE1UZEVWVko2VUhkeFNIYxAB_01,Ci9DQUlRQUNvZENodHljRjlvT210aE5ISkpMUzF3VVdWcE1UZEVWVko2VUhkeFNIYxAB,14,13
Ci9DQUlRQUNvZENodHljRjlvT21GSFFYSkpUVmw0TWxGMmFWTlJNRXBFYTJFM2NrRRAB_01,Ci9DQUlRQUNvZENodHljRjlvT21GSFFYSkpUVmw0TWxGMmFWTlJNRXBFYTJFM2NrRRAB,6,6
Ci9DQUlRQUNvZENodHljRjlvT21GSFFYSkpUVmw0TWxGMmFWTlJNRXBFYTJFM2NrRRAB_02,Ci9DQUlRQUNvZENodHljRjlvT21GSFFYSkpUVmw0TWxGMmFWTlJNRXBFYTJFM2NrRRAB,-1,-1
Ci9DQUlRQUNvZENodHljRjlvT21GSFFYSkpUVmw0TWxGMmFWTlJNRXBFYTJFM2NrRRAB_03,Ci9DQUlRQUNvZENodHljRjlvT21GSFFYSkpUVmw0TWxGMmFWTlJNRXBFYTJFM2NrRRAB,20,18
Ci9DQUlRQUNvZENodHljRjlvT21GSFFYSkpUVmw0TWxGMmFWTlJNRXBFYTJFM2NrRRAB_04,Ci9DQUlRQUNvZENodHljRjlvT21GSFFYSkpUVmw0TWxGMmFWTlJNRXBFYTJFM2NrRRAB,25,25
ChdDSUhNMG9nS0VJU0p4dm54d0lpZmd3RRAB_01,ChdDSUhNMG9nS0VJU0p4dm54d0lpZmd3RRAB,23,31
Ci9DQUlRQUNvZENodHljRjlvT21aRVRtcHFSVlpDYjJkNlJHRjFTbHBpTnpkSFRVRRAB_01,Ci9DQUlRQUNvZENodHljRjlvT21aRVRtcHFSVlpDYjJkNlJHRjFTbHBpTnpkSFRVRRAB,12,21
Ci9DQUlRQUNvZENodHljRjlvT21RdE5IUlZZMkZUTjIxaU1VY3dNVXQwYW1oc1EwRRAB_01,Ci9DQUlRQUNvZENodHljRjlvT21RdE5IUlZZMkZUTjIxaU1VY3dNVXQwYW1oc1EwRRAB,14,13
Ci9DQUlRQUNvZENodHljRjlvT21nMFRrOTFNMjk2U1VoVFlXZzFOM2szVkhkMGNXYxAB_01,Ci9DQUlRQUNvZENodHljRjlvT21nMFRrOTFNMjk2U1VoVFlXZzFOM2szVkhkMGNXYxAB,8,8
Ci9DQUlRQUNvZENodHljRjlvT2pkM2NHbG5iRmRxU1VkSlFrWk5PVFEzUVVsVVRWRRAB_01,Ci9DQUlRQUNvZENodHljRjlvT2pkM2NHbG5iRmRxU1VkSlFrWk5PVFEzUVVsVVRWRRAB,17,19
Ci9DQUlRQUNvZENodHljRjlvT2xCcE5sUkpZbWRsUkc1V1JFSlhXSEptYm5saWRIYxAB_01,Ci9DQUlRQUNvZENodHljRjlvT2xCcE5sUkpZbWRsUkc1V1JFSlhXSEptYm5saWRIYxAB,14,13
Ci9DQUlRQUNvZENodHljRjlvT2xCcE5sUkpZbWRsUkc1V1JFSlhXSEptYm5saWRIYxAB_02,Ci9DQUlRQUNvZENodHljRjlvT2xCcE5sUkpZbWRsUkc1V1JFSlhXSEptYm5saWRIYxAB,18,20
Ci9DQUlRQUNvZENodHljRjlvT2xCcE5sUkpZbWRsUkc1V1JFSlhXSEptYm5saWRIYxAB_03,Ci9DQUlRQUNvZENodHljRjlvT2xCcE5sUkpZbWRsUkc1V1JFSlhXSEptYm5saWRIYxAB,0,1
Ci9DQUlRQUNvZENodHljRjlvT2tKSFdrRnFXVXh1VWtwcmRWZzViVTFIUVRGemFtYxAB_01,Ci9DQUlRQUNvZENodHljRjlvT2tKSFdrRnFXVXh1VWtwcmRWZzViVTFIUVRGemFtYxAB,-1,-1
Ci9DQUlRQUNvZENodHljRjlvT21aUVpraDRiVVpUVVRSTWFYSkZkVXBUTVVkQlQwRRAB_01,Ci9DQUlRQUNvZENodHljRjlvT21aUVpraDRiVVpUVVRSTWFYSkZkVXBUTVVkQlQwRRAB,19,16
Ci9DQUlRQUNvZENodHljRjlvT21aUVpraDRiVVpUVVRSTWFYSkZkVXBUTVVkQlQwRRAB_02,Ci9DQUlRQUNvZENodHljRjlvT21aUVpraDRiVVpUVVRSTWFYSkZkVXBUTVVkQlQwRRAB,39,38
Ci9DQUlRQUNvZENodHljRjlvT2pKUUxVbEROSGw2YzNsNWRsUkljV2Q2UWxGdFkwRRAB_01,Ci9DQUlRQUNvZENodHljRjlvT2pKUUxVbEROSGw2YzNsNWRsUkljV2Q2UWxGdFkwRRAB,12,-1
Ci9DQUlRQUNvZENodHljRjlvT2s1cWJ6WjJZV0YwVEd0NGRWVjFYelpaWTBWSFIxRRAB_01,Ci9DQUlRQUNvZENodHljRjlvT2s1cWJ6WjJZV0YwVEd0NGRWVjFYelpaWTBWSFIxRRAB,7,7
Ci9DQUlRQUNvZENodHljRjlvT2s1cWJ6WjJZV0YwVEd0NGRWVjFYelpaWTBWSFIxRRAB_02,Ci9DQUlRQUNvZENodHljRjlvT2s1cWJ6WjJZV0YwVEd0NGRWVjFYelpaWTBWSFIxRRAB,8,8
Ci9DQUlRQUNvZENodHljRjlvT2xoM1NsUnZhVFJ6VTBKVlZWUkNPRzB5WnpVMGNWRRAB_01,Ci9DQUlRQUNvZENodHljRjlvT2xoM1NsUnZhVFJ6VTBKVlZWUkNPRzB5WnpVMGNWRRAB,1,-1
Ci9DQUlRQUNvZENodHljRjlvT2xoM1NsUnZhVFJ6VTBKVlZWUkNPRzB5WnpVMGNWRRAB_02,Ci9DQUlRQUNvZENodHljRjlvT2xoM1NsUnZhVFJ6VTBKVlZWUkNPRzB5WnpVMGNWRRAB,4,5
Ci9DQUlRQUNvZENodHljRjlvT2xoM1NsUnZhVFJ6VTBKVlZWUkNPRzB5WnpVMGNWRRAB_03,Ci9DQUlRQUNvZENodHljRjlvT2xoM1NsUnZhVFJ6VTBKVlZWUkNPRzB5WnpVMGNWRRAB,8,8
ChZDSUhNMG9nS0VJQ0FnSUNocjZfdGRREAE_01,ChZDSUhNMG9nS0VJQ0FnSUNocjZfdGRREAE,36,37
ChZDSUhNMG9nS0VJQ0FnSUNocjZfdGRREAE_02,ChZDSUhNMG9nS0VJQ0FnSUNocjZfdGRREAE,31,27
ChZDSUhNMG9nS0VJQ0FnSUNocjZfdGRREAE_03,ChZDSUhNMG9nS0VJQ0FnSUNocjZfdGRREAE,8,8
Ci9DQUlRQUNvZENodHljRjlvT25Ca1V6ZzNSMVJtYUV0ellWRkZXSGwzYlZKdVFtYxAB_01,Ci9DQUlRQUNvZENodHljRjlvT25Ca1V6ZzNSMVJtYUV0ellWRkZXSGwzYlZKdVFtYxAB,11,-1
ChZDSUhNMG9nS0VJQ0FnSUQxN1BUR0lREAE_01,ChZDSUhNMG9nS0VJQ0FnSUQxN1BUR0lREAE,35,36
ChZDSUhNMG9nS0VJQ0FnSUQxN1BUR0lREAE_02,ChZDSUhNMG9nS0VJQ0FnSUQxN1BUR0lREAE,0,1
ChZDSUhNMG9nS0VJQ0FnSUQxN1BUR0lREAE_03,ChZDSUhNMG9nS0VJQ0FnSUQxN1BUR0lREAE,26,26
ChZDSUhNMG9nS0VJQ0FnSUQxN1BUR0lREAE_04,ChZDSUhNMG9nS0VJQ0FnSUQxN1BUR0lREAE,1,0
ChZDSUhNMG9nS0VJQ0FnSUQxN1BUR0lREAE_05,ChZDSUhNMG9nS0VJQ0FnSUQxN1BUR0lREAE,23,31
ChZDSUhNMG9nS0VJQ0FnSUQxN1BUR0lREAE_06,ChZDSUhNMG9nS0VJQ0FnSUQxN1BUR0lREAE,39,38
ChZDSUhNMG9nS0VJQ0FnSUQxN1BUR0lREAE_07,ChZDSUhNMG9nS0VJQ0FnSUQxN1BUR0lREAE,-1,-1
ChZDSUhNMG9nS0VJQ0FnSUQxdl9ldUVnEAE_01,ChZDSUhNMG9nS0VJQ0FnSUQxdl9ldUVnEAE,9,9
ChZDSUhNMG9nS0VJQ0FnSUQxdl9ldUVnEAE_02,ChZDSUhNMG9nS0VJQ0FnSUQxdl9ldUVnEAE,20,18
ChZDSUhNMG9nS0VJQ0FnSUQxdl9ldUVnEAE_03,ChZDSUhNMG9nS0VJQ0FnSUQxdl9ldUVnEAE,2,2
ChZDSUhNMG9nS0VJQ0FnSUQxdl9ldUVnEAE_04,ChZDSUhNMG9nS0VJQ0FnSUQxdl9ldUVnEAE,-1,-1
ChZDSUhNMG9nS0VJQ0FnSUNOOXE3ZmR3EAE_01,ChZDSUhNMG9nS0VJQ0FnSUNOOXE3ZmR3EAE,0,1
ChZDSUhNMG9nS0VJQ0FnSUNkcDlQdkh3EAE_01,ChZDSUhNMG9nS0VJQ0FnSUNkcDlQdkh3EAE,1,0
ChZDSUhNMG9nS0VJQ0FnSUR5LUtiLUN3EAE_01,ChZDSUhNMG9nS0VJQ0FnSUR5LUtiLUN3EAE,14,13
ChZDSUhNMG9nS0VJQ0FnSUR5LUtiLUN3EAE_02,ChZDSUhNMG9nS0VJQ0FnSUR5LUtiLUN3EAE,26,26
ChZDSUhNMG9nS0VJQ0FnSUR5LUtiLUN3EAE_03,ChZDSUhNMG9nS0VJQ0FnSUR5LUtiLUN3EAE,-1,-1
ChdDSUhNMG9nS0VJQ0FnSUNUdmM3NWpRRRAB_01,ChdDSUhNMG9nS0VJQ0FnSUNUdmM3NWpRRRAB,8,8
ChdDSUhNMG9nS0VJQ0FnSUNUdmM3NWpRRRAB_02,ChdDSUhNMG9nS0VJQ0FnSUNUdmM3NWpRRRAB,4,5
ChdDSUhNMG9nS0VJQ0FnSUNUdmM3NWpRRRAB_03,ChdDSUhNMG9nS0VJQ0FnSUNUdmM3NWpRRRAB,-1,-1
ChZDSUhNMG9nS0VJQ0FnSUNUdTVXMEpnEAE_01,ChZDSUhNMG9nS0VJQ0FnSUNUdTVXMEpnEAE,7,7
ChZDSUhNMG9nS0VJQ0FnSUNUdTVXMEpnEAE_02,ChZDSUhNMG9nS0VJQ0FnSUNUdTVXMEpnEAE,5,-1
ChZDSUhNMG9nS0VJQ0FnSURUdV9TMUV3EAE_01,ChZDSUhNMG9nS0VJQ0FnSURUdV9TMUV3EAE,36,37
ChZDSUhNMG9nS0VJQ0FnSUR6NHBqcVR3EAE_01,ChZDSUhNMG9nS0VJQ0FnSUR6NHBqcVR3EAE,26,-1
ChZDSUhNMG9nS0VJQ0FnSUR6NHBqcVR3EAE_02,ChZDSUhNMG9nS0VJQ0FnSUR6NHBqcVR3EAE,5,4
ChdDSUhNMG9nS0VJQ0FnSUR6ZzRmRThBRRAB_01,ChdDSUhNMG9nS0VJQ0FnSUR6ZzRmRThBRRAB,7,7
ChdDSUhNMG9nS0VJQ0FnSUR6ZzRmRThBRRAB_02,ChdDSUhNMG9nS0VJQ0FnSUR6ZzRmRThBRRAB,-1,-1
ChZDSUhNMG9nS0VJQ0FnSUNMZ3VYZ0lREAE_01,ChZDSUhNMG9nS0VJQ0FnSUNMZ3VYZ0lREAE,0,1
ChZDSUhNMG9nS0VJQ0FnSUNMZ3VYZ0lREAE_02,ChZDSUhNMG9nS0VJQ0FnSUNMZ3VYZ0lREAE,-1,-1
ChZDSUhNMG9nS0VJQ0FnSURieUxLc0tBEAE_01,ChZDSUhNMG9nS0VJQ0FnSURieUxLc0tBEAE,0,1
ChZDSUhNMG9nS0VJQ0FnSURidjU3RUlBEAE_01,ChZDSUhNMG9nS0VJQ0FnSURidjU3RUlBEAE,0,1
ChZDSUhNMG9nS0VJQ0FnSURidjU3RUlBEAE_02,ChZDSUhNMG9nS0VJQ0FnSURidjU3RUlBEAE,6,6
ChZDSUhNMG9nS0VJQ0FnSURidjU3RUlBEAE_03,ChZDSUhNMG9nS0VJQ0FnSURidjU3RUlBEAE,25,25
ChZDSUhNMG9nS0VJQ0FnSUNIdjhLdkJ3EAE_01,ChZDSUhNMG9nS0VJQ0FnSUNIdjhLdkJ3EAE,-1,-1
ChZDSUhNMG9nS0VJQ0FnSUNIdjhLdkJ3EAE_02,ChZDSUhNMG9nS0VJQ0FnSUNIdjhLdkJ3EAE,26,-1
ChdDSUhNMG9nS0VJQ0FnSUMzNWRiSnRRRRAB_01,ChdDSUhNMG9nS0VJQ0FnSUMzNWRiSnRRRRAB,11,12
ChZDSUhNMG9nS0VJQ0FnSUN2aEwtYmZ3EAE_01,ChZDSUhNMG9nS0VJQ0FnSUN2aEwtYmZ3EAE,10,10
ChdDSUhNMG9nS0VJQ0FnSUN2cXNDVi1BRRAB_01,ChdDSUhNMG9nS0VJQ0FnSUN2cXNDVi1BRRAB,38,40
ChdDSUhNMG9nS0VJQ0FnSUN2cXNDVi1BRRAB_02,ChdDSUhNMG9nS0VJQ0FnSUN2cXNDVi1BRRAB,-1,-1
ChdDSUhNMG9nS0VJQ0FnSUN2cXNDVi1BRRAB_03,ChdDSUhNMG9nS0VJQ0FnSUN2cXNDVi1BRRAB,-1,-1
ChdDSUhNMG9nS0VJQ0FnSUN2cXNDVi1BRRAB_04,ChdDSUhNMG9nS0VJQ0FnSUN2cXNDVi1BRRAB,32,32
ChdDSUhNMG9nS0VJQ0FnSUN2cXNDVi1BRRAB_05,ChdDSUhNMG9nS0VJQ0FnSUN2cXNDVi1BRRAB,5,4
ChZDSUhNMG9nS0VJQ0FnSUNmdHBQNk1REAE_01,ChZDSUhNMG9nS0VJQ0FnSUNmdHBQNk1REAE,8,8
ChdDSUhNMG9nS0VJQ0FnTURJMTlmNXF3RRAB_01,ChdDSUhNMG9nS0VJQ0FnTURJMTlmNXF3RRAB,11,12
ChdDSUhNMG9nS0VJQ0FnTURJMTlmNXF3RRAB_02,ChdDSUhNMG9nS0VJQ0FnTURJMTlmNXF3RRAB,29,23
Ci9DQUlRQUNvZENodHljRjlvT20xRWN6ZDVjV05DY1dsbVgwWlBjbGRMZUdwYVJIYxAB_01,Ci9DQUlRQUNvZENodHljRjlvT20xRWN6ZDVjV05DY1dsbVgwWlBjbGRMZUdwYVJIYxAB,12,30
ChZDSUhNMG9nS0VJUHJ6ZS1qd01pNlJBEAE_01,ChZDSUhNMG9nS0VJUHJ6ZS1qd01pNlJBEAE,5,4
ChZDSUhNMG9nS0VJUHJ6ZS1qd01pNlJBEAE_02,ChZDSUhNMG9nS0VJUHJ6ZS1qd01pNlJBEAE,7,7
ChZDSUhNMG9nS0VJUHJ6ZS1qd01pNlJBEAE_03,ChZDSUhNMG9nS0VJUHJ6ZS1qd01pNlJBEAE,-1,-1
ChZDSUhNMG9nS0VJUHJ6ZS1qd01pNlJBEAE_04,ChZDSUhNMG9nS0VJUHJ6ZS1qd01pNlJBEAE,0,1
ChZDSUhNMG9nS0VJUHJ6ZS1qd01pNlJBEAE_05,ChZDSUhNMG9nS0VJUHJ6ZS1qd01pNlJBEAE,14,13
Ci9DQUlRQUNvZENodHljRjlvT2pObU5HUnFNVkZVYWxCSE1tVnllbkEwYVU5SVVVRRAB_01,Ci9DQUlRQUNvZENodHljRjlvT2pObU5HUnFNVkZVYWxCSE1tVnllbkEwYVU5SVVVRRAB,0,1
Ci9DQUlRQUNvZENodHljRjlvT21ad1ZuWnlNMVZTVVVGUWNrSnZTazQzZFdsaFRFRRAB_01,Ci9DQUlRQUNvZENodHljRjlvT21ad1ZuWnlNMVZTVVVGUWNrSnZTazQzZFdsaFRFRRAB,8,8
Ci9DQUlRQUNvZENodHljRjlvT21ad1ZuWnlNMVZTVVVGUWNrSnZTazQzZFdsaFRFRRAB_02,Ci9DQUlRQUNvZENodHljRjlvT21ad1ZuWnlNMVZTVVVGUWNrSnZTazQzZFdsaFRFRRAB,-1,-1
Ci9DQUlRQUNvZENodHljRjlvT21ONFgybzJTR0ZPZDFWV2REUllhRUZEV2kxalVtYxAB_01,Ci9DQUlRQUNvZENodHljRjlvT21ONFgybzJTR0ZPZDFWV2REUllhRUZEV2kxalVtYxAB,0,1
Ci9DQUlRQUNvZENodHljRjlvT21adVpFSlVUWGROY0haSFNVNTNZemc0VFMwNGRWRRAB_01,Ci9DQUlRQUNvZENodHljRjlvT21adVpFSlVUWGROY0haSFNVNTNZemc0VFMwNGRWRRAB,0,-1
Ci9DQUlRQUNvZENodHljRjlvT21adVpFSlVUWGROY0haSFNVNTNZemc0VFMwNGRWRRAB_02,Ci9DQUlRQUNvZENodHljRjlvT21adVpFSlVUWGROY0haSFNVNTNZemc0VFMwNGRWRRAB,20,-1
Ci9DQUlRQUNvZENodHljRjlvT21adVpFSlVUWGROY0haSFNVNTNZemc0VFMwNGRWRRAB_03,Ci9DQUlRQUNvZENodHljRjlvT21adVpFSlVUWGROY0haSFNVNTNZemc0VFMwNGRWRRAB,37,35
Ci9DQUlRQUNvZENodHljRjlvT2sxb01VUjBPRzFoWDFKZlJpMW1XSEJzWTFGWkxVRRAB_01,Ci9DQUlRQUNvZENodHljRjlvT2sxb01VUjBPRzFoWDFKZlJpMW1XSEJzWTFGWkxVRRAB,4,-1
Ci9DQUlRQUNvZENodHljRjlvT2tGZmNVRjFabmxmVkVkbFQwUjVSR2RyWkY5aWNWRRAB_01,Ci9DQUlRQUNvZENodHljRjlvT2tGZmNVRjFabmxmVkVkbFQwUjVSR2RyWkY5aWNWRRAB,12,30
Ci9DQUlRQUNvZENodHljRjlvT25wMmF6RlpiM2hFVWtGMVdVNVRVVkZ3VHpRM1kyYxAB_01,Ci9DQUlRQUNvZENodHljRjlvT25wMmF6RlpiM2hFVWtGMVdVNVRVVkZ3VHpRM1kyYxAB,2,2
Ci9DQUlRQUNvZENodHljRjlvT25wMmF6RlpiM2hFVWtGMVdVNVRVVkZ3VHpRM1kyYxAB_02,Ci9DQUlRQUNvZENodHljRjlvT25wMmF6RlpiM2hFVWtGMVdVNVRVVkZ3VHpRM1kyYxAB,7,7
Ci9DQUlRQUNvZENodHljRjlvT25wMmF6RlpiM2hFVWtGMVdVNVRVVkZ3VHpRM1kyYxAB_03,Ci9DQUlRQUNvZENodHljRjlvT25wMmF6RlpiM2hFVWtGMVdVNVRVVkZ3VHpRM1kyYxAB,2,2
Ci9DQUlRQUNvZENodHljRjlvT25wMmF6RlpiM2hFVWtGMVdVNVRVVkZ3VHpRM1kyYxAB_04,Ci9DQUlRQUNvZENodHljRjlvT25wMmF6RlpiM2hFVWtGMVdVNVRVVkZ3VHpRM1kyYxAB,33,39
Ci9DQUlRQUNvZENodHljRjlvT2tOV1RHVnVRbVZIWVhCMGRGSmhhbXBtT0VSUkxXYxAB_01,Ci9DQUlRQUNvZENodHljRjlvT2tOV1RHVnVRbVZIWVhCMGRGSmhhbXBtT0VSUkxXYxAB,3,3
Ci9DQUlRQUNvZENodHljRjlvT2tOV1RHVnVRbVZIWVhCMGRGSmhhbXBtT0VSUkxXYxAB_02,Ci9DQUlRQUNvZENodHljRjlvT2tOV1RHVnVRbVZIWVhCMGRGSmhhbXBtT0VSUkxXYxAB,0,1
Ci9DQUlRQUNvZENodHljRjlvT2pNemJsQktZVlJuWm14eWFGbDVkM1U1WW1OaWRIYxAB_01,Ci9DQUlRQUNvZENodHljRjlvT2pNemJsQktZVlJuWm14eWFGbDVkM1U1WW1OaWRIYxAB,-1,-1
Ci9DQUlRQUNvZENodHljRjlvT2pNemJsQktZVlJuWm14eWFGbDVkM1U1WW1OaWRIYxAB_02,Ci9DQUlRQUNvZENodHljRjlvT2pNemJsQktZVlJuWm14eWFGbDVkM1U1WW1OaWRIYxAB,6,6
Ci9DQUlRQUNvZENodHljRjlvT2pNemJsQktZVlJuWm14eWFGbDVkM1U1WW1OaWRIYxAB_03,Ci9DQUlRQUNvZENodHljRjlvT2pNemJsQktZVlJuWm14eWFGbDVkM1U1WW1OaWRIYxAB,-1,-1
Ci9DQUlRQUNvZENodHljRjlvT2pkM1ZtNDBhM3B5TUZGTlNqZGFTV0ZpT1c5c2VtYxAB_01,Ci9DQUlRQUNvZENodHljRjlvT2pkM1ZtNDBhM3B5TUZGTlNqZGFTV0ZpT1c5c2VtYxAB,14,13
Ci9DQUlRQUNvZENodHljRjlvT2pkM1ZtNDBhM3B5TUZGTlNqZGFTV0ZpT1c5c2VtYxAB_02,Ci9DQUlRQUNvZENodHljRjlvT2pkM1ZtNDBhM3B5TUZGTlNqZGFTV0ZpT1c5c2VtYxAB,0,1
ChZDSUhNMG9nS0VJQ0FnSURNdjZqLUNnEAE_01,ChZDSUhNMG9nS0VJQ0FnSURNdjZqLUNnEAE,4,5
ChZDSUhNMG9nS0VJQ0FnSURNdjZqLUNnEAE_02,ChZDSUhNMG9nS0VJQ0FnSURNdjZqLUNnEAE,0,1
ChZDSUhNMG9nS0VJQ0FnSURNdjZqLUNnEAE_03,ChZDSUhNMG9nS0VJQ0FnSURNdjZqLUNnEAE,5,-1
Ci9DQUlRQUNvZENodHljRjlvT2xGNlFXeHROWE5WUXpKelJYZDFXV0pXTjJOWWFFRRAB_01,Ci9DQUlRQUNvZENodHljRjlvT2xGNlFXeHROWE5WUXpKelJYZDFXV0pXTjJOWWFFRRAB,-1,-1
Ci9DQUlRQUNvZENodHljRjlvT2xGNlFXeHROWE5WUXpKelJYZDFXV0pXTjJOWWFFRRAB_02,Ci9DQUlRQUNvZENodHljRjlvT2xGNlFXeHROWE5WUXpKelJYZDFXV0pXTjJOWWFFRRAB,-1,-1
Ci9DQUlRQUNvZENodHljRjlvT2xGNlFXeHROWE5WUXpKelJYZDFXV0pXTjJOWWFFRRAB_03,Ci9DQUlRQUNvZENodHljRjlvT2xGNlFXeHROWE5WUXpKelJYZDFXV0pXTjJOWWFFRRAB,-1,-1
Ci9DQUlRQUNvZENodHljRjlvT2xGNlFXeHROWE5WUXpKelJYZDFXV0pXTjJOWWFFRRAB_04,Ci9DQUlRQUNvZENodHljRjlvT2xGNlFXeHROWE5WUXpKelJYZDFXV0pXTjJOWWFFRRAB,-1,-1
Ci9DQUlRQUNvZENodHljRjlvT2xGNlFXeHROWE5WUXpKelJYZDFXV0pXTjJOWWFFRRAB_05,Ci9DQUlRQUNvZENodHljRjlvT2xGNlFXeHROWE5WUXpKelJYZDFXV0pXTjJOWWFFRRAB,-1,-1
Ci9DQUlRQUNvZENodHljRjlvT25oSlJYSjRjR3AwVGtGelIyUnRZVVZPVDBkbFdVRRAB_01,Ci9DQUlRQUNvZENodHljRjlvT25oSlJYSjRjR3AwVGtGelIyUnRZVVZPVDBkbFdVRRAB,0,1
Ci9DQUlRQUNvZENodHljRjlvT2pGV1RrWmpRalZvZVdkUk9EUmhiMU5sYlcxYU5HYxAB_01,Ci9DQUlRQUNvZENodHljRjlvT2pGV1RrWmpRalZvZVdkUk9EUmhiMU5sYlcxYU5HYxAB,0,-1
Ci9DQUlRQUNvZENodHljRjlvT2tWVmRFWlBOMHhJYTFkdFFqVXpaemc1TjA1SFZGRRAB_01,Ci9DQUlRQUNvZENodHljRjlvT2tWVmRFWlBOMHhJYTFkdFFqVXpaemc1TjA1SFZGRRAB,21,28
Ci9DQUlRQUNvZENodHljRjlvT2tWVmRFWlBOMHhJYTFkdFFqVXpaemc1TjA1SFZGRRAB_02,Ci9DQUlRQUNvZENodHljRjlvT2tWVmRFWlBOMHhJYTFkdFFqVXpaemc1TjA1SFZGRRAB,24,-1
Ci9DQUlRQUNvZENodHljRjlvT21SdlRDMU9USGcxTkhKTlEzVTRTbWgwVGxodE1FRRAB_01,Ci9DQUlRQUNvZENodHljRjlvT21SdlRDMU9USGcxTkhKTlEzVTRTbWgwVGxodE1FRRAB,11,-1
Ci9DQUlRQUNvZENodHljRjlvT21SdlRDMU9USGcxTkhKTlEzVTRTbWgwVGxodE1FRRAB_02,Ci9DQUlRQUNvZENodHljRjlvT21SdlRDMU9USGcxTkhKTlEzVTRTbWgwVGxodE1FRRAB,7,7
Ci9DQUlRQUNvZENodHljRjlvT21SdlRDMU9USGcxTkhKTlEzVTRTbWgwVGxodE1FRRAB_03,Ci9DQUlRQUNvZENodHljRjlvT21SdlRDMU9USGcxTkhKTlEzVTRTbWgwVGxodE1FRRAB,-1,-1
Ci9DQUlRQUNvZENodHljRjlvT21SdlRDMU9USGcxTkhKTlEzVTRTbWgwVGxodE1FRRAB_04,Ci9DQUlRQUNvZENodHljRjlvT21SdlRDMU9USGcxTkhKTlEzVTRTbWgwVGxodE1FRRAB,1,0
Ci9DQUlRQUNvZENodHljRjlvT205WlZtdGpOWHB6VjBSWFh6RTBRekZEYlhKSmVtYxAB_01,Ci9DQUlRQUNvZENodHljRjlvT205WlZtdGpOWHB6VjBSWFh6RTBRekZEYlhKSmVtYxAB,-1,-1
Ci9DQUlRQUNvZENodHljRjlvT2tkaFVIbHVUbXBEVWpSNVZrTXROMFZPYVdab04wRRAB_01,Ci9DQUlRQUNvZENodHljRjlvT2tkaFVIbHVUbXBEVWpSNVZrTXROMFZPYVdab04wRRAB,0,1
Ci9DQUlRQUNvZENodHljRjlvT2tkaFVIbHVUbXBEVWpSNVZrTXROMFZPYVdab04wRRAB_02,Ci9DQUlRQUNvZENodHljRjlvT2tkaFVIbHVUbXBEVWpSNVZrTXROMFZPYVdab04wRRAB,23,31
Ci9DQUlRQUNvZENodHljRjlvT21kT05YVmZTa2R5YUhBdFFWWnFWRE41V0ZSV01VRRAB_01,Ci9DQUlRQUNvZENodHljRjlvT21kT05YVmZTa2R5YUhBdFFWWnFWRE41V0ZSV01VRRAB,11,12
Ci9DQUlRQUNvZENodHljRjlvT21kT05YVmZTa2R5YUhBdFFWWnFWRE41V0ZSV01VRRAB_02,Ci9DQUlRQUNvZENodHljRjlvT21kT05YVmZTa2R5YUhBdFFWWnFWRE41V0ZSV01VRRAB,-1,-1
ChdDSUhNMG9nS0VJQ0FnSURhcXYya3hBRRAB_01,ChdDSUhNMG9nS0VJQ0FnSURhcXYya3hBRRAB,11,12
ChdDSUhNMG9nS0VJQ0FnSURhcXYya3hBRRAB_02,ChdDSUhNMG9nS0VJQ0FnSURhcXYya3hBRRAB,6,6
Ci9DQUlRQUNvZENodHljRjlvT25Wa2FsTlNMVkl6VkZsNmN6UmZSMU5OV21oaFFYYxAB_01,Ci9DQUlRQUNvZENodHljRjlvT25Wa2FsTlNMVkl6VkZsNmN6UmZSMU5OV21oaFFYYxAB,9,9
Ci9DQUlRQUNvZENodHljRjlvT25Wa2FsTlNMVkl6VkZsNmN6UmZSMU5OV21oaFFYYxAB_02,Ci9DQUlRQUNvZENodHljRjlvT25Wa2FsTlNMVkl6VkZsNmN6UmZSMU5OV21oaFFYYxAB,8,8
Ci9DQUlRQUNvZENodHljRjlvT25Wa2FsTlNMVkl6VkZsNmN6UmZSMU5OV21oaFFYYxAB_03,Ci9DQUlRQUNvZENodHljRjlvT25Wa2FsTlNMVkl6VkZsNmN6UmZSMU5OV21oaFFYYxAB,6,6
Ci9DQUlRQUNvZENodHljRjlvT25Wa2FsTlNMVkl6VkZsNmN6UmZSMU5OV21oaFFYYxAB_04,Ci9DQUlRQUNvZENodHljRjlvT25Wa2FsTlNMVkl6VkZsNmN6UmZSMU5OV21oaFFYYxAB,17,-1
Ci9DQUlRQUNvZENodHljRjlvT25Wa2FsTlNMVkl6VkZsNmN6UmZSMU5OV21oaFFYYxAB_05,Ci9DQUlRQUNvZENodHljRjlvT25Wa2FsTlNMVkl6VkZsNmN6UmZSMU5OV21oaFFYYxAB,6,6
Ci9DQUlRQUNvZENodHljRjlvT25Wa2FsTlNMVkl6VkZsNmN6UmZSMU5OV21oaFFYYxAB_06,Ci9DQUlRQUNvZENodHljRjlvT25Wa2FsTlNMVkl6VkZsNmN6UmZSMU5OV21oaFFYYxAB,6,6
Ci9DQUlRQUNvZENodHljRjlvT25Wa2FsTlNMVkl6VkZsNmN6UmZSMU5OV21oaFFYYxAB_07,Ci9DQUlRQUNvZENodHljRjlvT25Wa2FsTlNMVkl6VkZsNmN6UmZSMU5OV21oaFFYYxAB,6,-1
Ci9DQUlRQUNvZENodHljRjlvT25Wa2FsTlNMVkl6VkZsNmN6UmZSMU5OV21oaFFYYxAB_08,Ci9DQUlRQUNvZENodHljRjlvT25Wa2FsTlNMVkl6VkZsNmN6UmZSMU5OV21oaFFYYxAB,-1,-1
Ci9DQUlRQUNvZENodHljRjlvT25Wa2FsTlNMVkl6VkZsNmN6UmZSMU5OV21oaFFYYxAB_09,Ci9DQUlRQUNvZENodHljRjlvT25Wa2FsTlNMVkl6VkZsNmN6UmZSMU5OV21oaFFYYxAB,9,9
ChdDSUhNMG9nS0VJQ0FnSUMxbGRHZXV3RRAB_01,ChdDSUhNMG9nS0VJQ0FnSUMxbGRHZXV3RRAB,9,9
ChZDSUhNMG9nS0VJQ0FnSUMxci1HNkhBEAE_01,ChZDSUhNMG9nS0VJQ0FnSUMxci1HNkhBEAE,26,26
ChZDSUhNMG9nS0VJQ0FnSUMxci1HNkhBEAE_02,ChZDSUhNMG9nS0VJQ0FnSUMxci1HNkhBEAE,23,31
ChZDSUhNMG9nS0VJQ0FnSUMxci1HNkhBEAE_03,ChZDSUhNMG9nS0VJQ0FnSUMxci1HNkhBEAE,-1,-1
ChZDSUhNMG9nS0VJQ0FnSUNOdUx5OVFBEAE_01,ChZDSUhNMG9nS0VJQ0FnSUNOdUx5OVFBEAE,24,33
ChdDSUhNMG9nS0VJQ0FnSUN0dnR2OHR3RRAB_01,ChdDSUhNMG9nS0VJQ0FnSUN0dnR2OHR3RRAB,9,9
ChZDSUhNMG9nS0VJQ0FnSURkNWZHTEZnEAE_01,ChZDSUhNMG9nS0VJQ0FnSURkNWZHTEZnEAE,-1,-1
ChdDSUhNMG9nS0VJQ0FnSUREejkzd3FBRRAB_01,ChdDSUhNMG9nS0VJQ0FnSUREejkzd3FBRRAB,23,-1
ChdDSUhNMG9nS0VJQ0FnSUREejkzd3FBRRAB_02,ChdDSUhNMG9nS0VJQ0FnSUREejkzd3FBRRAB,12,30
ChdDSUhNMG9nS0VJQ0FnSUNqdk1DYXZ3RRAB_01,ChdDSUhNMG9nS0VJQ0FnSUNqdk1DYXZ3RRAB,26,-1
ChZDSUhNMG9nS0VJQ0FnSUR6ak91MEtBEAE_01,ChZDSUhNMG9nS0VJQ0FnSUR6ak91MEtBEAE,-1,-1
ChZDSUhNMG9nS0VJQ0FnSUR6ak91MEtBEAE_02,ChZDSUhNMG9nS0VJQ0FnSUR6ak91MEtBEAE,26,26
ChZDSUhNMG9nS0VJQ0FnSUR6ak91MEtBEAE_03,ChZDSUhNMG9nS0VJQ0FnSUR6ak91MEtBEAE,-1,-1
ChZDSUhNMG9nS0VJQ0FnSUR6ak91MEtBEAE_04,ChZDSUhNMG9nS0VJQ0FnSUR6ak91MEtBEAE,-1,-1
ChZDSUhNMG9nS0VJQ0FnSUR6ak91MEtBEAE_05,ChZDSUhNMG9nS0VJQ0FnSUR6ak91MEtBEAE,34,34
ChdDSUhNMG9nS0VJQ0FnSUR6enVxUXdnRRAB_01,ChdDSUhNMG9nS0VJQ0FnSUR6enVxUXdnRRAB,9,9
ChdDSUhNMG9nS0VJQ0FnSUR6enVxUXdnRRAB_02,ChdDSUhNMG9nS0VJQ0FnSUR6enVxUXdnRRAB,10,10
ChdDSUhNMG9nS0VJQ0FnSUR6enVxUXdnRRAB_03,ChdDSUhNMG9nS0VJQ0FnSUR6enVxUXdnRRAB,0,1
ChdDSUhNMG9nS0VJQ0FnSUR6enVxUXdnRRAB_04,ChdDSUhNMG9nS0VJQ0FnSUR6enVxUXdnRRAB,26,26
ChdDSUhNMG9nS0VJQ0FnSURMNjdyNzlBRRAB_01,ChdDSUhNMG9nS0VJQ0FnSURMNjdyNzlBRRAB,26,26
ChdDSUhNMG9nS0VJQ0FnSURMNjdyNzlBRRAB_02,ChdDSUhNMG9nS0VJQ0FnSURMNjdyNzlBRRAB,21,28
ChdDSUhNMG9nS0VJQ0FnSURMNjdyNzlBRRAB_03,ChdDSUhNMG9nS0VJQ0FnSURMNjdyNzlBRRAB,32,32
ChdDSUhNMG9nS0VJQ0FnSURMNjdyNzlBRRAB_04,ChdDSUhNMG9nS0VJQ0FnSURMNjdyNzlBRRAB,17,19
ChZDSUhNMG9nS0VJQ0FnSURyMG8yR0Z3EAE_01,ChZDSUhNMG9nS0VJQ0FnSURyMG8yR0Z3EAE,29,23
ChZDSUhNMG9nS0VJQ0FnSURyMG8yR0Z3EAE_02,ChZDSUhNMG9nS0VJQ0FnSURyMG8yR0Z3EAE,7,-1
ChdDSUhNMG9nS0VJQ0FnSURiek1MZGhnRRAB_01,ChdDSUhNMG9nS0VJQ0FnSURiek1MZGhnRRAB,14,13
ChdDSUhNMG9nS0VJQ0FnSURiek1MZGhnRRAB_02,ChdDSUhNMG9nS0VJQ0FnSURiek1MZGhnRRAB,36,37
ChdDSUhNMG9nS0VJQ0FnSURiek1MZGhnRRAB_03,ChdDSUhNMG9nS0VJQ0FnSURiek1MZGhnRRAB,1,0
ChdDSUhNMG9nS0VJQ0FnSURiek1MZGhnRRAB_04,ChdDSUhNMG9nS0VJQ0FnSURiek1MZGhnRRAB,-1,-1
ChdDSUhNMG9nS0VJQ0FnSUM3b3FUc3hRRRAB_01,ChdDSUhNMG9nS0VJQ0FnSUM3b3FUc3hRRRAB,7,7
ChdDSUhNMG9nS0VJQ0FnSUM3b3FUc3hRRRAB_02,ChdDSUhNMG9nS0VJQ0FnSUM3b3FUc3hRRRAB,36,37
ChdDSUhNMG9nS0VJQ0FnSUM3b3FUc3hRRRAB_03,ChdDSUhNMG9nS0VJQ0FnSUM3b3FUc3hRRRAB,10,10
ChZDSUhNMG9nS0VJQ0FnSUNIdmZXdWNnEAE_01,ChZDSUhNMG9nS0VJQ0FnSUNIdmZXdWNnEAE,23,31
ChZDSUhNMG9nS0VJQ0FnSUNIdmZXdWNnEAE_02,ChZDSUhNMG9nS0VJQ0FnSUNIdmZXdWNnEAE,18,-1
ChZDSUhNMG9nS0VJQ0FnSUNIX2JySFFREAE_01,ChZDSUhNMG9nS0VJQ0FnSUNIX2JySFFREAE,0,1
ChZDSUhNMG9nS0VJQ0FnSUNIX2JySFFREAE_02,ChZDSUhNMG9nS0VJQ0FnSUNIX2JySFFREAE,9,9
ChZDSUhNMG9nS0VJQ0FnSURIcTk3eVRBEAE_01,ChZDSUhNMG9nS0VJQ0FnSURIcTk3eVRBEAE,3,-1
ChZDSUhNMG9nS0VJQ0FnSURubmY2Y0ZnEAE_01,ChZDSUhNMG9nS0VJQ0FnSURubmY2Y0ZnEAE,9,9
ChZDSUhNMG9nS0VJQ0FnSURubmY2Y0ZnEAE_02,ChZDSUhNMG9nS0VJQ0FnSURubmY2Y0ZnEAE,5,4
ChZDSUhNMG9nS0VJQ0FnSURubmY2Y0ZnEAE_03,ChZDSUhNMG9nS0VJQ0FnSURubmY2Y0ZnEAE,5,4
ChZDSUhNMG9nS0VJQ0FnSURubmY2Y0ZnEAE_04,ChZDSUhNMG9nS0VJQ0FnSURubmY2Y0ZnEAE,13,15
ChZDSUhNMG9nS0VJQ0FnSUNYOU1xYVF3EAE_01,ChZDSUhNMG9nS0VJQ0FnSUNYOU1xYVF3EAE,36,37
ChZDSUhNMG9nS0VJQ0FnSUNYOU1xYVF3EAE_02,ChZDSUhNMG9nS0VJQ0FnSUNYOU1xYVF3EAE,0,1
ChdDSUhNMG9nS0VJQ0FnSURYLW8zVzhRRRAB_01,ChdDSUhNMG9nS0VJQ0FnSURYLW8zVzhRRRAB,3,3
ChdDSUhNMG9nS0VJQ0FnSURYLW8zVzhRRRAB_02,ChdDSUhNMG9nS0VJQ0FnSURYLW8zVzhRRRAB,5,-1
ChZDSUhNMG9nS0VJQ0FnSURYM3ItUVFREAE_01,ChZDSUhNMG9nS0VJQ0FnSURYM3ItUVFREAE,7,7
ChZDSUhNMG9nS0VJQ0FnSURYX3Jhd2VBEAE_01,ChZDSUhNMG9nS0VJQ0FnSURYX3Jhd2VBEAE,12,21
ChZDSUhNMG9nS0VJQ0FnSUN2NS1fM0tREAE_01,ChZDSUhNMG9nS0VJQ0FnSUN2NS1fM0tREAE,-1,-1
ChZDSUhNMG9nS0VJQ0FnSUN2NS1fM0tREAE_02,ChZDSUhNMG9nS0VJQ0FnSUN2NS1fM0tREAE,10,10
ChZDSUhNMG9nS0VJQ0FnSUN2NS1fM0tREAE_03,ChZDSUhNMG9nS0VJQ0FnSUN2NS1fM0tREAE,-1,-1
ChdDSUhNMG9nS0VJQ0FnSUNmdmVhU2lnRRAB_01,ChdDSUhNMG9nS0VJQ0FnSUNmdmVhU2lnRRAB,-1,-1
ChdDSUhNMG9nS0VJQ0FnSUNmdmVhU2lnRRAB_02,ChdDSUhNMG9nS0VJQ0FnSUNmdmVhU2lnRRAB,0,1
ChdDSUhNMG9nS0VJQ0FnSUNmdmVhU2lnRRAB_03,ChdDSUhNMG9nS0VJQ0FnSUNmdmVhU2lnRRAB,18,20
ChdDSUhNMG9nS0VJQ0FnSURmZ28zcjFRRRAB_01,ChdDSUhNMG9nS0VJQ0FnSURmZ28zcjFRRRAB,11,12
ChdDSUhNMG9nS0VJQ0FnSURmZ28zcjFRRRAB_02,ChdDSUhNMG9nS0VJQ0FnSURmZ28zcjFRRRAB,17,19
ChdDSUhNMG9nS0VJQ0FnSURmZ28zcjFRRRAB_03,ChdDSUhNMG9nS0VJQ0FnSURmZ28zcjFRRRAB,-1,-1
ChdDSUhNMG9nS0VJQ0FnSURmZ28zcjFRRRAB_04,ChdDSUhNMG9nS0VJQ0FnSURmZ28zcjFRRRAB,11,12
ChdDSUhNMG9nS0VJQ0FnSUNfbGFIOGtRRRAB_01,ChdDSUhNMG9nS0VJQ0FnSUNfbGFIOGtRRRAB,9,9
ChdDSUhNMG9nS0VJQ0FnSUNfbGFIOGtRRRAB_02,ChdDSUhNMG9nS0VJQ0FnSUNfbGFIOGtRRRAB,5,4
ChdDSUhNMG9nS0VJQ0FnTUNnLUxpSjhnRRAB_01,ChdDSUhNMG9nS0VJQ0FnTUNnLUxpSjhnRRAB,4,5
ChdDSUhNMG9nS0VJQ0FnTUNnLUxpSjhnRRAB_02,ChdDSUhNMG9nS0VJQ0FnTUNnLUxpSjhnRRAB,0,1
ChZDSUhNMG9nS0VJQ0FnTUNnNnA2Sk9nEAE_01,ChZDSUhNMG9nS0VJQ0FnTUNnNnA2Sk9nEAE,11,12
ChdDSUhNMG9nS0VJQ0FnTURRcEszV213RRAB_01,ChdDSUhNMG9nS0VJQ0FnTURRcEszV213RRAB,9,9
ChdDSUhNMG9nS0VJQ0FnTURRcEszV213RRAB_02,ChdDSUhNMG9nS0VJQ0FnTURRcEszV213RRAB,26,26
ChdDSUhNMG9nS0VJQ0FnTURRcEszV213RRAB_03,ChdDSUhNMG9nS0VJQ0FnTURRcEszV213RRAB,13,-1
ChdDSUhNMG9nS0VJQ0FnTURRcEszV213RRAB_04,ChdDSUhNMG9nS0VJQ0FnTURRcEszV213RRAB,-1,-1
ChdDSUhNMG9nS0VJQ0FnTURRcEszV213RRAB_05,ChdDSUhNMG9nS0VJQ0FnTURRcEszV213RRAB,10,10
ChZDSUhNMG9nS0VJQ0FnTUN3ak1UWUJBEAE_01,ChZDSUhNMG9nS0VJQ0FnTUN3ak1UWUJBEAE,6,6
ChZDSUhNMG9nS0VJQ0FnTUN3ak1UWUJBEAE_02,ChZDSUhNMG9nS0VJQ0FnTUN3ak1UWUJBEAE,9,9
ChdDSUhNMG9nS0VJQ0FnTURRN2FUOHh3RRAB_01,ChdDSUhNMG9nS0VJQ0FnTURRN2FUOHh3RRAB,7,7
ChdDSUhNMG9nS0VJQ0FnTURRN2FUOHh3RRAB_02,ChdDSUhNMG9nS0VJQ0FnTURRN2FUOHh3RRAB,13,-1
ChdDSUhNMG9nS0VJQ0FnTURRN2FUOHh3RRAB_03,ChdDSUhNMG9nS0VJQ0FnTURRN2FUOHh3RRAB,31,27
ChdDSUhNMG9nS0VJQ0FnTUNveU9MYXdBRRAB_01,ChdDSUhNMG9nS0VJQ0FnTUNveU9MYXdBRRAB,23,-1
ChdDSUhNMG9nS0VJQ0FnTUNveU9MYXdBRRAB_02,ChdDSUhNMG9nS0VJQ0FnTUNveU9MYXdBRRAB,-1,-1
ChdDSUhNMG9nS0VJQ0FnTUNvejdPM3hnRRAB_01,ChdDSUhNMG9nS0VJQ0FnTUNvejdPM3hnRRAB,21,28
ChdDSUhNMG9nS0VJQ0FnTURvNVpYX3lBRRAB_01,ChdDSUhNMG9nS0VJQ0FnTURvNVpYX3lBRRAB,11,12
ChdDSUhNMG9nS0VJQ0FnTURvNVpYX3lBRRAB_02,ChdDSUhNMG9nS0VJQ0FnTURvNVpYX3lBRRAB,-1,-1
ChdDSUhNMG9nS0VJQ0FnTUNZd2YzMG9nRRAB_01,ChdDSUhNMG9nS0VJQ0FnTUNZd2YzMG9nRRAB,-1,-1
ChdDSUhNMG9nS0VJQ0FnTUNZd2YzMG9nRRAB_02,ChdDSUhNMG9nS0VJQ0FnTUNZd2YzMG9nRRAB,-1,-1
ChdDSUhNMG9nS0VJQ0FnTUNZd2YzMG9nRRAB_03,ChdDSUhNMG9nS0VJQ0FnTUNZd2YzMG9nRRAB,6,6
ChdDSUhNMG9nS0VJQ0FnTUNZd2YzMG9nRRAB_04,ChdDSUhNMG9nS0VJQ0FnTUNZd2YzMG9nRRAB,17,19
ChdDSUhNMG9nS0VJQ0FnTUNZd2YzMG9nRRAB_05,ChdDSUhNMG9nS0VJQ0FnTUNZd2YzMG9nRRAB,6,6
ChdDSUhNMG9nS0VJQ0FnSUN3b05pc3pBRRAB_01,ChdDSUhNMG9nS0VJQ0FnSUN3b05pc3pBRRAB,20,18
ChdDSUhNMG9nS0VJQ0FnSUN3b05pc3pBRRAB_02,ChdDSUhNMG9nS0VJQ0FnSUN3b05pc3pBRRAB,8,8
ChZDSUhNMG9nS0VQTGtnWUcwc2ZtY2NREAE_01,ChZDSUhNMG9nS0VQTGtnWUcwc2ZtY2NREAE,14,13
ChZDSUhNMG9nS0VQTGtnWUcwc2ZtY2NREAE_02,ChZDSUhNMG9nS0VQTGtnWUcwc2ZtY2NREAE,6,-1
Ci9DQUlRQUNvZENodHljRjlvT2s1QmRqSnhVVlpXUTBRNVpUaDNaVlV6UmxGaFExRRAB_01,Ci9DQUlRQUNvZENodHljRjlvT2s1QmRqSnhVVlpXUTBRNVpUaDNaVlV6UmxGaFExRRAB,12,30
Ci9DQUlRQUNvZENodHljRjlvT2pGVGRpMW5ZV2RTVG1oMFNXWldXa05qTkVsVWNIYxAB_01,Ci9DQUlRQUNvZENodHljRjlvT2pGVGRpMW5ZV2RTVG1oMFNXWldXa05qTkVsVWNIYxAB,-1,-1
Ci9DQUlRQUNvZENodHljRjlvT21oR2VrMTBRMmRWVDJOcU5uZGFTM0I0VjE5UFMyYxAB_01,Ci9DQUlRQUNvZENodHljRjlvT21oR2VrMTBRMmRWVDJOcU5uZGFTM0I0VjE5UFMyYxAB,4,-1
Ci9DQUlRQUNvZENodHljRjlvT21oR2VrMTBRMmRWVDJOcU5uZGFTM0I0VjE5UFMyYxAB_02,Ci9DQUlRQUNvZENodHljRjlvT21oR2VrMTBRMmRWVDJOcU5uZGFTM0I0VjE5UFMyYxAB,17,19
Ci9DQUlRQUNvZENodHljRjlvT21oR2VrMTBRMmRWVDJOcU5uZGFTM0I0VjE5UFMyYxAB_03,Ci9DQUlRQUNvZENodHljRjlvT21oR2VrMTBRMmRWVDJOcU5uZGFTM0I0VjE5UFMyYxAB,38,40
Ci9DQUlRQUNvZENodHljRjlvT21oR2VrMTBRMmRWVDJOcU5uZGFTM0I0VjE5UFMyYxAB_04,Ci9DQUlRQUNvZENodHljRjlvT21oR2VrMTBRMmRWVDJOcU5uZGFTM0I0VjE5UFMyYxAB,-1,-1
Ci9DQUlRQUNvZENodHljRjlvT21oR2VrMTBRMmRWVDJOcU5uZGFTM0I0VjE5UFMyYxAB_05,Ci9DQUlRQUNvZENodHljRjlvT21oR2VrMTBRMmRWVDJOcU5uZGFTM0I0VjE5UFMyYxAB,20,18
Ci9DQUlRQUNvZENodHljRjlvT21oR2VrMTBRMmRWVDJOcU5uZGFTM0I0VjE5UFMyYxAB_06,Ci9DQUlRQUNvZENodHljRjlvT21oR2VrMTBRMmRWVDJOcU5uZGFTM0I0VjE5UFMyYxAB,-1,-1
Ci9DQUlRQUNvZENodHljRjlvT21oR2VrMTBRMmRWVDJOcU5uZGFTM0I0VjE5UFMyYxAB_07,Ci9DQUlRQUNvZENodHljRjlvT21oR2VrMTBRMmRWVDJOcU5uZGFTM0I0VjE5UFMyYxAB,10,10
Ci9DQUlRQUNvZENodHljRjlvT25OM1l6Um9XWFpaWTB0a2JtMXJhemt6WlVFMmJrRRAB_01,Ci9DQUlRQUNvZENodHljRjlvT25OM1l6Um9XWFpaWTB0a2JtMXJhemt6WlVFMmJrRRAB,10,10
Ci9DQUlRQUNvZENodHljRjlvT25OM1l6Um9XWFpaWTB0a2JtMXJhemt6WlVFMmJrRRAB_02,Ci9DQUlRQUNvZENodHljRjlvT25OM1l6Um9XWFpaWTB0a2JtMXJhemt6WlVFMmJrRRAB,24,33
Ci9DQUlRQUNvZENodHljRjlvT201cFVrZHVYMG8zV201UVlsZGhNSEphTUhkMWMzYxAB_01,Ci9DQUlRQUNvZENodHljRjlvT201cFVrZHVYMG8zV201UVlsZGhNSEphTUhkMWMzYxAB,9,9
Ci9DQUlRQUNvZENodHljRjlvT201cFVrZHVYMG8zV201UVlsZGhNSEphTUhkMWMzYxAB_02,Ci9DQUlRQUNvZENodHljRjlvT201cFVrZHVYMG8zV201UVlsZGhNSEphTUhkMWMzYxAB,33,-1
Ci9DQUlRQUNvZENodHljRjlvT201cFVrZHVYMG8zV201UVlsZGhNSEphTUhkMWMzYxAB_03,Ci9DQUlRQUNvZENodHljRjlvT201cFVrZHVYMG8zV201UVlsZGhNSEphTUhkMWMzYxAB,-1,-1
Ci9DQUlRQUNvZENodHljRjlvT21sNmFYaFJXVXBJWVVoSmNUWkJVMVJUUWpWUU1GRRAB_01,Ci9DQUlRQUNvZENodHljRjlvT21sNmFYaFJXVXBJWVVoSmNUWkJVMVJUUWpWUU1GRRAB,5,4
Ci9DQUlRQUNvZENodHljRjlvT21sNmFYaFJXVXBJWVVoSmNUWkJVMVJUUWpWUU1GRRAB_02,Ci9DQUlRQUNvZENodHljRjlvT21sNmFYaFJXVXBJWVVoSmNUWkJVMVJUUWpWUU1GRRAB,7,7
Ci9DQUlRQUNvZENodHljRjlvT2taRWNsOUlNV3hwVW5GVGNXcHZZV0pzVDFCdk5FRRAB_01,Ci9DQUlRQUNvZENodHljRjlvT2taRWNsOUlNV3hwVW5GVGNXcHZZV0pzVDFCdk5FRRAB,9,9
Ci9DQUlRQUNvZENodHljRjlvT2taRWNsOUlNV3hwVW5GVGNXcHZZV0pzVDFCdk5FRRAB_02,Ci9DQUlRQUNvZENodHljRjlvT2taRWNsOUlNV3hwVW5GVGNXcHZZV0pzVDFCdk5FRRAB,26,26
Ci9DQUlRQUNvZENodHljRjlvT2tScE5FZFNjbEUzTUU4MWVsRlBkVkpUTWpoTVFXYxAB_01,Ci9DQUlRQUNvZENodHljRjlvT2tScE5FZFNjbEUzTUU4MWVsRlBkVkpUTWpoTVFXYxAB,26,26
Ci9DQUlRQUNvZENodHljRjlvT2tnMU55MDJaMHQxT1VZMGJHSjRRelJhZEc1SGVFRRAB_01,Ci9DQUlRQUNvZENodHljRjlvT2tnMU55MDJaMHQxT1VZMGJHSjRRelJhZEc1SGVFRRAB,7,7
Ci9DQUlRQUNvZENodHljRjlvT2tnMU55MDJaMHQxT1VZMGJHSjRRelJhZEc1SGVFRRAB_02,Ci9DQUlRQUNvZENodHljRjlvT2tnMU55MDJaMHQxT1VZMGJHSjRRelJhZEc1SGVFRRAB,-1,-1
Ci9DQUlRQUNvZENodHljRjlvT2tnMU55MDJaMHQxT1VZMGJHSjRRelJhZEc1SGVFRRAB_03,Ci9DQUlRQUNvZENodHljRjlvT2tnMU55MDJaMHQxT1VZMGJHSjRRelJhZEc1SGVFRRAB,-1,-1
Ci9DQUlRQUNvZENodHljRjlvT2tnMU55MDJaMHQxT1VZMGJHSjRRelJhZEc1SGVFRRAB_04,Ci9DQUlRQUNvZENodHljRjlvT2tnMU55MDJaMHQxT1VZMGJHSjRRelJhZEc1SGVFRRAB,27,24
Ci9DQUlRQUNvZENodHljRjlvT2tnMU55MDJaMHQxT1VZMGJHSjRRelJhZEc1SGVFRRAB_05,Ci9DQUlRQUNvZENodHljRjlvT2tnMU55MDJaMHQxT1VZMGJHSjRRelJhZEc1SGVFRRAB,4,5
Ci9DQUlRQUNvZENodHljRjlvT2tnMU55MDJaMHQxT1VZMGJHSjRRelJhZEc1SGVFRRAB_06,Ci9DQUlRQUNvZENodHljRjlvT2tnMU55MDJaMHQxT1VZMGJHSjRRelJhZEc1SGVFRRAB,-1,-1
Ci9DQUlRQUNvZENodHljRjlvT2tnMU55MDJaMHQxT1VZMGJHSjRRelJhZEc1SGVFRRAB_07,Ci9DQUlRQUNvZENodHljRjlvT2tnMU55MDJaMHQxT1VZMGJHSjRRelJhZEc1SGVFRRAB,18,20
Ci9DQUlRQUNvZENodHljRjlvT2tWTlpVcDBjME5zU21WTU4xcFVZMGg0TlRWVWVrRRAB_01,Ci9DQUlRQUNvZENodHljRjlvT2tWTlpVcDBjME5zU21WTU4xcFVZMGg0TlRWVWVrRRAB,14,13
Ci9DQUlRQUNvZENodHljRjlvT2tWTlpVcDBjME5zU21WTU4xcFVZMGg0TlRWVWVrRRAB_02,Ci9DQUlRQUNvZENodHljRjlvT2tWTlpVcDBjME5zU21WTU4xcFVZMGg0TlRWVWVrRRAB,13,15
Ci9DQUlRQUNvZENodHljRjlvT2xZelJqTk9TWFIwVEhGeU4wTTNOR0pMWVhsM1JFRRAB_01,Ci9DQUlRQUNvZENodHljRjlvT2xZelJqTk9TWFIwVEhGeU4wTTNOR0pMWVhsM1JFRRAB,1,0
Ci9DQUlRQUNvZENodHljRjlvT2xZelJqTk9TWFIwVEhGeU4wTTNOR0pMWVhsM1JFRRAB_02,Ci9DQUlRQUNvZENodHljRjlvT2xZelJqTk9TWFIwVEhGeU4wTTNOR0pMWVhsM1JFRRAB,3,3
Ci9DQUlRQUNvZENodHljRjlvT2pjMWJ6ZE1UMGhNYUhGQ01FdEJZMFphZFZwQ1duYxAB_01,Ci9DQUlRQUNvZENodHljRjlvT2pjMWJ6ZE1UMGhNYUhGQ01FdEJZMFphZFZwQ1duYxAB,1,0
Ci9DQUlRQUNvZENodHljRjlvT205bWVGbDNkbk5YWlU1UGJVVnRTMlEzY0VKcFpsRRAB_01,Ci9DQUlRQUNvZENodHljRjlvT205bWVGbDNkbk5YWlU1UGJVVnRTMlEzY0VKcFpsRRAB,37,35
Ci9DQUlRQUNvZENodHljRjlvT205bWVGbDNkbk5YWlU1UGJVVnRTMlEzY0VKcFpsRRAB_02,Ci9DQUlRQUNvZENodHljRjlvT205bWVGbDNkbk5YWlU1UGJVVnRTMlEzY0VKcFpsRRAB,-1,-1
Ci9DQUlRQUNvZENodHljRjlvT205bWVGbDNkbk5YWlU1UGJVVnRTMlEzY0VKcFpsRRAB_03,Ci9DQUlRQUNvZENodHljRjlvT205bWVGbDNkbk5YWlU1UGJVVnRTMlEzY0VKcFpsRRAB,2,2
Ci9DQUlRQUNvZENodHljRjlvT205bWVGbDNkbk5YWlU1UGJVVnRTMlEzY0VKcFpsRRAB_04,Ci9DQUlRQUNvZENodHljRjlvT205bWVGbDNkbk5YWlU1UGJVVnRTMlEzY0VKcFpsRRAB,4,5
Ci9DQUlRQUNvZENodHljRjlvT25CTmNrOXVhbEJVTlVRNVgyRXpVRE5YVERGWExYYxAB_01,Ci9DQUlRQUNvZENodHljRjlvT25CTmNrOXVhbEJVTlVRNVgyRXpVRE5YVERGWExYYxAB,9,9
Ci9DQUlRQUNvZENodHljRjlvT2pJMlpEVjBaVEJ1TTJkQ1dqSnpRVFZ5VUVWeE9IYxAB_01,Ci9DQUlRQUNvZENodHljRjlvT2pJMlpEVjBaVEJ1TTJkQ1dqSnpRVFZ5VUVWeE9IYxAB,26,26
Ci9DQUlRQUNvZENodHljRjlvT2pJMlpEVjBaVEJ1TTJkQ1dqSnpRVFZ5VUVWeE9IYxAB_02,Ci9DQUlRQUNvZENodHljRjlvT2pJMlpEVjBaVEJ1TTJkQ1dqSnpRVFZ5VUVWeE9IYxAB,10,10
Ci9DQUlRQUNvZENodHljRjlvT2poSFNHcGFlRzUxY0VONmJUVlFORGxoV25GdGVuYxAB_01,Ci9DQUlRQUNvZENodHljRjlvT2poSFNHcGFlRzUxY0VONmJUVlFORGxoV25GdGVuYxAB,3,3
Ci9DQUlRQUNvZENodHljRjlvT2toWmNHUnRZakZYTTFSS09UZFdSVXBoVVZkUVRFRRAB_01,Ci9DQUlRQUNvZENodHljRjlvT2toWmNHUnRZakZYTTFSS09UZFdSVXBoVVZkUVRFRRAB,23,-1
Ci9DQUlRQUNvZENodHljRjlvT2toWmNHUnRZakZYTTFSS09UZFdSVXBoVVZkUVRFRRAB_02,Ci9DQUlRQUNvZENodHljRjlvT2toWmNHUnRZakZYTTFSS09UZFdSVXBoVVZkUVRFRRAB,-1,-1
Ci9DQUlRQUNvZENodHljRjlvT2sxMFlrWnhaMVJWU1ZWbWN6RlpPRGxxYzBvMExYYxAB_01,Ci9DQUlRQUNvZENodHljRjlvT2sxMFlrWnhaMVJWU1ZWbWN6RlpPRGxxYzBvMExYYxAB,-1,-1
Ci9DQUlRQUNvZENodHljRjlvT2sxMFlrWnhaMVJWU1ZWbWN6RlpPRGxxYzBvMExYYxAB_02,Ci9DQUlRQUNvZENodHljRjlvT2sxMFlrWnhaMVJWU1ZWbWN6RlpPRGxxYzBvMExYYxAB,25,25
Ci9DQUlRQUNvZENodHljRjlvT25Bd1UwZHRNVlZQYmtWRFZVMXFNSFF5UVVkVGVGRRAB_01,Ci9DQUlRQUNvZENodHljRjlvT25Bd1UwZHRNVlZQYmtWRFZVMXFNSFF5UVVkVGVGRRAB,1,0
Ci9DQUlRQUNvZENodHljRjlvT25Bd1UwZHRNVlZQYmtWRFZVMXFNSFF5UVVkVGVGRRAB_02,Ci9DQUlRQUNvZENodHljRjlvT25Bd1UwZHRNVlZQYmtWRFZVMXFNSFF5UVVkVGVGRRAB,9,9
Ci9DQUlRQUNvZENodHljRjlvT25Bd1UwZHRNVlZQYmtWRFZVMXFNSFF5UVVkVGVGRRAB_03,Ci9DQUlRQUNvZENodHljRjlvT25Bd1UwZHRNVlZQYmtWRFZVMXFNSFF5UVVkVGVGRRAB,-1,-1
Ci9DQUlRQUNvZENodHljRjlvT25Bd1UwZHRNVlZQYmtWRFZVMXFNSFF5UVVkVGVGRRAB_04,Ci9DQUlRQUNvZENodHljRjlvT25Bd1UwZHRNVlZQYmtWRFZVMXFNSFF5UVVkVGVGRRAB,-1,-1
Ci9DQUlRQUNvZENodHljRjlvT25Bd1UwZHRNVlZQYmtWRFZVMXFNSFF5UVVkVGVGRRAB_05,Ci9DQUlRQUNvZENodHljRjlvT25Bd1UwZHRNVlZQYmtWRFZVMXFNSFF5UVVkVGVGRRAB,5,4
Ci9DQUlRQUNvZENodHljRjlvT25Bd1UwZHRNVlZQYmtWRFZVMXFNSFF5UVVkVGVGRRAB_06,Ci9DQUlRQUNvZENodHljRjlvT25Bd1UwZHRNVlZQYmtWRFZVMXFNSFF5UVVkVGVGRRAB,-1,-1
Ci9DQUlRQUNvZENodHljRjlvT25Bd1UwZHRNVlZQYmtWRFZVMXFNSFF5UVVkVGVGRRAB_07,Ci9DQUlRQUNvZENodHljRjlvT25Bd1UwZHRNVlZQYmtWRFZVMXFNSFF5UVVkVGVGRRAB,-1,-1
Ci9DQUlRQUNvZENodHljRjlvT25Bd1UwZHRNVlZQYmtWRFZVMXFNSFF5UVVkVGVGRRAB_08,Ci9DQUlRQUNvZENodHljRjlvT25Bd1UwZHRNVlZQYmtWRFZVMXFNSFF5UVVkVGVGRRAB,26,26
Ci9DQUlRQUNvZENodHljRjlvT2s1WVYzcG1VMUJEVERkSWVVdzFUMHhRTTA5SFdIYxAB_01,Ci9DQUlRQUNvZENodHljRjlvT2s1WVYzcG1VMUJEVERkSWVVdzFUMHhRTTA5SFdIYxAB,14,13
Ci9DQUlRQUNvZENodHljRjlvT2s1WVYzcG1VMUJEVERkSWVVdzFUMHhRTTA5SFdIYxAB_02,Ci9DQUlRQUNvZENodHljRjlvT2s1WVYzcG1VMUJEVERkSWVVdzFUMHhRTTA5SFdIYxAB,6,6
Ci9DQUlRQUNvZENodHljRjlvT2tRMlNtRnhhVmRaZFRWaVRtcElXWGx3U0RGeWFXYxAB_01,Ci9DQUlRQUNvZENodHljRjlvT2tRMlNtRnhhVmRaZFRWaVRtcElXWGx3U0RGeWFXYxAB,23,-1
Ci9DQUlRQUNvZENodHljRjlvT2tRMlNtRnhhVmRaZFRWaVRtcElXWGx3U0RGeWFXYxAB_02,Ci9DQUlRQUNvZENodHljRjlvT2tRMlNtRnhhVmRaZFRWaVRtcElXWGx3U0RGeWFXYxAB,-1,-1
Ci9DQUlRQUNvZENodHljRjlvT214NFVFbDNOVTVYVnpOcWQyTk1RM0J4U1dsVmFYYxAB_01,Ci9DQUlRQUNvZENodHljRjlvT214NFVFbDNOVTVYVnpOcWQyTk1RM0J4U1dsVmFYYxAB,6,6
Ci9DQUlRQUNvZENodHljRjlvT214NFVFbDNOVTVYVnpOcWQyTk1RM0J4U1dsVmFYYxAB_02,Ci9DQUlRQUNvZENodHljRjlvT214NFVFbDNOVTVYVnpOcWQyTk1RM0J4U1dsVmFYYxAB,9,9
Ci9DQUlRQUNvZENodHljRjlvT2xFdFdUZFZiVXBNZVhWalkyRTNWMjl5VnpnelRrRRAB_01,Ci9DQUlRQUNvZENodHljRjlvT2xFdFdUZFZiVXBNZVhWalkyRTNWMjl5VnpnelRrRRAB,0,1
Ci9DQUlRQUNvZENodHljRjlvT2xFdFdUZFZiVXBNZVhWalkyRTNWMjl5VnpnelRrRRAB_02,Ci9DQUlRQUNvZENodHljRjlvT2xFdFdUZFZiVXBNZVhWalkyRTNWMjl5VnpnelRrRRAB,0,1
Ci9DQUlRQUNvZENodHljRjlvT2xFdFdUZFZiVXBNZVhWalkyRTNWMjl5VnpnelRrRRAB_03,Ci9DQUlRQUNvZENodHljRjlvT2xFdFdUZFZiVXBNZVhWalkyRTNWMjl5VnpnelRrRRAB,-1,-1
Ci9DQUlRQUNvZENodHljRjlvT2xFdFdUZFZiVXBNZVhWalkyRTNWMjl5VnpnelRrRRAB_04,Ci9DQUlRQUNvZENodHljRjlvT2xFdFdUZFZiVXBNZVhWalkyRTNWMjl5VnpnelRrRRAB,0,1
Ci9DQUlRQUNvZENodHljRjlvT2xFdFdUZFZiVXBNZVhWalkyRTNWMjl5VnpnelRrRRAB_05,Ci9DQUlRQUNvZENodHljRjlvT2xFdFdUZFZiVXBNZVhWalkyRTNWMjl5VnpnelRrRRAB,18,20
Ci9DQUlRQUNvZENodHljRjlvT2xFdFdUZFZiVXBNZVhWalkyRTNWMjl5VnpnelRrRRAB_06,Ci9DQUlRQUNvZENodHljRjlvT2xFdFdUZFZiVXBNZVhWalkyRTNWMjl5VnpnelRrRRAB,0,1
Ci9DQUlRQUNvZENodHljRjlvT2xFdFdUZFZiVXBNZVhWalkyRTNWMjl5VnpnelRrRRAB_07,Ci9DQUlRQUNvZENodHljRjlvT2xFdFdUZFZiVXBNZVhWalkyRTNWMjl5VnpnelRrRRAB,-1,-1
Ci9DQUlRQUNvZENodHljRjlvT2xFdFdUZFZiVXBNZVhWalkyRTNWMjl5VnpnelRrRRAB_08,Ci9DQUlRQUNvZENodHljRjlvT2xFdFdUZFZiVXBNZVhWalkyRTNWMjl5VnpnelRrRRAB,5,4
Ci9DQUlRQUNvZENodHljRjlvT2xFdFdUZFZiVXBNZVhWalkyRTNWMjl5VnpnelRrRRAB_09,Ci9DQUlRQUNvZENodHljRjlvT2xFdFdUZFZiVXBNZVhWalkyRTNWMjl5VnpnelRrRRAB,32,32
Ci9DQUlRQUNvZENodHljRjlvT21aTFdFNVpkRVJtTjFSdFFrMXdVMUp4ZUVSWU5uYxAB_01,Ci9DQUlRQUNvZENodHljRjlvT21aTFdFNVpkRVJtTjFSdFFrMXdVMUp4ZUVSWU5uYxAB,18,-1
Ci9DQUlRQUNvZENodHljRjlvT21KeFgyVnZTazkwY0doblNFa3pia0p6TUROUmJYYxAB_01,Ci9DQUlRQUNvZENodHljRjlvT21KeFgyVnZTazkwY0doblNFa3pia0p6TUROUmJYYxAB,13,-1
Ci9DQUlRQUNvZENodHljRjlvT21wMWRsSnZOV2hETlhOamIydGZia3hCV201RmRWRRAB_01,Ci9DQUlRQUNvZENodHljRjlvT21wMWRsSnZOV2hETlhOamIydGZia3hCV201RmRWRRAB,-1,-1
Ci9DQUlRQUNvZENodHljRjlvT21wMWRsSnZOV2hETlhOamIydGZia3hCV201RmRWRRAB_02,Ci9DQUlRQUNvZENodHljRjlvT21wMWRsSnZOV2hETlhOamIydGZia3hCV201RmRWRRAB,-1,-1
Ci9DQUlRQUNvZENodHljRjlvT2trd1N6QXdOVkZSUlU1bWNrMTZZbEJhVDNoRmQxRRAB_01,Ci9DQUlRQUNvZENodHljRjlvT2trd1N6QXdOVkZSUlU1bWNrMTZZbEJhVDNoRmQxRRAB,1,0
Ci9DQUlRQUNvZENodHljRjlvT2trd1N6QXdOVkZSUlU1bWNrMTZZbEJhVDNoRmQxRRAB_02,Ci9DQUlRQUNvZENodHljRjlvT2trd1N6QXdOVkZSUlU1bWNrMTZZbEJhVDNoRmQxRRAB,18,20
Ci9DQUlRQUNvZENodHljRjlvT2trd1N6QXdOVkZSUlU1bWNrMTZZbEJhVDNoRmQxRRAB_03,Ci9DQUlRQUNvZENodHljRjlvT2trd1N6QXdOVkZSUlU1bWNrMTZZbEJhVDNoRmQxRRAB,4,5
Ci9DQUlRQUNvZENodHljRjlvT21zME5WTjJRUzFxU21jeGExRjFaMFJEVm0xdWQyYxAB_01,Ci9DQUlRQUNvZENodHljRjlvT21zME5WTjJRUzFxU21jeGExRjFaMFJEVm0xdWQyYxAB,9,9
Ci9DQUlRQUNvZENodHljRjlvT21SRlYyaGFSakl5TVVORFdFTmtWM1Z6U3pkMmVYYxAB_01,Ci9DQUlRQUNvZENodHljRjlvT21SRlYyaGFSakl5TVVORFdFTmtWM1Z6U3pkMmVYYxAB,-1,-1
Ci9DQUlRQUNvZENodHljRjlvT21SRlYyaGFSakl5TVVORFdFTmtWM1Z6U3pkMmVYYxAB_02,Ci9DQUlRQUNvZENodHljRjlvT21SRlYyaGFSakl5TVVORFdFTmtWM1Z6U3pkMmVYYxAB,23,-1
Ci9DQUlRQUNvZENodHljRjlvT2sxMVRUSkdWV2d0UlRCR2QwcDFXSEZ2U2xFMk9IYxAB_01,Ci9DQUlRQUNvZENodHljRjlvT2sxMVRUSkdWV2d0UlRCR2QwcDFXSEZ2U2xFMk9IYxAB,21,28
Ci9DQUlRQUNvZENodHljRjlvT2tsNE9EbFVTMmRVU0RNMVp6RkdhVzF4YVdOS1MzYxAB_01,Ci9DQUlRQUNvZENodHljRjlvT2tsNE9EbFVTMmRVU0RNMVp6RkdhVzF4YVdOS1MzYxAB,21,28
Ci9DQUlRQUNvZENodHljRjlvT2tsNE9EbFVTMmRVU0RNMVp6RkdhVzF4YVdOS1MzYxAB_02,Ci9DQUlRQUNvZENodHljRjlvT2tsNE9EbFVTMmRVU0RNMVp6RkdhVzF4YVdOS1MzYxAB,8,8
Ci9DQUlRQUNvZENodHljRjlvT2toc09GcGtibmMzUjBOYVYwaEVWaTFET0UwMVdsRRAB_01,Ci9DQUlRQUNvZENodHljRjlvT2toc09GcGtibmMzUjBOYVYwaEVWaTFET0UwMVdsRRAB,8,8
Ci9DQUlRQUNvZENodHljRjlvT2toc09GcGtibmMzUjBOYVYwaEVWaTFET0UwMVdsRRAB_02,Ci9DQUlRQUNvZENodHljRjlvT2toc09GcGtibmMzUjBOYVYwaEVWaTFET0UwMVdsRRAB,11,12
Ci9DQUlRQUNvZENodHljRjlvT2toc09GcGtibmMzUjBOYVYwaEVWaTFET0UwMVdsRRAB_03,Ci9DQUlRQUNvZENodHljRjlvT2toc09GcGtibmMzUjBOYVYwaEVWaTFET0UwMVdsRRAB,1,0
Ci9DQUlRQUNvZENodHljRjlvT2toc09GcGtibmMzUjBOYVYwaEVWaTFET0UwMVdsRRAB_04,Ci9DQUlRQUNvZENodHljRjlvT2toc09GcGtibmMzUjBOYVYwaEVWaTFET0UwMVdsRRAB,2,2
Ci9DQUlRQUNvZENodHljRjlvT2w4d2FubFVYMWRyUm5BNGRtNXhlRFp0V21OZlkzYxAB_01,Ci9DQUlRQUNvZENodHljRjlvT2w4d2FubFVYMWRyUm5BNGRtNXhlRFp0V21OZlkzYxAB,9,9
Ci9DQUlRQUNvZENodHljRjlvT2w4d2FubFVYMWRyUm5BNGRtNXhlRFp0V21OZlkzYxAB_02,Ci9DQUlRQUNvZENodHljRjlvT2w4d2FubFVYMWRyUm5BNGRtNXhlRFp0V21OZlkzYxAB,18,-1
Ci9DQUlRQUNvZENodHljRjlvT2w4d2FubFVYMWRyUm5BNGRtNXhlRFp0V21OZlkzYxAB_03,Ci9DQUlRQUNvZENodHljRjlvT2w4d2FubFVYMWRyUm5BNGRtNXhlRFp0V21OZlkzYxAB,6,6
Ci9DQUlRQUNvZENodHljRjlvT2w4d2FubFVYMWRyUm5BNGRtNXhlRFp0V21OZlkzYxAB_04,Ci9DQUlRQUNvZENodHljRjlvT2w4d2FubFVYMWRyUm5BNGRtNXhlRFp0V21OZlkzYxAB,-1,-1
Ci9DQUlRQUNvZENodHljRjlvT2w4d2FubFVYMWRyUm5BNGRtNXhlRFp0V21OZlkzYxAB_05,Ci9DQUlRQUNvZENodHljRjlvT2w4d2FubFVYMWRyUm5BNGRtNXhlRFp0V21OZlkzYxAB,-1,-1
Ci9DQUlRQUNvZENodHljRjlvT2w4d2FubFVYMWRyUm5BNGRtNXhlRFp0V21OZlkzYxAB_06,Ci9DQUlRQUNvZENodHljRjlvT2w4d2FubFVYMWRyUm5BNGRtNXhlRFp0V21OZlkzYxAB,0,1
Ci9DQUlRQUNvZENodHljRjlvT2w4d2FubFVYMWRyUm5BNGRtNXhlRFp0V21OZlkzYxAB_07,Ci9DQUlRQUNvZENodHljRjlvT2w4d2FubFVYMWRyUm5BNGRtNXhlRFp0V21OZlkzYxAB,-1,-1
Ci9DQUlRQUNvZENodHljRjlvT2w4d2FubFVYMWRyUm5BNGRtNXhlRFp0V21OZlkzYxAB_08,Ci9DQUlRQUNvZENodHljRjlvT2w4d2FubFVYMWRyUm5BNGRtNXhlRFp0V21OZlkzYxAB,5,4
Ci9DQUlRQUNvZENodHljRjlvT2w4d2FubFVYMWRyUm5BNGRtNXhlRFp0V21OZlkzYxAB_09,Ci9DQUlRQUNvZENodHljRjlvT2w4d2FubFVYMWRyUm5BNGRtNXhlRFp0V21OZlkzYxAB,6,6
Ci9DQUlRQUNvZENodHljRjlvT2pobVR6WjRXRUl3V1UxTGNYUnpha1IyYmxwWE5WRRAB_01,Ci9DQUlRQUNvZENodHljRjlvT2pobVR6WjRXRUl3V1UxTGNYUnpha1IyYmxwWE5WRRAB,6,6
Ci9DQUlRQUNvZENodHljRjlvT25sTFZUTk9hbEJSWW5CaFZFZEZUVWd6WlVKU1FWRRAB_01,Ci9DQUlRQUNvZENodHljRjlvT25sTFZUTk9hbEJSWW5CaFZFZEZUVWd6WlVKU1FWRRAB,-1,-1
Ci9DQUlRQUNvZENodHljRjlvT25sTFZUTk9hbEJSWW5CaFZFZEZUVWd6WlVKU1FWRRAB_02,Ci9DQUlRQUNvZENodHljRjlvT25sTFZUTk9hbEJSWW5CaFZFZEZUVWd6WlVKU1FWRRAB,14,-1
Ci9DQUlRQUNvZENodHljRjlvT21Gdk5VYzBiRWRZZEVSUFdFOHdhakJJTUhKM2FsRRAB_01,Ci9DQUlRQUNvZENodHljRjlvT21Gdk5VYzBiRWRZZEVSUFdFOHdhakJJTUhKM2FsRRAB,38,40
Ci9DQUlRQUNvZENodHljRjlvT2toeGNuVTFWV001YlRkdFIwTm9XV2RTU0V4RFYyYxAB_01,Ci9DQUlRQUNvZENodHljRjlvT2toeGNuVTFWV001YlRkdFIwTm9XV2RTU0V4RFYyYxAB,8,8
Ci9DQUlRQUNvZENodHljRjlvT201cllqUk9PSGhxZFRaSlgzSmxSak42TVhSSFJVRRAB_01,Ci9DQUlRQUNvZENodHljRjlvT201cllqUk9PSGhxZFRaSlgzSmxSak42TVhSSFJVRRAB,2,2
Ci9DQUlRQUNvZENodHljRjlvT201cllqUk9PSGhxZFRaSlgzSmxSak42TVhSSFJVRRAB_02,Ci9DQUlRQUNvZENodHljRjlvT201cllqUk9PSGhxZFRaSlgzSmxSak42TVhSSFJVRRAB,7,7
Ci9DQUlRQUNvZENodHljRjlvT2paUVVFMDFSVFZ0WkZSMWFIWmxlakl4WHpKV09HYxAB_01,Ci9DQUlRQUNvZENodHljRjlvT2paUVVFMDFSVFZ0WkZSMWFIWmxlakl4WHpKV09HYxAB,7,7
Ci9DQUlRQUNvZENodHljRjlvT21weFRqUm5iRGQ2UkY4eU4xRjNaRTB3Tm1odVVVRRAB_01,Ci9DQUlRQUNvZENodHljRjlvT21weFRqUm5iRGQ2UkY4eU4xRjNaRTB3Tm1odVVVRRAB,4,-1
ChdDSUhNMG9nS0VJQ0FnSUMxaS1HSnJRRRAB_01,ChdDSUhNMG9nS0VJQ0FnSUMxaS1HSnJRRRAB,24,33
ChZDSUhNMG9nS0VJQ0FnSUNOekpmWlpREAE_01,ChZDSUhNMG9nS0VJQ0FnSUNOekpmWlpREAE,2,2
ChZDSUhNMG9nS0VJQ0FnSUNOekpmWlpREAE_02,ChZDSUhNMG9nS0VJQ0FnSUNOekpmWlpREAE,-1,-1
ChZDSUhNMG9nS0VJQ0FnSUNOekpmWlpREAE_03,ChZDSUhNMG9nS0VJQ0FnSUNOekpmWlpREAE,-1,-1
ChZDSUhNMG9nS0VJQ0FnSUNOekpmWlpREAE_04,ChZDSUhNMG9nS0VJQ0FnSUNOekpmWlpREAE,-1,-1
ChZDSUhNMG9nS0VJQ0FnSUROMllpLUlREAE_01,ChZDSUhNMG9nS0VJQ0FnSUROMllpLUlREAE,8,8
ChdDSUhNMG9nS0VJQ0FnSURELWRQWTBRRRAB_01,ChdDSUhNMG9nS0VJQ0FnSURELWRQWTBRRRAB,7,7
ChdDSUhNMG9nS0VJQ0FnSUREaDdQUG9nRRAB_01,ChdDSUhNMG9nS0VJQ0FnSUREaDdQUG9nRRAB,2,2
ChdDSUhNMG9nS0VJQ0FnSUREaDdQUG9nRRAB_02,ChdDSUhNMG9nS0VJQ0FnSUREaDdQUG9nRRAB,14,13
ChZDSUhNMG9nS0VJQ0FnSUNqcy1ISUR3EAE_01,ChZDSUhNMG9nS0VJQ0FnSUNqcy1ISUR3EAE,3,3
ChZDSUhNMG9nS0VJQ0FnSUNiaDhMb1pnEAE_01,ChZDSUhNMG9nS0VJQ0FnSUNiaDhMb1pnEAE,8,8
ChdDSUhNMG9nS0VJQ0FnSUNIdElianBBRRAB_01,ChdDSUhNMG9nS0VJQ0FnSUNIdElianBBRRAB,1,0
ChdDSUhNMG9nS0VJQ0FnSUNIdElianBBRRAB_02,ChdDSUhNMG9nS0VJQ0FnSUNIdElianBBRRAB,18,20
ChZDSUhNMG9nS0VJQ0FnSURJczV1dGZnEAE_01,ChZDSUhNMG9nS0VJQ0FnSURJczV1dGZnEAE,24,-1
ChZDSUhNMG9nS0VJQ0FnSURJczV1dGZnEAE_02,ChZDSUhNMG9nS0VJQ0FnSURJczV1dGZnEAE,2,2
ChZDSUhNMG9nS0VJQ0FnSUN2N015RWRnEAE_01,ChZDSUhNMG9nS0VJQ0FnSUN2N015RWRnEAE,-1,-1
ChZDSUhNMG9nS0VJQ0FnSUN2N015RWRnEAE_02,ChZDSUhNMG9nS0VJQ0FnSUN2N015RWRnEAE,1,0
ChZDSUhNMG9nS0VJQ0FnSUN2N015RWRnEAE_03,ChZDSUhNMG9nS0VJQ0FnSUN2N015RWRnEAE,-1,-1
ChZDSUhNMG9nS0VJQ0FnSUN2N015RWRnEAE_04,ChZDSUhNMG9nS0VJQ0FnSUN2N015RWRnEAE,1,0
ChZDSUhNMG9nS0VJQ0FnSURmN09UVmVnEAE_01,ChZDSUhNMG9nS0VJQ0FnSURmN09UVmVnEAE,2,2
ChZDSUhNMG9nS0VJQ0FnSURmN09UVmVnEAE_02,ChZDSUhNMG9nS0VJQ0FnSURmN09UVmVnEAE,17,19
ChZDSUhNMG9nS0VJQ0FnSURmN09UVmVnEAE_03,ChZDSUhNMG9nS0VJQ0FnSURmN09UVmVnEAE,1,0
ChZDSUhNMG9nS0VJQ0FnSURmN09UVmVnEAE_04,ChZDSUhNMG9nS0VJQ0FnSURmN09UVmVnEAE,5,4
ChZDSUhNMG9nS0VJQ0FnSURmN09UVmVnEAE_05,ChZDSUhNMG9nS0VJQ0FnSURmN09UVmVnEAE,2,2
ChZDSUhNMG9nS0VJQ0FnSURmN09UVmVnEAE_06,ChZDSUhNMG9nS0VJQ0FnSURmN09UVmVnEAE,16,14
ChdDSUhNMG9nS0VJQ0FnSURmcHJ5Snl3RRAB_01,ChdDSUhNMG9nS0VJQ0FnSURmcHJ5Snl3RRAB,0,1
ChdDSUhNMG9nS0VJQ0FnSURmcHJ5Snl3RRAB_02,ChdDSUhNMG9nS0VJQ0FnSURmcHJ5Snl3RRAB,0,1
ChdDSUhNMG9nS0VJQ0FnSURmcHJ5Snl3RRAB_03,ChdDSUhNMG9nS0VJQ0FnSURmcHJ5Snl3RRAB,0,1
ChdDSUhNMG9nS0VJQ0FnSURmcHJ5Snl3RRAB_04,ChdDSUhNMG9nS0VJQ0FnSURmcHJ5Snl3RRAB,6,6
ChdDSUhNMG9nS0VJQ0FnSURmcHJ5Snl3RRAB_05,ChdDSUhNMG9nS0VJQ0FnSURmcHJ5Snl3RRAB,1,0
ChdDSUhNMG9nS0VMUEkyYm5TMzlqTW9RRRAB_01,ChdDSUhNMG9nS0VMUEkyYm5TMzlqTW9RRRAB,-1,-1
Ci9DQUlRQUNvZENodHljRjlvT25sSFpVUXhRVTV3WlVWTVpFaG9ORFpEVUdkWVowRRAB_01,Ci9DQUlRQUNvZENodHljRjlvT25sSFpVUXhRVTV3WlVWTVpFaG9ORFpEVUdkWVowRRAB,2,2
Ci9DQUlRQUNvZENodHljRjlvT25sSFpVUXhRVTV3WlVWTVpFaG9ORFpEVUdkWVowRRAB_02,Ci9DQUlRQUNvZENodHljRjlvT25sSFpVUXhRVTV3WlVWTVpFaG9ORFpEVUdkWVowRRAB,-1,-1
Ci9DQUlRQUNvZENodHljRjlvT205YWQwMVNiR2wwWkZOUGJUQkZWbnB3T0RkSGFIYxAB_01,Ci9DQUlRQUNvZENodHljRjlvT205YWQwMVNiR2wwWkZOUGJUQkZWbnB3T0RkSGFIYxAB,-1,-1
Ci9DQUlRQUNvZENodHljRjlvT205YWQwMVNiR2wwWkZOUGJUQkZWbnB3T0RkSGFIYxAB_02,Ci9DQUlRQUNvZENodHljRjlvT205YWQwMVNiR2wwWkZOUGJUQkZWbnB3T0RkSGFIYxAB,33,-1
Ci9DQUlRQUNvZENodHljRjlvT205YWQwMVNiR2wwWkZOUGJUQkZWbnB3T0RkSGFIYxAB_03,Ci9DQUlRQUNvZENodHljRjlvT205YWQwMVNiR2wwWkZOUGJUQkZWbnB3T0RkSGFIYxAB,30,29
Ci9DQUlRQUNvZENodHljRjlvT205YWQwMVNiR2wwWkZOUGJUQkZWbnB3T0RkSGFIYxAB_04,Ci9DQUlRQUNvZENodHljRjlvT205YWQwMVNiR2wwWkZOUGJUQkZWbnB3T0RkSGFIYxAB,6,6
Ci9DQUlRQUNvZENodHljRjlvT205YWQwMVNiR2wwWkZOUGJUQkZWbnB3T0RkSGFIYxAB_05,Ci9DQUlRQUNvZENodHljRjlvT205YWQwMVNiR2wwWkZOUGJUQkZWbnB3T0RkSGFIYxAB,6,-1
Ci9DQUlRQUNvZENodHljRjlvT205YWQwMVNiR2wwWkZOUGJUQkZWbnB3T0RkSGFIYxAB_06,Ci9DQUlRQUNvZENodHljRjlvT205YWQwMVNiR2wwWkZOUGJUQkZWbnB3T0RkSGFIYxAB,6,6
Ci9DQUlRQUNvZENodHljRjlvT205YWQwMVNiR2wwWkZOUGJUQkZWbnB3T0RkSGFIYxAB_07,Ci9DQUlRQUNvZENodHljRjlvT205YWQwMVNiR2wwWkZOUGJUQkZWbnB3T0RkSGFIYxAB,32,32
Ci9DQUlRQUNvZENodHljRjlvT205YWQwMVNiR2wwWkZOUGJUQkZWbnB3T0RkSGFIYxAB_08,Ci9DQUlRQUNvZENodHljRjlvT205YWQwMVNiR2wwWkZOUGJUQkZWbnB3T0RkSGFIYxAB,-1,-1
Ci9DQUlRQUNvZENodHljRjlvT205YWQwMVNiR2wwWkZOUGJUQkZWbnB3T0RkSGFIYxAB_09,Ci9DQUlRQUNvZENodHljRjlvT205YWQwMVNiR2wwWkZOUGJUQkZWbnB3T0RkSGFIYxAB,2,2
Ci9DQUlRQUNvZENodHljRjlvT205YWQwMVNiR2wwWkZOUGJUQkZWbnB3T0RkSGFIYxAB_10,Ci9DQUlRQUNvZENodHljRjlvT205YWQwMVNiR2wwWkZOUGJUQkZWbnB3T0RkSGFIYxAB,2,2
Ci9DQUlRQUNvZENodHljRjlvT2pnelptNUtSR0ZxVFhOM2VHTnNRMU5sYmt0SGNXYxAB_01,Ci9DQUlRQUNvZENodHljRjlvT2pnelptNUtSR0ZxVFhOM2VHTnNRMU5sYmt0SGNXYxAB,-1,-1
Ci9DQUlRQUNvZENodHljRjlvT2pnelptNUtSR0ZxVFhOM2VHTnNRMU5sYmt0SGNXYxAB_02,Ci9DQUlRQUNvZENodHljRjlvT2pnelptNUtSR0ZxVFhOM2VHTnNRMU5sYmt0SGNXYxAB,6,6
Ci9DQUlRQUNvZENodHljRjlvT2pnelptNUtSR0ZxVFhOM2VHTnNRMU5sYmt0SGNXYxAB_03,Ci9DQUlRQUNvZENodHljRjlvT2pnelptNUtSR0ZxVFhOM2VHTnNRMU5sYmt0SGNXYxAB,6,6
Ci9DQUlRQUNvZENodHljRjlvT2pnelptNUtSR0ZxVFhOM2VHTnNRMU5sYmt0SGNXYxAB_04,Ci9DQUlRQUNvZENodHljRjlvT2pnelptNUtSR0ZxVFhOM2VHTnNRMU5sYmt0SGNXYxAB,-1,-1
Ci9DQUlRQUNvZENodHljRjlvT2xSQ1ZuUlhRVk14VjJSUVNYRmZUbDlFUXpKMFlXYxAB_01,Ci9DQUlRQUNvZENodHljRjlvT2xSQ1ZuUlhRVk14VjJSUVNYRmZUbDlFUXpKMFlXYxAB,2,2
Ci9DQUlRQUNvZENodHljRjlvT2xSQ1ZuUlhRVk14VjJSUVNYRmZUbDlFUXpKMFlXYxAB_02,Ci9DQUlRQUNvZENodHljRjlvT2xSQ1ZuUlhRVk14VjJSUVNYRmZUbDlFUXpKMFlXYxAB,14,13
Ci9DQUlRQUNvZENodHljRjlvT2xack1rSm5NMmxMZVdrNGFGSlZTWFEyYlZFdFNWRRAB_01,Ci9DQUlRQUNvZENodHljRjlvT2xack1rSm5NMmxMZVdrNGFGSlZTWFEyYlZFdFNWRRAB,-1,-1
Ci9DQUlRQUNvZENodHljRjlvT21wd1pXNU1PRTAzUW1wNmNISk9VRlZEU1ZKdE1rRRAB_01,Ci9DQUlRQUNvZENodHljRjlvT21wd1pXNU1PRTAzUW1wNmNISk9VRlZEU1ZKdE1rRRAB,-1,-1
Ci9DQUlRQUNvZENodHljRjlvT2xZMWNuaHVabWxYWkZoVlpFcEJTSEpDUnpjM2VrRRAB_01,Ci9DQUlRQUNvZENodHljRjlvT2xZMWNuaHVabWxYWkZoVlpFcEJTSEpDUnpjM2VrRRAB,5,4
Ci9DQUlRQUNvZENodHljRjlvT2xZMWNuaHVabWxYWkZoVlpFcEJTSEpDUnpjM2VrRRAB_02,Ci9DQUlRQUNvZENodHljRjlvT2xZMWNuaHVabWxYWkZoVlpFcEJTSEpDUnpjM2VrRRAB,19,16
Ci9DQUlRQUNvZENodHljRjlvT2tGa05HTlZiVEU1ZFdwWFpHcDRXRFpHYlMxRGFGRRAB_01,Ci9DQUlRQUNvZENodHljRjlvT2tGa05HTlZiVEU1ZFdwWFpHcDRXRFpHYlMxRGFGRRAB,-1,-1
Ci9DQUlRQUNvZENodHljRjlvT2tGa05HTlZiVEU1ZFdwWFpHcDRXRFpHYlMxRGFGRRAB_02,Ci9DQUlRQUNvZENodHljRjlvT2tGa05HTlZiVEU1ZFdwWFpHcDRXRFpHYlMxRGFGRRAB,-1,-1
Ci9DQUlRQUNvZENodHljRjlvT205ME1VNU9Va1ZFZFZkWVJtUm5YMG80UkRkTU5YYxAB_01,Ci9DQUlRQUNvZENodHljRjlvT205ME1VNU9Va1ZFZFZkWVJtUm5YMG80UkRkTU5YYxAB,11,12
Ci9DQUlRQUNvZENodHljRjlvT205ME1VNU9Va1ZFZFZkWVJtUm5YMG80UkRkTU5YYxAB_02,Ci9DQUlRQUNvZENodHljRjlvT205ME1VNU9Va1ZFZFZkWVJtUm5YMG80UkRkTU5YYxAB,-1,-1
Ci9DQUlRQUNvZENodHljRjlvT205ME1VNU9Va1ZFZFZkWVJtUm5YMG80UkRkTU5YYxAB_03,Ci9DQUlRQUNvZENodHljRjlvT205ME1VNU9Va1ZFZFZkWVJtUm5YMG80UkRkTU5YYxAB,-1,-1
Ci9DQUlRQUNvZENodHljRjlvT2twTFZUTmtaVk5YVlZOMFMycG1TMUpEVlhjMmMyYxAB_01,Ci9DQUlRQUNvZENodHljRjlvT2twTFZUTmtaVk5YVlZOMFMycG1TMUpEVlhjMmMyYxAB,-1,-1
Ci9DQUlRQUNvZENodHljRjlvT20weFpTMW5SV2s1UldaUWFGUTJlVFpUY1RabFYyYxAB_01,Ci9DQUlRQUNvZENodHljRjlvT20weFpTMW5SV2s1UldaUWFGUTJlVFpUY1RabFYyYxAB,8,8
Ci9DQUlRQUNvZENodHljRjlvT20weFpTMW5SV2s1UldaUWFGUTJlVFpUY1RabFYyYxAB_02,Ci9DQUlRQUNvZENodHljRjlvT20weFpTMW5SV2s1UldaUWFGUTJlVFpUY1RabFYyYxAB,2,2
Ci9DQUlRQUNvZENodHljRjlvT20weFpTMW5SV2s1UldaUWFGUTJlVFpUY1RabFYyYxAB_03,Ci9DQUlRQUNvZENodHljRjlvT20weFpTMW5SV2s1UldaUWFGUTJlVFpUY1RabFYyYxAB,-1,-1
Ci9DQUlRQUNvZENodHljRjlvT20weFpTMW5SV2s1UldaUWFGUTJlVFpUY1RabFYyYxAB_04,Ci9DQUlRQUNvZENodHljRjlvT20weFpTMW5SV2s1UldaUWFGUTJlVFpUY1RabFYyYxAB,2,2
Ci9DQUlRQUNvZENodHljRjlvT20weFpTMW5SV2s1UldaUWFGUTJlVFpUY1RabFYyYxAB_05,Ci9DQUlRQUNvZENodHljRjlvT20weFpTMW5SV2s1UldaUWFGUTJlVFpUY1RabFYyYxAB,4,5
Ci9DQUlRQUNvZENodHljRjlvT20weFpTMW5SV2s1UldaUWFGUTJlVFpUY1RabFYyYxAB_06,Ci9DQUlRQUNvZENodHljRjlvT20weFpTMW5SV2s1UldaUWFGUTJlVFpUY1RabFYyYxAB,11,12
Ci9DQUlRQUNvZENodHljRjlvT20weFpTMW5SV2s1UldaUWFGUTJlVFpUY1RabFYyYxAB_07,Ci9DQUlRQUNvZENodHljRjlvT20weFpTMW5SV2s1UldaUWFGUTJlVFpUY1RabFYyYxAB,11,12
Ci9DQUlRQUNvZENodHljRjlvT20weFpTMW5SV2s1UldaUWFGUTJlVFpUY1RabFYyYxAB_08,Ci9DQUlRQUNvZENodHljRjlvT20weFpTMW5SV2s1UldaUWFGUTJlVFpUY1RabFYyYxAB,8,8
Ci9DQUlRQUNvZENodHljRjlvT20weFpTMW5SV2s1UldaUWFGUTJlVFpUY1RabFYyYxAB_09,Ci9DQUlRQUNvZENodHljRjlvT20weFpTMW5SV2s1UldaUWFGUTJlVFpUY1RabFYyYxAB,16,14
Ci9DQUlRQUNvZENodHljRjlvT20weFpTMW5SV2s1UldaUWFGUTJlVFpUY1RabFYyYxAB_10,Ci9DQUlRQUNvZENodHljRjlvT20weFpTMW5SV2s1UldaUWFGUTJlVFpUY1RabFYyYxAB,-1,-1
Ci9DQUlRQUNvZENodHljRjlvT20weFpTMW5SV2s1UldaUWFGUTJlVFpUY1RabFYyYxAB_11,Ci9DQUlRQUNvZENodHljRjlvT20weFpTMW5SV2s1UldaUWFGUTJlVFpUY1RabFYyYxAB,0,1
Ci9DQUlRQUNvZENodHljRjlvT20weFpTMW5SV2s1UldaUWFGUTJlVFpUY1RabFYyYxAB_12,Ci9DQUlRQUNvZENodHljRjlvT20weFpTMW5SV2s1UldaUWFGUTJlVFpUY1RabFYyYxAB,-1,-1
Ci9DQUlRQUNvZENodHljRjlvT20weFpTMW5SV2s1UldaUWFGUTJlVFpUY1RabFYyYxAB_13,Ci9DQUlRQUNvZENodHljRjlvT20weFpTMW5SV2s1UldaUWFGUTJlVFpUY1RabFYyYxAB,-1,-1
Ci9DQUlRQUNvZENodHljRjlvT20weFpTMW5SV2s1UldaUWFGUTJlVFpUY1RabFYyYxAB_14,Ci9DQUlRQUNvZENodHljRjlvT20weFpTMW5SV2s1UldaUWFGUTJlVFpUY1RabFYyYxAB,-1,-1
Ci9DQUlRQUNvZENodHljRjlvT2pkeVJISjFhbVJGZERoZlUwSnlUWFZXYkVORlRrRRAB_01,Ci9DQUlRQUNvZENodHljRjlvT2pkeVJISjFhbVJGZERoZlUwSnlUWFZXYkVORlRrRRAB,9,9
Ci9DQUlRQUNvZENodHljRjlvT2pkeVJISjFhbVJGZERoZlUwSnlUWFZXYkVORlRrRRAB_02,Ci9DQUlRQUNvZENodHljRjlvT2pkeVJISjFhbVJGZERoZlUwSnlUWFZXYkVORlRrRRAB,1,0
ChdDSUhNMG9nS0VJQ0FnSUN0dUlUNTN3RRAB_01,ChdDSUhNMG9nS0VJQ0FnSUN0dUlUNTN3RRAB,32,-1
ChdDSUhNMG9nS0VJQ0FnSUN0dUlUNTN3RRAB_02,ChdDSUhNMG9nS0VJQ0FnSUN0dUlUNTN3RRAB,-1,-1
ChdDSUhNMG9nS0VJQ0FnSUN0dUlUNTN3RRAB_03,ChdDSUhNMG9nS0VJQ0FnSUN0dUlUNTN3RRAB,18,20
ChZDSUhNMG9nS0VJQ0FnSURqMkluWEJnEAE_01,ChZDSUhNMG9nS0VJQ0FnSURqMkluWEJnEAE,4,5
ChZDSUhNMG9nS0VJQ0FnSURqMkluWEJnEAE_02,ChZDSUhNMG9nS0VJQ0FnSURqMkluWEJnEAE,-1,-1
ChdDSUhNMG9nS0VJQ0FnSURUX2NfXzRnRRAB_01,ChdDSUhNMG9nS0VJQ0FnSURUX2NfXzRnRRAB,6,-1
ChdDSUhNMG9nS0VJQ0FnSURUX2NfXzRnRRAB_02,ChdDSUhNMG9nS0VJQ0FnSURUX2NfXzRnRRAB,-1,-1
ChdDSUhNMG9nS0VJQ0FnSUN6b2RDUnRBRRAB_01,ChdDSUhNMG9nS0VJQ0FnSUN6b2RDUnRBRRAB,3,-1
ChZDSUhNMG9nS0VJQ0FnSUNMc3FMQmFREAE_01,ChZDSUhNMG9nS0VJQ0FnSUNMc3FMQmFREAE,3,3
ChZDSUhNMG9nS0VJQ0FnSUNMc3FMQmFREAE_02,ChZDSUhNMG9nS0VJQ0FnSUNMc3FMQmFREAE,5,-1
ChdDSUhNMG9nS0VJQ0FnSUNfd012ZXp3RRAB_01,ChdDSUhNMG9nS0VJQ0FnSUNfd012ZXp3RRAB,21,28
ChdDSUhNMG9nS0VJQ0FnTUNnbWZ6OGdRRRAB_01,ChdDSUhNMG9nS0VJQ0FnTUNnbWZ6OGdRRRAB,4,5
ChdDSUhNMG9nS0VJQ0FnTUNnbWZ6OGdRRRAB_02,ChdDSUhNMG9nS0VJQ0FnTUNnbWZ6OGdRRRAB,-1,-1
ChdDSUhNMG9nS0VJQ0FnTUNnbWZ6OGdRRRAB_03,ChdDSUhNMG9nS0VJQ0FnTUNnbWZ6OGdRRRAB,0,1
ChdDSUhNMG9nS0VJQ0FnTUNnbWZ6OGdRRRAB_04,ChdDSUhNMG9nS0VJQ0FnTUNnbWZ6OGdRRRAB,-1,-1
ChdDSUhNMG9nS0VJQ0FnTUNnbWZ6OGdRRRAB_05,ChdDSUhNMG9nS0VJQ0FnTUNnbWZ6OGdRRRAB,32,-1
ChZDSUhNMG9nS0VJQ0FnTURvaXFXQUV3EAE_01,ChZDSUhNMG9nS0VJQ0FnTURvaXFXQUV3EAE,4,-1
ChZDSUhNMG9nS0VJQ0FnTURvaXFXQUV3EAE_02,ChZDSUhNMG9nS0VJQ0FnTURvaXFXQUV3EAE,10,10
ChdDSUhNMG9nS0VJQ0FnTUNZMlpHX2x3RRAB_01,ChdDSUhNMG9nS0VJQ0FnTUNZMlpHX2x3RRAB,14,13
Ci9DQUlRQUNvZENodHljRjlvT2tkQ0xXODFWR0ZqY0hoR2JsbG9ibUZMVmtwcllVRRAB_01,Ci9DQUlRQUNvZENodHljRjlvT2tkQ0xXODFWR0ZqY0hoR2JsbG9ibUZMVmtwcllVRRAB,11,12
Ci9DQUlRQUNvZENodHljRjlvT2tkQ0xXODFWR0ZqY0hoR2JsbG9ibUZMVmtwcllVRRAB_02,Ci9DQUlRQUNvZENodHljRjlvT2tkQ0xXODFWR0ZqY0hoR2JsbG9ibUZMVmtwcllVRRAB,-1,-1
Ci9DQUlRQUNvZENodHljRjlvT2tkQ0xXODFWR0ZqY0hoR2JsbG9ibUZMVmtwcllVRRAB_03,Ci9DQUlRQUNvZENodHljRjlvT2tkQ0xXODFWR0ZqY0hoR2JsbG9ibUZMVmtwcllVRRAB,-1,-1
Ci9DQUlRQUNvZENodHljRjlvT2tkQ0xXODFWR0ZqY0hoR2JsbG9ibUZMVmtwcllVRRAB_04,Ci9DQUlRQUNvZENodHljRjlvT2tkQ0xXODFWR0ZqY0hoR2JsbG9ibUZMVmtwcllVRRAB,17,19
ChdDSUhNMG9nS0VJSFJtTDdBcE92TzJnRRAB_01,ChdDSUhNMG9nS0VJSFJtTDdBcE92TzJnRRAB,-1,-1
Ci9DQUlRQUNvZENodHljRjlvT25sclFpMDFlR0oxUjJ0TlRuVlJSMTk0YjNWSFQyYxAB_01,Ci9DQUlRQUNvZENodHljRjlvT25sclFpMDFlR0oxUjJ0TlRuVlJSMTk0YjNWSFQyYxAB,23,31
Ci9DQUlRQUNvZENodHljRjlvT25sclFpMDFlR0oxUjJ0TlRuVlJSMTk0YjNWSFQyYxAB_02,Ci9DQUlRQUNvZENodHljRjlvT25sclFpMDFlR0oxUjJ0TlRuVlJSMTk0YjNWSFQyYxAB,0,1
Ci9DQUlRQUNvZENodHljRjlvT25sclFpMDFlR0oxUjJ0TlRuVlJSMTk0YjNWSFQyYxAB_03,Ci9DQUlRQUNvZENodHljRjlvT25sclFpMDFlR0oxUjJ0TlRuVlJSMTk0YjNWSFQyYxAB,1,0
Ci9DQUlRQUNvZENodHljRjlvT2tsdFJsVldTa05SWVdaWWN6ZFRlbEZaVldOV1RYYxAB_01,Ci9DQUlRQUNvZENodHljRjlvT2tsdFJsVldTa05SWVdaWWN6ZFRlbEZaVldOV1RYYxAB,-1,-1
Ci9DQUlRQUNvZENodHljRjlvT2tsdFJsVldTa05SWVdaWWN6ZFRlbEZaVldOV1RYYxAB_02,Ci9DQUlRQUNvZENodHljRjlvT2tsdFJsVldTa05SWVdaWWN6ZFRlbEZaVldOV1RYYxAB,39,38
Ci9DQUlRQUNvZENodHljRjlvT25RNVNuQTNRVkkxUkd4eGNISXhXR04xVmpkUVduYxAB_01,Ci9DQUlRQUNvZENodHljRjlvT25RNVNuQTNRVkkxUkd4eGNISXhXR04xVmpkUVduYxAB,6,6
Ci9DQUlRQUNvZENodHljRjlvT21sUU56UXhOemxoUm1KU1ZWSlpYMTlVU0cxUk5IYxAB_01,Ci9DQUlRQUNvZENodHljRjlvT21sUU56UXhOemxoUm1KU1ZWSlpYMTlVU0cxUk5IYxAB,1,0
Ci9DQUlRQUNvZENodHljRjlvT21sUU56UXhOemxoUm1KU1ZWSlpYMTlVU0cxUk5IYxAB_02,Ci9DQUlRQUNvZENodHljRjlvT21sUU56UXhOemxoUm1KU1ZWSlpYMTlVU0cxUk5IYxAB,0,1
Ci9DQUlRQUNvZENodHljRjlvT21sUU56UXhOemxoUm1KU1ZWSlpYMTlVU0cxUk5IYxAB_03,Ci9DQUlRQUNvZENodHljRjlvT21sUU56UXhOemxoUm1KU1ZWSlpYMTlVU0cxUk5IYxAB,-1,-1
Ci9DQUlRQUNvZENodHljRjlvT21sUU56UXhOemxoUm1KU1ZWSlpYMTlVU0cxUk5IYxAB_04,Ci9DQUlRQUNvZENodHljRjlvT21sUU56UXhOemxoUm1KU1ZWSlpYMTlVU0cxUk5IYxAB,-1,-1
Ci9DQUlRQUNvZENodHljRjlvT21sUU56UXhOemxoUm1KU1ZWSlpYMTlVU0cxUk5IYxAB_05,Ci9DQUlRQUNvZENodHljRjlvT21sUU56UXhOemxoUm1KU1ZWSlpYMTlVU0cxUk5IYxAB,-1,-1
Ci9DQUlRQUNvZENodHljRjlvT20xNlZVNUlOMHhRT1ZJME4xVnNTRkF0UXpCbWJGRRAB_01,Ci9DQUlRQUNvZENodHljRjlvT20xNlZVNUlOMHhRT1ZJME4xVnNTRkF0UXpCbWJGRRAB,29,23
Ci9DQUlRQUNvZENodHljRjlvT20xNlZVNUlOMHhRT1ZJME4xVnNTRkF0UXpCbWJGRRAB_02,Ci9DQUlRQUNvZENodHljRjlvT20xNlZVNUlOMHhRT1ZJME4xVnNTRkF0UXpCbWJGRRAB,-1,-1
Ci9DQUlRQUNvZENodHljRjlvT20xNlZVNUlOMHhRT1ZJME4xVnNTRkF0UXpCbWJGRRAB_03,Ci9DQUlRQUNvZENodHljRjlvT20xNlZVNUlOMHhRT1ZJME4xVnNTRkF0UXpCbWJGRRAB,-1,-1
Ci9DQUlRQUNvZENodHljRjlvT21oV1luRnNXSFJJVDJGWlNXTjRhR2RoYVdWeFQyYxAB_01,Ci9DQUlRQUNvZENodHljRjlvT21oV1luRnNXSFJJVDJGWlNXTjRhR2RoYVdWeFQyYxAB,20,18
Ci9DQUlRQUNvZENodHljRjlvT21oV1luRnNXSFJJVDJGWlNXTjRhR2RoYVdWeFQyYxAB_02,Ci9DQUlRQUNvZENodHljRjlvT21oV1luRnNXSFJJVDJGWlNXTjRhR2RoYVdWeFQyYxAB,9,9
Ci9DQUlRQUNvZENodHljRjlvT21oV1luRnNXSFJJVDJGWlNXTjRhR2RoYVdWeFQyYxAB_03,Ci9DQUlRQUNvZENodHljRjlvT21oV1luRnNXSFJJVDJGWlNXTjRhR2RoYVdWeFQyYxAB,13,15
Ci9DQUlRQUNvZENodHljRjlvT21oV1luRnNXSFJJVDJGWlNXTjRhR2RoYVdWeFQyYxAB_04,Ci9DQUlRQUNvZENodHljRjlvT21oV1luRnNXSFJJVDJGWlNXTjRhR2RoYVdWeFQyYxAB,6,6
Ci9DQUlRQUNvZENodHljRjlvT2twdVFqazROMko2VFRCVVN6WnZMVlJUVTFOZlptYxAB_01,Ci9DQUlRQUNvZENodHljRjlvT2twdVFqazROMko2VFRCVVN6WnZMVlJUVTFOZlptYxAB,9,9
Ci9DQUlRQUNvZENodHljRjlvT2twdVFqazROMko2VFRCVVN6WnZMVlJUVTFOZlptYxAB_02,Ci9DQUlRQUNvZENodHljRjlvT2twdVFqazROMko2VFRCVVN6WnZMVlJUVTFOZlptYxAB,-1,-1
Ci9DQUlRQUNvZENodHljRjlvT2twdVFqazROMko2VFRCVVN6WnZMVlJUVTFOZlptYxAB_03,Ci9DQUlRQUNvZENodHljRjlvT2twdVFqazROMko2VFRCVVN6WnZMVlJUVTFOZlptYxAB,-1,-1
Ci9DQUlRQUNvZENodHljRjlvT2twdVFqazROMko2VFRCVVN6WnZMVlJUVTFOZlptYxAB_04,Ci9DQUlRQUNvZENodHljRjlvT2twdVFqazROMko2VFRCVVN6WnZMVlJUVTFOZlptYxAB,2,2
Ci9DQUlRQUNvZENodHljRjlvT2tWdVJqQlBNR0Z4WTJFM1NpMVBSVmM0T1V0UVIwRRAB_01,Ci9DQUlRQUNvZENodHljRjlvT2tWdVJqQlBNR0Z4WTJFM1NpMVBSVmM0T1V0UVIwRRAB,13,-1
Ci9DQUlRQUNvZENodHljRjlvT2tWdVJqQlBNR0Z4WTJFM1NpMVBSVmM0T1V0UVIwRRAB_02,Ci9DQUlRQUNvZENodHljRjlvT2tWdVJqQlBNR0Z4WTJFM1NpMVBSVmM0T1V0UVIwRRAB,-1,-1
Ci9DQUlRQUNvZENodHljRjlvT2pKUk1uWTRSR2h6TFhaRmJFOU1lbVJDTmxob1FVRRAB_01,Ci9DQUlRQUNvZENodHljRjlvT2pKUk1uWTRSR2h6TFhaRmJFOU1lbVJDTmxob1FVRRAB,22,17
Ci9DQUlRQUNvZENodHljRjlvT21WUE1tcGlWM05CYkdrek5HYzNXbUZKVjFWcWEwRRAB_01,Ci9DQUlRQUNvZENodHljRjlvT21WUE1tcGlWM05CYkdrek5HYzNXbUZKVjFWcWEwRRAB,1,0
Ci9DQUlRQUNvZENodHljRjlvT21WUE1tcGlWM05CYkdrek5HYzNXbUZKVjFWcWEwRRAB_02,Ci9DQUlRQUNvZENodHljRjlvT21WUE1tcGlWM05CYkdrek5HYzNXbUZKVjFWcWEwRRAB,0,1
Ci9DQUlRQUNvZENodHljRjlvT21WUE1tcGlWM05CYkdrek5HYzNXbUZKVjFWcWEwRRAB_03,Ci9DQUlRQUNvZENodHljRjlvT21WUE1tcGlWM05CYkdrek5HYzNXbUZKVjFWcWEwRRAB,-1,-1
Ci9DQUlRQUNvZENodHljRjlvT21WUE1tcGlWM05CYkdrek5HYzNXbUZKVjFWcWEwRRAB_04,Ci9DQUlRQUNvZENodHljRjlvT21WUE1tcGlWM05CYkdrek5HYzNXbUZKVjFWcWEwRRAB,18,-1
Ci9DQUlRQUNvZENodHljRjlvT21WUE1tcGlWM05CYkdrek5HYzNXbUZKVjFWcWEwRRAB_05,Ci9DQUlRQUNvZENodHljRjlvT21WUE1tcGlWM05CYkdrek5HYzNXbUZKVjFWcWEwRRAB,25,-1
Ci9DQUlRQUNvZENodHljRjlvT21WUE1tcGlWM05CYkdrek5HYzNXbUZKVjFWcWEwRRAB_06,Ci9DQUlRQUNvZENodHljRjlvT21WUE1tcGlWM05CYkdrek5HYzNXbUZKVjFWcWEwRRAB,-1,-1
Ci9DQUlRQUNvZENodHljRjlvT21WUE1tcGlWM05CYkdrek5HYzNXbUZKVjFWcWEwRRAB_07,Ci9DQUlRQUNvZENodHljRjlvT21WUE1tcGlWM05CYkdrek5HYzNXbUZKVjFWcWEwRRAB,0,1
Ci9DQUlRQUNvZENodHljRjlvT21WUE1tcGlWM05CYkdrek5HYzNXbUZKVjFWcWEwRRAB_08,Ci9DQUlRQUNvZENodHljRjlvT21WUE1tcGlWM05CYkdrek5HYzNXbUZKVjFWcWEwRRAB,0,1
Ci9DQUlRQUNvZENodHljRjlvT21WUE1tcGlWM05CYkdrek5HYzNXbUZKVjFWcWEwRRAB_09,Ci9DQUlRQUNvZENodHljRjlvT21WUE1tcGlWM05CYkdrek5HYzNXbUZKVjFWcWEwRRAB,31,27
ChdDSUhNMG9nS0VJQ0FnSURQdTdmRGpnRRAB_01,ChdDSUhNMG9nS0VJQ0FnSURQdTdmRGpnRRAB,15,11
ChZDSUhNMG9nS0VJQ0FnSUR2aHVQblpBEAE_01,ChZDSUhNMG9nS0VJQ0FnSUR2aHVQblpBEAE,15,11
ChZDSUhNMG9nS0VJQ0FnSUR2aHVQblpBEAE_02,ChZDSUhNMG9nS0VJQ0FnSUR2aHVQblpBEAE,-1,-1
ChZDSUhNMG9nS0VJQ0FnSUR2aHVQblpBEAE_03,ChZDSUhNMG9nS0VJQ0FnSUR2aHVQblpBEAE,15,11
ChZDSUhNMG9nS0VJQ0FnSUR2aHVQblpBEAE_04,ChZDSUhNMG9nS0VJQ0FnSUR2aHVQblpBEAE,15,11
ChZDSUhNMG9nS0VJQ0FnSUR2aHVQblpBEAE_05,ChZDSUhNMG9nS0VJQ0FnSUR2aHVQblpBEAE,31,27
ChZDSUhNMG9nS0VJQ0FnSUR2aHVQblpBEAE_06,ChZDSUhNMG9nS0VJQ0FnSUR2aHVQblpBEAE,-1,-1
ChZDSUhNMG9nS0VJQ0FnSUR2aHVQblpBEAE_07,ChZDSUhNMG9nS0VJQ0FnSUR2aHVQblpBEAE,-1,-1
Ci9DQUlRQUNvZENodHljRjlvT2xka1RqTmpUWEV5VkhsblpIQmZXWGxHYjBWRVUyYxAB_01,Ci9DQUlRQUNvZENodHljRjlvT2xka1RqTmpUWEV5VkhsblpIQmZXWGxHYjBWRVUyYxAB,37,35
Ci9DQUlRQUNvZENodHljRjlvT2xka1RqTmpUWEV5VkhsblpIQmZXWGxHYjBWRVUyYxAB_02,Ci9DQUlRQUNvZENodHljRjlvT2xka1RqTmpUWEV5VkhsblpIQmZXWGxHYjBWRVUyYxAB,5,-1
ChZDSUhNMG9nS0VJQ0FnSUNvb00yeWVnEAE_01,ChZDSUhNMG9nS0VJQ0FnSUNvb00yeWVnEAE,15,11
ChZDSUhNMG9nS0VJQ0FnSUNvb00yeWVnEAE_02,ChZDSUhNMG9nS0VJQ0FnSUNvb00yeWVnEAE,11,12
Ci9DQUlRQUNvZENodHljRjlvT2xad1FUVXRSbHAzWDA5MlJreHdiV0kzZDB0T09VRRAB_01,Ci9DQUlRQUNvZENodHljRjlvT2xad1FUVXRSbHAzWDA5MlJreHdiV0kzZDB0T09VRRAB,2,2
Ci9DQUlRQUNvZENodHljRjlvT2xad1FUVXRSbHAzWDA5MlJreHdiV0kzZDB0T09VRRAB_02,Ci9DQUlRQUNvZENodHljRjlvT2xad1FUVXRSbHAzWDA5MlJreHdiV0kzZDB0T09VRRAB,6,6
Ci9DQUlRQUNvZENodHljRjlvT2pKS1ZIbE5MV05EYkZaS0xXWjZlVTVUVDBKbk1tYxAB_01,Ci9DQUlRQUNvZENodHljRjlvT2pKS1ZIbE5MV05EYkZaS0xXWjZlVTVUVDBKbk1tYxAB,15,11
Ci9DQUlRQUNvZENodHljRjlvT25FeVJXbEdTRlJCWTJKVFV6Tk9ZUzA0UTNWTFIwRRAB_01,Ci9DQUlRQUNvZENodHljRjlvT25FeVJXbEdTRlJCWTJKVFV6Tk9ZUzA0UTNWTFIwRRAB,24,-1
Ci9DQUlRQUNvZENodHljRjlvT25FeVJXbEdTRlJCWTJKVFV6Tk9ZUzA0UTNWTFIwRRAB_02,Ci9DQUlRQUNvZENodHljRjlvT25FeVJXbEdTRlJCWTJKVFV6Tk9ZUzA0UTNWTFIwRRAB,2,2
Ci9DQUlRQUNvZENodHljRjlvT25FeVJXbEdTRlJCWTJKVFV6Tk9ZUzA0UTNWTFIwRRAB_03,Ci9DQUlRQUNvZENodHljRjlvT25FeVJXbEdTRlJCWTJKVFV6Tk9ZUzA0UTNWTFIwRRAB,1,0
Ci9DQUlRQUNvZENodHljRjlvT25FeVJXbEdTRlJCWTJKVFV6Tk9ZUzA0UTNWTFIwRRAB_04,Ci9DQUlRQUNvZENodHljRjlvT25FeVJXbEdTRlJCWTJKVFV6Tk9ZUzA0UTNWTFIwRRAB,8,8
Ci9DQUlRQUNvZENodHljRjlvT25FeVJXbEdTRlJCWTJKVFV6Tk9ZUzA0UTNWTFIwRRAB_05,Ci9DQUlRQUNvZENodHljRjlvT25FeVJXbEdTRlJCWTJKVFV6Tk9ZUzA0UTNWTFIwRRAB,31,27
Ci9DQUlRQUNvZENodHljRjlvT25FeVJXbEdTRlJCWTJKVFV6Tk9ZUzA0UTNWTFIwRRAB_06,Ci9DQUlRQUNvZENodHljRjlvT25FeVJXbEdTRlJCWTJKVFV6Tk9ZUzA0UTNWTFIwRRAB,-1,-1
Ci9DQUlRQUNvZENodHljRjlvT25GRGRrY3hjM3B2WVRoQlExTmxkVlY0VUVsNE1IYxAB_01,Ci9DQUlRQUNvZENodHljRjlvT25GRGRrY3hjM3B2WVRoQlExTmxkVlY0VUVsNE1IYxAB,2,2
Ci9DQUlRQUNvZENodHljRjlvT2w5bk9VMU9RMTkxTW5GRWVHMTRkWFpMUkMxZmEzYxAB_01,Ci9DQUlRQUNvZENodHljRjlvT2w5bk9VMU9RMTkxTW5GRWVHMTRkWFpMUkMxZmEzYxAB,9,9
Ci9DQUlRQUNvZENodHljRjlvT2w5bk9VMU9RMTkxTW5GRWVHMTRkWFpMUkMxZmEzYxAB_02,Ci9DQUlRQUNvZENodHljRjlvT2w5bk9VMU9RMTkxTW5GRWVHMTRkWFpMUkMxZmEzYxAB,-1,-1
Ci9DQUlRQUNvZENodHljRjlvT2xVeE9YbEJhMVJDTkVoYVJIbFZNbVIyU0ZOTFRuYxAB_01,Ci9DQUlRQUNvZENodHljRjlvT2xVeE9YbEJhMVJDTkVoYVJIbFZNbVIyU0ZOTFRuYxAB,10,-1
Ci9DQUlRQUNvZENodHljRjlvT2xVeE9YbEJhMVJDTkVoYVJIbFZNbVIyU0ZOTFRuYxAB_02,Ci9DQUlRQUNvZENodHljRjlvT2xVeE9YbEJhMVJDTkVoYVJIbFZNbVIyU0ZOTFRuYxAB,2,2
ChdDSUhNMG9nS0VJQ0FnSUQxdy15dThnRRAB_01,ChdDSUhNMG9nS0VJQ0FnSUQxdy15dThnRRAB,2,2
ChdDSUhNMG9nS0VJQ0FnSUQxdy15dThnRRAB_02,ChdDSUhNMG9nS0VJQ0FnSUQxdy15dThnRRAB,17,19
ChdDSUhNMG9nS0VJQ0FnSUQxdy15dThnRRAB_03,ChdDSUhNMG9nS0VJQ0FnSUQxdy15dThnRRAB,-1,-1
ChdDSUhNMG9nS0VJQ0FnSUROdDh1b21RRRAB_01,ChdDSUhNMG9nS0VJQ0FnSUROdDh1b21RRRAB,5,4
ChdDSUhNMG9nS0VJQ0FnSUROdDh1b21RRRAB_02,ChdDSUhNMG9nS0VJQ0FnSUROdDh1b21RRRAB,-1,-1
ChdDSUhNMG9nS0VJQ0FnSUROdDh1b21RRRAB_03,ChdDSUhNMG9nS0VJQ0FnSUROdDh1b21RRRAB,1,0
ChdDSUhNMG9nS0VJQ0FnSUROdDh1b21RRRAB_04,ChdDSUhNMG9nS0VJQ0FnSUROdDh1b21RRRAB,1,0
ChdDSUhNMG9nS0VJQ0FnSUROdDh1b21RRRAB_05,ChdDSUhNMG9nS0VJQ0FnSUROdDh1b21RRRAB,2,2
ChdDSUhNMG9nS0VJQ0FnSUROdDh1b21RRRAB_06,ChdDSUhNMG9nS0VJQ0FnSUROdDh1b21RRRAB,4,-1
ChdDSUhNMG9nS0VJQ0FnSUROdDh1b21RRRAB_07,ChdDSUhNMG9nS0VJQ0FnSUROdDh1b21RRRAB,-1,-1
ChdDSUhNMG9nS0VJQ0FnSUROdDh1b21RRRAB_08,ChdDSUhNMG9nS0VJQ0FnSUROdDh1b21RRRAB,17,19
ChdDSUhNMG9nS0VJQ0FnSUROdDh1b21RRRAB_09,ChdDSUhNMG9nS0VJQ0FnSUROdDh1b21RRRAB,20,18
ChdDSUhNMG9nS0VJQ0FnSUROdDh1b21RRRAB_10,ChdDSUhNMG9nS0VJQ0FnSUROdDh1b21RRRAB,19,16
ChZDSUhNMG9nS0VJQ0FnSUN0eVpUZlNBEAE_01,ChZDSUhNMG9nS0VJQ0FnSUN0eVpUZlNBEAE,2,2
ChZDSUhNMG9nS0VJQ0FnSUN0eVpUZlNBEAE_02,ChZDSUhNMG9nS0VJQ0FnSUN0eVpUZlNBEAE,20,18
ChZDSUhNMG9nS0VJQ0FnSUN0eVpUZlNBEAE_03,ChZDSUhNMG9nS0VJQ0FnSUN0eVpUZlNBEAE,2,2
ChZDSUhNMG9nS0VJQ0FnSUN0eVpUZlNBEAE_04,ChZDSUhNMG9nS0VJQ0FnSUN0eVpUZlNBEAE,29,23
ChZDSUhNMG9nS0VJQ0FnSUN0eVpUZlNBEAE_05,ChZDSUhNMG9nS0VJQ0FnSUN0eVpUZlNBEAE,-1,-1
ChZDSUhNMG9nS0VJQ0FnTUN3dU4zMWRnEAE_01,ChZDSUhNMG9nS0VJQ0FnTUN3dU4zMWRnEAE,29,23
ChZDSUhNMG9nS0VJQ0FnTUN3dU4zMWRnEAE_02,ChZDSUhNMG9nS0VJQ0FnTUN3dU4zMWRnEAE,29,23
ChZDSUhNMG9nS0VJQ0FnTUN3dU4zMWRnEAE_03,ChZDSUhNMG9nS0VJQ0FnTUN3dU4zMWRnEAE,2,2
ChZDSUhNMG9nS0VJQ0FnTUN3c3NHcWZ3EAE_01,ChZDSUhNMG9nS0VJQ0FnTUN3c3NHcWZ3EAE,36,-1
ChZDSUhNMG9nS0VJQ0FnTUN3c3NHcWZ3EAE_02,ChZDSUhNMG9nS0VJQ0FnTUN3c3NHcWZ3EAE,13,-1
ChZDSUhNMG9nS0VJQ0FnTUN3c3NHcWZ3EAE_03,ChZDSUhNMG9nS0VJQ0FnTUN3c3NHcWZ3EAE,11,-1
ChZDSUhNMG9nS0VJQ0FnTUN3c3NHcWZ3EAE_04,ChZDSUhNMG9nS0VJQ0FnTUN3c3NHcWZ3EAE,5,4
ChZDSUhNMG9nS0VJQ0FnTUN3c3NHcWZ3EAE_05,ChZDSUhNMG9nS0VJQ0FnTUN3c3NHcWZ3EAE,4,5
Ci9DQUlRQUNvZENodHljRjlvT2pKVGNuSjVRMU5OTjI5cmJESjFiVEJ1TmxWWFkxRRAB_01,Ci9DQUlRQUNvZENodHljRjlvT2pKVGNuSjVRMU5OTjI5cmJESjFiVEJ1TmxWWFkxRRAB,3,3
Ci9DQUlRQUNvZENodHljRjlvT21aMFdFSmpjMU5RUmtkVVgzSlRUalUwYzNoelVsRRAB_01,Ci9DQUlRQUNvZENodHljRjlvT21aMFdFSmpjMU5RUmtkVVgzSlRUalUwYzNoelVsRRAB,5,4
Ci9DQUlRQUNvZENodHljRjlvT21aMFdFSmpjMU5RUmtkVVgzSlRUalUwYzNoelVsRRAB_02,Ci9DQUlRQUNvZENodHljRjlvT21aMFdFSmpjMU5RUmtkVVgzSlRUalUwYzNoelVsRRAB,-1,-1
Ci9DQUlRQUNvZENodHljRjlvT21aMFdFSmpjMU5RUmtkVVgzSlRUalUwYzNoelVsRRAB_03,Ci9DQUlRQUNvZENodHljRjlvT21aMFdFSmpjMU5RUmtkVVgzSlRUalUwYzNoelVsRRAB,36,37
Ci9DQUlRQUNvZENodHljRjlvT21aMFdFSmpjMU5RUmtkVVgzSlRUalUwYzNoelVsRRAB_04,Ci9DQUlRQUNvZENodHljRjlvT21aMFdFSmpjMU5RUmtkVVgzSlRUalUwYzNoelVsRRAB,6,-1
Ci9DQUlRQUNvZENodHljRjlvT21aMFdFSmpjMU5RUmtkVVgzSlRUalUwYzNoelVsRRAB_05,Ci9DQUlRQUNvZENodHljRjlvT21aMFdFSmpjMU5RUmtkVVgzSlRUalUwYzNoelVsRRAB,20,18
Ci9DQUlRQUNvZENodHljRjlvT21aMFdFSmpjMU5RUmtkVVgzSlRUalUwYzNoelVsRRAB_06,Ci9DQUlRQUNvZENodHljRjlvT21aMFdFSmpjMU5RUmtkVVgzSlRUalUwYzNoelVsRRAB,0,1
Ci9DQUlRQUNvZENodHljRjlvT2xJMVoxWnFhR1J1TjBWRGFsSlViR1l3VVU5NlNVRRAB_01,Ci9DQUlRQUNvZENodHljRjlvT2xJMVoxWnFhR1J1TjBWRGFsSlViR1l3VVU5NlNVRRAB,2,2
Ci9DQUlRQUNvZENodHljRjlvT2xJMVoxWnFhR1J1TjBWRGFsSlViR1l3VVU5NlNVRRAB_02,Ci9DQUlRQUNvZENodHljRjlvT2xJMVoxWnFhR1J1TjBWRGFsSlViR1l3VVU5NlNVRRAB,21,28
Ci9DQUlRQUNvZENodHljRjlvT2xJMVoxWnFhR1J1TjBWRGFsSlViR1l3VVU5NlNVRRAB_03,Ci9DQUlRQUNvZENodHljRjlvT2xJMVoxWnFhR1J1TjBWRGFsSlViR1l3VVU5NlNVRRAB,1,0
ChZDSUhNMG9nS0VJQ0FnSURLcl9EQlh3EAE_01,ChZDSUhNMG9nS0VJQ0FnSURLcl9EQlh3EAE,9,9
Ci9DQUlRQUNvZENodHljRjlvT2toSVN6ZzBkRFl5YVhaMk16QXRhR3RXZVZsVGJtYxAB_01,Ci9DQUlRQUNvZENodHljRjlvT2toSVN6ZzBkRFl5YVhaMk16QXRhR3RXZVZsVGJtYxAB,2,2
Ci9DQUlRQUNvZENodHljRjlvT2toSVN6ZzBkRFl5YVhaMk16QXRhR3RXZVZsVGJtYxAB_02,Ci9DQUlRQUNvZENodHljRjlvT2toSVN6ZzBkRFl5YVhaMk16QXRhR3RXZVZsVGJtYxAB,1,0
Ci9DQUlRQUNvZENodHljRjlvT2toSVN6ZzBkRFl5YVhaMk16QXRhR3RXZVZsVGJtYxAB_03,Ci9DQUlRQUNvZENodHljRjlvT2toSVN6ZzBkRFl5YVhaMk16QXRhR3RXZVZsVGJtYxAB,4,5
Ci9DQUlRQUNvZENodHljRjlvT2toSVN6ZzBkRFl5YVhaMk16QXRhR3RXZVZsVGJtYxAB_04,Ci9DQUlRQUNvZENodHljRjlvT2toSVN6ZzBkRFl5YVhaMk16QXRhR3RXZVZsVGJtYxAB,2,2
Ci9DQUlRQUNvZENodHljRjlvT2tWdWMxUlRUV281VUVscFJWUlJRMjE0YkV0ZlNYYxAB_01,Ci9DQUlRQUNvZENodHljRjlvT2tWdWMxUlRUV281VUVscFJWUlJRMjE0YkV0ZlNYYxAB,12,30
Ci9DQUlRQUNvZENodHljRjlvT2tWdWMxUlRUV281VUVscFJWUlJRMjE0YkV0ZlNYYxAB_02,Ci9DQUlRQUNvZENodHljRjlvT2tWdWMxUlRUV281VUVscFJWUlJRMjE0YkV0ZlNYYxAB,9,9
Ci9DQUlRQUNvZENodHljRjlvT2tWdWMxUlRUV281VUVscFJWUlJRMjE0YkV0ZlNYYxAB_03,Ci9DQUlRQUNvZENodHljRjlvT2tWdWMxUlRUV281VUVscFJWUlJRMjE0YkV0ZlNYYxAB,5,4
Ci9DQUlRQUNvZENodHljRjlvT2tWdWMxUlRUV281VUVscFJWUlJRMjE0YkV0ZlNYYxAB_04,Ci9DQUlRQUNvZENodHljRjlvT2tWdWMxUlRUV281VUVscFJWUlJRMjE0YkV0ZlNYYxAB,11,-1
Ci9DQUlRQUNvZENodHljRjlvT2tWdWMxUlRUV281VUVscFJWUlJRMjE0YkV0ZlNYYxAB_05,Ci9DQUlRQUNvZENodHljRjlvT2tWdWMxUlRUV281VUVscFJWUlJRMjE0YkV0ZlNYYxAB,-1,-1
Ci9DQUlRQUNvZENodHljRjlvT2tWdWMxUlRUV281VUVscFJWUlJRMjE0YkV0ZlNYYxAB_06,Ci9DQUlRQUNvZENodHljRjlvT2tWdWMxUlRUV281VUVscFJWUlJRMjE0YkV0ZlNYYxAB,5,4
Ci9DQUlRQUNvZENodHljRjlvT2tWdWMxUlRUV281VUVscFJWUlJRMjE0YkV0ZlNYYxAB_07,Ci9DQUlRQUNvZENodHljRjlvT2tWdWMxUlRUV281VUVscFJWUlJRMjE0YkV0ZlNYYxAB,12,-1
ChRDSUhNMG9nS0VJQ0FnSUR0NTdnRxAB_01,ChRDSUhNMG9nS0VJQ0FnSUR0NTdnRxAB,3,3
ChZDSUhNMG9nS0VJQ0FnSUM5aUlDV2Z3EAE_01,ChZDSUhNMG9nS0VJQ0FnSUM5aUlDV2Z3EAE,3,3
ChdDSUhNMG9nS0VJQ0FnSUQ5N3RUendnRRAB_01,ChdDSUhNMG9nS0VJQ0FnSUQ5N3RUendnRRAB,12,30
ChZDSUhNMG9nS0VJQ0FnSUREc2ZQbVF3EAE_01,ChZDSUhNMG9nS0VJQ0FnSUREc2ZQbVF3EAE,4,5
ChZDSUhNMG9nS0VJQ0FnSUREc2ZQbVF3EAE_02,ChZDSUhNMG9nS0VJQ0FnSUREc2ZQbVF3EAE,5,4
ChZDSUhNMG9nS0VJQ0FnSUREc2ZQbVF3EAE_03,ChZDSUhNMG9nS0VJQ0FnSUREc2ZQbVF3EAE,1,0
ChZDSUhNMG9nS0VJQ0FnSUREc2ZQbVF3EAE_04,ChZDSUhNMG9nS0VJQ0FnSUREc2ZQbVF3EAE,13,-1
ChZDSUhNMG9nS0VJQ0FnSUREc2ZQbVF3EAE_05,ChZDSUhNMG9nS0VJQ0FnSUREc2ZQbVF3EAE,10,10
ChZDSUhNMG9nS0VJQ0FnSUREc2ZQbVF3EAE_06,ChZDSUhNMG9nS0VJQ0FnSUREc2ZQbVF3EAE,5,4
ChZDSUhNMG9nS0VJQ0FnSURKaV83X1R3EAE_01,ChZDSUhNMG9nS0VJQ0FnSURKaV83X1R3EAE,30,29
ChZDSUhNMG9nS0VJQ0FnSURKaV83X1R3EAE_02,ChZDSUhNMG9nS0VJQ0FnSURKaV83X1R3EAE,24,-1
ChZDSUhNMG9nS0VJQ0FnSURKaV83X1R3EAE_03,ChZDSUhNMG9nS0VJQ0FnSURKaV83X1R3EAE,1,0
ChZDSUhNMG9nS0VJQ0FnSUNiakptWVlREAE_01,ChZDSUhNMG9nS0VJQ0FnSUNiakptWVlREAE,8,8
ChZDSUhNMG9nS0VJQ0FnSURmbXBXeEx3EAE_01,ChZDSUhNMG9nS0VJQ0FnSURmbXBXeEx3EAE,0,1
ChZDSUhNMG9nS0VJQ0FnSURmbXBXeEx3EAE_02,ChZDSUhNMG9nS0VJQ0FnSURmbXBXeEx3EAE,0,1
ChZDSUhNMG9nS0VJQ0FnSURmbXBXeEx3EAE_03,ChZDSUhNMG9nS0VJQ0FnSURmbXBXeEx3EAE,-1,-1
ChZDSUhNMG9nS0VJQ0FnTUNZLXZxU0xnEAE_01,ChZDSUhNMG9nS0VJQ0FnTUNZLXZxU0xnEAE,4,-1
ChZDSUhNMG9nS0VJQ0FnTUNZLXZxU0xnEAE_02,ChZDSUhNMG9nS0VJQ0FnTUNZLXZxU0xnEAE,11,12
ChZDSUhNMG9nS0VJQ0FnTUNZLXZxU0xnEAE_03,ChZDSUhNMG9nS0VJQ0FnTUNZLXZxU0xnEAE,1,0
ChdDSUhNMG9nS0VLYWVwNVN3aThPZ2xnRRAB_01,ChdDSUhNMG9nS0VLYWVwNVN3aThPZ2xnRRAB,13,15
ChdDSUhNMG9nS0VLYWVwNVN3aThPZ2xnRRAB_02,ChdDSUhNMG9nS0VLYWVwNVN3aThPZ2xnRRAB,0,1
Ci9DQUlRQUNvZENodHljRjlvT25ScFRIRlFVazFsV1ZsUlpHNUJUbTVGWkVkQ1ZIYxAB_01,Ci9DQUlRQUNvZENodHljRjlvT25ScFRIRlFVazFsV1ZsUlpHNUJUbTVGWkVkQ1ZIYxAB,0,1
Ci9DQUlRQUNvZENodHljRjlvT25ScFRIRlFVazFsV1ZsUlpHNUJUbTVGWkVkQ1ZIYxAB_02,Ci9DQUlRQUNvZENodHljRjlvT25ScFRIRlFVazFsV1ZsUlpHNUJUbTVGWkVkQ1ZIYxAB,19,16
Ci9DQUlRQUNvZENodHljRjlvT2pGTmQzSlBlbVZPWVV4SFVHbEplWFp6TVVsa00zYxAB_01,Ci9DQUlRQUNvZENodHljRjlvT2pGTmQzSlBlbVZPWVV4SFVHbEplWFp6TVVsa00zYxAB,3,3
Ci9DQUlRQUNvZENodHljRjlvT2pGTmQzSlBlbVZPWVV4SFVHbEplWFp6TVVsa00zYxAB_02,Ci9DQUlRQUNvZENodHljRjlvT2pGTmQzSlBlbVZPWVV4SFVHbEplWFp6TVVsa00zYxAB,1,0
Ci9DQUlRQUNvZENodHljRjlvT2pGTmQzSlBlbVZPWVV4SFVHbEplWFp6TVVsa00zYxAB_03,Ci9DQUlRQUNvZENodHljRjlvT2pGTmQzSlBlbVZPWVV4SFVHbEplWFp6TVVsa00zYxAB,12,30
Ci9DQUlRQUNvZENodHljRjlvT2pCeU1HRnFMV3RrUVhaYVNEUjVhSG80WkhwMExXYxAB_01,Ci9DQUlRQUNvZENodHljRjlvT2pCeU1HRnFMV3RrUVhaYVNEUjVhSG80WkhwMExXYxAB,9,9
Ci9DQUlRQUNvZENodHljRjlvT2psRlMweHhlWGhtYTFGdk1IWm1kMGc0WWt0ZlJuYxAB_01,Ci9DQUlRQUNvZENodHljRjlvT2psRlMweHhlWGhtYTFGdk1IWm1kMGc0WWt0ZlJuYxAB,5,4
Ci9DQUlRQUNvZENodHljRjlvT2xoVGIyVkxjRGh4WkZScVNXZFBSemRNUzE5aGFHYxAB_01,Ci9DQUlRQUNvZENodHljRjlvT2xoVGIyVkxjRGh4WkZScVNXZFBSemRNUzE5aGFHYxAB,3,3
Ci9DQUlRQUNvZENodHljRjlvT2xoVGIyVkxjRGh4WkZScVNXZFBSemRNUzE5aGFHYxAB_02,Ci9DQUlRQUNvZENodHljRjlvT2xoVGIyVkxjRGh4WkZScVNXZFBSemRNUzE5aGFHYxAB,13,15
Ci9DQUlRQUNvZENodHljRjlvT2xoVGIyVkxjRGh4WkZScVNXZFBSemRNUzE5aGFHYxAB_03,Ci9DQUlRQUNvZENodHljRjlvT2xoVGIyVkxjRGh4WkZScVNXZFBSemRNUzE5aGFHYxAB,31,27
Ci9DQUlRQUNvZENodHljRjlvT2xoVGIyVkxjRGh4WkZScVNXZFBSemRNUzE5aGFHYxAB_04,Ci9DQUlRQUNvZENodHljRjlvT2xoVGIyVkxjRGh4WkZScVNXZFBSemRNUzE5aGFHYxAB,37,35
Ci9DQUlRQUNvZENodHljRjlvT21KcU9WOXVWRGN6VjNwM1FqTjJjRkZOUVRCNlpYYxAB_01,Ci9DQUlRQUNvZENodHljRjlvT21KcU9WOXVWRGN6VjNwM1FqTjJjRkZOUVRCNlpYYxAB,33,-1
Ci9DQUlRQUNvZENodHljRjlvT21KcU9WOXVWRGN6VjNwM1FqTjJjRkZOUVRCNlpYYxAB_02,Ci9DQUlRQUNvZENodHljRjlvT21KcU9WOXVWRGN6VjNwM1FqTjJjRkZOUVRCNlpYYxAB,3,3
Ci9DQUlRQUNvZENodHljRjlvT21KcU9WOXVWRGN6VjNwM1FqTjJjRkZOUVRCNlpYYxAB_03,Ci9DQUlRQUNvZENodHljRjlvT21KcU9WOXVWRGN6VjNwM1FqTjJjRkZOUVRCNlpYYxAB,-1,-1
Ci9DQUlRQUNvZENodHljRjlvT21KcU9WOXVWRGN6VjNwM1FqTjJjRkZOUVRCNlpYYxAB_04,Ci9DQUlRQUNvZENodHljRjlvT21KcU9WOXVWRGN6VjNwM1FqTjJjRkZOUVRCNlpYYxAB,31,27
Ci9DQUlRQUNvZENodHljRjlvT2xSUmFYQnpZM0JFTW5WdVgycE1RVmt0UlV0M1dVRRAB_01,Ci9DQUlRQUNvZENodHljRjlvT2xSUmFYQnpZM0JFTW5WdVgycE1RVmt0UlV0M1dVRRAB,7,7
Ci9DQUlRQUNvZENodHljRjlvT2kxR1JWQkpXVVJ3V0RjMlowTTBaRlJRUVdOd1JWRRAB_01,Ci9DQUlRQUNvZENodHljRjlvT2kxR1JWQkpXVVJ3V0RjMlowTTBaRlJRUVdOd1JWRRAB,3,3
Ci9DQUlRQUNvZENodHljRjlvT21KMFMwOXBVbTV5WVdwaFQzVnNaMkl6UjIxM2RGRRAB_01,Ci9DQUlRQUNvZENodHljRjlvT21KMFMwOXBVbTV5WVdwaFQzVnNaMkl6UjIxM2RGRRAB,-1,-1
Ci9DQUlRQUNvZENodHljRjlvT21KMFMwOXBVbTV5WVdwaFQzVnNaMkl6UjIxM2RGRRAB_02,Ci9DQUlRQUNvZENodHljRjlvT21KMFMwOXBVbTV5WVdwaFQzVnNaMkl6UjIxM2RGRRAB,-1,-1
Ci9DQUlRQUNvZENodHljRjlvT2poNWVXeHBVaTFWYUdZemNVdFdjMjEwVGxoS2NtYxAB_01,Ci9DQUlRQUNvZENodHljRjlvT2poNWVXeHBVaTFWYUdZemNVdFdjMjEwVGxoS2NtYxAB,30,29
ChdDSUhNMG9nS0VJQ0FnSUR0bEpySXNnRRAB_01,ChdDSUhNMG9nS0VJQ0FnSUR0bEpySXNnRRAB,1,0
ChdDSUhNMG9nS0VJQ0FnSUNEX2NMMnVRRRAB_01,ChdDSUhNMG9nS0VJQ0FnSUNEX2NMMnVRRRAB,7,7
ChZDSUhNMG9nS0VJQ0FnSUNycXB1dVJnEAE_01,ChZDSUhNMG9nS0VJQ0FnSUNycXB1dVJnEAE,18,-1
ChZDSUhNMG9nS0VJQ0FnTUNRMmQ3dFlnEAE_01,ChZDSUhNMG9nS0VJQ0FnTUNRMmQ3dFlnEAE,-1,-1
ChZDSUhNMG9nS0VJQ0FnTUNRMmQ3dFlnEAE_02,ChZDSUhNMG9nS0VJQ0FnTUNRMmQ3dFlnEAE,5,4
ChdDSUhNMG9nS0VLU1g0UEdfelBIYnJ3RRAB_01,ChdDSUhNMG9nS0VLU1g0UEdfelBIYnJ3RRAB,14,13
ChdDSUhNMG9nS0VLU1g0UEdfelBIYnJ3RRAB_02,ChdDSUhNMG9nS0VLU1g0UEdfelBIYnJ3RRAB,-1,-1
ChdDSUhNMG9nS0VLU1g0UEdfelBIYnJ3RRAB_03,ChdDSUhNMG9nS0VLU1g0UEdfelBIYnJ3RRAB,0,1
Ci9DQUlRQUNvZENodHljRjlvT2pSWmJEWkJWMnhDUW5FME9IUmZSR3hrU2xwRVNsRRAB_01,Ci9DQUlRQUNvZENodHljRjlvT2pSWmJEWkJWMnhDUW5FME9IUmZSR3hrU2xwRVNsRRAB,-1,-1
Ci9DQUlRQUNvZENodHljRjlvT2pSWmJEWkJWMnhDUW5FME9IUmZSR3hrU2xwRVNsRRAB_02,Ci9DQUlRQUNvZENodHljRjlvT2pSWmJEWkJWMnhDUW5FME9IUmZSR3hrU2xwRVNsRRAB,-1,-1
ChZDSUhNMG9nS0VJQ0FnSUQ3enN1T1VBEAE_01,ChZDSUhNMG9nS0VJQ0FnSUQ3enN1T1VBEAE,19,16
ChZDSUhNMG9nS0VJQ0FnSUQ3enN1T1VBEAE_02,ChZDSUhNMG9nS0VJQ0FnSUQ3enN1T1VBEAE,17,19
ChdDSUhNMG9nS0VJQ0FnSURQay16UmxnRRAB_01,ChdDSUhNMG9nS0VJQ0FnSURQay16UmxnRRAB,3,-1
ChdDSUhNMG9nS0VJQ0FnSURQay16UmxnRRAB_02,ChdDSUhNMG9nS0VJQ0FnSURQay16UmxnRRAB,4,-1
ChdDSUhNMG9nS0VJQ0FnSURQay16UmxnRRAB_03,ChdDSUhNMG9nS0VJQ0FnSURQay16UmxnRRAB,16,14
ChdDSUhNMG9nS0VJQ0FnSURQay16UmxnRRAB_04,ChdDSUhNMG9nS0VJQ0FnSURQay16UmxnRRAB,-1,-1
ChdDSUhNMG9nS0VJQ0FnSUNmaU9qTjdRRRAB_01,ChdDSUhNMG9nS0VJQ0FnSUNmaU9qTjdRRRAB,12,21
ChdDSUhNMG9nS0VJQ0FnTUNJeXBHZGl3RRAB_01,ChdDSUhNMG9nS0VJQ0FnTUNJeXBHZGl3RRAB,4,5
ChdDSUhNMG9nS0VJQ0FnTUNJeXBHZGl3RRAB_02,ChdDSUhNMG9nS0VJQ0FnTUNJeXBHZGl3RRAB,1,0
ChdDSUhNMG9nS0VJQ0FnTUNJeXBHZGl3RRAB_03,ChdDSUhNMG9nS0VJQ0FnTUNJeXBHZGl3RRAB,38,40
Ci9DQUlRQUNvZENodHljRjlvT2tsYWRuVkRSM1pFYVRnMVQxaHFhVEl6UTNsSVExRRAB_01,Ci9DQUlRQUNvZENodHljRjlvT2tsYWRuVkRSM1pFYVRnMVQxaHFhVEl6UTNsSVExRRAB,3,3
Ci9DQUlRQUNvZENodHljRjlvT2tsYWRuVkRSM1pFYVRnMVQxaHFhVEl6UTNsSVExRRAB_02,Ci9DQUlRQUNvZENodHljRjlvT2tsYWRuVkRSM1pFYVRnMVQxaHFhVEl6UTNsSVExRRAB,26,26
ChZDSUhNMG9nS0VJQ0FnSUNUdXV1Qlh3EAE_01,ChZDSUhNMG9nS0VJQ0FnSUNUdXV1Qlh3EAE,28,22
ChZDSUhNMG9nS0VJQ0FnSURiNE42X0VBEAE_01,ChZDSUhNMG9nS0VJQ0FnSURiNE42X0VBEAE,20,18
ChZDSUhNMG9nS0VJQ0FnSURiNE42X0VBEAE_02,ChZDSUhNMG9nS0VJQ0FnSURiNE42X0VBEAE,20,18
ChZDSUhNMG9nS0VJQ0FnSURiNE42X0VBEAE_03,ChZDSUhNMG9nS0VJQ0FnSURiNE42X0VBEAE,-1,-1
ChZDSUhNMG9nS0VJQ0FnSURiNE42X0VBEAE_04,ChZDSUhNMG9nS0VJQ0FnSURiNE42X0VBEAE,2,2
ChZDSUhNMG9nS0VJQ0FnSURiNE42X0VBEAE_05,ChZDSUhNMG9nS0VJQ0FnSURiNE42X0VBEAE,1,0
ChdDSUhNMG9nS0VJQ0FnSURiaXNETmdRRRAB_01,ChdDSUhNMG9nS0VJQ0FnSURiaXNETmdRRRAB,3,3
ChdDSUhNMG9nS0VJQ0FnSURiaXNETmdRRRAB_02,ChdDSUhNMG9nS0VJQ0FnSURiaXNETmdRRRAB,6,-1
ChdDSUhNMG9nS0VJQ0FnSURiaXNETmdRRRAB_03,ChdDSUhNMG9nS0VJQ0FnSURiaXNETmdRRRAB,-1,-1
ChdDSUhNMG9nS0VJQ0FnSURiaXNETmdRRRAB_04,ChdDSUhNMG9nS0VJQ0FnSURiaXNETmdRRRAB,-1,-1
ChdDSUhNMG9nS0VJQ0FnSURiaXNETmdRRRAB_05,ChdDSUhNMG9nS0VJQ0FnSURiaXNETmdRRRAB,-1,-1
ChdDSUhNMG9nS0VJQ0FnSURiaXNETmdRRRAB_06,ChdDSUhNMG9nS0VJQ0FnSURiaXNETmdRRRAB,28,22
ChdDSUhNMG9nS0VJQ0FnSURiaXNETmdRRRAB_07,ChdDSUhNMG9nS0VJQ0FnSURiaXNETmdRRRAB,5,4
ChZDSUhNMG9nS0VJQ0FnSURIX09HRUpBEAE_01,ChZDSUhNMG9nS0VJQ0FnSURIX09HRUpBEAE,2,2
ChZDSUhNMG9nS0VJQ0FnSURIX09HRUpBEAE_02,ChZDSUhNMG9nS0VJQ0FnSURIX09HRUpBEAE,3,-1
ChZDSUhNMG9nS0VJQ0FnSURIX09HRUpBEAE_03,ChZDSUhNMG9nS0VJQ0FnSURIX09HRUpBEAE,5,4
ChZDSUhNMG9nS0VJQ0FnSURIX09HRUpBEAE_04,ChZDSUhNMG9nS0VJQ0FnSURIX09HRUpBEAE,4,-1
ChZDSUhNMG9nS0VJQ0FnTUNBdEtqcE9BEAE_01,ChZDSUhNMG9nS0VJQ0FnTUNBdEtqcE9BEAE,28,22
ChZDSUhNMG9nS0VJQ0FnTUNBdEtqcE9BEAE_02,ChZDSUhNMG9nS0VJQ0FnTUNBdEtqcE9BEAE,4,5
ChdDSUhNMG9nS0VJQ0FnTUNnN2RHNWxnRRAB_01,ChdDSUhNMG9nS0VJQ0FnTUNnN2RHNWxnRRAB,28,22
ChZDSUhNMG9nS0VJQ0FnTURvc01tUFVnEAE_01,ChZDSUhNMG9nS0VJQ0FnTURvc01tUFVnEAE,3,3
Ci9DQUlRQUNvZENodHljRjlvT21OSVoyVXhXbk01VVhreU5tTmZNV05PZWpSamQxRRAB_01,Ci9DQUlRQUNvZENodHljRjlvT21OSVoyVXhXbk01VVhreU5tTmZNV05PZWpSamQxRRAB,22,-1
Ci9DQUlRQUNvZENodHljRjlvT21OSVoyVXhXbk01VVhreU5tTmZNV05PZWpSamQxRRAB_02,Ci9DQUlRQUNvZENodHljRjlvT21OSVoyVXhXbk01VVhreU5tTmZNV05PZWpSamQxRRAB,-1,-1
Ci9DQUlRQUNvZENodHljRjlvT2pOa1JqRXhRVVl0VkRoUlVYZHVPRlV0TkROa1RYYxAB_01,Ci9DQUlRQUNvZENodHljRjlvT2pOa1JqRXhRVVl0VkRoUlVYZHVPRlV0TkROa1RYYxAB,28,-1
Ci9DQUlRQUNvZENodHljRjlvT2pOa1JqRXhRVVl0VkRoUlVYZHVPRlV0TkROa1RYYxAB_02,Ci9DQUlRQUNvZENodHljRjlvT2pOa1JqRXhRVVl0VkRoUlVYZHVPRlV0TkROa1RYYxAB,28,22
Ci9DQUlRQUNvZENodHljRjlvT2pOa1JqRXhRVVl0VkRoUlVYZHVPRlV0TkROa1RYYxAB_03,Ci9DQUlRQUNvZENodHljRjlvT2pOa1JqRXhRVVl0VkRoUlVYZHVPRlV0TkROa1RYYxAB,13,15
Ci9DQUlRQUNvZENodHljRjlvT2pOa1JqRXhRVVl0VkRoUlVYZHVPRlV0TkROa1RYYxAB_04,Ci9DQUlRQUNvZENodHljRjlvT2pOa1JqRXhRVVl0VkRoUlVYZHVPRlV0TkROa1RYYxAB,1,0
Ci9DQUlRQUNvZENodHljRjlvT2pOa1JqRXhRVVl0VkRoUlVYZHVPRlV0TkROa1RYYxAB_05,Ci9DQUlRQUNvZENodHljRjlvT2pOa1JqRXhRVVl0VkRoUlVYZHVPRlV0TkROa1RYYxAB,31,27
ChZDSUhNMG9nS0VJQ0FnSURtcHAzS2R3EAE_01,ChZDSUhNMG9nS0VJQ0FnSURtcHAzS2R3EAE,31,27
ChZDSUhNMG9nS0VJQ0FnSURtcHAzS2R3EAE_02,ChZDSUhNMG9nS0VJQ0FnSURtcHAzS2R3EAE,28,22
ChZDSUhNMG9nS0VJQ0FnSURtcHAzS2R3EAE_03,ChZDSUhNMG9nS0VJQ0FnSURtcHAzS2R3EAE,-1,-1
ChZDSUhNMG9nS0VJQ0FnSURtcHAzS2R3EAE_04,ChZDSUhNMG9nS0VJQ0FnSURtcHAzS2R3EAE,2,2
ChZDSUhNMG9nS0VJQ0FnSUNMeVpQX1J3EAE_01,ChZDSUhNMG9nS0VJQ0FnSUNMeVpQX1J3EAE,27,24
ChZDSUhNMG9nS0VJQ0FnSUNuaElyRk1REAE_01,ChZDSUhNMG9nS0VJQ0FnSUNuaElyRk1REAE,1,0
ChZDSUhNMG9nS0VJQ0FnSUNuaElyRk1REAE_02,ChZDSUhNMG9nS0VJQ0FnSUNuaElyRk1REAE,26,26
ChZDSUhNMG9nS0VJQ0FnSUNuaElyRk1REAE_03,ChZDSUhNMG9nS0VJQ0FnSUNuaElyRk1REAE,-1,-1
ChdDSUhNMG9nS0VJQ0FnSUNYeWEtQmtRRRAB_01,ChdDSUhNMG9nS0VJQ0FnSUNYeWEtQmtRRRAB,27,24
ChdDSUhNMG9nS0VJQ0FnSUNYeWEtQmtRRRAB_02,ChdDSUhNMG9nS0VJQ0FnSUNYeWEtQmtRRRAB,39,38
ChdDSUhNMG9nS0VJQ0FnSUNYeWEtQmtRRRAB_03,ChdDSUhNMG9nS0VJQ0FnSUNYeWEtQmtRRRAB,4,5
ChdDSUhNMG9nS0VJQ0FnSUNYeWEtQmtRRRAB_04,ChdDSUhNMG9nS0VJQ0FnSUNYeWEtQmtRRRAB,-1,-1
ChdDSUhNMG9nS0VJQ0FnSUNYeWEtQmtRRRAB_05,ChdDSUhNMG9nS0VJQ0FnSUNYeWEtQmtRRRAB,32,32
ChdDSUhNMG9nS0VJQ0FnSUNYeWEtQmtRRRAB_06,ChdDSUhNMG9nS0VJQ0FnSUNYeWEtQmtRRRAB,11,12
ChdDSUhNMG9nS0VJQ0FnSUM3di0zOTBRRRAB_01,ChdDSUhNMG9nS0VJQ0FnSUM3di0zOTBRRRAB,27,24
ChdDSUhNMG9nS0VJQ0FnSUM3di0zOTBRRRAB_02,ChdDSUhNMG9nS0VJQ0FnSUM3di0zOTBRRRAB,5,-1
Ci9DQUlRQUNvZENodHljRjlvT2tZdFVWODJVRU4wU21Zd2JrNVZVVVZVTkVOcGExRRAB_01,Ci9DQUlRQUNvZENodHljRjlvT2tZdFVWODJVRU4wU21Zd2JrNVZVVVZVTkVOcGExRRAB,0,1
Ci9DQUlRQUNvZENodHljRjlvT2tZdFVWODJVRU4wU21Zd2JrNVZVVVZVTkVOcGExRRAB_02,Ci9DQUlRQUNvZENodHljRjlvT2tZdFVWODJVRU4wU21Zd2JrNVZVVVZVTkVOcGExRRAB,0,1
Ci9DQUlRQUNvZENodHljRjlvT25VemJVTjVWRXhhVkRONVJXWnpWeTFtTWpNM01IYxAB_01,Ci9DQUlRQUNvZENodHljRjlvT25VemJVTjVWRXhhVkRONVJXWnpWeTFtTWpNM01IYxAB,27,24
Ci9DQUlRQUNvZENodHljRjlvT25VemJVTjVWRXhhVkRONVJXWnpWeTFtTWpNM01IYxAB_02,Ci9DQUlRQUNvZENodHljRjlvT25VemJVTjVWRXhhVkRONVJXWnpWeTFtTWpNM01IYxAB,32,32
ChdDSUhNMG9nS0VJQ0FnSUNuaEtiWnFRRRAB_01,ChdDSUhNMG9nS0VJQ0FnSUNuaEtiWnFRRRAB,4,-1
ChZDSUhNMG9nS0VJQ0FnSUR2cVpDaFJREAE_01,ChZDSUhNMG9nS0VJQ0FnSUR2cVpDaFJREAE,19,16
ChZDSUhNMG9nS0VJQ0FnSUR2cVpDaFJREAE_02,ChZDSUhNMG9nS0VJQ0FnSUR2cVpDaFJREAE,30,29
ChZDSUhNMG9nS0VJQ0FnSUR2cVpDaFJREAE_03,ChZDSUhNMG9nS0VJQ0FnSUR2cVpDaFJREAE,30,29
ChZDSUhNMG9nS0VJQ0FnSUR2cVpDaFJREAE_04,ChZDSUhNMG9nS0VJQ0FnSUR2cVpDaFJREAE,30,29
ChZDSUhNMG9nS0VJQ0FnSUR2cVpDaFJREAE_05,ChZDSUhNMG9nS0VJQ0FnSUR2cVpDaFJREAE,30,29
ChZDSUhNMG9nS0VJQ0FnSUR2cVpDaFJREAE_06,ChZDSUhNMG9nS0VJQ0FnSUR2cVpDaFJREAE,33,39
ChZDSUhNMG9nS0VJQ0FnSUR2cVpDaFJREAE_07,ChZDSUhNMG9nS0VJQ0FnSUR2cVpDaFJREAE,13,-1
ChZDSUhNMG9nS0VJQ0FnSUR2cVpDaFJREAE_08,ChZDSUhNMG9nS0VJQ0FnSUR2cVpDaFJREAE,20,18
ChZDSUhNMG9nS0VJQ0FnSUR2cVpDaFJREAE_09,ChZDSUhNMG9nS0VJQ0FnSUR2cVpDaFJREAE,30,-1
ChZDSUhNMG9nS0VJQ0FnSUR2cVpDaFJREAE_10,ChZDSUhNMG9nS0VJQ0FnSUR2cVpDaFJREAE,30,29
ChZDSUhNMG9nS0VJQ0FnSUR2cVpDaFJREAE_11,ChZDSUhNMG9nS0VJQ0FnSUR2cVpDaFJREAE,1,0
ChZDSUhNMG9nS0VJQ0FnSUR2cVpDaFJREAE_12,ChZDSUhNMG9nS0VJQ0FnSUR2cVpDaFJREAE,1,0
ChZDSUhNMG9nS0VJQ0FnSUR2cVpDaFJREAE_13,ChZDSUhNMG9nS0VJQ0FnSUR2cVpDaFJREAE,30,29
ChZDSUhNMG9nS0VJQ0FnSUR2cVpDaFJREAE_14,ChZDSUhNMG9nS0VJQ0FnSUR2cVpDaFJREAE,12,21
ChZDSUhNMG9nS0VJQ0FnSUR2cVpDaFJREAE_15,ChZDSUhNMG9nS0VJQ0FnSUR2cVpDaFJREAE,30,29
ChZDSUhNMG9nS0VJQ0FnSUR2cVpDaFJREAE_16,ChZDSUhNMG9nS0VJQ0FnSUR2cVpDaFJREAE,30,29
ChZDSUhNMG9nS0VJQ0FnSUR2cVpDaFJREAE_17,ChZDSUhNMG9nS0VJQ0FnSUR2cVpDaFJREAE,-1,-1
ChZDSUhNMG9nS0VJQ0FnSUR2cVpDaFJREAE_18,ChZDSUhNMG9nS0VJQ0FnSUR2cVpDaFJREAE,-1,-1
ChZDSUhNMG9nS0VJQ0FnSUR2cVpDaFJREAE_19,ChZDSUhNMG9nS0VJQ0FnSUR2cVpDaFJREAE,30,29
ChZDSUhNMG9nS0VJQ0FnSUR2cVpDaFJREAE_20,ChZDSUhNMG9nS0VJQ0FnSUR2cVpDaFJREAE,28,22
ChZDSUhNMG9nS0VJQ0FnTUNvOXNLek1REAE_01,ChZDSUhNMG9nS0VJQ0FnTUNvOXNLek1REAE,12,-1
ChZDSUhNMG9nS0VJQ0FnTUNvOXNLek1REAE_02,ChZDSUhNMG9nS0VJQ0FnTUNvOXNLek1REAE,0,1
ChZDSUhNMG9nS0VJQ0FnTUNvOXNLek1REAE_03,ChZDSUhNMG9nS0VJQ0FnTUNvOXNLek1REAE,39,38
Ci9DQUlRQUNvZENodHljRjlvT25STU9GaHJSemg0V1doQ1NtWnVUMDlNVm14eFVrRRAB_01,Ci9DQUlRQUNvZENodHljRjlvT25STU9GaHJSemg0V1doQ1NtWnVUMDlNVm14eFVrRRAB,14,13
Ci9DQUlRQUNvZENodHljRjlvT25STU9GaHJSemg0V1doQ1NtWnVUMDlNVm14eFVrRRAB_02,Ci9DQUlRQUNvZENodHljRjlvT25STU9GaHJSemg0V1doQ1NtWnVUMDlNVm14eFVrRRAB,0,1
Ci9DQUlRQUNvZENodHljRjlvT2pkQ1JuSnlVbUp5U2xKWWVHRnhSMFI2VVROMGNtYxAB_01,Ci9DQUlRQUNvZENodHljRjlvT2pkQ1JuSnlVbUp5U2xKWWVHRnhSMFI2VVROMGNtYxAB,12,21
ChdDSUhNMG9nS0VJQ0FnSUR4MjhfajNBRRAB_01,ChdDSUhNMG9nS0VJQ0FnSUR4MjhfajNBRRAB,1,0
ChdDSUhNMG9nS0VJQ0FnSUR4MjhfajNBRRAB_02,ChdDSUhNMG9nS0VJQ0FnSUR4MjhfajNBRRAB,10,10
ChdDSUhNMG9nS0VJQ0FnSUM5cGY2Ym5BRRAB_01,ChdDSUhNMG9nS0VJQ0FnSUM5cGY2Ym5BRRAB,3,3
ChdDSUhNMG9nS0VJQ0FnSUM5cGY2Ym5BRRAB_02,ChdDSUhNMG9nS0VJQ0FnSUM5cGY2Ym5BRRAB,-1,-1
ChZDSUhNMG9nS0VJQ0FnSUNqcHFDWGR3EAE_01,ChZDSUhNMG9nS0VJQ0FnSUNqcHFDWGR3EAE,7,7
ChZDSUhNMG9nS0VJQ0FnSUNqcHFDWGR3EAE_02,ChZDSUhNMG9nS0VJQ0FnSUNqcHFDWGR3EAE,-1,-1
ChdDSUhNMG9nS0VJQ0FnSUNqcHVDMzlBRRAB_01,ChdDSUhNMG9nS0VJQ0FnSUNqcHVDMzlBRRAB,3,-1
ChdDSUhNMG9nS0VJQ0FnSUNqcHVDMzlBRRAB_02,ChdDSUhNMG9nS0VJQ0FnSUNqcHVDMzlBRRAB,30,-1
ChdDSUhNMG9nS0VJQ0FnSUNqcHVDMzlBRRAB_03,ChdDSUhNMG9nS0VJQ0FnSUNqcHVDMzlBRRAB,28,22
ChdDSUhNMG9nS0VJQ0FnSUNqMmZYSGpnRRAB_01,ChdDSUhNMG9nS0VJQ0FnSUNqMmZYSGpnRRAB,12,21
ChdDSUhNMG9nS0VJQ0FnSUNqMmZYSGpnRRAB_02,ChdDSUhNMG9nS0VJQ0FnSUNqMmZYSGpnRRAB,2,2
ChdDSUhNMG9nS0VJQ0FnSUNqMmZYSGpnRRAB_03,ChdDSUhNMG9nS0VJQ0FnSUNqMmZYSGpnRRAB,2,2
ChZDSUhNMG9nS0VJQ0FnSUNUOGVMMExBEAE_01,ChZDSUhNMG9nS0VJQ0FnSUNUOGVMMExBEAE,13,-1
ChZDSUhNMG9nS0VJQ0FnSURyMnFxeUx3EAE_01,ChZDSUhNMG9nS0VJQ0FnSURyMnFxeUx3EAE,3,3
ChZDSUhNMG9nS0VJQ0FnSURMcHBHeVV3EAE_01,ChZDSUhNMG9nS0VJQ0FnSURMcHBHeVV3EAE,3,3
ChZDSUhNMG9nS0VJQ0FnSURiNE5tOE5REAE_01,ChZDSUhNMG9nS0VJQ0FnSURiNE5tOE5REAE,22,17
ChZDSUhNMG9nS0VJQ0FnSURiNE5tOE5REAE_02,ChZDSUhNMG9nS0VJQ0FnSURiNE5tOE5REAE,-1,-1
ChZDSUhNMG9nS0VJQ0FnSURiNE5tOE5REAE_03,ChZDSUhNMG9nS0VJQ0FnSURiNE5tOE5REAE,38,-1
ChZDSUhNMG9nS0VJQ0FnSURiNE5tOE5REAE_04,ChZDSUhNMG9nS0VJQ0FnSURiNE5tOE5REAE,2,2
ChZDSUhNMG9nS0VJQ0FnSURiNE5tOE5REAE_05,ChZDSUhNMG9nS0VJQ0FnSURiNE5tOE5REAE,-1,-1
ChdDSUhNMG9nS0VJQ0FnSUR2NXZiRnRBRRAB_01,ChdDSUhNMG9nS0VJQ0FnSUR2NXZiRnRBRRAB,2,2
ChdDSUhNMG9nS0VJQ0FnSUR2NXZiRnRBRRAB_02,ChdDSUhNMG9nS0VJQ0FnSUR2NXZiRnRBRRAB,-1,-1
ChdDSUhNMG9nS0VJQ0FnSUR2NXZiRnRBRRAB_03,ChdDSUhNMG9nS0VJQ0FnSUR2NXZiRnRBRRAB,-1,-1
ChZDSUhNMG9nS0VJQ0FnTUNBbXZ1UkFnEAE_01,ChZDSUhNMG9nS0VJQ0FnTUNBbXZ1UkFnEAE,13,-1
ChZDSUhNMG9nS0VJQ0FnTURJdzlXRmVREAE_01,ChZDSUhNMG9nS0VJQ0FnTURJdzlXRmVREAE,1,0
ChZDSUhNMG9nS0VJQ0FnTURJdzlXRmVREAE_02,ChZDSUhNMG9nS0VJQ0FnTURJdzlXRmVREAE,4,5
ChZDSUhNMG9nS0VJQ0FnTURJdzlXRmVREAE_03,ChZDSUhNMG9nS0VJQ0FnTURJdzlXRmVREAE,2,2
ChZDSUhNMG9nS0VJQ0FnTURJdzlXRmVREAE_04,ChZDSUhNMG9nS0VJQ0FnTURJdzlXRmVREAE,10,10
ChZDSUhNMG9nS0VLM0pxdk9oaXAzZ01BEAE_01,ChZDSUhNMG9nS0VLM0pxdk9oaXAzZ01BEAE,3,3
ChZDSUhNMG9nS0VLYV9tcHJsckxHQ0lBEAE_01,ChZDSUhNMG9nS0VLYV9tcHJsckxHQ0lBEAE,24,-1
ChZDSUhNMG9nS0VLYV9tcHJsckxHQ0lBEAE_02,ChZDSUhNMG9nS0VLYV9tcHJsckxHQ0lBEAE,4,5
ChdDSUhNMG9nS0VJbTJ1SnliMGRHSl9RRRAB_01,ChdDSUhNMG9nS0VJbTJ1SnliMGRHSl9RRRAB,2,2
ChdDSUhNMG9nS0VJbTJ1SnliMGRHSl9RRRAB_02,ChdDSUhNMG9nS0VJbTJ1SnliMGRHSl9RRRAB,14,13
Ci9DQUlRQUNvZENodHljRjlvT2sxUGMzUlViakZWZEhWS1pWWmFVRk5qWTJaaVdIYxAB_01,Ci9DQUlRQUNvZENodHljRjlvT2sxUGMzUlViakZWZEhWS1pWWmFVRk5qWTJaaVdIYxAB,24,-1
Ci9DQUlRQUNvZENodHljRjlvT2sxUGMzUlViakZWZEhWS1pWWmFVRk5qWTJaaVdIYxAB_02,Ci9DQUlRQUNvZENodHljRjlvT2sxUGMzUlViakZWZEhWS1pWWmFVRk5qWTJaaVdIYxAB,19,16
Ci9DQUlRQUNvZENodHljRjlvT2tSSlJEWTNRV0prWTB4U1dqbEVVVE5wUWt4aFJrRRAB_01,Ci9DQUlRQUNvZENodHljRjlvT2tSSlJEWTNRV0prWTB4U1dqbEVVVE5wUWt4aFJrRRAB,11,12
Ci9DQUlRQUNvZENodHljRjlvT2tSSlJEWTNRV0prWTB4U1dqbEVVVE5wUWt4aFJrRRAB_02,Ci9DQUlRQUNvZENodHljRjlvT2tSSlJEWTNRV0prWTB4U1dqbEVVVE5wUWt4aFJrRRAB,8,8
Ci9DQUlRQUNvZENodHljRjlvT2xScFoxVnJVemRrZFdGc1QwdE9aVTlPV2t0WmMzYxAB_01,Ci9DQUlRQUNvZENodHljRjlvT2xScFoxVnJVemRrZFdGc1QwdE9aVTlPV2t0WmMzYxAB,7,-1
Ci9DQUlRQUNvZENodHljRjlvT21SWE0yWkNWV0Z1Tm05WWFGSTFabGxTUm10T1ZVRRAB_01,Ci9DQUlRQUNvZENodHljRjlvT21SWE0yWkNWV0Z1Tm05WWFGSTFabGxTUm10T1ZVRRAB,16,14
Ci9DQUlRQUNvZENodHljRjlvT20xdFFYTmtaM0JIVlVFMmRYRlNja0ZCUzFOYU5uYxAB_01,Ci9DQUlRQUNvZENodHljRjlvT20xdFFYTmtaM0JIVlVFMmRYRlNja0ZCUzFOYU5uYxAB,2,2
Ci9DQUlRQUNvZENodHljRjlvT20xdFFYTmtaM0JIVlVFMmRYRlNja0ZCUzFOYU5uYxAB_02,Ci9DQUlRQUNvZENodHljRjlvT20xdFFYTmtaM0JIVlVFMmRYRlNja0ZCUzFOYU5uYxAB,36,37
Ci9DQUlRQUNvZENodHljRjlvT20xdFFYTmtaM0JIVlVFMmRYRlNja0ZCUzFOYU5uYxAB_03,Ci9DQUlRQUNvZENodHljRjlvT20xdFFYTmtaM0JIVlVFMmRYRlNja0ZCUzFOYU5uYxAB,37,35
Ci9DQUlRQUNvZENodHljRjlvT2pkM1ExSnZkSGh5Tms1NWJGSlpNMHRqZEZsZlNGRRAB_01,Ci9DQUlRQUNvZENodHljRjlvT2pkM1ExSnZkSGh5Tms1NWJGSlpNMHRqZEZsZlNGRRAB,3,3
Ci9DQUlRQUNvZENodHljRjlvT2pkM1ExSnZkSGh5Tms1NWJGSlpNMHRqZEZsZlNGRRAB_02,Ci9DQUlRQUNvZENodHljRjlvT2pkM1ExSnZkSGh5Tms1NWJGSlpNMHRqZEZsZlNGRRAB,-1,-1
Ci9DQUlRQUNvZENodHljRjlvT2pkM1ExSnZkSGh5Tms1NWJGSlpNMHRqZEZsZlNGRRAB_03,Ci9DQUlRQUNvZENodHljRjlvT2pkM1ExSnZkSGh5Tms1NWJGSlpNMHRqZEZsZlNGRRAB,14,13
Ci9DQUlRQUNvZENodHljRjlvT2pkM1ExSnZkSGh5Tms1NWJGSlpNMHRqZEZsZlNGRRAB_04,Ci9DQUlRQUNvZENodHljRjlvT2pkM1ExSnZkSGh5Tms1NWJGSlpNMHRqZEZsZlNGRRAB,28,22
Ci9DQUlRQUNvZENodHljRjlvT2pkM1ExSnZkSGh5Tms1NWJGSlpNMHRqZEZsZlNGRRAB_05,Ci9DQUlRQUNvZENodHljRjlvT2pkM1ExSnZkSGh5Tms1NWJGSlpNMHRqZEZsZlNGRRAB,28,22
ChZDSUhNMG9nS0VJQ0FnSUNzNjZ6cGF3EAE_01,ChZDSUhNMG9nS0VJQ0FnSUNzNjZ6cGF3EAE,9,9
ChZDSUhNMG9nS0VJQ0FnSUNzNjZ6cGF3EAE_02,ChZDSUhNMG9nS0VJQ0FnSUNzNjZ6cGF3EAE,1,0
ChZDSUhNMG9nS0VJQ0FnSUNzNjZ6cGF3EAE_03,ChZDSUhNMG9nS0VJQ0FnSUNzNjZ6cGF3EAE,40,41
ChZDSUhNMG9nS0VJQ0FnSUNzNjZ6cGF3EAE_04,ChZDSUhNMG9nS0VJQ0FnSUNzNjZ6cGF3EAE,2,2
ChdDSUhNMG9nS0VJQ0FnSURqcUtleHFBRRAB_01,ChdDSUhNMG9nS0VJQ0FnSURqcUtleHFBRRAB,1,0
ChdDSUhNMG9nS0VJQ0FnSURqcUtleHFBRRAB_02,ChdDSUhNMG9nS0VJQ0FnSURqcUtleHFBRRAB,16,14
ChdDSUhNMG9nS0VJQ0FnSURqcUtleHFBRRAB_03,ChdDSUhNMG9nS0VJQ0FnSURqcUtleHFBRRAB,-1,-1
ChdDSUhNMG9nS0VJQ0FnSUNUem82Z3pRRRAB_01,ChdDSUhNMG9nS0VJQ0FnSUNUem82Z3pRRRAB,-1,-1
ChdDSUhNMG9nS0VJQ0FnSUNUem82Z3pRRRAB_02,ChdDSUhNMG9nS0VJQ0FnSUNUem82Z3pRRRAB,4,5
ChZDSUhNMG9nS0VJQ0FnSUNUOTdmZVlBEAE_01,ChZDSUhNMG9nS0VJQ0FnSUNUOTdmZVlBEAE,3,3
ChdDSUhNMG9nS0VJQ0FnSUR6LVB5djRRRRAB_01,ChdDSUhNMG9nS0VJQ0FnSUR6LVB5djRRRRAB,3,3
ChdDSUhNMG9nS0VJQ0FnSUR6LVB5djRRRRAB_02,ChdDSUhNMG9nS0VJQ0FnSUR6LVB5djRRRRAB,10,10
ChdDSUhNMG9nS0VJQ0FnSUR6LVB5djRRRRAB_03,ChdDSUhNMG9nS0VJQ0FnSUR6LVB5djRRRRAB,-1,-1
ChdDSUhNMG9nS0VJQ0FnSURIaWVyTDNBRRAB_01,ChdDSUhNMG9nS0VJQ0FnSURIaWVyTDNBRRAB,19,16
ChdDSUhNMG9nS0VJQ0FnSURIaWVyTDNBRRAB_02,ChdDSUhNMG9nS0VJQ0FnSURIaWVyTDNBRRAB,5,4
ChZDSUhNMG9nS0VJQ0FnSUNQNUpYV0F3EAE_01,ChZDSUhNMG9nS0VJQ0FnSUNQNUpYV0F3EAE,4,5
ChZDSUhNMG9nS0VJQ0FnSUNQNUpYV0F3EAE_02,ChZDSUhNMG9nS0VJQ0FnSUNQNUpYV0F3EAE,18,20
ChZDSUhNMG9nS0VJQ0FnSUNQNUpYV0F3EAE_03,ChZDSUhNMG9nS0VJQ0FnSUNQNUpYV0F3EAE,-1,-1
ChZDSUhNMG9nS0VJQ0FnTUNnb1ppWktREAE_01,ChZDSUhNMG9nS0VJQ0FnTUNnb1ppWktREAE,-1,-1
ChZDSUhNMG9nS0VJQ0FnTUNnb1ppWktREAE_02,ChZDSUhNMG9nS0VJQ0FnTUNnb1ppWktREAE,33,39
ChdDSUhNMG9nS0VJQ0FnTUNRMnZpUmhBRRAB_01,ChdDSUhNMG9nS0VJQ0FnTUNRMnZpUmhBRRAB,4,5
ChdDSUhNMG9nS0VJQ0FnTUNRMnZpUmhBRRAB_02,ChdDSUhNMG9nS0VJQ0FnTUNRMnZpUmhBRRAB,20,18
ChdDSUhNMG9nS0VJQ0FnTUNRMnZpUmhBRRAB_03,ChdDSUhNMG9nS0VJQ0FnTUNRMnZpUmhBRRAB,39,38
ChZDSUhNMG9nS0VJQ0FnTUNRbWRTWFJ3EAE_01,ChZDSUhNMG9nS0VJQ0FnTUNRbWRTWFJ3EAE,17,19
ChdDSUhNMG9nS0VJQ0FnTUR3dDhmMzZ3RRAB_01,ChdDSUhNMG9nS0VJQ0FnTUR3dDhmMzZ3RRAB,14,13
ChdDSUhNMG9nS0VJQ0FnTUR3dDhmMzZ3RRAB_02,ChdDSUhNMG9nS0VJQ0FnTUR3dDhmMzZ3RRAB,19,16
ChdDSUhNMG9nS0VJQ0FnTUR3dDhmMzZ3RRAB_03,ChdDSUhNMG9nS0VJQ0FnTUR3dDhmMzZ3RRAB,5,4
ChdDSUhNMG9nS0VJQ0FnTUR3dDhmMzZ3RRAB_04,ChdDSUhNMG9nS0VJQ0FnTUR3dDhmMzZ3RRAB,9,9
ChdDSUhNMG9nS0VJQ0FnTUR3dDhmMzZ3RRAB_05,ChdDSUhNMG9nS0VJQ0FnTUR3dDhmMzZ3RRAB,21,-1
Ci9DQUlRQUNvZENodHljRjlvT25kUFEyeHZWRVl6T1ZkUE9FOXNMWGhtYmtKU09IYxAB_01,Ci9DQUlRQUNvZENodHljRjlvT25kUFEyeHZWRVl6T1ZkUE9FOXNMWGhtYmtKU09IYxAB,29,23
Ci9DQUlRQUNvZENodHljRjlvT25kUFEyeHZWRVl6T1ZkUE9FOXNMWGhtYmtKU09IYxAB_02,Ci9DQUlRQUNvZENodHljRjlvT25kUFEyeHZWRVl6T1ZkUE9FOXNMWGhtYmtKU09IYxAB,26,26
Ci9DQUlRQUNvZENodHljRjlvT25kUFEyeHZWRVl6T1ZkUE9FOXNMWGhtYmtKU09IYxAB_03,Ci9DQUlRQUNvZENodHljRjlvT25kUFEyeHZWRVl6T1ZkUE9FOXNMWGhtYmtKU09IYxAB,5,4
Ci9DQUlRQUNvZENodHljRjlvT25kUFEyeHZWRVl6T1ZkUE9FOXNMWGhtYmtKU09IYxAB_04,Ci9DQUlRQUNvZENodHljRjlvT25kUFEyeHZWRVl6T1ZkUE9FOXNMWGhtYmtKU09IYxAB,1,0
Ci9DQUlRQUNvZENodHljRjlvT2tsbVNGRk1NbkpqWWxSQ2ExcHVjelJqU2w5aFFWRRAB_01,Ci9DQUlRQUNvZENodHljRjlvT2tsbVNGRk1NbkpqWWxSQ2ExcHVjelJqU2w5aFFWRRAB,2,2
Ci9DQUlRQUNvZENodHljRjlvT2tsbVNGRk1NbkpqWWxSQ2ExcHVjelJqU2w5aFFWRRAB_02,Ci9DQUlRQUNvZENodHljRjlvT2tsbVNGRk1NbkpqWWxSQ2ExcHVjelJqU2w5aFFWRRAB,1,0
Ci9DQUlRQUNvZENodHljRjlvT2tsbVNGRk1NbkpqWWxSQ2ExcHVjelJqU2w5aFFWRRAB_03,Ci9DQUlRQUNvZENodHljRjlvT2tsbVNGRk1NbkpqWWxSQ2ExcHVjelJqU2w5aFFWRRAB,-1,-1
Ci9DQUlRQUNvZENodHljRjlvT25OamMzQnRTRWRhVUVScWJsUTRWVmgyYjBSUFdsRRAB_01,Ci9DQUlRQUNvZENodHljRjlvT25OamMzQnRTRWRhVUVScWJsUTRWVmgyYjBSUFdsRRAB,-1,-1
Ci9DQUlRQUNvZENodHljRjlvT25OamMzQnRTRWRhVUVScWJsUTRWVmgyYjBSUFdsRRAB_02,Ci9DQUlRQUNvZENodHljRjlvT25OamMzQnRTRWRhVUVScWJsUTRWVmgyYjBSUFdsRRAB,-1,-1
Ci9DQUlRQUNvZENodHljRjlvT2xFeFNYZFdZMkZuVW13eFExRXdRVXgzWkVoYWRYYxAB_01,Ci9DQUlRQUNvZENodHljRjlvT2xFeFNYZFdZMkZuVW13eFExRXdRVXgzWkVoYWRYYxAB,13,15
Ci9DQUlRQUNvZENodHljRjlvT2xFeFNYZFdZMkZuVW13eFExRXdRVXgzWkVoYWRYYxAB_02,Ci9DQUlRQUNvZENodHljRjlvT2xFeFNYZFdZMkZuVW13eFExRXdRVXgzWkVoYWRYYxAB,18,20
Ci9DQUlRQUNvZENodHljRjlvT2xoTWEwNDRRV1ZzWVY5YU5sbzRTbWczWkdZdGFVRRAB_01,Ci9DQUlRQUNvZENodHljRjlvT2xoTWEwNDRRV1ZzWVY5YU5sbzRTbWczWkdZdGFVRRAB,-1,-1
Ci9DQUlRQUNvZENodHljRjlvT21GclYwVm1kVU5xTkVOVVgzbE9helJzWDNWblRGRRAB_01,Ci9DQUlRQUNvZENodHljRjlvT21GclYwVm1kVU5xTkVOVVgzbE9helJzWDNWblRGRRAB,1,0
Ci9DQUlRQUNvZENodHljRjlvT2s1T05sOWlkWG95VlMxRmNFeGhZa1pyVldsUWVuYxAB_01,Ci9DQUlRQUNvZENodHljRjlvT2s1T05sOWlkWG95VlMxRmNFeGhZa1pyVldsUWVuYxAB,-1,-1
ChZDSUhNMG9nS0VJQ0FnSURtbzVyVVhnEAE_01,ChZDSUhNMG9nS0VJQ0FnSURtbzVyVVhnEAE,38,-1
ChZDSUhNMG9nS0VJQ0FnSURkbGVXTlJBEAE_01,ChZDSUhNMG9nS0VJQ0FnSURkbGVXTlJBEAE,6,6
ChdDSUhNMG9nS0VJQ0FnSURieDhEdF93RRAB_01,ChdDSUhNMG9nS0VJQ0FnSURieDhEdF93RRAB,2,2
ChZDSUhNMG9nS0VJQ0FnSUNIaXZqN0ZBEAE_01,ChZDSUhNMG9nS0VJQ0FnSUNIaXZqN0ZBEAE,5,4
ChZDSUhNMG9nS0VJQ0FnSUNIaXZqN0ZBEAE_02,ChZDSUhNMG9nS0VJQ0FnSUNIaXZqN0ZBEAE,-1,-1
ChdDSUhNMG9nS0VJQ0FnSUNuNzZxcnl3RRAB_01,ChdDSUhNMG9nS0VJQ0FnSUNuNzZxcnl3RRAB,4,5
ChdDSUhNMG9nS0VJQ0FnSUNuNzZxcnl3RRAB_02,ChdDSUhNMG9nS0VJQ0FnSUNuNzZxcnl3RRAB,6,6
ChdDSUhNMG9nS0VJQ0FnSUNuNzZxcnl3RRAB_03,ChdDSUhNMG9nS0VJQ0FnSUNuNzZxcnl3RRAB,26,26
ChZDSUhNMG9nS0VJQ0FnSURmeFo3R2VREAE_01,ChZDSUhNMG9nS0VJQ0FnSURmeFo3R2VREAE,12,21
ChZDSUhNMG9nS0VJQ0FnSURmeFo3R2VREAE_02,ChZDSUhNMG9nS0VJQ0FnSURmeFo3R2VREAE,1,0
ChZDSUhNMG9nS0VJQ0FnSURmeFo3R2VREAE_03,ChZDSUhNMG9nS0VJQ0FnSURmeFo3R2VREAE,14,13
ChZDSUhNMG9nS0VJQ0FnSURmeFo3R2VREAE_04,ChZDSUhNMG9nS0VJQ0FnSURmeFo3R2VREAE,4,5
ChZDSUhNMG9nS0VJQ0FnSURmeFo3R2VREAE_05,ChZDSUhNMG9nS0VJQ0FnSURmeFo3R2VREAE,-1,-1
ChZDSUhNMG9nS0VJQ0FnSURmeFo3R2VREAE_06,ChZDSUhNMG9nS0VJQ0FnSURmeFo3R2VREAE,16,14
ChZDSUhNMG9nS0VMbnBtZk81dk5XT2J3EAE_01,ChZDSUhNMG9nS0VMbnBtZk81dk5XT2J3EAE,37,35
ChZDSUhNMG9nS0VMbnBtZk81dk5XT2J3EAE_02,ChZDSUhNMG9nS0VMbnBtZk81dk5XT2J3EAE,33,39
ChZDSUhNMG9nS0VMbnBtZk81dk5XT2J3EAE_03,ChZDSUhNMG9nS0VMbnBtZk81dk5XT2J3EAE,11,12
ChZDSUhNMG9nS0VMbnBtZk81dk5XT2J3EAE_04,ChZDSUhNMG9nS0VMbnBtZk81dk5XT2J3EAE,13,15
ChZDSUhNMG9nS0VJQ0FnSUNRM0xtdGRBEAE_01,ChZDSUhNMG9nS0VJQ0FnSUNRM0xtdGRBEAE,9,9
ChZDSUhNMG9nS0VJQ0FnSUNRM0xtdGRBEAE_02,ChZDSUhNMG9nS0VJQ0FnSUNRM0xtdGRBEAE,36,37
ChZDSUhNMG9nS0VJQ0FnSUNRM0xtdGRBEAE_03,ChZDSUhNMG9nS0VJQ0FnSUNRM0xtdGRBEAE,21,28
ChZDSUhNMG9nS0VJQ0FnSUNRM0xtdGRBEAE_04,ChZDSUhNMG9nS0VJQ0FnSUNRM0xtdGRBEAE,10,10
ChZDSUhNMG9nS0VJQ0FnSUNRM0xtdGRBEAE_05,ChZDSUhNMG9nS0VJQ0FnSUNRM0xtdGRBEAE,-1,-1
ChZDSUhNMG9nS0VJQ0FnSUNRM0xtdGRBEAE_06,ChZDSUhNMG9nS0VJQ0FnSUNRM0xtdGRBEAE,1,0
Ci9DQUlRQUNvZENodHljRjlvT21oYWNXZFRRV2N4YkdwTGFYWTVabFExVUdKSWFVRRAB_01,Ci9DQUlRQUNvZENodHljRjlvT21oYWNXZFRRV2N4YkdwTGFYWTVabFExVUdKSWFVRRAB,-1,-1
ChZDSUhNMG9nS0VJQ0FnSUNibXItU1ZREAE_01,ChZDSUhNMG9nS0VJQ0FnSUNibXItU1ZREAE,4,5
ChZDSUhNMG9nS0VJQ0FnSUNibXItU1ZREAE_02,ChZDSUhNMG9nS0VJQ0FnSUNibXItU1ZREAE,-1,-1
ChdDSUhNMG9nS0VJQ0FnSUNYdGRlcW5BRRAB_01,ChdDSUhNMG9nS0VJQ0FnSUNYdGRlcW5BRRAB,8,8
ChdDSUhNMG9nS0VJQ0FnTUNnamFuZzVnRRAB_01,ChdDSUhNMG9nS0VJQ0FnTUNnamFuZzVnRRAB,8,8
ChZDSUhNMG9nS0VJQ0FnTUNvNTVXMUF3EAE_01,ChZDSUhNMG9nS0VJQ0FnTUNvNTVXMUF3EAE,10,10
ChZDSUhNMG9nS0VJQ0FnTUNvNTVXMUF3EAE_02,ChZDSUhNMG9nS0VJQ0FnTUNvNTVXMUF3EAE,1,0
Ci9DQUlRQUNvZENodHljRjlvT2xwM0xUSkJjVkZuZVhRdFZVaDBVMU4yUkV0V1RWRRAB_01,Ci9DQUlRQUNvZENodHljRjlvT2xwM0xUSkJjVkZuZVhRdFZVaDBVMU4yUkV0V1RWRRAB,16,14
Ci9DQUlRQUNvZENodHljRjlvT2xwM0xUSkJjVkZuZVhRdFZVaDBVMU4yUkV0V1RWRRAB_02,Ci9DQUlRQUNvZENodHljRjlvT2xwM0xUSkJjVkZuZVhRdFZVaDBVMU4yUkV0V1RWRRAB,1,0
Ci9DQUlRQUNvZENodHljRjlvT2xwM0xUSkJjVkZuZVhRdFZVaDBVMU4yUkV0V1RWRRAB_03,Ci9DQUlRQUNvZENodHljRjlvT2xwM0xUSkJjVkZuZVhRdFZVaDBVMU4yUkV0V1RWRRAB,4,5
Ci9DQUlRQUNvZENodHljRjlvT2xwM0xUSkJjVkZuZVhRdFZVaDBVMU4yUkV0V1RWRRAB_04,Ci9DQUlRQUNvZENodHljRjlvT2xwM0xUSkJjVkZuZVhRdFZVaDBVMU4yUkV0V1RWRRAB,10,10
Ci9DQUlRQUNvZENodHljRjlvT2xwM0xUSkJjVkZuZVhRdFZVaDBVMU4yUkV0V1RWRRAB_05,Ci9DQUlRQUNvZENodHljRjlvT2xwM0xUSkJjVkZuZVhRdFZVaDBVMU4yUkV0V1RWRRAB,40,41
Ci9DQUlRQUNvZENodHljRjlvT2xwM0xUSkJjVkZuZVhRdFZVaDBVMU4yUkV0V1RWRRAB_06,Ci9DQUlRQUNvZENodHljRjlvT2xwM0xUSkJjVkZuZVhRdFZVaDBVMU4yUkV0V1RWRRAB,-1,-1
Ci9DQUlRQUNvZENodHljRjlvT2pGS01tTlZjbTVZUVV4Zk0xTnFTMFprU0RSUFpXYxAB_01,Ci9DQUlRQUNvZENodHljRjlvT2pGS01tTlZjbTVZUVV4Zk0xTnFTMFprU0RSUFpXYxAB,38,40
Ci9DQUlRQUNvZENodHljRjlvT2pGS01tTlZjbTVZUVV4Zk0xTnFTMFprU0RSUFpXYxAB_02,Ci9DQUlRQUNvZENodHljRjlvT2pGS01tTlZjbTVZUVV4Zk0xTnFTMFprU0RSUFpXYxAB,0,-1
ChdDSUhNMG9nS0VJQ0FnSUM5aFBiMHN3RRAB_01,ChdDSUhNMG9nS0VJQ0FnSUM5aFBiMHN3RRAB,40,41
ChdDSUhNMG9nS0VJQ0FnSUM5aFBiMHN3RRAB_02,ChdDSUhNMG9nS0VJQ0FnSUM5aFBiMHN3RRAB,-1,-1
ChdDSUhNMG9nS0VJQ0FnSUREMElIT2hBRRAB_01,ChdDSUhNMG9nS0VJQ0FnSUREMElIT2hBRRAB,29,23
ChdDSUhNMG9nS0VJQ0FnSUREMElIT2hBRRAB_02,ChdDSUhNMG9nS0VJQ0FnSUREMElIT2hBRRAB,31,27
ChZDSUhNMG9nS0VJQ0FnSUNqeTZxTE13EAE_01,ChZDSUhNMG9nS0VJQ0FnSUNqeTZxTE13EAE,0,1
ChZDSUhNMG9nS0VJQ0FnSUNqeTZxTE13EAE_02,ChZDSUhNMG9nS0VJQ0FnSUNqeTZxTE13EAE,-1,-1
ChZDSUhNMG9nS0VJQ0FnSUNqeTZxTE13EAE_03,ChZDSUhNMG9nS0VJQ0FnSUNqeTZxTE13EAE,2,2
ChZDSUhNMG9nS0VJQ0FnSUNqeTZxTE13EAE_04,ChZDSUhNMG9nS0VJQ0FnSUNqeTZxTE13EAE,10,10
ChZDSUhNMG9nS0VJQ0FnSUNqeTZxTE13EAE_05,ChZDSUhNMG9nS0VJQ0FnSUNqeTZxTE13EAE,25,25
ChZDSUhNMG9nS0VJQ0FnSUNqeTZxTE13EAE_06,ChZDSUhNMG9nS0VJQ0FnSUNqeTZxTE13EAE,11,12
ChdDSUhNMG9nS0VJQ0FnSURqbGVMVTlRRRAB_01,ChdDSUhNMG9nS0VJQ0FnSURqbGVMVTlRRRAB,29,23
ChdDSUhNMG9nS0VJQ0FnSURqbGVMVTlRRRAB_02,ChdDSUhNMG9nS0VJQ0FnSURqbGVMVTlRRRAB,-1,-1
ChZDSUhNMG9nS0VJQ0FnSUNMOWRpSENBEAE_01,ChZDSUhNMG9nS0VJQ0FnSUNMOWRpSENBEAE,4,5
ChZDSUhNMG9nS0VJQ0FnSUNMOWRpSENBEAE_02,ChZDSUhNMG9nS0VJQ0FnSUNMOWRpSENBEAE,1,0
ChZDSUhNMG9nS0VJQ0FnSUNMOWRpSENBEAE_03,ChZDSUhNMG9nS0VJQ0FnSUNMOWRpSENBEAE,-1,-1
ChdDSUhNMG9nS0VJQ0FnSUNveEtuWjhnRRAB_01,ChdDSUhNMG9nS0VJQ0FnSUNveEtuWjhnRRAB,12,30
ChdDSUhNMG9nS0VJQ0FnSUNveEtuWjhnRRAB_02,ChdDSUhNMG9nS0VJQ0FnSUNveEtuWjhnRRAB,5,-1
ChZDSUhNMG9nS0VJQ0FnSURmNTdPU0JREAE_01,ChZDSUhNMG9nS0VJQ0FnSURmNTdPU0JREAE,36,37
ChZDSUhNMG9nS0VJQ0FnSURmNTdPU0JREAE_02,ChZDSUhNMG9nS0VJQ0FnSURmNTdPU0JREAE,25,25
ChZDSUhNMG9nS0VJQ0FnSURmNTdPU0JREAE_03,ChZDSUhNMG9nS0VJQ0FnSURmNTdPU0JREAE,-1,-1
ChZDSUhNMG9nS0VJQ0FnSURmNTdPU0JREAE_04,ChZDSUhNMG9nS0VJQ0FnSURmNTdPU0JREAE,-1,-1
ChdDSUhNMG9nS0VJQ0FnSURmNTZlU25nRRAB_01,ChdDSUhNMG9nS0VJQ0FnSURmNTZlU25nRRAB,-1,-1
ChdDSUhNMG9nS0VJQ0FnSURmNTZlU25nRRAB_02,ChdDSUhNMG9nS0VJQ0FnSURmNTZlU25nRRAB,0,1
ChdDSUhNMG9nS0VJQ0FnSURmNTZlU25nRRAB_03,ChdDSUhNMG9nS0VJQ0FnSURmNTZlU25nRRAB,32,32
ChZDSUhNMG9nS0VJQ0FnSURfdmFxZWJ3EAE_01,ChZDSUhNMG9nS0VJQ0FnSURfdmFxZWJ3EAE,8,8
ChZDSUhNMG9nS0VJQ0FnSURfdmFxZWJ3EAE_02,ChZDSUhNMG9nS0VJQ0FnSURfdmFxZWJ3EAE,36,37
ChZDSUhNMG9nS0VJQ0FnSURfdmFxZWJ3EAE_03,ChZDSUhNMG9nS0VJQ0FnSURfdmFxZWJ3EAE,4,5
ChZDSUhNMG9nS0VJQ0FnSURfdmFxZWJ3EAE_04,ChZDSUhNMG9nS0VJQ0FnSURfdmFxZWJ3EAE,29,23
Ci9DQUlRQUNvZENodHljRjlvT201RGRERnVNMXBuUW1kM1ZXdDROa1Y1Y21abFZHYxAB_01,Ci9DQUlRQUNvZENodHljRjlvT201RGRERnVNMXBuUW1kM1ZXdDROa1Y1Y21abFZHYxAB,-1,-1
Ci9DQUlRQUNvZENodHljRjlvT2w5TFQwNDBMVVY0UjIwMFNXaDFXR1J0U2pkdFFtYxAB_01,Ci9DQUlRQUNvZENodHljRjlvT2w5TFQwNDBMVVY0UjIwMFNXaDFXR1J0U2pkdFFtYxAB,-1,-1
Ci9DQUlRQUNvZENodHljRjlvT2s1d1ExTkhWbGRMZUV0b2Vub3hSR3BsYVZOb1JGRRAB_01,Ci9DQUlRQUNvZENodHljRjlvT2s1d1ExTkhWbGRMZUV0b2Vub3hSR3BsYVZOb1JGRRAB,13,-1
Ci9DQUlRQUNvZENodHljRjlvT2s1d1ExTkhWbGRMZUV0b2Vub3hSR3BsYVZOb1JGRRAB_02,Ci9DQUlRQUNvZENodHljRjlvT2s1d1ExTkhWbGRMZUV0b2Vub3hSR3BsYVZOb1JGRRAB,-1,-1
Ci9DQUlRQUNvZENodHljRjlvT2s1d1ExTkhWbGRMZUV0b2Vub3hSR3BsYVZOb1JGRRAB_03,Ci9DQUlRQUNvZENodHljRjlvT2s1d1ExTkhWbGRMZUV0b2Vub3hSR3BsYVZOb1JGRRAB,-1,-1
Ci9DQUlRQUNvZENodHljRjlvT2pJMlFUTTJjVTlVWjBaemREQTFVRlo0VEV4S1dFRRAB_01,Ci9DQUlRQUNvZENodHljRjlvT2pJMlFUTTJjVTlVWjBaemREQTFVRlo0VEV4S1dFRRAB,9,9
Ci9DQUlRQUNvZENodHljRjlvT2pJMlFUTTJjVTlVWjBaemREQTFVRlo0VEV4S1dFRRAB_02,Ci9DQUlRQUNvZENodHljRjlvT2pJMlFUTTJjVTlVWjBaemREQTFVRlo0VEV4S1dFRRAB,-1,-1
Ci9DQUlRQUNvZENodHljRjlvT2pJMlFUTTJjVTlVWjBaemREQTFVRlo0VEV4S1dFRRAB_03,Ci9DQUlRQUNvZENodHljRjlvT2pJMlFUTTJjVTlVWjBaemREQTFVRlo0VEV4S1dFRRAB,36,37
ChdDSUhNMG9nS0VJQ0FnSUN5bXVIOWlBRRAB_01,ChdDSUhNMG9nS0VJQ0FnSUN5bXVIOWlBRRAB,-1,-1
ChdDSUhNMG9nS0VJQ0FnSUN5bXVIOWlBRRAB_02,ChdDSUhNMG9nS0VJQ0FnSUN5bXVIOWlBRRAB,15,11
ChdDSUhNMG9nS0VJQ0FnSUN5bXVIOWlBRRAB_03,ChdDSUhNMG9nS0VJQ0FnSUN5bXVIOWlBRRAB,40,41
ChdDSUhNMG9nS0VJQ0FnSUN5bXVIOWlBRRAB_04,ChdDSUhNMG9nS0VJQ0FnSUN5bXVIOWlBRRAB,16,14
ChdDSUhNMG9nS0VJQ0FnSUN5bXVIOWlBRRAB_05,ChdDSUhNMG9nS0VJQ0FnSUN5bXVIOWlBRRAB,2,2
ChdDSUhNMG9nS0VJQ0FnSUN5bXVIOWlBRRAB_06,ChdDSUhNMG9nS0VJQ0FnSUN5bXVIOWlBRRAB,10,10
ChdDSUhNMG9nS0VJQ0FnSUN2bV9hWXJRRRAB_01,ChdDSUhNMG9nS0VJQ0FnSUN2bV9hWXJRRRAB,7,7
Ci9DQUlRQUNvZENodHljRjlvT25BNVkzRkpZMFZ0TUVKbVp6RnBVVk5hWVdoQk9WRRAB_01,Ci9DQUlRQUNvZENodHljRjlvT25BNVkzRkpZMFZ0TUVKbVp6RnBVVk5hWVdoQk9WRRAB,1,0
ChdDSUhNMG9nS0VJQ0FnSUMxODluaF9BRRAB_01,ChdDSUhNMG9nS0VJQ0FnSUMxODluaF9BRRAB,7,7
ChZDSUhNMG9nS0VJQ0FnSUMxbl9ETWJBEAE_01,ChZDSUhNMG9nS0VJQ0FnSUMxbl9ETWJBEAE,12,21
ChZDSUhNMG9nS0VJQ0FnSUMxbl9ETWJBEAE_02,ChZDSUhNMG9nS0VJQ0FnSUMxbl9ETWJBEAE,-1,-1
ChdDSUhNMG9nS0VJQ0FnSUQxLVp2Q2l3RRAB_01,ChdDSUhNMG9nS0VJQ0FnSUQxLVp2Q2l3RRAB,13,15
ChdDSUhNMG9nS0VJQ0FnSUQxLVp2Q2l3RRAB_02,ChdDSUhNMG9nS0VJQ0FnSUQxLVp2Q2l3RRAB,17,19
ChdDSUhNMG9nS0VJQ0FnSUQxLVp2Q2l3RRAB_03,ChdDSUhNMG9nS0VJQ0FnSUQxLVp2Q2l3RRAB,-1,-1
ChdDSUhNMG9nS0VJQ0FnSUQxLVp2Q2l3RRAB_04,ChdDSUhNMG9nS0VJQ0FnSUQxLVp2Q2l3RRAB,1,0
ChdDSUhNMG9nS0VJQ0FnSUQxLVp2Q2l3RRAB_05,ChdDSUhNMG9nS0VJQ0FnSUQxLVp2Q2l3RRAB,31,27
ChdDSUhNMG9nS0VJQ0FnSUQxeGRDZDdBRRAB_01,ChdDSUhNMG9nS0VJQ0FnSUQxeGRDZDdBRRAB,-1,-1
ChdDSUhNMG9nS0VJQ0FnSUQxeGRDZDdBRRAB_02,ChdDSUhNMG9nS0VJQ0FnSUQxeGRDZDdBRRAB,3,3
ChdDSUhNMG9nS0VJQ0FnSUQxeGRDZDdBRRAB_03,ChdDSUhNMG9nS0VJQ0FnSUQxeGRDZDdBRRAB,2,2
ChdDSUhNMG9nS0VJQ0FnSUQxeGRDZDdBRRAB_04,ChdDSUhNMG9nS0VJQ0FnSUQxeGRDZDdBRRAB,5,-1
ChdDSUhNMG9nS0VJQ0FnSUQxNVpIMXF3RRAB_01,ChdDSUhNMG9nS0VJQ0FnSUQxNVpIMXF3RRAB,29,23
ChdDSUhNMG9nS0VJQ0FnSUQxNVpIMXF3RRAB_02,ChdDSUhNMG9nS0VJQ0FnSUQxNVpIMXF3RRAB,13,15
ChdDSUhNMG9nS0VJQ0FnSUQxNWZ1OWlBRRAB_01,ChdDSUhNMG9nS0VJQ0FnSUQxNWZ1OWlBRRAB,3,3
ChdDSUhNMG9nS0VJQ0FnSUQxNWZ1OWlBRRAB_02,ChdDSUhNMG9nS0VJQ0FnSUQxNWZ1OWlBRRAB,31,27
ChZDSUhNMG9nS0VJQ0FnSUQxdDQ2UFhnEAE_01,ChZDSUhNMG9nS0VJQ0FnSUQxdDQ2UFhnEAE,17,19
ChZDSUhNMG9nS0VJQ0FnSUNOX3BqTlJ3EAE_01,ChZDSUhNMG9nS0VJQ0FnSUNOX3BqTlJ3EAE,3,3
ChZDSUhNMG9nS0VJQ0FnSUNOX3BqTlJ3EAE_02,ChZDSUhNMG9nS0VJQ0FnSUNOX3BqTlJ3EAE,16,14
ChZDSUhNMG9nS0VJQ0FnSUNOX3BqTlJ3EAE_03,ChZDSUhNMG9nS0VJQ0FnSUNOX3BqTlJ3EAE,17,19
ChdDSUhNMG9nS0VJQ0FnSUNOejYzQTZRRRAB_01,ChdDSUhNMG9nS0VJQ0FnSUNOejYzQTZRRRAB,11,12
ChdDSUhNMG9nS0VJQ0FnSUNOejYzQTZRRRAB_02,ChdDSUhNMG9nS0VJQ0FnSUNOejYzQTZRRRAB,4,-1
ChdDSUhNMG9nS0VJQ0FnSURObUsyM3p3RRAB_01,ChdDSUhNMG9nS0VJQ0FnSURObUsyM3p3RRAB,2,2
ChZDSUhNMG9nS0VJQ0FnSURObzZ2elBREAE_01,ChZDSUhNMG9nS0VJQ0FnSURObzZ2elBREAE,9,9
ChZDSUhNMG9nS0VJQ0FnSURObzZ2elBREAE_02,ChZDSUhNMG9nS0VJQ0FnSURObzZ2elBREAE,4,5
ChZDSUhNMG9nS0VJQ0FnSURObzZ2elBREAE_03,ChZDSUhNMG9nS0VJQ0FnSURObzZ2elBREAE,17,19
ChZDSUhNMG9nS0VJQ0FnSURObzZ2elBREAE_04,ChZDSUhNMG9nS0VJQ0FnSURObzZ2elBREAE,10,10
ChdDSUhNMG9nS0VJQ0FnSUR0N09icThBRRAB_01,ChdDSUhNMG9nS0VJQ0FnSUR0N09icThBRRAB,4,5
ChdDSUhNMG9nS0VJQ0FnSUNkcU9Dc3d3RRAB_01,ChdDSUhNMG9nS0VJQ0FnSUNkcU9Dc3d3RRAB,16,14
ChdDSUhNMG9nS0VJQ0FnSUNkcU9Dc3d3RRAB_02,ChdDSUhNMG9nS0VJQ0FnSUNkcU9Dc3d3RRAB,5,4
ChdDSUhNMG9nS0VJQ0FnSUNkcXBQT2xBRRAB_01,ChdDSUhNMG9nS0VJQ0FnSUNkcXBQT2xBRRAB,17,19
ChdDSUhNMG9nS0VJQ0FnSUM5cVB2LXVnRRAB_01,ChdDSUhNMG9nS0VJQ0FnSUM5cVB2LXVnRRAB,12,21
ChdDSUhNMG9nS0VJQ0FnSUM5cVB2LXVnRRAB_02,ChdDSUhNMG9nS0VJQ0FnSUM5cVB2LXVnRRAB,8,8
ChdDSUhNMG9nS0VJQ0FnSUM5cVB2LXVnRRAB_03,ChdDSUhNMG9nS0VJQ0FnSUM5cVB2LXVnRRAB,-1,-1
ChZDSUhNMG9nS0VJQ0FnSUM5NjZmUGZREAE_01,ChZDSUhNMG9nS0VJQ0FnSUM5NjZmUGZREAE,12,21
ChdDSUhNMG9nS0VJQ0FnSUNEdkpmOG5nRRAB_01,ChdDSUhNMG9nS0VJQ0FnSUNEdkpmOG5nRRAB,3,3
ChdDSUhNMG9nS0VJQ0FnSUNEdkpmOG5nRRAB_02,ChdDSUhNMG9nS0VJQ0FnSUNEdkpmOG5nRRAB,17,19
ChdDSUhNMG9nS0VJQ0FnSUNEaWVXTGdRRRAB_01,ChdDSUhNMG9nS0VJQ0FnSUNEaWVXTGdRRRAB,28,22
ChdDSUhNMG9nS0VJQ0FnSUNEaWVXTGdRRRAB_02,ChdDSUhNMG9nS0VJQ0FnSUNEaWVXTGdRRRAB,-1,-1
ChZDSUhNMG9nS0VJQ0FnSUNEM2VXRmNBEAE_01,ChZDSUhNMG9nS0VJQ0FnSUNEM2VXRmNBEAE,-1,-1
ChZDSUhNMG9nS0VJQ0FnSUNEM2VXRmNBEAE_02,ChZDSUhNMG9nS0VJQ0FnSUNEM2VXRmNBEAE,17,-1
ChZDSUhNMG9nS0VJQ0FnSUNEeTctYlNREAE_01,ChZDSUhNMG9nS0VJQ0FnSUNEeTctYlNREAE,3,3
ChdDSUhNMG9nS0VJQ0FnSUREckxPSHJRRRAB_01,ChdDSUhNMG9nS0VJQ0FnSUREckxPSHJRRRAB,3,3
ChdDSUhNMG9nS0VJQ0FnSUREckxPSHJRRRAB_02,ChdDSUhNMG9nS0VJQ0FnSUREckxPSHJRRRAB,-1,-1
ChdDSUhNMG9nS0VJQ0FnSUREckxPSHJRRRAB_03,ChdDSUhNMG9nS0VJQ0FnSUREckxPSHJRRRAB,20,18
ChZDSUhNMG9nS0VJQ0FnSUREdnFTaGZnEAE_01,ChZDSUhNMG9nS0VJQ0FnSUREdnFTaGZnEAE,3,3
ChdDSUhNMG9nS0VJQ0FnSURELS1TWmtnRRAB_01,ChdDSUhNMG9nS0VJQ0FnSURELS1TWmtnRRAB,29,23
ChdDSUhNMG9nS0VJQ0FnSURqNVliUThRRRAB_01,ChdDSUhNMG9nS0VJQ0FnSURqNVliUThRRRAB,3,3
ChdDSUhNMG9nS0VJQ0FnSURqNVliUThRRRAB_02,ChdDSUhNMG9nS0VJQ0FnSURqNVliUThRRRAB,30,29
ChdDSUhNMG9nS0VJQ0FnSURqaTctYjhBRRAB_01,ChdDSUhNMG9nS0VJQ0FnSURqaTctYjhBRRAB,28,22
ChdDSUhNMG9nS0VJQ0FnSUNUMGNTQi1RRRAB_01,ChdDSUhNMG9nS0VJQ0FnSUNUMGNTQi1RRRAB,17,19
ChdDSUhNMG9nS0VJQ0FnSURUaU9uZWt3RRAB_01,ChdDSUhNMG9nS0VJQ0FnSURUaU9uZWt3RRAB,16,14
ChdDSUhNMG9nS0VJQ0FnSURUaU9uZWt3RRAB_02,ChdDSUhNMG9nS0VJQ0FnSURUaU9uZWt3RRAB,5,4
ChdDSUhNMG9nS0VJQ0FnSURUaU9uZWt3RRAB_03,ChdDSUhNMG9nS0VJQ0FnSURUaU9uZWt3RRAB,1,-1
ChdDSUhNMG9nS0VJQ0FnSUN6dzRmVnlRRRAB_01,ChdDSUhNMG9nS0VJQ0FnSUN6dzRmVnlRRRAB,3,3
ChdDSUhNMG9nS0VJQ0FnSUN6dzRmVnlRRRAB_02,ChdDSUhNMG9nS0VJQ0FnSUN6dzRmVnlRRRAB,12,21
ChZDSUhNMG9nS0VJQ0FnSUR6NHR5c2R3EAE_01,ChZDSUhNMG9nS0VJQ0FnSUR6NHR5c2R3EAE,12,21
ChZDSUhNMG9nS0VJQ0FnSUNMMTRIcUxnEAE_01,ChZDSUhNMG9nS0VJQ0FnSUNMMTRIcUxnEAE,12,21
ChdDSUhNMG9nS0VJQ0FnSUNVdU03NG9BRRAB_01,ChdDSUhNMG9nS0VJQ0FnSUNVdU03NG9BRRAB,19,16
ChdDSUhNMG9nS0VJQ0FnSUNVdU03NG9BRRAB_02,ChdDSUhNMG9nS0VJQ0FnSUNVdU03NG9BRRAB,3,3
ChdDSUhNMG9nS0VJQ0FnSUM3emNHVGd3RRAB_01,ChdDSUhNMG9nS0VJQ0FnSUM3emNHVGd3RRAB,14,13
ChdDSUhNMG9nS0VJQ0FnSUM3emNHVGd3RRAB_02,ChdDSUhNMG9nS0VJQ0FnSUM3emNHVGd3RRAB,17,19
ChdDSUhNMG9nS0VJQ0FnSURiNEtXYW5nRRAB_01,ChdDSUhNMG9nS0VJQ0FnSURiNEtXYW5nRRAB,10,10
ChdDSUhNMG9nS0VJQ0FnSURiNEtXYW5nRRAB_02,ChdDSUhNMG9nS0VJQ0FnSURiNEtXYW5nRRAB,10,10
ChdDSUhNMG9nS0VJQ0FnSURiNEtXYW5nRRAB_03,ChdDSUhNMG9nS0VJQ0FnSURiNEtXYW5nRRAB,25,25
ChdDSUhNMG9nS0VJQ0FnSURiNEtXYW5nRRAB_04,ChdDSUhNMG9nS0VJQ0FnSURiNEtXYW5nRRAB,2,2
ChdDSUhNMG9nS0VJQ0FnSURiNEtXYW5nRRAB_05,ChdDSUhNMG9nS0VJQ0FnSURiNEtXYW5nRRAB,20,-1
ChdDSUhNMG9nS0VJQ0FnSURiNEtXYW5nRRAB_06,ChdDSUhNMG9nS0VJQ0FnSURiNEtXYW5nRRAB,13,-1
ChZDSUhNMG9nS0VJQ0FnSUNIc2N1b0dnEAE_01,ChZDSUhNMG9nS0VJQ0FnSUNIc2N1b0dnEAE,28,22
ChZDSUhNMG9nS0VJQ0FnSUNIc2N1b0dnEAE_02,ChZDSUhNMG9nS0VJQ0FnSUNIc2N1b0dnEAE,28,22
ChZDSUhNMG9nS0VJQ0FnSUNIc2N1b0dnEAE_03,ChZDSUhNMG9nS0VJQ0FnSUNIc2N1b0dnEAE,16,14
ChdDSUhNMG9nS0VJQ0FnSUNucXRfdTB3RRAB_01,ChdDSUhNMG9nS0VJQ0FnSUNucXRfdTB3RRAB,11,12
ChZDSUhNMG9nS0VJQ0FnSUNuMTkzMlBnEAE_01,ChZDSUhNMG9nS0VJQ0FnSUNuMTkzMlBnEAE,2,2
ChZDSUhNMG9nS0VJQ0FnSUNuMTkzMlBnEAE_02,ChZDSUhNMG9nS0VJQ0FnSUNuMTkzMlBnEAE,-1,-1
ChZDSUhNMG9nS0VJQ0FnSUNuMTkzMlBnEAE_03,ChZDSUhNMG9nS0VJQ0FnSUNuMTkzMlBnEAE,30,29
ChdDSUhNMG9nS0VJQ0FnSURuaXZxWjZRRRAB_01,ChdDSUhNMG9nS0VJQ0FnSURuaXZxWjZRRRAB,3,3
ChdDSUhNMG9nS0VJQ0FnSURuaXZxWjZRRRAB_02,ChdDSUhNMG9nS0VJQ0FnSURuaXZxWjZRRRAB,-1,-1
ChZDSUhNMG9nS0VJQ0FnSURuM1p6eVZ3EAE_01,ChZDSUhNMG9nS0VJQ0FnSURuM1p6eVZ3EAE,-1,-1
ChZDSUhNMG9nS0VJQ0FnSURuM1p6eVZ3EAE_02,ChZDSUhNMG9nS0VJQ0FnSURuM1p6eVZ3EAE,33,39
ChZDSUhNMG9nS0VJQ0FnSURuM1p6eVZ3EAE_03,ChZDSUhNMG9nS0VJQ0FnSURuM1p6eVZ3EAE,17,-1
ChZDSUhNMG9nS0VJQ0FnSURuM1p6eVZ3EAE_04,ChZDSUhNMG9nS0VJQ0FnSURuM1p6eVZ3EAE,5,-1
ChdDSUhNMG9nS0VJQ0FnSUNYOG82NzFnRRAB_01,ChdDSUhNMG9nS0VJQ0FnSUNYOG82NzFnRRAB,12,21
ChdDSUhNMG9nS0VJQ0FnSUNYOG82NzFnRRAB_02,ChdDSUhNMG9nS0VJQ0FnSUNYOG82NzFnRRAB,30,-1
ChdDSUhNMG9nS0VJQ0FnSUNYOG82NzFnRRAB_03,ChdDSUhNMG9nS0VJQ0FnSUNYOG82NzFnRRAB,1,0
ChdDSUhNMG9nS0VJQ0FnSUNYOG82NzFnRRAB_04,ChdDSUhNMG9nS0VJQ0FnSUNYOG82NzFnRRAB,16,14
ChdDSUhNMG9nS0VJQ0FnSUNYOG82NzFnRRAB_05,ChdDSUhNMG9nS0VJQ0FnSUNYOG82NzFnRRAB,-1,-1
ChdDSUhNMG9nS0VJQ0FnSUNYaWNmY2p3RRAB_01,ChdDSUhNMG9nS0VJQ0FnSUNYaWNmY2p3RRAB,16,14
ChdDSUhNMG9nS0VJQ0FnSUNYaWNmY2p3RRAB_02,ChdDSUhNMG9nS0VJQ0FnSUNYaWNmY2p3RRAB,17,19
ChZDSUhNMG9nS0VJQ0FnSURYcHFTNGF3EAE_01,ChZDSUhNMG9nS0VJQ0FnSURYcHFTNGF3EAE,1,0
ChdDSUhNMG9nS0VJQ0FnSURYM3AteXNnRRAB_01,ChdDSUhNMG9nS0VJQ0FnSURYM3AteXNnRRAB,1,0
ChdDSUhNMG9nS0VJQ0FnSURYM3AteXNnRRAB_02,ChdDSUhNMG9nS0VJQ0FnSURYM3AteXNnRRAB,4,5
ChZDSUhNMG9nS0VJQ0FnSUMzZ3ZLb2JnEAE_01,ChZDSUhNMG9nS0VJQ0FnSUMzZ3ZLb2JnEAE,17,19
ChdDSUhNMG9nS0VJQ0FnSUMzbnVQbnJnRRAB_01,ChdDSUhNMG9nS0VJQ0FnSUMzbnVQbnJnRRAB,12,21
ChdDSUhNMG9nS0VJQ0FnSUMzbnVQbnJnRRAB_02,ChdDSUhNMG9nS0VJQ0FnSUMzbnVQbnJnRRAB,13,15
ChdDSUhNMG9nS0VJQ0FnSUNmdHFlbTR3RRAB_01,ChdDSUhNMG9nS0VJQ0FnSUNmdHFlbTR3RRAB,12,21
ChZDSUhNMG9nS0VJQ0FnSURmX0szbktBEAE_01,ChZDSUhNMG9nS0VJQ0FnSURmX0szbktBEAE,19,-1
ChZDSUhNMG9nS0VJQ0FnSURmX0szbktBEAE_02,ChZDSUhNMG9nS0VJQ0FnSURmX0szbktBEAE,-1,-1
ChZDSUhNMG9nS0VJQ0FnSURmX0szbktBEAE_03,ChZDSUhNMG9nS0VJQ0FnSURmX0szbktBEAE,1,0
ChZDSUhNMG9nS0VJQ0FnSURmX0szbktBEAE_04,ChZDSUhNMG9nS0VJQ0FnSURmX0szbktBEAE,-1,-1
ChdDSUhNMG9nS0VJQ0FnSURmbzdpVHdBRRAB_01,ChdDSUhNMG9nS0VJQ0FnSURmbzdpVHdBRRAB,4,-1
ChdDSUhNMG9nS0VJQ0FnSURmNThxSTJ3RRAB_01,ChdDSUhNMG9nS0VJQ0FnSURmNThxSTJ3RRAB,12,21
ChdDSUhNMG9nS0VJQ0FnSURmNThxSTJ3RRAB_02,ChdDSUhNMG9nS0VJQ0FnSURmNThxSTJ3RRAB,7,7
ChdDSUhNMG9nS0VJQ0FnSUNfb1BqQTNBRRAB_01,ChdDSUhNMG9nS0VJQ0FnSUNfb1BqQTNBRRAB,3,3
ChdDSUhNMG9nS0VJQ0FnSUNfb1BqQTNBRRAB_02,ChdDSUhNMG9nS0VJQ0FnSUNfb1BqQTNBRRAB,2,2
ChdDSUhNMG9nS0VJQ0FnSUNfN05QSWhRRRAB_01,ChdDSUhNMG9nS0VJQ0FnSUNfN05QSWhRRRAB,30,29
ChdDSUhNMG9nS0VJQ0FnSURfOGRfTW1BRRAB_01,ChdDSUhNMG9nS0VJQ0FnSURfOGRfTW1BRRAB,3,3
ChZDSUhNMG9nS0VJQ0FnTURBcTRxVVN3EAE_01,ChZDSUhNMG9nS0VJQ0FnTURBcTRxVVN3EAE,21,28
ChZDSUhNMG9nS0VJQ0FnTURBcTRxVVN3EAE_02,ChZDSUhNMG9nS0VJQ0FnTURBcTRxVVN3EAE,28,-1
ChdDSUhNMG9nS0VJQ0FnTURndWZiRHZnRRAB_01,ChdDSUhNMG9nS0VJQ0FnTURndWZiRHZnRRAB,12,21
ChdDSUhNMG9nS0VJQ0FnTURndWZiRHZnRRAB_02,ChdDSUhNMG9nS0VJQ0FnTURndWZiRHZnRRAB,-1,-1
ChdDSUhNMG9nS0VJQ0FnTURndWZiRHZnRRAB_03,ChdDSUhNMG9nS0VJQ0FnTURndWZiRHZnRRAB,10,10
ChZDSUhNMG9nS0VJQ0FnTUNRLWVMUk5nEAE_01,ChZDSUhNMG9nS0VJQ0FnTUNRLWVMUk5nEAE,19,16
ChZDSUhNMG9nS0VJQ0FnTUNRLWVMUk5nEAE_02,ChZDSUhNMG9nS0VJQ0FnTUNRLWVMUk5nEAE,-1,-1
ChdDSUhNMG9nS0VJQ0FnTUR3bzZXUWtnRRAB_01,ChdDSUhNMG9nS0VJQ0FnTUR3bzZXUWtnRRAB,3,3
ChdDSUhNMG9nS0VJQ0FnTUR3bzZXUWtnRRAB_02,ChdDSUhNMG9nS0VJQ0FnTUR3bzZXUWtnRRAB,17,19
ChdDSUhNMG9nS0VJQ0FnTUR3bzZXUWtnRRAB_03,ChdDSUhNMG9nS0VJQ0FnTUR3bzZXUWtnRRAB,5,4
ChZDSUhNMG9nS0VJQ0FnTURJOGVySlFREAE_01,ChZDSUhNMG9nS0VJQ0FnTURJOGVySlFREAE,28,22
ChZDSUhNMG9nS0VJQ0FnTURJOGVySlFREAE_02,ChZDSUhNMG9nS0VJQ0FnTURJOGVySlFREAE,30,29
ChZDSUhNMG9nS0VJQ0FnTUNvajhmOFBBEAE_01,ChZDSUhNMG9nS0VJQ0FnTUNvajhmOFBBEAE,-1,-1
ChZDSUhNMG9nS0VJQ0FnTUNvajhmOFBBEAE_02,ChZDSUhNMG9nS0VJQ0FnTUNvajhmOFBBEAE,23,-1
ChZDSUhNMG9nS0VNVHo0YWE5LWVMQUZnEAE_01,ChZDSUhNMG9nS0VNVHo0YWE5LWVMQUZnEAE,2,2
ChZDSUhNMG9nS0VNVHo0YWE5LWVMQUZnEAE_02,ChZDSUhNMG9nS0VNVHo0YWE5LWVMQUZnEAE,13,-1
ChZDSUhNMG9nS0VNVHo0YWE5LWVMQUZnEAE_03,ChZDSUhNMG9nS0VNVHo0YWE5LWVMQUZnEAE,2,2
ChdDSUhNMG9nS0VJQ0FnTURvbnEtd25nRRAB_01,ChdDSUhNMG9nS0VJQ0FnTURvbnEtd25nRRAB,3,3
ChZDSUhNMG9nS0VMZUZzdlNtOGFQdVBBEAE_01,ChZDSUhNMG9nS0VMZUZzdlNtOGFQdVBBEAE,29,23
ChZDSUhNMG9nS0VMZUZzdlNtOGFQdVBBEAE_02,ChZDSUhNMG9nS0VMZUZzdlNtOGFQdVBBEAE,16,14
Ci9DQUlRQUNvZENodHljRjlvT25KblFVZGtZbU0yUVVKeVdGcDJVWE0zZUZCRFNIYxAB_01,Ci9DQUlRQUNvZENodHljRjlvT25KblFVZGtZbU0yUVVKeVdGcDJVWE0zZUZCRFNIYxAB,38,40
Ci9DQUlRQUNvZENodHljRjlvT25KblFVZGtZbU0yUVVKeVdGcDJVWE0zZUZCRFNIYxAB_02,Ci9DQUlRQUNvZENodHljRjlvT25KblFVZGtZbU0yUVVKeVdGcDJVWE0zZUZCRFNIYxAB,1,0
Ci9DQUlRQUNvZENodHljRjlvT25KblFVZGtZbU0yUVVKeVdGcDJVWE0zZUZCRFNIYxAB_03,Ci9DQUlRQUNvZENodHljRjlvT25KblFVZGtZbU0yUVVKeVdGcDJVWE0zZUZCRFNIYxAB,0,1
Ci9DQUlRQUNvZENodHljRjlvT25KblFVZGtZbU0yUVVKeVdGcDJVWE0zZUZCRFNIYxAB_04,Ci9DQUlRQUNvZENodHljRjlvT25KblFVZGtZbU0yUVVKeVdGcDJVWE0zZUZCRFNIYxAB,28,22
Ci9DQUlRQUNvZENodHljRjlvT25KblFVZGtZbU0yUVVKeVdGcDJVWE0zZUZCRFNIYxAB_05,Ci9DQUlRQUNvZENodHljRjlvT25KblFVZGtZbU0yUVVKeVdGcDJVWE0zZUZCRFNIYxAB,10,10
Ci9DQUlRQUNvZENodHljRjlvT25KblFVZGtZbU0yUVVKeVdGcDJVWE0zZUZCRFNIYxAB_06,Ci9DQUlRQUNvZENodHljRjlvT25KblFVZGtZbU0yUVVKeVdGcDJVWE0zZUZCRFNIYxAB,-1,-1
Ci9DQUlRQUNvZENodHljRjlvT25KblFVZGtZbU0yUVVKeVdGcDJVWE0zZUZCRFNIYxAB_07,Ci9DQUlRQUNvZENodHljRjlvT25KblFVZGtZbU0yUVVKeVdGcDJVWE0zZUZCRFNIYxAB,32,32
Ci9DQUlRQUNvZENodHljRjlvT25sdlkxcGtYM2h6ZVVreGQxQXlMVlV5YmxsblZsRRAB_01,Ci9DQUlRQUNvZENodHljRjlvT25sdlkxcGtYM2h6ZVVreGQxQXlMVlV5YmxsblZsRRAB,12,21
Ci9DQUlRQUNvZENodHljRjlvT2tKSWRqaFVRVGx1VDFwRVkwMXVNVlI2WldvdGFGRRAB_01,Ci9DQUlRQUNvZENodHljRjlvT2tKSWRqaFVRVGx1VDFwRVkwMXVNVlI2WldvdGFGRRAB,3,3
Ci9DQUlRQUNvZENodHljRjlvT25wMlZHcFJTRVZJZGxSVWFtdEZOazlGT0dkdFMwRRAB_01,Ci9DQUlRQUNvZENodHljRjlvT25wMlZHcFJTRVZJZGxSVWFtdEZOazlGT0dkdFMwRRAB,2,2
Ci9DQUlRQUNvZENodHljRjlvT25wMlZHcFJTRVZJZGxSVWFtdEZOazlGT0dkdFMwRRAB_02,Ci9DQUlRQUNvZENodHljRjlvT25wMlZHcFJTRVZJZGxSVWFtdEZOazlGT0dkdFMwRRAB,16,14
Ci9DQUlRQUNvZENodHljRjlvT25wMlZHcFJTRVZJZGxSVWFtdEZOazlGT0dkdFMwRRAB_03,Ci9DQUlRQUNvZENodHljRjlvT25wMlZHcFJTRVZJZGxSVWFtdEZOazlGT0dkdFMwRRAB,-1,-1
Ci9DQUlRQUNvZENodHljRjlvT25wMlZHcFJTRVZJZGxSVWFtdEZOazlGT0dkdFMwRRAB_04,Ci9DQUlRQUNvZENodHljRjlvT25wMlZHcFJTRVZJZGxSVWFtdEZOazlGT0dkdFMwRRAB,-1,-1
Ci9DQUlRQUNvZENodHljRjlvT25wMlZHcFJTRVZJZGxSVWFtdEZOazlGT0dkdFMwRRAB_05,Ci9DQUlRQUNvZENodHljRjlvT25wMlZHcFJTRVZJZGxSVWFtdEZOazlGT0dkdFMwRRAB,19,16
ChZDSUhNMG9nS0VJQ0FnSUQtd3R5dmJBEAE_01,ChZDSUhNMG9nS0VJQ0FnSUQtd3R5dmJBEAE,12,-1
ChZDSUhNMG9nS0VJQ0FnSUQtd3R5dmJBEAE_02,ChZDSUhNMG9nS0VJQ0FnSUQtd3R5dmJBEAE,33,-1
Ci9DQUlRQUNvZENodHljRjlvT25aR1RsTlFkVVF4TlMwdFIxQTFTMjlQY1ZKNmVIYxAB_01,Ci9DQUlRQUNvZENodHljRjlvT25aR1RsTlFkVVF4TlMwdFIxQTFTMjlQY1ZKNmVIYxAB,3,3
Ci9DQUlRQUNvZENodHljRjlvT2pKVmJGSjFORVpaTWxKMVQyMVNNV3BvZDBWcVJYYxAB_01,Ci9DQUlRQUNvZENodHljRjlvT2pKVmJGSjFORVpaTWxKMVQyMVNNV3BvZDBWcVJYYxAB,3,-1
Ci9DQUlRQUNvZENodHljRjlvT2pKVmJGSjFORVpaTWxKMVQyMVNNV3BvZDBWcVJYYxAB_02,Ci9DQUlRQUNvZENodHljRjlvT2pKVmJGSjFORVpaTWxKMVQyMVNNV3BvZDBWcVJYYxAB,19,16
Ci9DQUlRQUNvZENodHljRjlvT2pKVmJGSjFORVpaTWxKMVQyMVNNV3BvZDBWcVJYYxAB_03,Ci9DQUlRQUNvZENodHljRjlvT2pKVmJGSjFORVpaTWxKMVQyMVNNV3BvZDBWcVJYYxAB,-1,-1
Ci9DQUlRQUNvZENodHljRjlvT21vMVpIcGpUMHN0Tm5CQlJ6ZFFPV1ZKUm5sbFpHYxAB_01,Ci9DQUlRQUNvZENodHljRjlvT21vMVpIcGpUMHN0Tm5CQlJ6ZFFPV1ZKUm5sbFpHYxAB,17,-1
Ci9DQUlRQUNvZENodHljRjlvT21vMVpIcGpUMHN0Tm5CQlJ6ZFFPV1ZKUm5sbFpHYxAB_02,Ci9DQUlRQUNvZENodHljRjlvT21vMVpIcGpUMHN0Tm5CQlJ6ZFFPV1ZKUm5sbFpHYxAB,-1,-1
Ci9DQUlRQUNvZENodHljRjlvT21vMVpIcGpUMHN0Tm5CQlJ6ZFFPV1ZKUm5sbFpHYxAB_03,Ci9DQUlRQUNvZENodHljRjlvT21vMVpIcGpUMHN0Tm5CQlJ6ZFFPV1ZKUm5sbFpHYxAB,16,14
Ci9DQUlRQUNvZENodHljRjlvT21vMVpIcGpUMHN0Tm5CQlJ6ZFFPV1ZKUm5sbFpHYxAB_04,Ci9DQUlRQUNvZENodHljRjlvT21vMVpIcGpUMHN0Tm5CQlJ6ZFFPV1ZKUm5sbFpHYxAB,-1,-1
Ci9DQUlRQUNvZENodHljRjlvT2xaSmRpMWlhbkZrVDFCM1JrUlNSR056VUY5UWFIYxAB_01,Ci9DQUlRQUNvZENodHljRjlvT2xaSmRpMWlhbkZrVDFCM1JrUlNSR056VUY5UWFIYxAB,-1,-1
Ci9DQUlRQUNvZENodHljRjlvT2xaSmRpMWlhbkZrVDFCM1JrUlNSR056VUY5UWFIYxAB_02,Ci9DQUlRQUNvZENodHljRjlvT2xaSmRpMWlhbkZrVDFCM1JrUlNSR056VUY5UWFIYxAB,13,-1
Ci9DQUlRQUNvZENodHljRjlvT2xaSmRpMWlhbkZrVDFCM1JrUlNSR056VUY5UWFIYxAB_03,Ci9DQUlRQUNvZENodHljRjlvT2xaSmRpMWlhbkZrVDFCM1JrUlNSR056VUY5UWFIYxAB,38,40
Ci9DQUlRQUNvZENodHljRjlvT214TFVHSjNTMUZZVkdwWlVIUkxMVjl2ZFc1emIwRRAB_01,Ci9DQUlRQUNvZENodHljRjlvT214TFVHSjNTMUZZVkdwWlVIUkxMVjl2ZFc1emIwRRAB,28,22
Ci9DQUlRQUNvZENodHljRjlvT2s5RWNUSmFjbkJ4U1V3MFUyOUVXa05EVVVkb05IYxAB_01,Ci9DQUlRQUNvZENodHljRjlvT2s5RWNUSmFjbkJ4U1V3MFUyOUVXa05EVVVkb05IYxAB,16,14
Ci9DQUlRQUNvZENodHljRjlvT2s5RWNUSmFjbkJ4U1V3MFUyOUVXa05EVVVkb05IYxAB_02,Ci9DQUlRQUNvZENodHljRjlvT2s5RWNUSmFjbkJ4U1V3MFUyOUVXa05EVVVkb05IYxAB,11,12
Ci9DQUlRQUNvZENodHljRjlvT2s5RWNUSmFjbkJ4U1V3MFUyOUVXa05EVVVkb05IYxAB_03,Ci9DQUlRQUNvZENodHljRjlvT2s5RWNUSmFjbkJ4U1V3MFUyOUVXa05EVVVkb05IYxAB,16,14
Ci9DQUlRQUNvZENodHljRjlvT210eWJqbHdiRk5rWkVZelFtRlJjbUV4T0hRNFQzYxAB_01,Ci9DQUlRQUNvZENodHljRjlvT210eWJqbHdiRk5rWkVZelFtRlJjbUV4T0hRNFQzYxAB,38,40
Ci9DQUlRQUNvZENodHljRjlvT210eWJqbHdiRk5rWkVZelFtRlJjbUV4T0hRNFQzYxAB_02,Ci9DQUlRQUNvZENodHljRjlvT210eWJqbHdiRk5rWkVZelFtRlJjbUV4T0hRNFQzYxAB,-1,-1
Ci9DQUlRQUNvZENodHljRjlvT210eWJqbHdiRk5rWkVZelFtRlJjbUV4T0hRNFQzYxAB_03,Ci9DQUlRQUNvZENodHljRjlvT210eWJqbHdiRk5rWkVZelFtRlJjbUV4T0hRNFQzYxAB,-1,-1
Ci9DQUlRQUNvZENodHljRjlvT210eWJqbHdiRk5rWkVZelFtRlJjbUV4T0hRNFQzYxAB_04,Ci9DQUlRQUNvZENodHljRjlvT210eWJqbHdiRk5rWkVZelFtRlJjbUV4T0hRNFQzYxAB,1,0
Ci9DQUlRQUNvZENodHljRjlvT210eWJqbHdiRk5rWkVZelFtRlJjbUV4T0hRNFQzYxAB_05,Ci9DQUlRQUNvZENodHljRjlvT210eWJqbHdiRk5rWkVZelFtRlJjbUV4T0hRNFQzYxAB,-1,-1
Ci9DQUlRQUNvZENodHljRjlvT25wR1ZXTkdXVWt4Tkd4cWRFSkRiRzE2YTB4MFZHYxAB_01,Ci9DQUlRQUNvZENodHljRjlvT25wR1ZXTkdXVWt4Tkd4cWRFSkRiRzE2YTB4MFZHYxAB,24,-1
Ci9DQUlRQUNvZENodHljRjlvT21KM00xRktWbUpYZGpsT1IzUnhlazF5YkZsSFpHYxAB_01,Ci9DQUlRQUNvZENodHljRjlvT21KM00xRktWbUpYZGpsT1IzUnhlazF5YkZsSFpHYxAB,30,29
Ci9DQUlRQUNvZENodHljRjlvT2pJNWNHZGZUbEZCV1dsQmNFRm5kakpEV21GSFJWRRAB_01,Ci9DQUlRQUNvZENodHljRjlvT2pJNWNHZGZUbEZCV1dsQmNFRm5kakpEV21GSFJWRRAB,-1,-1
Ci9DQUlRQUNvZENodHljRjlvT2pJNWNHZGZUbEZCV1dsQmNFRm5kakpEV21GSFJWRRAB_02,Ci9DQUlRQUNvZENodHljRjlvT2pJNWNHZGZUbEZCV1dsQmNFRm5kakpEV21GSFJWRRAB,-1,-1
Ci9DQUlRQUNvZENodHljRjlvT2pJNWNHZGZUbEZCV1dsQmNFRm5kakpEV21GSFJWRRAB_03,Ci9DQUlRQUNvZENodHljRjlvT2pJNWNHZGZUbEZCV1dsQmNFRm5kakpEV21GSFJWRRAB,33,39
Ci9DQUlRQUNvZENodHljRjlvT2pJNWNHZGZUbEZCV1dsQmNFRm5kakpEV21GSFJWRRAB_04,Ci9DQUlRQUNvZENodHljRjlvT2pJNWNHZGZUbEZCV1dsQmNFRm5kakpEV21GSFJWRRAB,2,2
ChdDSUhNMG9nS0VJQ0FnSURndk5QdG9RRRAB_01,ChdDSUhNMG9nS0VJQ0FnSURndk5QdG9RRRAB,12,21
Ci9DQUlRQUNvZENodHljRjlvT20xNGFDMVlja2x3ZDJSUk0yWXRTa1ZHVTBkVFkxRRAB_01,Ci9DQUlRQUNvZENodHljRjlvT20xNGFDMVlja2x3ZDJSUk0yWXRTa1ZHVTBkVFkxRRAB,-1,-1
Ci9DQUlRQUNvZENodHljRjlvT20xNGFDMVlja2x3ZDJSUk0yWXRTa1ZHVTBkVFkxRRAB_02,Ci9DQUlRQUNvZENodHljRjlvT20xNGFDMVlja2x3ZDJSUk0yWXRTa1ZHVTBkVFkxRRAB,1,0
Ci9DQUlRQUNvZENodHljRjlvT20xNGFDMVlja2x3ZDJSUk0yWXRTa1ZHVTBkVFkxRRAB_03,Ci9DQUlRQUNvZENodHljRjlvT20xNGFDMVlja2x3ZDJSUk0yWXRTa1ZHVTBkVFkxRRAB,18,20
Ci9DQUlRQUNvZENodHljRjlvT25SSVgwcFJSMDlaTkVac05YRmpZemhPYVRkUGJtYxAB_01,Ci9DQUlRQUNvZENodHljRjlvT25SSVgwcFJSMDlaTkVac05YRmpZemhPYVRkUGJtYxAB,38,40
Ci9DQUlRQUNvZENodHljRjlvT25SSVgwcFJSMDlaTkVac05YRmpZemhPYVRkUGJtYxAB_02,Ci9DQUlRQUNvZENodHljRjlvT25SSVgwcFJSMDlaTkVac05YRmpZemhPYVRkUGJtYxAB,-1,-1
Ci9DQUlRQUNvZENodHljRjlvT2tWblRXUm9lSGRLV1U5bFEzWm5jVUpXWVhoMFpWRRAB_01,Ci9DQUlRQUNvZENodHljRjlvT2tWblRXUm9lSGRLV1U5bFEzWm5jVUpXWVhoMFpWRRAB,3,3
Ci9DQUlRQUNvZENodHljRjlvT201a1VtRnJZblZaZUZSaGFGSklMVnBZVlRNNGJtYxAB_01,Ci9DQUlRQUNvZENodHljRjlvT201a1VtRnJZblZaZUZSaGFGSklMVnBZVlRNNGJtYxAB,3,3
Ci9DQUlRQUNvZENodHljRjlvT2tsRmRtaG1OWFJSY2xkaVpUVklPRlJYUWxaVlVtYxAB_01,Ci9DQUlRQUNvZENodHljRjlvT2tsRmRtaG1OWFJSY2xkaVpUVklPRlJYUWxaVlVtYxAB,-1,-1
Ci9DQUlRQUNvZENodHljRjlvT2pObGJsWnVSRzEwYmt0MmVVTkNNRGt4TkRZM01uYxAB_01,Ci9DQUlRQUNvZENodHljRjlvT2pObGJsWnVSRzEwYmt0MmVVTkNNRGt4TkRZM01uYxAB,17,19
Ci9DQUlRQUNvZENodHljRjlvT2pObGJsWnVSRzEwYmt0MmVVTkNNRGt4TkRZM01uYxAB_02,Ci9DQUlRQUNvZENodHljRjlvT2pObGJsWnVSRzEwYmt0MmVVTkNNRGt4TkRZM01uYxAB,13,15
Ci9DQUlRQUNvZENodHljRjlvT2pObGJsWnVSRzEwYmt0MmVVTkNNRGt4TkRZM01uYxAB_03,Ci9DQUlRQUNvZENodHljRjlvT2pObGJsWnVSRzEwYmt0MmVVTkNNRGt4TkRZM01uYxAB,31,27
Ci9DQUlRQUNvZENodHljRjlvT2xOVGQwdFFPUzFqY2xJellrcENaV2RCVjNwQ1VsRRAB_01,Ci9DQUlRQUNvZENodHljRjlvT2xOVGQwdFFPUzFqY2xJellrcENaV2RCVjNwQ1VsRRAB,30,29
Ci9DQUlRQUNvZENodHljRjlvT2pZdExXMTRhbmRPYlhoSmEyNVRNa1JRYm5GSk5FRRAB_01,Ci9DQUlRQUNvZENodHljRjlvT2pZdExXMTRhbmRPYlhoSmEyNVRNa1JRYm5GSk5FRRAB,30,29
Ci9DQUlRQUNvZENodHljRjlvT2pZdExXMTRhbmRPYlhoSmEyNVRNa1JRYm5GSk5FRRAB_02,Ci9DQUlRQUNvZENodHljRjlvT2pZdExXMTRhbmRPYlhoSmEyNVRNa1JRYm5GSk5FRRAB,2,2
Ci9DQUlRQUNvZENodHljRjlvT2pCVlluVjRRbXcxZVVSdFoxazRORmxOY1cxWFlrRRAB_01,Ci9DQUlRQUNvZENodHljRjlvT2pCVlluVjRRbXcxZVVSdFoxazRORmxOY1cxWFlrRRAB,24,33
Ci9DQUlRQUNvZENodHljRjlvT2pCVlluVjRRbXcxZVVSdFoxazRORmxOY1cxWFlrRRAB_02,Ci9DQUlRQUNvZENodHljRjlvT2pCVlluVjRRbXcxZVVSdFoxazRORmxOY1cxWFlrRRAB,1,0
Ci9DQUlRQUNvZENodHljRjlvT2pnelIwbDRTMkZmZDBocFduRkRiR3RPWmpCMlJtYxAB_01,Ci9DQUlRQUNvZENodHljRjlvT2pnelIwbDRTMkZmZDBocFduRkRiR3RPWmpCMlJtYxAB,29,23
Ci9DQUlRQUNvZENodHljRjlvT2pnelIwbDRTMkZmZDBocFduRkRiR3RPWmpCMlJtYxAB_02,Ci9DQUlRQUNvZENodHljRjlvT2pnelIwbDRTMkZmZDBocFduRkRiR3RPWmpCMlJtYxAB,30,29
Ci9DQUlRQUNvZENodHljRjlvT2xSSlNUaGlkMFpQYUZGR2JVZzRZV2RPY0dzeVUyYxAB_01,Ci9DQUlRQUNvZENodHljRjlvT2xSSlNUaGlkMFpQYUZGR2JVZzRZV2RPY0dzeVUyYxAB,7,7
Ci9DQUlRQUNvZENodHljRjlvT2xSSlNUaGlkMFpQYUZGR2JVZzRZV2RPY0dzeVUyYxAB_02,Ci9DQUlRQUNvZENodHljRjlvT2xSSlNUaGlkMFpQYUZGR2JVZzRZV2RPY0dzeVUyYxAB,38,40
Ci9DQUlRQUNvZENodHljRjlvT2xSSlNUaGlkMFpQYUZGR2JVZzRZV2RPY0dzeVUyYxAB_03,Ci9DQUlRQUNvZENodHljRjlvT2xSSlNUaGlkMFpQYUZGR2JVZzRZV2RPY0dzeVUyYxAB,5,4
Ci9DQUlRQUNvZENodHljRjlvT210bVlWVlVMWE56UTBoVVlXSXpTSGhxYmxCemRFRRAB_01,Ci9DQUlRQUNvZENodHljRjlvT210bVlWVlVMWE56UTBoVVlXSXpTSGhxYmxCemRFRRAB,17,-1
Ci9DQUlRQUNvZENodHljRjlvT210bVlWVlVMWE56UTBoVVlXSXpTSGhxYmxCemRFRRAB_02,Ci9DQUlRQUNvZENodHljRjlvT210bVlWVlVMWE56UTBoVVlXSXpTSGhxYmxCemRFRRAB,13,15
Ci9DQUlRQUNvZENodHljRjlvT210bVlWVlVMWE56UTBoVVlXSXpTSGhxYmxCemRFRRAB_03,Ci9DQUlRQUNvZENodHljRjlvT210bVlWVlVMWE56UTBoVVlXSXpTSGhxYmxCemRFRRAB,31,27
Ci9DQUlRQUNvZENodHljRjlvT2s4eVIzQk9kMEZ5UlhwNVZ6TjFXSFZ5U1Y5NGJVRRAB_01,Ci9DQUlRQUNvZENodHljRjlvT2s4eVIzQk9kMEZ5UlhwNVZ6TjFXSFZ5U1Y5NGJVRRAB,33,39
Ci9DQUlRQUNvZENodHljRjlvT21GbVduTkdSM000TjBvd1V6RnBWMjlrZVRNelZsRRAB_01,Ci9DQUlRQUNvZENodHljRjlvT21GbVduTkdSM000TjBvd1V6RnBWMjlrZVRNelZsRRAB,17,19
Ci9DQUlRQUNvZENodHljRjlvT21GbVduTkdSM000TjBvd1V6RnBWMjlrZVRNelZsRRAB_02,Ci9DQUlRQUNvZENodHljRjlvT21GbVduTkdSM000TjBvd1V6RnBWMjlrZVRNelZsRRAB,-1,-1
Ci9DQUlRQUNvZENodHljRjlvT2pkZlkwRlVTRTU2V2pCbmJURlZSRE5pZGpRMWNWRRAB_01,Ci9DQUlRQUNvZENodHljRjlvT2pkZlkwRlVTRTU2V2pCbmJURlZSRE5pZGpRMWNWRRAB,17,19
Ci9DQUlRQUNvZENodHljRjlvT21STk5qZENTamRRVTJvelRsRXRPVzlLY25sU01VRRAB_01,Ci9DQUlRQUNvZENodHljRjlvT21STk5qZENTamRRVTJvelRsRXRPVzlLY25sU01VRRAB,3,3
Ci9DQUlRQUNvZENodHljRjlvT21STk5qZENTamRRVTJvelRsRXRPVzlLY25sU01VRRAB_02,Ci9DQUlRQUNvZENodHljRjlvT21STk5qZENTamRRVTJvelRsRXRPVzlLY25sU01VRRAB,3,3
Ci9DQUlRQUNvZENodHljRjlvT2xsUlJWOXhjVlZPTmpaVlRFWkpVM2wzVjBab1JFRRAB_01,Ci9DQUlRQUNvZENodHljRjlvT2xsUlJWOXhjVlZPTmpaVlRFWkpVM2wzVjBab1JFRRAB,2,2
Ci9DQUlRQUNvZENodHljRjlvT2xsUlJWOXhjVlZPTmpaVlRFWkpVM2wzVjBab1JFRRAB_02,Ci9DQUlRQUNvZENodHljRjlvT2xsUlJWOXhjVlZPTmpaVlRFWkpVM2wzVjBab1JFRRAB,29,23
Ci9DQUlRQUNvZENodHljRjlvT2xaQ2JWOXFSM2h5ZDA5cFdrZE9TREpTU1hwU1dGRRAB_01,Ci9DQUlRQUNvZENodHljRjlvT2xaQ2JWOXFSM2h5ZDA5cFdrZE9TREpTU1hwU1dGRRAB,16,14
Ci9DQUlRQUNvZENodHljRjlvT2pkbVFuWXljbWR2Tm1SblNXZFJkRFJuV0hsbFgwRRAB_01,Ci9DQUlRQUNvZENodHljRjlvT2pkbVFuWXljbWR2Tm1SblNXZFJkRFJuV0hsbFgwRRAB,3,3
Ci9DQUlRQUNvZENodHljRjlvT25aSVkyOUpXSGN4UVhsdFNGbDZWa3BhZW5CUVFsRRAB_01,Ci9DQUlRQUNvZENodHljRjlvT25aSVkyOUpXSGN4UVhsdFNGbDZWa3BhZW5CUVFsRRAB,7,7
Ci9DQUlRQUNvZENodHljRjlvT25aSVkyOUpXSGN4UVhsdFNGbDZWa3BhZW5CUVFsRRAB_02,Ci9DQUlRQUNvZENodHljRjlvT25aSVkyOUpXSGN4UVhsdFNGbDZWa3BhZW5CUVFsRRAB,0,1
Ci9DQUlRQUNvZENodHljRjlvT2xCRlZIVnBibWxGVlU4dFdVdHpZMmxmTUZjNVkyYxAB_01,Ci9DQUlRQUNvZENodHljRjlvT2xCRlZIVnBibWxGVlU4dFdVdHpZMmxmTUZjNVkyYxAB,33,39
Ci9DQUlRQUNvZENodHljRjlvT2xCRlZIVnBibWxGVlU4dFdVdHpZMmxmTUZjNVkyYxAB_02,Ci9DQUlRQUNvZENodHljRjlvT2xCRlZIVnBibWxGVlU4dFdVdHpZMmxmTUZjNVkyYxAB,3,3
Ci9DQUlRQUNvZENodHljRjlvT214T1VXWkdlV1UyYlZCUVkwZE9kSFYwY0dkRVpsRRAB_01,Ci9DQUlRQUNvZENodHljRjlvT214T1VXWkdlV1UyYlZCUVkwZE9kSFYwY0dkRVpsRRAB,3,3
Ci9DQUlRQUNvZENodHljRjlvT2xsNExXaFRhRk5IU1Raa04zSlRjVlZFTmtaT1NrRRAB_01,Ci9DQUlRQUNvZENodHljRjlvT2xsNExXaFRhRk5IU1Raa04zSlRjVlZFTmtaT1NrRRAB,12,21
Ci9DQUlRQUNvZENodHljRjlvT2tSWmEyczBNa2szTWxFMlZYb3dNMVU1ZUVoR2FGRRAB_01,Ci9DQUlRQUNvZENodHljRjlvT2tSWmEyczBNa2szTWxFMlZYb3dNMVU1ZUVoR2FGRRAB,17,19
Ci9DQUlRQUNvZENodHljRjlvT2tSWmEyczBNa2szTWxFMlZYb3dNMVU1ZUVoR2FGRRAB_02,Ci9DQUlRQUNvZENodHljRjlvT2tSWmEyczBNa2szTWxFMlZYb3dNMVU1ZUVoR2FGRRAB,1,0
Ci9DQUlRQUNvZENodHljRjlvT2w5VmJrZEhiMmQ0V1ZNNGFFUnlTVGhrYmtOWE1HYxAB_01,Ci9DQUlRQUNvZENodHljRjlvT2w5VmJrZEhiMmQ0V1ZNNGFFUnlTVGhrYmtOWE1HYxAB,4,-1
Ci9DQUlRQUNvZENodHljRjlvT2w5VmJrZEhiMmQ0V1ZNNGFFUnlTVGhrYmtOWE1HYxAB_02,Ci9DQUlRQUNvZENodHljRjlvT2w5VmJrZEhiMmQ0V1ZNNGFFUnlTVGhrYmtOWE1HYxAB,20,18
Ci9DQUlRQUNvZENodHljRjlvT2w5VmJrZEhiMmQ0V1ZNNGFFUnlTVGhrYmtOWE1HYxAB_03,Ci9DQUlRQUNvZENodHljRjlvT2w5VmJrZEhiMmQ0V1ZNNGFFUnlTVGhrYmtOWE1HYxAB,-1,-1
Ci9DQUlRQUNvZENodHljRjlvT2w5VmJrZEhiMmQ0V1ZNNGFFUnlTVGhrYmtOWE1HYxAB_04,Ci9DQUlRQUNvZENodHljRjlvT2w5VmJrZEhiMmQ0V1ZNNGFFUnlTVGhrYmtOWE1HYxAB,-1,-1
Ci9DQUlRQUNvZENodHljRjlvT2xBeGVXdzJkMjVDZERnM05rMHRkakJEUkhobGMyYxAB_01,Ci9DQUlRQUNvZENodHljRjlvT2xBeGVXdzJkMjVDZERnM05rMHRkakJEUkhobGMyYxAB,3,3
Ci9DQUlRQUNvZENodHljRjlvT200NFYyZG5SV2R1WkhwdFVIcHdlRGRIUjJ4eVZIYxAB_01,Ci9DQUlRQUNvZENodHljRjlvT200NFYyZG5SV2R1WkhwdFVIcHdlRGRIUjJ4eVZIYxAB,4,5
Ci9DQUlRQUNvZENodHljRjlvT205NmVteHFSMFYxTVU1S2RVbFVaakpoZGw5TVlsRRAB_01,Ci9DQUlRQUNvZENodHljRjlvT205NmVteHFSMFYxTVU1S2RVbFVaakpoZGw5TVlsRRAB,12,-1
Ci9DQUlRQUNvZENodHljRjlvT2tsZmNqaFlTRmhUU0RKMFNXcHJiRFJJTmpGSVRGRRAB_01,Ci9DQUlRQUNvZENodHljRjlvT2tsZmNqaFlTRmhUU0RKMFNXcHJiRFJJTmpGSVRGRRAB,24,-1
Ci9DQUlRQUNvZENodHljRjlvT2tsZmNqaFlTRmhUU0RKMFNXcHJiRFJJTmpGSVRGRRAB_02,Ci9DQUlRQUNvZENodHljRjlvT2tsZmNqaFlTRmhUU0RKMFNXcHJiRFJJTmpGSVRGRRAB,10,10
Ci9DQUlRQUNvZENodHljRjlvT2tGb2FYaFJjamw0ZVVGVlpFdGljVVZRTVZnek0wRRAB_01,Ci9DQUlRQUNvZENodHljRjlvT2tGb2FYaFJjamw0ZVVGVlpFdGljVVZRTVZnek0wRRAB,19,16
Ci9DQUlRQUNvZENodHljRjlvT2tGb2FYaFJjamw0ZVVGVlpFdGljVVZRTVZnek0wRRAB_02,Ci9DQUlRQUNvZENodHljRjlvT2tGb2FYaFJjamw0ZVVGVlpFdGljVVZRTVZnek0wRRAB,17,-1
Ci9DQUlRQUNvZENodHljRjlvT25FdGJEbFNNR1JIWldwbGFsaDVNMms0WTJsUExWRRAB_01,Ci9DQUlRQUNvZENodHljRjlvT25FdGJEbFNNR1JIWldwbGFsaDVNMms0WTJsUExWRRAB,3,-1
ChZDSUhNMG9nS0VJQ0FnSUN0cTVUbFNREAE_01,ChZDSUhNMG9nS0VJQ0FnSUN0cTVUbFNREAE,6,-1
Ci9DQUlRQUNvZENodHljRjlvT210NGNsSkVVR04yTWpFeGJuZFZOazVsWm5KdFJXYxAB_01,Ci9DQUlRQUNvZENodHljRjlvT210NGNsSkVVR04yTWpFeGJuZFZOazVsWm5KdFJXYxAB,-1,-1
Ci9DQUlRQUNvZENodHljRjlvT210NGNsSkVVR04yTWpFeGJuZFZOazVsWm5KdFJXYxAB_02,Ci9DQUlRQUNvZENodHljRjlvT210NGNsSkVVR04yTWpFeGJuZFZOazVsWm5KdFJXYxAB,-1,-1
Ci9DQUlRQUNvZENodHljRjlvT2xkNmMyUk5lSE5SY21SWk5qZGphR2xEVHpZNGNVRRAB_01,Ci9DQUlRQUNvZENodHljRjlvT2xkNmMyUk5lSE5SY21SWk5qZGphR2xEVHpZNGNVRRAB,6,6
Ci9DQUlRQUNvZENodHljRjlvT2xkNmMyUk5lSE5SY21SWk5qZGphR2xEVHpZNGNVRRAB_02,Ci9DQUlRQUNvZENodHljRjlvT2xkNmMyUk5lSE5SY21SWk5qZGphR2xEVHpZNGNVRRAB,5,4
Ci9DQUlRQUNvZENodHljRjlvT2xkNmMyUk5lSE5SY21SWk5qZGphR2xEVHpZNGNVRRAB_03,Ci9DQUlRQUNvZENodHljRjlvT2xkNmMyUk5lSE5SY21SWk5qZGphR2xEVHpZNGNVRRAB,1,0
ChdDSUhNMG9nS0VJQ0FnSUMxeGFURWtRRRAB_01,ChdDSUhNMG9nS0VJQ0FnSUMxeGFURWtRRRAB,-1,-1
ChdDSUhNMG9nS0VJQ0FnSUMxeGFURWtRRRAB_02,ChdDSUhNMG9nS0VJQ0FnSUMxeGFURWtRRRAB,18,20
ChdDSUhNMG9nS0VJQ0FnSUMxeGFURWtRRRAB_03,ChdDSUhNMG9nS0VJQ0FnSUMxeGFURWtRRRAB,0,1
ChdDSUhNMG9nS0VJQ0FnSUMxeGFURWtRRRAB_04,ChdDSUhNMG9nS0VJQ0FnSUMxeGFURWtRRRAB,0,-1
ChdDSUhNMG9nS0VJQ0FnSURSazhTM2pBRRAB_01,ChdDSUhNMG9nS0VJQ0FnSURSazhTM2pBRRAB,3,3
ChdDSUhNMG9nS0VJQ0FnSURSazhTM2pBRRAB_02,ChdDSUhNMG9nS0VJQ0FnSURSazhTM2pBRRAB,0,1
ChdDSUhNMG9nS0VJQ0FnSURSazhTM2pBRRAB_03,ChdDSUhNMG9nS0VJQ0FnSURSazhTM2pBRRAB,25,-1
ChZDSUhNMG9nS0VJQ0FnSUMxazc3ME5BEAE_01,ChZDSUhNMG9nS0VJQ0FnSUMxazc3ME5BEAE,0,1
ChZDSUhNMG9nS0VJQ0FnSUMxazc3ME5BEAE_02,ChZDSUhNMG9nS0VJQ0FnSUMxazc3ME5BEAE,25,25
ChdDSUhNMG9nS0VJQ0FnSUNkLUxEc3h3RRAB_01,ChdDSUhNMG9nS0VJQ0FnSUNkLUxEc3h3RRAB,22,17
ChdDSUhNMG9nS0VJQ0FnSUNkLUxEc3h3RRAB_02,ChdDSUhNMG9nS0VJQ0FnSUNkLUxEc3h3RRAB,5,4
ChdDSUhNMG9nS0VJQ0FnSUNkLUxEc3h3RRAB_03,ChdDSUhNMG9nS0VJQ0FnSUNkLUxEc3h3RRAB,22,17
ChdDSUhNMG9nS0VJQ0FnSUNEOUpMYjdBRRAB_01,ChdDSUhNMG9nS0VJQ0FnSUNEOUpMYjdBRRAB,22,17
ChdDSUhNMG9nS0VJQ0FnSUNEOUpMYjdBRRAB_02,ChdDSUhNMG9nS0VJQ0FnSUNEOUpMYjdBRRAB,10,10
ChdDSUhNMG9nS0VJQ0FnSUNEOUpMYjdBRRAB_03,ChdDSUhNMG9nS0VJQ0FnSUNEOUpMYjdBRRAB,10,10
ChdDSUhNMG9nS0VJQ0FnSUNEOUpMYjdBRRAB_04,ChdDSUhNMG9nS0VJQ0FnSUNEOUpMYjdBRRAB,-1,-1
ChZDSUhNMG9nS0VJQ0FnSURqbElQeklBEAE_01,ChZDSUhNMG9nS0VJQ0FnSURqbElQeklBEAE,22,17
ChZDSUhNMG9nS0VJQ0FnSURqbElQeklBEAE_02,ChZDSUhNMG9nS0VJQ0FnSURqbElQeklBEAE,13,15
ChZDSUhNMG9nS0VJQ0FnSURqbElQeklBEAE_03,ChZDSUhNMG9nS0VJQ0FnSURqbElQeklBEAE,5,4
ChdDSUhNMG9nS0VJQ0FnSURqdnB1ZXFBRRAB_01,ChdDSUhNMG9nS0VJQ0FnSURqdnB1ZXFBRRAB,37,35
ChdDSUhNMG9nS0VJQ0FnSURqdnB1ZXFBRRAB_02,ChdDSUhNMG9nS0VJQ0FnSURqdnB1ZXFBRRAB,22,17
ChdDSUhNMG9nS0VJQ0FnSURqdnB1ZXFBRRAB_03,ChdDSUhNMG9nS0VJQ0FnSURqdnB1ZXFBRRAB,-1,-1
ChZDSUhNMG9nS0VJQ0FnSURUNk5yZ1lREAE_01,ChZDSUhNMG9nS0VJQ0FnSURUNk5yZ1lREAE,-1,-1
ChZDSUhNMG9nS0VJQ0FnSURUNk5yZ1lREAE_02,ChZDSUhNMG9nS0VJQ0FnSURUNk5yZ1lREAE,22,17
ChZDSUhNMG9nS0VJQ0FnSURUNk5yZ1lREAE_03,ChZDSUhNMG9nS0VJQ0FnSURUNk5yZ1lREAE,0,1
ChZDSUhNMG9nS0VJQ0FnSURUNk5yZ1lREAE_04,ChZDSUhNMG9nS0VJQ0FnSURUNk5yZ1lREAE,1,0
ChdDSUhNMG9nS0VJQ0FnSURUdnVuMzJ3RRAB_01,ChdDSUhNMG9nS0VJQ0FnSURUdnVuMzJ3RRAB,22,17
ChdDSUhNMG9nS0VJQ0FnSUQxeGJ2NHBRRRAB_01,ChdDSUhNMG9nS0VJQ0FnSUQxeGJ2NHBRRRAB,2,-1
ChdDSUhNMG9nS0VJQ0FnSUQxeGJ2NHBRRRAB_02,ChdDSUhNMG9nS0VJQ0FnSUQxeGJ2NHBRRRAB,5,4
ChdDSUhNMG9nS0VJQ0FnSUQ3MWJQMTZBRRAB_01,ChdDSUhNMG9nS0VJQ0FnSUQ3MWJQMTZBRRAB,22,17
ChdDSUhNMG9nS0VJQ0FnSUQ3MWJQMTZBRRAB_02,ChdDSUhNMG9nS0VJQ0FnSUQ3MWJQMTZBRRAB,0,1
ChdDSUhNMG9nS0VJQ0FnSUQ3MWJQMTZBRRAB_03,ChdDSUhNMG9nS0VJQ0FnSUQ3MWJQMTZBRRAB,6,6
ChdDSUhNMG9nS0VJQ0FnSUQ3MWJQMTZBRRAB_04,ChdDSUhNMG9nS0VJQ0FnSUQ3MWJQMTZBRRAB,-1,-1
ChdDSUhNMG9nS0VJQ0FnSUQ3MWJQMTZBRRAB_05,ChdDSUhNMG9nS0VJQ0FnSUQ3MWJQMTZBRRAB,39,38
ChdDSUhNMG9nS0VJQ0FnSURUdTdxbjFnRRAB_01,ChdDSUhNMG9nS0VJQ0FnSURUdTdxbjFnRRAB,22,17
ChdDSUhNMG9nS0VJQ0FnSURUdTdxbjFnRRAB_02,ChdDSUhNMG9nS0VJQ0FnSURUdTdxbjFnRRAB,-1,-1
ChdDSUhNMG9nS0VJQ0FnSURUdTdxbjFnRRAB_03,ChdDSUhNMG9nS0VJQ0FnSURUdTdxbjFnRRAB,22,17
ChdDSUhNMG9nS0VJQ0FnSURUdTdxbjFnRRAB_04,ChdDSUhNMG9nS0VJQ0FnSURUdTdxbjFnRRAB,22,17
ChZDSUhNMG9nS0VJQ0FnSURuc2QtYllnEAE_01,ChZDSUhNMG9nS0VJQ0FnSURuc2QtYllnEAE,0,1
ChZDSUhNMG9nS0VJQ0FnSUNfcE9EdUd3EAE_01,ChZDSUhNMG9nS0VJQ0FnSUNfcE9EdUd3EAE,22,17
ChZDSUhNMG9nS0VJQ0FnSUNfcE9EdUd3EAE_02,ChZDSUhNMG9nS0VJQ0FnSUNfcE9EdUd3EAE,-1,-1
ChZDSUhNMG9nS0VJQ0FnSUNfcE9EdUd3EAE_03,ChZDSUhNMG9nS0VJQ0FnSUNfcE9EdUd3EAE,-1,-1
ChZDSUhNMG9nS0VJQ0FnTUN3MDlfSUx3EAE_01,ChZDSUhNMG9nS0VJQ0FnTUN3MDlfSUx3EAE,17,19
ChZDSUhNMG9nS0VLM2g5T1dxMHI2ZkVnEAE_01,ChZDSUhNMG9nS0VLM2g5T1dxMHI2ZkVnEAE,1,0
ChZDSUhNMG9nS0VLM2g5T1dxMHI2ZkVnEAE_02,ChZDSUhNMG9nS0VLM2g5T1dxMHI2ZkVnEAE,22,17
Ci9DQUlRQUNvZENodHljRjlvT2tWUE0wb3pjbkZtT1RGUlpGSTFSRjlLTjNKUk5FRRAB_01,Ci9DQUlRQUNvZENodHljRjlvT2tWUE0wb3pjbkZtT1RGUlpGSTFSRjlLTjNKUk5FRRAB,14,13
Ci9DQUlRQUNvZENodHljRjlvT2tGWlptWjJSRVZzUTFKVVNuaGZVemxvZEVOMmQzYxAB_01,Ci9DQUlRQUNvZENodHljRjlvT2tGWlptWjJSRVZzUTFKVVNuaGZVemxvZEVOMmQzYxAB,22,17
Ci9DQUlRQUNvZENodHljRjlvT2tGWlptWjJSRVZzUTFKVVNuaGZVemxvZEVOMmQzYxAB_02,Ci9DQUlRQUNvZENodHljRjlvT2tGWlptWjJSRVZzUTFKVVNuaGZVemxvZEVOMmQzYxAB,13,15
Ci9DQUlRQUNvZENodHljRjlvT2xwelZrUTJYM0ozVWxwWFFYUklibkF0T0ZCclgwRRAB_01,Ci9DQUlRQUNvZENodHljRjlvT2xwelZrUTJYM0ozVWxwWFFYUklibkF0T0ZCclgwRRAB,22,17
Ci9DQUlRQUNvZENodHljRjlvT2xwelZrUTJYM0ozVWxwWFFYUklibkF0T0ZCclgwRRAB_02,Ci9DQUlRQUNvZENodHljRjlvT2xwelZrUTJYM0ozVWxwWFFYUklibkF0T0ZCclgwRRAB,-1,-1
Ci9DQUlRQUNvZENodHljRjlvT2kwM2MxaHVXVGx3UmtSeWMxWmZia040UVRFMlFtYxAB_01,Ci9DQUlRQUNvZENodHljRjlvT2kwM2MxaHVXVGx3UmtSeWMxWmZia040UVRFMlFtYxAB,22,17
Ci9DQUlRQUNvZENodHljRjlvT21Vd2VqTmxYMkppVm5GWVJVVktlV0pFTmxOWGVuYxAB_01,Ci9DQUlRQUNvZENodHljRjlvT21Vd2VqTmxYMkppVm5GWVJVVktlV0pFTmxOWGVuYxAB,20,-1
Ci9DQUlRQUNvZENodHljRjlvT21Vd2VqTmxYMkppVm5GWVJVVktlV0pFTmxOWGVuYxAB_02,Ci9DQUlRQUNvZENodHljRjlvT21Vd2VqTmxYMkppVm5GWVJVVktlV0pFTmxOWGVuYxAB,5,4
Ci9DQUlRQUNvZENodHljRjlvT2pSV01DMW9hMjVsVUhsSU5IUmxWV2hoZFZwNFpuYxAB_01,Ci9DQUlRQUNvZENodHljRjlvT2pSV01DMW9hMjVsVUhsSU5IUmxWV2hoZFZwNFpuYxAB,0,1
Ci9DQUlRQUNvZENodHljRjlvT2xwUGVWZHBaa3hvYnpWYVFXbHRPVGczZVhRd01tYxAB_01,Ci9DQUlRQUNvZENodHljRjlvT2xwUGVWZHBaa3hvYnpWYVFXbHRPVGczZVhRd01tYxAB,22,17
ChZDSUhNMG9nS0VJQ0FnSUROanAzMVFREAE_01,ChZDSUhNMG9nS0VJQ0FnSUROanAzMVFREAE,3,-1
ChZDSUhNMG9nS0VJQ0FnSUQyZ0xuWVhnEAE_01,ChZDSUhNMG9nS0VJQ0FnSUQyZ0xuWVhnEAE,7,7
ChZDSUhNMG9nS0VJQ0FnSUQyZ0xuWVhnEAE_02,ChZDSUhNMG9nS0VJQ0FnSUQyZ0xuWVhnEAE,5,-1
ChZDSUhNMG9nS0VJQ0FnSUNEbXZqX1pREAE_01,ChZDSUhNMG9nS0VJQ0FnSUNEbXZqX1pREAE,27,24
ChZDSUhNMG9nS0VJQ0FnSUNEbXZqX1pREAE_02,ChZDSUhNMG9nS0VJQ0FnSUNEbXZqX1pREAE,29,23
ChZDSUhNMG9nS0VJQ0FnSUNEdFptbmZnEAE_01,ChZDSUhNMG9nS0VJQ0FnSUNEdFptbmZnEAE,7,-1
ChZDSUhNMG9nS0VJQ0FnSUNEdFptbmZnEAE_02,ChZDSUhNMG9nS0VJQ0FnSUNEdFptbmZnEAE,8,8
ChdDSUhNMG9nS0VJQ0FnSUREN3ZTQmtnRRAB_01,ChdDSUhNMG9nS0VJQ0FnSUREN3ZTQmtnRRAB,0,-1
ChZDSUhNMG9nS0VJQ0FnSUREbjhmRlVBEAE_01,ChZDSUhNMG9nS0VJQ0FnSUREbjhmRlVBEAE,27,24
ChZDSUhNMG9nS0VJQ0FnSUREbjhmRlVBEAE_02,ChZDSUhNMG9nS0VJQ0FnSUREbjhmRlVBEAE,13,15
ChZDSUhNMG9nS0VJQ0FnSUREbjhmRlVBEAE_03,ChZDSUhNMG9nS0VJQ0FnSUREbjhmRlVBEAE,-1,-1
ChZDSUhNMG9nS0VJQ0FnSUNqMnB2YlpBEAE_01,ChZDSUhNMG9nS0VJQ0FnSUNqMnB2YlpBEAE,-1,-1
ChZDSUhNMG9nS0VJQ0FnSURqdy1qTVFREAE_01,ChZDSUhNMG9nS0VJQ0FnSURqdy1qTVFREAE,3,3
ChZDSUhNMG9nS0VJQ0FnSURqdy1qTVFREAE_02,ChZDSUhNMG9nS0VJQ0FnSURqdy1qTVFREAE,5,-1
ChZDSUhNMG9nS0VJQ0FnSUNUOHZ6YmN3EAE_01,ChZDSUhNMG9nS0VJQ0FnSUNUOHZ6YmN3EAE,26,-1
ChZDSUhNMG9nS0VJQ0FnSUNUOHZ6YmN3EAE_02,ChZDSUhNMG9nS0VJQ0FnSUNUOHZ6YmN3EAE,8,8
ChZDSUhNMG9nS0VJQ0FnSUNUOHZ6YmN3EAE_03,ChZDSUhNMG9nS0VJQ0FnSUNUOHZ6YmN3EAE,10,10
ChZDSUhNMG9nS0VJQ0FnSURUbU1tTExREAE_01,ChZDSUhNMG9nS0VJQ0FnSURUbU1tTExREAE,5,4
ChZDSUhNMG9nS0VJQ0FnSURUbU1tTExREAE_02,ChZDSUhNMG9nS0VJQ0FnSURUbU1tTExREAE,-1,-1
ChZDSUhNMG9nS0VJQ0FnSURUbU1tTExREAE_03,ChZDSUhNMG9nS0VJQ0FnSURUbU1tTExREAE,5,4
ChZDSUhNMG9nS0VJQ0FnSURUbU1tTExREAE_04,ChZDSUhNMG9nS0VJQ0FnSURUbU1tTExREAE,36,-1
ChZDSUhNMG9nS0VJQ0FnSURUbU1tTExREAE_05,ChZDSUhNMG9nS0VJQ0FnSURUbU1tTExREAE,20,18
ChZDSUhNMG9nS0VJQ0FnSURUbU1tTExREAE_06,ChZDSUhNMG9nS0VJQ0FnSURUbU1tTExREAE,1,0
ChZDSUhNMG9nS0VJQ0FnSURUbU1tTExREAE_07,ChZDSUhNMG9nS0VJQ0FnSURUbU1tTExREAE,8,8
ChZDSUhNMG9nS0VJQ0FnSURUbU1tTExREAE_08,ChZDSUhNMG9nS0VJQ0FnSURUbU1tTExREAE,8,8
ChZDSUhNMG9nS0VJQ0FnSURUbU1tTExREAE_09,ChZDSUhNMG9nS0VJQ0FnSURUbU1tTExREAE,-1,-1
ChZDSUhNMG9nS0VJQ0FnSURUbU1tTExREAE_10,ChZDSUhNMG9nS0VJQ0FnSURUbU1tTExREAE,5,-1
ChZDSUhNMG9nS0VJQ0FnSUNiaksyelVREAE_01,ChZDSUhNMG9nS0VJQ0FnSUNiaksyelVREAE,9,9
ChZDSUhNMG9nS0VJQ0FnSUNiaksyelVREAE_02,ChZDSUhNMG9nS0VJQ0FnSUNiaksyelVREAE,5,-1
ChZDSUhNMG9nS0VJQ0FnSUNiaksyelVREAE_03,ChZDSUhNMG9nS0VJQ0FnSUNiaksyelVREAE,7,7
ChZDSUhNMG9nS0VJQ0FnSUNiaksyelVREAE_04,ChZDSUhNMG9nS0VJQ0FnSUNiaksyelVREAE,-1,-1
ChZDSUhNMG9nS0VJQ0FnSUNiakpPLWVBEAE_01,ChZDSUhNMG9nS0VJQ0FnSUNiakpPLWVBEAE,11,-1
ChZDSUhNMG9nS0VJQ0FnSURiMk5XMGZ3EAE_01,ChZDSUhNMG9nS0VJQ0FnSURiMk5XMGZ3EAE,7,-1
ChdDSUhNMG9nS0VJQ0FnSUM3cE9hZ2hnRRAB_01,ChdDSUhNMG9nS0VJQ0FnSUM3cE9hZ2hnRRAB,2,2
ChdDSUhNMG9nS0VJQ0FnSUM3cE9hZ2hnRRAB_02,ChdDSUhNMG9nS0VJQ0FnSUM3cE9hZ2hnRRAB,33,-1
ChdDSUhNMG9nS0VJQ0FnSUM3cE9hZ2hnRRAB_03,ChdDSUhNMG9nS0VJQ0FnSUM3cE9hZ2hnRRAB,5,4
ChdDSUhNMG9nS0VJQ0FnSUM3cE9hZ2hnRRAB_04,ChdDSUhNMG9nS0VJQ0FnSUM3cE9hZ2hnRRAB,1,0
ChdDSUhNMG9nS0VJQ0FnSUM3cE9hZ2hnRRAB_05,ChdDSUhNMG9nS0VJQ0FnSUM3cE9hZ2hnRRAB,0,1
ChdDSUhNMG9nS0VJQ0FnSUM3cE9hZ2hnRRAB_06,ChdDSUhNMG9nS0VJQ0FnSUM3cE9hZ2hnRRAB,5,4
ChdDSUhNMG9nS0VJQ0FnSUQ3dDgyb21nRRAB_01,ChdDSUhNMG9nS0VJQ0FnSUQ3dDgyb21nRRAB,2,2
ChdDSUhNMG9nS0VJQ0FnSUQ3dDgyb21nRRAB_02,ChdDSUhNMG9nS0VJQ0FnSUQ3dDgyb21nRRAB,11,-1
ChdDSUhNMG9nS0VJQ0FnSUNIOG96N3hRRRAB_01,ChdDSUhNMG9nS0VJQ0FnSUNIOG96N3hRRRAB,34,34
ChdDSUhNMG9nS0VJQ0FnSUNIOG96N3hRRRAB_02,ChdDSUhNMG9nS0VJQ0FnSUNIOG96N3hRRRAB,14,13
ChdDSUhNMG9nS0VJQ0FnSUNIOG96N3hRRRAB_03,ChdDSUhNMG9nS0VJQ0FnSUNIOG96N3hRRRAB,1,0
ChdDSUhNMG9nS0VJQ0FnSUNua3JDSXR3RRAB_01,ChdDSUhNMG9nS0VJQ0FnSUNua3JDSXR3RRAB,9,9
ChdDSUhNMG9nS0VJQ0FnSUNua3JDSXR3RRAB_02,ChdDSUhNMG9nS0VJQ0FnSUNua3JDSXR3RRAB,-1,-1
ChdDSUhNMG9nS0VJQ0FnSUNua3JDSXR3RRAB_03,ChdDSUhNMG9nS0VJQ0FnSUNua3JDSXR3RRAB,37,35
ChdDSUhNMG9nS0VJQ0FnSURud0t5TndBRRAB_01,ChdDSUhNMG9nS0VJQ0FnSURud0t5TndBRRAB,3,3
ChZDSUhNMG9nS0VJQ0FnSURuM05uSVNBEAE_01,ChZDSUhNMG9nS0VJQ0FnSURuM05uSVNBEAE,4,5
ChZDSUhNMG9nS0VJQ0FnSURuM05uSVNBEAE_02,ChZDSUhNMG9nS0VJQ0FnSURuM05uSVNBEAE,1,0
ChZDSUhNMG9nS0VJQ0FnSURuM05uSVNBEAE_03,ChZDSUhNMG9nS0VJQ0FnSURuM05uSVNBEAE,2,2
ChZDSUhNMG9nS0VJQ0FnSUMzbV9fMFdREAE_01,ChZDSUhNMG9nS0VJQ0FnSUMzbV9fMFdREAE,4,5
ChZDSUhNMG9nS0VJQ0FnSUMzbV9fMFdREAE_02,ChZDSUhNMG9nS0VJQ0FnSUMzbV9fMFdREAE,5,4
ChZDSUhNMG9nS0VJQ0FnSUMzbV9fMFdREAE_03,ChZDSUhNMG9nS0VJQ0FnSUMzbV9fMFdREAE,-1,-1
ChdDSUhNMG9nS0VJQ0FnSUQzbk92bnVRRRAB_01,ChdDSUhNMG9nS0VJQ0FnSUQzbk92bnVRRRAB,1,0
ChdDSUhNMG9nS0VJQ0FnSUQzbk92bnVRRRAB_02,ChdDSUhNMG9nS0VJQ0FnSUQzbk92bnVRRRAB,4,5
ChZDSUhNMG9nS0VJQ0FnSUN2OV9ucURBEAE_01,ChZDSUhNMG9nS0VJQ0FnSUN2OV9ucURBEAE,3,3
ChZDSUhNMG9nS0VJQ0FnSUN2OV9ucURBEAE_02,ChZDSUhNMG9nS0VJQ0FnSUN2OV9ucURBEAE,-1,-1
ChZDSUhNMG9nS0VJQ0FnSUR2Z3AtUE5BEAE_01,ChZDSUhNMG9nS0VJQ0FnSUR2Z3AtUE5BEAE,9,9
ChZDSUhNMG9nS0VJQ0FnSUR2Z3AtUE5BEAE_02,ChZDSUhNMG9nS0VJQ0FnSUR2Z3AtUE5BEAE,7,7
ChZDSUhNMG9nS0VJQ0FnSUR2Z3AtUE5BEAE_03,ChZDSUhNMG9nS0VJQ0FnSUR2Z3AtUE5BEAE,2,2
ChZDSUhNMG9nS0VJQ0FnSUR2Z3AtUE5BEAE_04,ChZDSUhNMG9nS0VJQ0FnSUR2Z3AtUE5BEAE,-1,-1
ChdDSUhNMG9nS0VJQ0FnTUNnMl9yc3p3RRAB_01,ChdDSUhNMG9nS0VJQ0FnTUNnMl9yc3p3RRAB,13,15
ChdDSUhNMG9nS0VJQ0FnTUNnMl9yc3p3RRAB_02,ChdDSUhNMG9nS0VJQ0FnTUNnMl9yc3p3RRAB,-1,-1
ChZDSUhNMG9nS0VJQ0FnTUNRM01ubVZ3EAE_01,ChZDSUhNMG9nS0VJQ0FnTUNRM01ubVZ3EAE,21,28
ChZDSUhNMG9nS0VJQ0FnTUNRM01ubVZ3EAE_02,ChZDSUhNMG9nS0VJQ0FnTUNRM01ubVZ3EAE,6,6
ChZDSUhNMG9nS0VJQ0FnTUNRM01ubVZ3EAE_03,ChZDSUhNMG9nS0VJQ0FnTUNRM01ubVZ3EAE,6,6
ChZDSUhNMG9nS0VJQ0FnTUR3dEtENkVnEAE_01,ChZDSUhNMG9nS0VJQ0FnTUR3dEtENkVnEAE,7,7
ChZDSUhNMG9nS0VJQ0FnTUNvOFlDYVVREAE_01,ChZDSUhNMG9nS0VJQ0FnTUNvOFlDYVVREAE,1,0
ChZDSUhNMG9nS0VJQ0FnTUNvOFlDYVVREAE_02,ChZDSUhNMG9nS0VJQ0FnTUNvOFlDYVVREAE,4,-1
ChZDSUhNMG9nS0VJQ0FnTUNvOFlDYVVREAE_03,ChZDSUhNMG9nS0VJQ0FnTUNvOFlDYVVREAE,24,33
ChZDSUhNMG9nS0VJQ0FnSUNBOHZtSE1REAE_01,ChZDSUhNMG9nS0VJQ0FnSUNBOHZtSE1REAE,9,9
ChZDSUhNMG9nS0VJQ0FnSUNBOHZtSE1REAE_02,ChZDSUhNMG9nS0VJQ0FnSUNBOHZtSE1REAE,4,-1
ChZDSUhNMG9nS0VJQ0FnSUNBOHZtSE1REAE_03,ChZDSUhNMG9nS0VJQ0FnSUNBOHZtSE1REAE,25,25
ChZDSUhNMG9nS0VJQ0FnSUNBOHZtSE1REAE_04,ChZDSUhNMG9nS0VJQ0FnSUNBOHZtSE1REAE,10,10
ChZDSUhNMG9nS0VJQ0FnSUNBOHZtSE1REAE_05,ChZDSUhNMG9nS0VJQ0FnSUNBOHZtSE1REAE,-1,-1
ChdDSUhNMG9nS0VJQ0FnTUNvclpqWHpnRRAB_01,ChdDSUhNMG9nS0VJQ0FnTUNvclpqWHpnRRAB,12,21
ChdDSUhNMG9nS0VJQ0FnTUNvcy1xMzRnRRAB_01,ChdDSUhNMG9nS0VJQ0FnTUNvcy1xMzRnRRAB,-1,-1
ChdDSUhNMG9nS0VJQ0FnTUNvcy1xMzRnRRAB_02,ChdDSUhNMG9nS0VJQ0FnTUNvcy1xMzRnRRAB,11,12
ChdDSUhNMG9nS0VJQ0FnTUNvcy1xMzRnRRAB_03,ChdDSUhNMG9nS0VJQ0FnTUNvcy1xMzRnRRAB,13,15
ChdDSUhNMG9nS0VJQ0FnTUNvcy1xMzRnRRAB_04,ChdDSUhNMG9nS0VJQ0FnTUNvcy1xMzRnRRAB,1,0
ChdDSUhNMG9nS0VJQ0FnTUNvcy1xMzRnRRAB_05,ChdDSUhNMG9nS0VJQ0FnTUNvcy1xMzRnRRAB,10,10
ChdDSUhNMG9nS0VJQ0FnTUNvcy1xMzRnRRAB_06,ChdDSUhNMG9nS0VJQ0FnTUNvcy1xMzRnRRAB,20,18
ChdDSUhNMG9nS0VJQ0FnTURvb1pmNHVBRRAB_01,ChdDSUhNMG9nS0VJQ0FnTURvb1pmNHVBRRAB,2,2
ChdDSUhNMG9nS0VJQ0FnTURvb1pmNHVBRRAB_02,ChdDSUhNMG9nS0VJQ0FnTURvb1pmNHVBRRAB,4,-1
ChdDSUhNMG9nS0VJQ0FnTURvb1pmNHVBRRAB_03,ChdDSUhNMG9nS0VJQ0FnTURvb1pmNHVBRRAB,20,18
ChdDSUhNMG9nS0VKM0czbzZteXY2a2pnRRAB_01,ChdDSUhNMG9nS0VKM0czbzZteXY2a2pnRRAB,5,4
ChdDSUhNMG9nS0VKM0czbzZteXY2a2pnRRAB_02,ChdDSUhNMG9nS0VKM0czbzZteXY2a2pnRRAB,13,15
Ci9DQUlRQUNvZENodHljRjlvT21wVldHNVZVV2t0YW1Zek4zVlNWVEZXVlU5S09WRRAB_01,Ci9DQUlRQUNvZENodHljRjlvT21wVldHNVZVV2t0YW1Zek4zVlNWVEZXVlU5S09WRRAB,9,9
Ci9DQUlRQUNvZENodHljRjlvT21wVldHNVZVV2t0YW1Zek4zVlNWVEZXVlU5S09WRRAB_02,Ci9DQUlRQUNvZENodHljRjlvT21wVldHNVZVV2t0YW1Zek4zVlNWVEZXVlU5S09WRRAB,4,-1
Ci9DQUlRQUNvZENodHljRjlvT21wVldHNVZVV2t0YW1Zek4zVlNWVEZXVlU5S09WRRAB_03,Ci9DQUlRQUNvZENodHljRjlvT21wVldHNVZVV2t0YW1Zek4zVlNWVEZXVlU5S09WRRAB,11,12
Ci9DQUlRQUNvZENodHljRjlvT21wVldHNVZVV2t0YW1Zek4zVlNWVEZXVlU5S09WRRAB_04,Ci9DQUlRQUNvZENodHljRjlvT21wVldHNVZVV2t0YW1Zek4zVlNWVEZXVlU5S09WRRAB,3,3
Ci9DQUlRQUNvZENodHljRjlvT21wVldHNVZVV2t0YW1Zek4zVlNWVEZXVlU5S09WRRAB_05,Ci9DQUlRQUNvZENodHljRjlvT21wVldHNVZVV2t0YW1Zek4zVlNWVEZXVlU5S09WRRAB,13,15
Ci9DQUlRQUNvZENodHljRjlvT21WSVpuTmFjMmxtTlVwVFN6VTBXVTQyUTNORE9WRRAB_01,Ci9DQUlRQUNvZENodHljRjlvT21WSVpuTmFjMmxtTlVwVFN6VTBXVTQyUTNORE9WRRAB,-1,-1
Ci9DQUlRQUNvZENodHljRjlvT21WSVpuTmFjMmxtTlVwVFN6VTBXVTQyUTNORE9WRRAB_02,Ci9DQUlRQUNvZENodHljRjlvT21WSVpuTmFjMmxtTlVwVFN6VTBXVTQyUTNORE9WRRAB,1,0
Ci9DQUlRQUNvZENodHljRjlvT21WSVpuTmFjMmxtTlVwVFN6VTBXVTQyUTNORE9WRRAB_03,Ci9DQUlRQUNvZENodHljRjlvT21WSVpuTmFjMmxtTlVwVFN6VTBXVTQyUTNORE9WRRAB,10,10
Ci9DQUlRQUNvZENodHljRjlvT2kxelJEUkhOSEZHWkhOelVGOU5jWEZhVEU1Rk9XYxAB_01,Ci9DQUlRQUNvZENodHljRjlvT2kxelJEUkhOSEZHWkhOelVGOU5jWEZhVEU1Rk9XYxAB,2,2
Ci9DQUlRQUNvZENodHljRjlvT2pSa2JXZElVUzEzZG1OU09UVklYMGxRTFU5UVVXYxAB_01,Ci9DQUlRQUNvZENodHljRjlvT2pSa2JXZElVUzEzZG1OU09UVklYMGxRTFU5UVVXYxAB,29,23
Ci9DQUlRQUNvZENodHljRjlvT2pSa2JXZElVUzEzZG1OU09UVklYMGxRTFU5UVVXYxAB_02,Ci9DQUlRQUNvZENodHljRjlvT2pSa2JXZElVUzEzZG1OU09UVklYMGxRTFU5UVVXYxAB,1,0
Ci9DQUlRQUNvZENodHljRjlvT2pSa2JXZElVUzEzZG1OU09UVklYMGxRTFU5UVVXYxAB_03,Ci9DQUlRQUNvZENodHljRjlvT2pSa2JXZElVUzEzZG1OU09UVklYMGxRTFU5UVVXYxAB,-1,-1
Ci9DQUlRQUNvZENodHljRjlvT2pSa2JXZElVUzEzZG1OU09UVklYMGxRTFU5UVVXYxAB_04,Ci9DQUlRQUNvZENodHljRjlvT2pSa2JXZElVUzEzZG1OU09UVklYMGxRTFU5UVVXYxAB,-1,-1
Ci9DQUlRQUNvZENodHljRjlvT2pSa2JXZElVUzEzZG1OU09UVklYMGxRTFU5UVVXYxAB_05,Ci9DQUlRQUNvZENodHljRjlvT2pSa2JXZElVUzEzZG1OU09UVklYMGxRTFU5UVVXYxAB,26,-1
Ci9DQUlRQUNvZENodHljRjlvT2pSa2JXZElVUzEzZG1OU09UVklYMGxRTFU5UVVXYxAB_06,Ci9DQUlRQUNvZENodHljRjlvT2pSa2JXZElVUzEzZG1OU09UVklYMGxRTFU5UVVXYxAB,1,0
Ci9DQUlRQUNvZENodHljRjlvT2pSa2JXZElVUzEzZG1OU09UVklYMGxRTFU5UVVXYxAB_07,Ci9DQUlRQUNvZENodHljRjlvT2pSa2JXZElVUzEzZG1OU09UVklYMGxRTFU5UVVXYxAB,2,2
Ci9DQUlRQUNvZENodHljRjlvT2pSa2JXZElVUzEzZG1OU09UVklYMGxRTFU5UVVXYxAB_08,Ci9DQUlRQUNvZENodHljRjlvT2pSa2JXZElVUzEzZG1OU09UVklYMGxRTFU5UVVXYxAB,24,-1
Ci9DQUlRQUNvZENodHljRjlvT2pSa2JXZElVUzEzZG1OU09UVklYMGxRTFU5UVVXYxAB_09,Ci9DQUlRQUNvZENodHljRjlvT2pSa2JXZElVUzEzZG1OU09UVklYMGxRTFU5UVVXYxAB,29,23
Ci9DQUlRQUNvZENodHljRjlvT2pSa2JXZElVUzEzZG1OU09UVklYMGxRTFU5UVVXYxAB_10,Ci9DQUlRQUNvZENodHljRjlvT2pSa2JXZElVUzEzZG1OU09UVklYMGxRTFU5UVVXYxAB,37,35
Ci9DQUlRQUNvZENodHljRjlvT2s5dWFWbFhTVVJWZURJMGRHVlNNVWN3WVhWc1pGRRAB_01,Ci9DQUlRQUNvZENodHljRjlvT2s5dWFWbFhTVVJWZURJMGRHVlNNVWN3WVhWc1pGRRAB,3,3
Ci9DQUlRQUNvZENodHljRjlvT2s5dWFWbFhTVVJWZURJMGRHVlNNVWN3WVhWc1pGRRAB_02,Ci9DQUlRQUNvZENodHljRjlvT2s5dWFWbFhTVVJWZURJMGRHVlNNVWN3WVhWc1pGRRAB,-1,-1
Ci9DQUlRQUNvZENodHljRjlvT214UlpXbG1jbXBaYWtKM1gyOXViQzFJTTFkWU1IYxAB_01,Ci9DQUlRQUNvZENodHljRjlvT214UlpXbG1jbXBaYWtKM1gyOXViQzFJTTFkWU1IYxAB,20,18
Ci9DQUlRQUNvZENodHljRjlvT214UlpXbG1jbXBaYWtKM1gyOXViQzFJTTFkWU1IYxAB_02,Ci9DQUlRQUNvZENodHljRjlvT214UlpXbG1jbXBaYWtKM1gyOXViQzFJTTFkWU1IYxAB,37,35
ChdDSUhNMG9nS0VJQ0FnSURIM2N1TG9RRRAB_01,ChdDSUhNMG9nS0VJQ0FnSURIM2N1TG9RRRAB,7,7
Ci9DQUlRQUNvZENodHljRjlvT2xObFZFNDBRVXBDTVdRM2VGOXNZVFpYTlZWQ2VIYxAB_01,Ci9DQUlRQUNvZENodHljRjlvT2xObFZFNDBRVXBDTVdRM2VGOXNZVFpYTlZWQ2VIYxAB,9,9
Ci9DQUlRQUNvZENodHljRjlvT2xObFZFNDBRVXBDTVdRM2VGOXNZVFpYTlZWQ2VIYxAB_02,Ci9DQUlRQUNvZENodHljRjlvT2xObFZFNDBRVXBDTVdRM2VGOXNZVFpYTlZWQ2VIYxAB,8,8
Ci9DQUlRQUNvZENodHljRjlvT2tacWJHNXFiaTB4TFhWdFExbFZPR2RsZEZSVVZVRRAB_01,Ci9DQUlRQUNvZENodHljRjlvT2tacWJHNXFiaTB4TFhWdFExbFZPR2RsZEZSVVZVRRAB,-1,-1
Ci9DQUlRQUNvZENodHljRjlvT2tacWJHNXFiaTB4TFhWdFExbFZPR2RsZEZSVVZVRRAB_02,Ci9DQUlRQUNvZENodHljRjlvT2tacWJHNXFiaTB4TFhWdFExbFZPR2RsZEZSVVZVRRAB,3,3
Ci9DQUlRQUNvZENodHljRjlvT2tacWJHNXFiaTB4TFhWdFExbFZPR2RsZEZSVVZVRRAB_03,Ci9DQUlRQUNvZENodHljRjlvT2tacWJHNXFiaTB4TFhWdFExbFZPR2RsZEZSVVZVRRAB,16,14
Ci9DQUlRQUNvZENodHljRjlvT2tacWJHNXFiaTB4TFhWdFExbFZPR2RsZEZSVVZVRRAB_04,Ci9DQUlRQUNvZENodHljRjlvT2tacWJHNXFiaTB4TFhWdFExbFZPR2RsZEZSVVZVRRAB,-1,-1
Ci9DQUlRQUNvZENodHljRjlvT2tacWJHNXFiaTB4TFhWdFExbFZPR2RsZEZSVVZVRRAB_05,Ci9DQUlRQUNvZENodHljRjlvT2tacWJHNXFiaTB4TFhWdFExbFZPR2RsZEZSVVZVRRAB,31,27
Ci9DQUlRQUNvZENodHljRjlvT21WVWJtRnlWbk5sWjJwcE1WZGZTV1YwUVRCcWIxRRAB_01,Ci9DQUlRQUNvZENodHljRjlvT21WVWJtRnlWbk5sWjJwcE1WZGZTV1YwUVRCcWIxRRAB,7,7
Ci9DQUlRQUNvZENodHljRjlvT25WSmIydDFWQzB5V0VGYUxVaGtVMGR0U25kMVIyYxAB_01,Ci9DQUlRQUNvZENodHljRjlvT25WSmIydDFWQzB5V0VGYUxVaGtVMGR0U25kMVIyYxAB,11,12
Ci9DQUlRQUNvZENodHljRjlvT25WSmIydDFWQzB5V0VGYUxVaGtVMGR0U25kMVIyYxAB_02,Ci9DQUlRQUNvZENodHljRjlvT25WSmIydDFWQzB5V0VGYUxVaGtVMGR0U25kMVIyYxAB,-1,-1
Ci9DQUlRQUNvZENodHljRjlvT2poRFRGbGphR1o2VUhaRldGaGtWVEpSU0doWmMzYxAB_01,Ci9DQUlRQUNvZENodHljRjlvT2poRFRGbGphR1o2VUhaRldGaGtWVEpSU0doWmMzYxAB,7,7
Ci9DQUlRQUNvZENodHljRjlvT2pGTmNqVmFSR05mTjJvME1GTXlZM1YwY21OWmJtYxAB_01,Ci9DQUlRQUNvZENodHljRjlvT2pGTmNqVmFSR05mTjJvME1GTXlZM1YwY21OWmJtYxAB,12,21
Ci9DQUlRQUNvZENodHljRjlvT2pGTmNqVmFSR05mTjJvME1GTXlZM1YwY21OWmJtYxAB_02,Ci9DQUlRQUNvZENodHljRjlvT2pGTmNqVmFSR05mTjJvME1GTXlZM1YwY21OWmJtYxAB,-1,-1
Ci9DQUlRQUNvZENodHljRjlvT2pGTmNqVmFSR05mTjJvME1GTXlZM1YwY21OWmJtYxAB_03,Ci9DQUlRQUNvZENodHljRjlvT2pGTmNqVmFSR05mTjJvME1GTXlZM1YwY21OWmJtYxAB,10,10
Ci9DQUlRQUNvZENodHljRjlvT2pGTmNqVmFSR05mTjJvME1GTXlZM1YwY21OWmJtYxAB_04,Ci9DQUlRQUNvZENodHljRjlvT2pGTmNqVmFSR05mTjJvME1GTXlZM1YwY21OWmJtYxAB,-1,-1
Ci9DQUlRQUNvZENodHljRjlvT2tSNlZWSkJNVVprVjJOS1pHTk9ORlJNWVdwb1VFRRAB_01,Ci9DQUlRQUNvZENodHljRjlvT2tSNlZWSkJNVVprVjJOS1pHTk9ORlJNWVdwb1VFRRAB,9,9
Ci9DQUlRQUNvZENodHljRjlvT2tSNlZWSkJNVVprVjJOS1pHTk9ORlJNWVdwb1VFRRAB_02,Ci9DQUlRQUNvZENodHljRjlvT2tSNlZWSkJNVVprVjJOS1pHTk9ORlJNWVdwb1VFRRAB,8,8
Ci9DQUlRQUNvZENodHljRjlvT21ka1NrVkpSMlJHZEhGVFNHdFpjRTgwU25KbGJYYxAB_01,Ci9DQUlRQUNvZENodHljRjlvT21ka1NrVkpSMlJHZEhGVFNHdFpjRTgwU25KbGJYYxAB,9,-1
Ci9DQUlRQUNvZENodHljRjlvT25OSVlsSm5WM3ByUlhSb2FYTk5ha2hwVjFaelNFRRAB_01,Ci9DQUlRQUNvZENodHljRjlvT25OSVlsSm5WM3ByUlhSb2FYTk5ha2hwVjFaelNFRRAB,21,-1
Ci9DQUlRQUNvZENodHljRjlvT2xwNWVHOVZlV2t3TFY5RmRrMTJTbmxrVEZoNFNVRRAB_01,Ci9DQUlRQUNvZENodHljRjlvT2xwNWVHOVZlV2t3TFY5RmRrMTJTbmxrVEZoNFNVRRAB,2,2
Ci9DQUlRQUNvZENodHljRjlvT2xnNWIyOHRRbnByUjJsdlF6SmxTV3RaTUdwV1JrRRAB_01,Ci9DQUlRQUNvZENodHljRjlvT2xnNWIyOHRRbnByUjJsdlF6SmxTV3RaTUdwV1JrRRAB,6,6
Ci9DQUlRQUNvZENodHljRjlvT2xnNWIyOHRRbnByUjJsdlF6SmxTV3RaTUdwV1JrRRAB_02,Ci9DQUlRQUNvZENodHljRjlvT2xnNWIyOHRRbnByUjJsdlF6SmxTV3RaTUdwV1JrRRAB,6,-1
Ci9DQUlRQUNvZENodHljRjlvT2s5blEwcDRWbTFIWTB4alpteElTeko2Ukd4aExYYxAB_01,Ci9DQUlRQUNvZENodHljRjlvT2s5blEwcDRWbTFIWTB4alpteElTeko2Ukd4aExYYxAB,3,3
Ci9DQUlRQUNvZENodHljRjlvT2s5blEwcDRWbTFIWTB4alpteElTeko2Ukd4aExYYxAB_02,Ci9DQUlRQUNvZENodHljRjlvT2s5blEwcDRWbTFIWTB4alpteElTeko2Ukd4aExYYxAB,32,32
Ci9DQUlRQUNvZENodHljRjlvT2sxbVRtdEdiVUpyVlhjNVJqaHhkV0kwYkVWblFYYxAB_01,Ci9DQUlRQUNvZENodHljRjlvT2sxbVRtdEdiVUpyVlhjNVJqaHhkV0kwYkVWblFYYxAB,4,5
Ci9DQUlRQUNvZENodHljRjlvT2sxbVRtdEdiVUpyVlhjNVJqaHhkV0kwYkVWblFYYxAB_02,Ci9DQUlRQUNvZENodHljRjlvT2sxbVRtdEdiVUpyVlhjNVJqaHhkV0kwYkVWblFYYxAB,6,6
Ci9DQUlRQUNvZENodHljRjlvT2pBd1JuZHhTbFZOUkZWdVlteG5kSGxpYVhGalNrRRAB_01,Ci9DQUlRQUNvZENodHljRjlvT2pBd1JuZHhTbFZOUkZWdVlteG5kSGxpYVhGalNrRRAB,7,-1
Ci9DQUlRQUNvZENodHljRjlvT2xaNFJUSTJjSFI0UVZoWk9XcFRaMDFYUVRGRFJuYxAB_01,Ci9DQUlRQUNvZENodHljRjlvT2xaNFJUSTJjSFI0UVZoWk9XcFRaMDFYUVRGRFJuYxAB,9,9
Ci9DQUlRQUNvZENodHljRjlvT2xaNFJUSTJjSFI0UVZoWk9XcFRaMDFYUVRGRFJuYxAB_02,Ci9DQUlRQUNvZENodHljRjlvT2xaNFJUSTJjSFI0UVZoWk9XcFRaMDFYUVRGRFJuYxAB,10,10
Ci9DQUlRQUNvZENodHljRjlvT2xaNFJUSTJjSFI0UVZoWk9XcFRaMDFYUVRGRFJuYxAB_03,Ci9DQUlRQUNvZENodHljRjlvT2xaNFJUSTJjSFI0UVZoWk9XcFRaMDFYUVRGRFJuYxAB,10,10
Ci9DQUlRQUNvZENodHljRjlvT2xaNFJUSTJjSFI0UVZoWk9XcFRaMDFYUVRGRFJuYxAB_04,Ci9DQUlRQUNvZENodHljRjlvT2xaNFJUSTJjSFI0UVZoWk9XcFRaMDFYUVRGRFJuYxAB,20,18
Ci9DQUlRQUNvZENodHljRjlvT2xaNFJUSTJjSFI0UVZoWk9XcFRaMDFYUVRGRFJuYxAB_05,Ci9DQUlRQUNvZENodHljRjlvT2xaNFJUSTJjSFI0UVZoWk9XcFRaMDFYUVRGRFJuYxAB,36,37
Ci9DQUlRQUNvZENodHljRjlvT25GWWVISkpYMVZvTW1SUFgwMUtOVWt0WVdOcU5uYxAB_01,Ci9DQUlRQUNvZENodHljRjlvT25GWWVISkpYMVZvTW1SUFgwMUtOVWt0WVdOcU5uYxAB,12,21
Ci9DQUlRQUNvZENodHljRjlvT25GWWVISkpYMVZvTW1SUFgwMUtOVWt0WVdOcU5uYxAB_02,Ci9DQUlRQUNvZENodHljRjlvT25GWWVISkpYMVZvTW1SUFgwMUtOVWt0WVdOcU5uYxAB,3,3
Ci9DQUlRQUNvZENodHljRjlvT25GWWVISkpYMVZvTW1SUFgwMUtOVWt0WVdOcU5uYxAB_03,Ci9DQUlRQUNvZENodHljRjlvT25GWWVISkpYMVZvTW1SUFgwMUtOVWt0WVdOcU5uYxAB,1,0
Ci9DQUlRQUNvZENodHljRjlvT25GWWVISkpYMVZvTW1SUFgwMUtOVWt0WVdOcU5uYxAB_04,Ci9DQUlRQUNvZENodHljRjlvT25GWWVISkpYMVZvTW1SUFgwMUtOVWt0WVdOcU5uYxAB,27,24
Ci9DQUlRQUNvZENodHljRjlvT25KSWMxaFlhakZVZGtoMVYzZHdOV1kwWTJkRk1GRRAB_01,Ci9DQUlRQUNvZENodHljRjlvT25KSWMxaFlhakZVZGtoMVYzZHdOV1kwWTJkRk1GRRAB,33,-1
Ci9DQUlRQUNvZENodHljRjlvT25KSWMxaFlhakZVZGtoMVYzZHdOV1kwWTJkRk1GRRAB_02,Ci9DQUlRQUNvZENodHljRjlvT25KSWMxaFlhakZVZGtoMVYzZHdOV1kwWTJkRk1GRRAB,7,7
Ci9DQUlRQUNvZENodHljRjlvT25KSWMxaFlhakZVZGtoMVYzZHdOV1kwWTJkRk1GRRAB_03,Ci9DQUlRQUNvZENodHljRjlvT25KSWMxaFlhakZVZGtoMVYzZHdOV1kwWTJkRk1GRRAB,2,2
Ci9DQUlRQUNvZENodHljRjlvT2xGcmFXZ3RjazlRZFdkb2NrRldibVJCV25KWlExRRAB_01,Ci9DQUlRQUNvZENodHljRjlvT2xGcmFXZ3RjazlRZFdkb2NrRldibVJCV25KWlExRRAB,12,30
Ci9DQUlRQUNvZENodHljRjlvT2xGcmFXZ3RjazlRZFdkb2NrRldibVJCV25KWlExRRAB_02,Ci9DQUlRQUNvZENodHljRjlvT2xGcmFXZ3RjazlRZFdkb2NrRldibVJCV25KWlExRRAB,33,39
Ci9DQUlRQUNvZENodHljRjlvT2xGcmFXZ3RjazlRZFdkb2NrRldibVJCV25KWlExRRAB_03,Ci9DQUlRQUNvZENodHljRjlvT2xGcmFXZ3RjazlRZFdkb2NrRldibVJCV25KWlExRRAB,13,15
Ci9DQUlRQUNvZENodHljRjlvT25wd1RIRnpkbXhEYnpkNFlucGZORVU0V21oelZWRRAB_01,Ci9DQUlRQUNvZENodHljRjlvT25wd1RIRnpkbXhEYnpkNFlucGZORVU0V21oelZWRRAB,2,2
Ci9DQUlRQUNvZENodHljRjlvT25wd1RIRnpkbXhEYnpkNFlucGZORVU0V21oelZWRRAB_02,Ci9DQUlRQUNvZENodHljRjlvT25wd1RIRnpkbXhEYnpkNFlucGZORVU0V21oelZWRRAB,5,-1
Ci9DQUlRQUNvZENodHljRjlvT25wd1RIRnpkbXhEYnpkNFlucGZORVU0V21oelZWRRAB_03,Ci9DQUlRQUNvZENodHljRjlvT25wd1RIRnpkbXhEYnpkNFlucGZORVU0V21oelZWRRAB,33,-1
Ci9DQUlRQUNvZENodHljRjlvT25jemJ6bFVNR1kyTFdWSkxWQldXRGxQVlRCek5uYxAB_01,Ci9DQUlRQUNvZENodHljRjlvT25jemJ6bFVNR1kyTFdWSkxWQldXRGxQVlRCek5uYxAB,2,2
Ci9DQUlRQUNvZENodHljRjlvT25jemJ6bFVNR1kyTFdWSkxWQldXRGxQVlRCek5uYxAB_02,Ci9DQUlRQUNvZENodHljRjlvT25jemJ6bFVNR1kyTFdWSkxWQldXRGxQVlRCek5uYxAB,19,16
Ci9DQUlRQUNvZENodHljRjlvT25jemJ6bFVNR1kyTFdWSkxWQldXRGxQVlRCek5uYxAB_03,Ci9DQUlRQUNvZENodHljRjlvT25jemJ6bFVNR1kyTFdWSkxWQldXRGxQVlRCek5uYxAB,4,5
Ci9DQUlRQUNvZENodHljRjlvT2tKZmJtcEJhRUV3U3pkVVpsbGxTMUF3Y3pNdGIyYxAB_01,Ci9DQUlRQUNvZENodHljRjlvT2tKZmJtcEJhRUV3U3pkVVpsbGxTMUF3Y3pNdGIyYxAB,12,30
Ci9DQUlRQUNvZENodHljRjlvT2tKZmJtcEJhRUV3U3pkVVpsbGxTMUF3Y3pNdGIyYxAB_02,Ci9DQUlRQUNvZENodHljRjlvT2tKZmJtcEJhRUV3U3pkVVpsbGxTMUF3Y3pNdGIyYxAB,4,5
Ci9DQUlRQUNvZENodHljRjlvT2tKZmJtcEJhRUV3U3pkVVpsbGxTMUF3Y3pNdGIyYxAB_03,Ci9DQUlRQUNvZENodHljRjlvT2tKZmJtcEJhRUV3U3pkVVpsbGxTMUF3Y3pNdGIyYxAB,18,20
Ci9DQUlRQUNvZENodHljRjlvT2tKZmJtcEJhRUV3U3pkVVpsbGxTMUF3Y3pNdGIyYxAB_04,Ci9DQUlRQUNvZENodHljRjlvT2tKZmJtcEJhRUV3U3pkVVpsbGxTMUF3Y3pNdGIyYxAB,23,31
Ci9DQUlRQUNvZENodHljRjlvT2tKZmJtcEJhRUV3U3pkVVpsbGxTMUF3Y3pNdGIyYxAB_05,Ci9DQUlRQUNvZENodHljRjlvT2tKZmJtcEJhRUV3U3pkVVpsbGxTMUF3Y3pNdGIyYxAB,40,41
Ci9DQUlRQUNvZENodHljRjlvT2t4cWNHSjBPSFUxTlZVd1lrdzNWelZXTUZaa2VuYxAB_01,Ci9DQUlRQUNvZENodHljRjlvT2t4cWNHSjBPSFUxTlZVd1lrdzNWelZXTUZaa2VuYxAB,2,-1
Ci9DQUlRQUNvZENodHljRjlvT2t4cWNHSjBPSFUxTlZVd1lrdzNWelZXTUZaa2VuYxAB_02,Ci9DQUlRQUNvZENodHljRjlvT2t4cWNHSjBPSFUxTlZVd1lrdzNWelZXTUZaa2VuYxAB,19,16
Ci9DQUlRQUNvZENodHljRjlvT2t4cWNHSjBPSFUxTlZVd1lrdzNWelZXTUZaa2VuYxAB_03,Ci9DQUlRQUNvZENodHljRjlvT2t4cWNHSjBPSFUxTlZVd1lrdzNWelZXTUZaa2VuYxAB,3,3
Ci9DQUlRQUNvZENodHljRjlvT2t4cWNHSjBPSFUxTlZVd1lrdzNWelZXTUZaa2VuYxAB_04,Ci9DQUlRQUNvZENodHljRjlvT2t4cWNHSjBPSFUxTlZVd1lrdzNWelZXTUZaa2VuYxAB,31,27
Ci9DQUlRQUNvZENodHljRjlvT2todU5rRlNlWFJRVFMxa2FVZGhiemhIVG5wMlJWRRAB_01,Ci9DQUlRQUNvZENodHljRjlvT2todU5rRlNlWFJRVFMxa2FVZGhiemhIVG5wMlJWRRAB,3,3
Ci9DQUlRQUNvZENodHljRjlvT25SSVgxSmFZM04zUlc1SVJ6RlZMVzlwWHpsUVdrRRAB_01,Ci9DQUlRQUNvZENodHljRjlvT25SSVgxSmFZM04zUlc1SVJ6RlZMVzlwWHpsUVdrRRAB,-1,-1
Ci9DQUlRQUNvZENodHljRjlvT25SSVgxSmFZM04zUlc1SVJ6RlZMVzlwWHpsUVdrRRAB_02,Ci9DQUlRQUNvZENodHljRjlvT25SSVgxSmFZM04zUlc1SVJ6RlZMVzlwWHpsUVdrRRAB,1,0
Ci9DQUlRQUNvZENodHljRjlvT25SSVgxSmFZM04zUlc1SVJ6RlZMVzlwWHpsUVdrRRAB_03,Ci9DQUlRQUNvZENodHljRjlvT25SSVgxSmFZM04zUlc1SVJ6RlZMVzlwWHpsUVdrRRAB,26,-1
Ci9DQUlRQUNvZENodHljRjlvT25SSVgxSmFZM04zUlc1SVJ6RlZMVzlwWHpsUVdrRRAB_04,Ci9DQUlRQUNvZENodHljRjlvT25SSVgxSmFZM04zUlc1SVJ6RlZMVzlwWHpsUVdrRRAB,1,0
Ci9DQUlRQUNvZENodHljRjlvT25SSVgxSmFZM04zUlc1SVJ6RlZMVzlwWHpsUVdrRRAB_05,Ci9DQUlRQUNvZENodHljRjlvT25SSVgxSmFZM04zUlc1SVJ6RlZMVzlwWHpsUVdrRRAB,-1,-1
Ci9DQUlRQUNvZENodHljRjlvT2padGNFTlBWRGxHZEhkRVIweENWa1JZU21zekxWRRAB_01,Ci9DQUlRQUNvZENodHljRjlvT2padGNFTlBWRGxHZEhkRVIweENWa1JZU21zekxWRRAB,3,3
Ci9DQUlRQUNvZENodHljRjlvT2padGNFTlBWRGxHZEhkRVIweENWa1JZU21zekxWRRAB_02,Ci9DQUlRQUNvZENodHljRjlvT2padGNFTlBWRGxHZEhkRVIweENWa1JZU21zekxWRRAB,22,17
Ci9DQUlRQUNvZENodHljRjlvT2t4S2QwTnNWMHBMYmtGdE1FOU1lVkZPTjIxWk5IYxAB_01,Ci9DQUlRQUNvZENodHljRjlvT2t4S2QwTnNWMHBMYmtGdE1FOU1lVkZPTjIxWk5IYxAB,12,30
Ci9DQUlRQUNvZENodHljRjlvT2t4S2QwTnNWMHBMYmtGdE1FOU1lVkZPTjIxWk5IYxAB_02,Ci9DQUlRQUNvZENodHljRjlvT2t4S2QwTnNWMHBMYmtGdE1FOU1lVkZPTjIxWk5IYxAB,-1,-1
Ci9DQUlRQUNvZENodHljRjlvT2t4S2QwTnNWMHBMYmtGdE1FOU1lVkZPTjIxWk5IYxAB_03,Ci9DQUlRQUNvZENodHljRjlvT2t4S2QwTnNWMHBMYmtGdE1FOU1lVkZPTjIxWk5IYxAB,4,5
Ci9DQUlRQUNvZENodHljRjlvT25GdlVWSmlSRlZCVGpRd1JsUktTV2hhWTJ0aFEyYxAB_01,Ci9DQUlRQUNvZENodHljRjlvT25GdlVWSmlSRlZCVGpRd1JsUktTV2hhWTJ0aFEyYxAB,2,2
Ci9DQUlRQUNvZENodHljRjlvT25GdlVWSmlSRlZCVGpRd1JsUktTV2hhWTJ0aFEyYxAB_02,Ci9DQUlRQUNvZENodHljRjlvT25GdlVWSmlSRlZCVGpRd1JsUktTV2hhWTJ0aFEyYxAB,-1,-1
Ci9DQUlRQUNvZENodHljRjlvT25GdlVWSmlSRlZCVGpRd1JsUktTV2hhWTJ0aFEyYxAB_03,Ci9DQUlRQUNvZENodHljRjlvT25GdlVWSmlSRlZCVGpRd1JsUktTV2hhWTJ0aFEyYxAB,-1,-1
Ci9DQUlRQUNvZENodHljRjlvT25GdlVWSmlSRlZCVGpRd1JsUktTV2hhWTJ0aFEyYxAB_04,Ci9DQUlRQUNvZENodHljRjlvT25GdlVWSmlSRlZCVGpRd1JsUktTV2hhWTJ0aFEyYxAB,4,5
Ci9DQUlRQUNvZENodHljRjlvT2sxRWQzZFhTMUJuU0hObWFGQTNiVlJZUjNKRGNuYxAB_01,Ci9DQUlRQUNvZENodHljRjlvT2sxRWQzZFhTMUJuU0hObWFGQTNiVlJZUjNKRGNuYxAB,19,16
Ci9DQUlRQUNvZENodHljRjlvT2sxRWQzZFhTMUJuU0hObWFGQTNiVlJZUjNKRGNuYxAB_02,Ci9DQUlRQUNvZENodHljRjlvT2sxRWQzZFhTMUJuU0hObWFGQTNiVlJZUjNKRGNuYxAB,9,9
Ci9DQUlRQUNvZENodHljRjlvT2sxRWQzZFhTMUJuU0hObWFGQTNiVlJZUjNKRGNuYxAB_03,Ci9DQUlRQUNvZENodHljRjlvT2sxRWQzZFhTMUJuU0hObWFGQTNiVlJZUjNKRGNuYxAB,-1,-1
Ci9DQUlRQUNvZENodHljRjlvT2sxRWQzZFhTMUJuU0hObWFGQTNiVlJZUjNKRGNuYxAB_04,Ci9DQUlRQUNvZENodHljRjlvT2sxRWQzZFhTMUJuU0hObWFGQTNiVlJZUjNKRGNuYxAB,16,14
Ci9DQUlRQUNvZENodHljRjlvT2sxRWQzZFhTMUJuU0hObWFGQTNiVlJZUjNKRGNuYxAB_05,Ci9DQUlRQUNvZENodHljRjlvT2sxRWQzZFhTMUJuU0hObWFGQTNiVlJZUjNKRGNuYxAB,12,30
Ci9DQUlRQUNvZENodHljRjlvT2xvNVMwUkpVRFpSVVhCUFMySTBOM1pTY2xSNVpVRRAB_01,Ci9DQUlRQUNvZENodHljRjlvT2xvNVMwUkpVRFpSVVhCUFMySTBOM1pTY2xSNVpVRRAB,12,30
Ci9DQUlRQUNvZENodHljRjlvT2xvNVMwUkpVRFpSVVhCUFMySTBOM1pTY2xSNVpVRRAB_02,Ci9DQUlRQUNvZENodHljRjlvT2xvNVMwUkpVRFpSVVhCUFMySTBOM1pTY2xSNVpVRRAB,11,12
Ci9DQUlRQUNvZENodHljRjlvT25KUmJWZHRTSFJqUTNVeVFWRmpSbkJsU1c0d2FWRRAB_01,Ci9DQUlRQUNvZENodHljRjlvT25KUmJWZHRTSFJqUTNVeVFWRmpSbkJsU1c0d2FWRRAB,7,7
Ci9DQUlRQUNvZENodHljRjlvT2psNllYQlhTR1JOU0VOWmREbEVUa0l5ZFRWNk0yYxAB_01,Ci9DQUlRQUNvZENodHljRjlvT2psNllYQlhTR1JOU0VOWmREbEVUa0l5ZFRWNk0yYxAB,12,30
Ci9DQUlRQUNvZENodHljRjlvT2psNllYQlhTR1JOU0VOWmREbEVUa0l5ZFRWNk0yYxAB_02,Ci9DQUlRQUNvZENodHljRjlvT2psNllYQlhTR1JOU0VOWmREbEVUa0l5ZFRWNk0yYxAB,7,7
Ci9DQUlRQUNvZENodHljRjlvT2psNllYQlhTR1JOU0VOWmREbEVUa0l5ZFRWNk0yYxAB_03,Ci9DQUlRQUNvZENodHljRjlvT2psNllYQlhTR1JOU0VOWmREbEVUa0l5ZFRWNk0yYxAB,2,2
Ci9DQUlRQUNvZENodHljRjlvT2psNllYQlhTR1JOU0VOWmREbEVUa0l5ZFRWNk0yYxAB_04,Ci9DQUlRQUNvZENodHljRjlvT2psNllYQlhTR1JOU0VOWmREbEVUa0l5ZFRWNk0yYxAB,33,39
Ci9DQUlRQUNvZENodHljRjlvT2psNllYQlhTR1JOU0VOWmREbEVUa0l5ZFRWNk0yYxAB_05,Ci9DQUlRQUNvZENodHljRjlvT2psNllYQlhTR1JOU0VOWmREbEVUa0l5ZFRWNk0yYxAB,5,-1
Ci9DQUlRQUNvZENodHljRjlvT25ZNGR6aGpPRFY1V1V0VGFUSk9YMVpCY2t4VlpHYxAB_01,Ci9DQUlRQUNvZENodHljRjlvT25ZNGR6aGpPRFY1V1V0VGFUSk9YMVpCY2t4VlpHYxAB,9,9
Ci9DQUlRQUNvZENodHljRjlvT25aTFMxVnBSM2xVTTFsT1prOTBPV2hpVTJoVmNYYxAB_01,Ci9DQUlRQUNvZENodHljRjlvT25aTFMxVnBSM2xVTTFsT1prOTBPV2hpVTJoVmNYYxAB,9,9
Ci9DQUlRQUNvZENodHljRjlvT25aTFMxVnBSM2xVTTFsT1prOTBPV2hpVTJoVmNYYxAB_02,Ci9DQUlRQUNvZENodHljRjlvT25aTFMxVnBSM2xVTTFsT1prOTBPV2hpVTJoVmNYYxAB,1,0
Ci9DQUlRQUNvZENodHljRjlvT25aTFMxVnBSM2xVTTFsT1prOTBPV2hpVTJoVmNYYxAB_03,Ci9DQUlRQUNvZENodHljRjlvT25aTFMxVnBSM2xVTTFsT1prOTBPV2hpVTJoVmNYYxAB,11,12
Ci9DQUlRQUNvZENodHljRjlvT25aTFMxVnBSM2xVTTFsT1prOTBPV2hpVTJoVmNYYxAB_04,Ci9DQUlRQUNvZENodHljRjlvT25aTFMxVnBSM2xVTTFsT1prOTBPV2hpVTJoVmNYYxAB,24,-1
Ci9DQUlRQUNvZENodHljRjlvT25aTFMxVnBSM2xVTTFsT1prOTBPV2hpVTJoVmNYYxAB_05,Ci9DQUlRQUNvZENodHljRjlvT25aTFMxVnBSM2xVTTFsT1prOTBPV2hpVTJoVmNYYxAB,-1,-1
Ci9DQUlRQUNvZENodHljRjlvT2xVelVFVjNPRzlwVVZkNE9VMW9MVWxQUlc1TU1HYxAB_01,Ci9DQUlRQUNvZENodHljRjlvT2xVelVFVjNPRzlwVVZkNE9VMW9MVWxQUlc1TU1HYxAB,7,7
Ci9DQUlRQUNvZENodHljRjlvT25sUlZsOXZRVUl4Vm5CV1QxZGtWRlpzTlRCbVQzYxAB_01,Ci9DQUlRQUNvZENodHljRjlvT25sUlZsOXZRVUl4Vm5CV1QxZGtWRlpzTlRCbVQzYxAB,4,5
Ci9DQUlRQUNvZENodHljRjlvT25sUlZsOXZRVUl4Vm5CV1QxZGtWRlpzTlRCbVQzYxAB_02,Ci9DQUlRQUNvZENodHljRjlvT25sUlZsOXZRVUl4Vm5CV1QxZGtWRlpzTlRCbVQzYxAB,-1,-1
Ci9DQUlRQUNvZENodHljRjlvT25sUlZsOXZRVUl4Vm5CV1QxZGtWRlpzTlRCbVQzYxAB_03,Ci9DQUlRQUNvZENodHljRjlvT25sUlZsOXZRVUl4Vm5CV1QxZGtWRlpzTlRCbVQzYxAB,1,0
Ci9DQUlRQUNvZENodHljRjlvT25sUlZsOXZRVUl4Vm5CV1QxZGtWRlpzTlRCbVQzYxAB_04,Ci9DQUlRQUNvZENodHljRjlvT25sUlZsOXZRVUl4Vm5CV1QxZGtWRlpzTlRCbVQzYxAB,12,30
Ci9DQUlRQUNvZENodHljRjlvT25sUlZsOXZRVUl4Vm5CV1QxZGtWRlpzTlRCbVQzYxAB_05,Ci9DQUlRQUNvZENodHljRjlvT25sUlZsOXZRVUl4Vm5CV1QxZGtWRlpzTlRCbVQzYxAB,5,-1
Ci9DQUlRQUNvZENodHljRjlvT2xWa2MzbERiSGxsUjJoTU1qRldabTVIUWt0NFIyYxAB_01,Ci9DQUlRQUNvZENodHljRjlvT2xWa2MzbERiSGxsUjJoTU1qRldabTVIUWt0NFIyYxAB,3,3
Ci9DQUlRQUNvZENodHljRjlvT2xWa2MzbERiSGxsUjJoTU1qRldabTVIUWt0NFIyYxAB_02,Ci9DQUlRQUNvZENodHljRjlvT2xWa2MzbERiSGxsUjJoTU1qRldabTVIUWt0NFIyYxAB,-1,-1
Ci9DQUlRQUNvZENodHljRjlvT2xWa2MzbERiSGxsUjJoTU1qRldabTVIUWt0NFIyYxAB_03,Ci9DQUlRQUNvZENodHljRjlvT2xWa2MzbERiSGxsUjJoTU1qRldabTVIUWt0NFIyYxAB,17,19
Ci9DQUlRQUNvZENodHljRjlvT2pOVk4wUkhkMFkxVnpKdlUwSmtObmc1UVVvMldsRRAB_01,Ci9DQUlRQUNvZENodHljRjlvT2pOVk4wUkhkMFkxVnpKdlUwSmtObmc1UVVvMldsRRAB,19,16
Ci9DQUlRQUNvZENodHljRjlvT2pOVk4wUkhkMFkxVnpKdlUwSmtObmc1UVVvMldsRRAB_02,Ci9DQUlRQUNvZENodHljRjlvT2pOVk4wUkhkMFkxVnpKdlUwSmtObmc1UVVvMldsRRAB,7,7
Ci9DQUlRQUNvZENodHljRjlvT2pOVk4wUkhkMFkxVnpKdlUwSmtObmc1UVVvMldsRRAB_03,Ci9DQUlRQUNvZENodHljRjlvT2pOVk4wUkhkMFkxVnpKdlUwSmtObmc1UVVvMldsRRAB,5,-1
Ci9DQUlRQUNvZENodHljRjlvT21Ka2VFeHNTM1ZxWTNSdFJWZzFZbXBaU1U1UVgzYxAB_01,Ci9DQUlRQUNvZENodHljRjlvT21Ka2VFeHNTM1ZxWTNSdFJWZzFZbXBaU1U1UVgzYxAB,3,-1
Ci9DQUlRQUNvZENodHljRjlvT21Ka2VFeHNTM1ZxWTNSdFJWZzFZbXBaU1U1UVgzYxAB_02,Ci9DQUlRQUNvZENodHljRjlvT21Ka2VFeHNTM1ZxWTNSdFJWZzFZbXBaU1U1UVgzYxAB,13,15
Ci9DQUlRQUNvZENodHljRjlvT2tGa1p6ZzRTblJEVXpOSWExWldlRmxVVHkwMlpVRRAB_01,Ci9DQUlRQUNvZENodHljRjlvT2tGa1p6ZzRTblJEVXpOSWExWldlRmxVVHkwMlpVRRAB,8,8
Ci9DQUlRQUNvZENodHljRjlvT2tGa1p6ZzRTblJEVXpOSWExWldlRmxVVHkwMlpVRRAB_02,Ci9DQUlRQUNvZENodHljRjlvT2tGa1p6ZzRTblJEVXpOSWExWldlRmxVVHkwMlpVRRAB,2,2
Ci9DQUlRQUNvZENodHljRjlvT2tGa1p6ZzRTblJEVXpOSWExWldlRmxVVHkwMlpVRRAB_03,Ci9DQUlRQUNvZENodHljRjlvT2tGa1p6ZzRTblJEVXpOSWExWldlRmxVVHkwMlpVRRAB,7,7
Ci9DQUlRQUNvZENodHljRjlvT2tGa1p6ZzRTblJEVXpOSWExWldlRmxVVHkwMlpVRRAB_04,Ci9DQUlRQUNvZENodHljRjlvT2tGa1p6ZzRTblJEVXpOSWExWldlRmxVVHkwMlpVRRAB,2,2
Ci9DQUlRQUNvZENodHljRjlvT2psblJ6aEtaa0YwUkhveFdXeFJWVkkzUlZkWVFVRRAB_01,Ci9DQUlRQUNvZENodHljRjlvT2psblJ6aEtaa0YwUkhveFdXeFJWVkkzUlZkWVFVRRAB,38,40
Ci9DQUlRQUNvZENodHljRjlvT2psblJ6aEtaa0YwUkhveFdXeFJWVkkzUlZkWVFVRRAB_02,Ci9DQUlRQUNvZENodHljRjlvT2psblJ6aEtaa0YwUkhveFdXeFJWVkkzUlZkWVFVRRAB,2,2
Ci9DQUlRQUNvZENodHljRjlvT21saFpXNWZhMkl3UlZaYVRrVjZMVzluTjBWeU1uYxAB_01,Ci9DQUlRQUNvZENodHljRjlvT21saFpXNWZhMkl3UlZaYVRrVjZMVzluTjBWeU1uYxAB,11,12
Ci9DQUlRQUNvZENodHljRjlvT21saFpXNWZhMkl3UlZaYVRrVjZMVzluTjBWeU1uYxAB_02,Ci9DQUlRQUNvZENodHljRjlvT21saFpXNWZhMkl3UlZaYVRrVjZMVzluTjBWeU1uYxAB,24,-1
Ci9DQUlRQUNvZENodHljRjlvT204NVptaGtWSFpwUW1wbVpVWmpXV0pNTldWMGVWRRAB_01,Ci9DQUlRQUNvZENodHljRjlvT204NVptaGtWSFpwUW1wbVpVWmpXV0pNTldWMGVWRRAB,9,9
Ci9DQUlRQUNvZENodHljRjlvT204NVptaGtWSFpwUW1wbVpVWmpXV0pNTldWMGVWRRAB_02,Ci9DQUlRQUNvZENodHljRjlvT204NVptaGtWSFpwUW1wbVpVWmpXV0pNTldWMGVWRRAB,-1,-1
Ci9DQUlRQUNvZENodHljRjlvT204NVptaGtWSFpwUW1wbVpVWmpXV0pNTldWMGVWRRAB_03,Ci9DQUlRQUNvZENodHljRjlvT204NVptaGtWSFpwUW1wbVpVWmpXV0pNTldWMGVWRRAB,9,-1
Ci9DQUlRQUNvZENodHljRjlvT2pKSmN6RkxjWGd5VUdGVVpUSmZRMEpDVW5GVFVrRRAB_01,Ci9DQUlRQUNvZENodHljRjlvT2pKSmN6RkxjWGd5VUdGVVpUSmZRMEpDVW5GVFVrRRAB,9,9
Ci9DQUlRQUNvZENodHljRjlvT2pKSmN6RkxjWGd5VUdGVVpUSmZRMEpDVW5GVFVrRRAB_02,Ci9DQUlRQUNvZENodHljRjlvT2pKSmN6RkxjWGd5VUdGVVpUSmZRMEpDVW5GVFVrRRAB,9,-1
Ci9DQUlRQUNvZENodHljRjlvT2pKSmN6RkxjWGd5VUdGVVpUSmZRMEpDVW5GVFVrRRAB_03,Ci9DQUlRQUNvZENodHljRjlvT2pKSmN6RkxjWGd5VUdGVVpUSmZRMEpDVW5GVFVrRRAB,-1,-1
Ci9DQUlRQUNvZENodHljRjlvT25OWmFsTm9hM2Q2UWxvd1JrdDNNRXBLY1Y5U00yYxAB_01,Ci9DQUlRQUNvZENodHljRjlvT25OWmFsTm9hM2Q2UWxvd1JrdDNNRXBLY1Y5U00yYxAB,11,12
Ci9DQUlRQUNvZENodHljRjlvT21sUFl6TTFTM1V6VVVkT1NrTlZiMlZxZDAxbGExRRAB_01,Ci9DQUlRQUNvZENodHljRjlvT21sUFl6TTFTM1V6VVVkT1NrTlZiMlZxZDAxbGExRRAB,-1,-1
Ci9DQUlRQUNvZENodHljRjlvT21sUFl6TTFTM1V6VVVkT1NrTlZiMlZxZDAxbGExRRAB_02,Ci9DQUlRQUNvZENodHljRjlvT21sUFl6TTFTM1V6VVVkT1NrTlZiMlZxZDAxbGExRRAB,29,23
Ci9DQUlRQUNvZENodHljRjlvT21kcWR6aHZjRmxuYlc5aFpWRjJUR1JDVjJGTGVYYxAB_01,Ci9DQUlRQUNvZENodHljRjlvT21kcWR6aHZjRmxuYlc5aFpWRjJUR1JDVjJGTGVYYxAB,7,7
Ci9DQUlRQUNvZENodHljRjlvT2tGZlN6aHBlRFJaWkZwTGJYUlBTRGhpT1ZoMFVrRRAB_01,Ci9DQUlRQUNvZENodHljRjlvT2tGZlN6aHBlRFJaWkZwTGJYUlBTRGhpT1ZoMFVrRRAB,19,16
Ci9DQUlRQUNvZENodHljRjlvT2tGZlN6aHBlRFJaWkZwTGJYUlBTRGhpT1ZoMFVrRRAB_02,Ci9DQUlRQUNvZENodHljRjlvT2tGZlN6aHBlRFJaWkZwTGJYUlBTRGhpT1ZoMFVrRRAB,1,0
Ci9DQUlRQUNvZENodHljRjlvT2tGZlN6aHBlRFJaWkZwTGJYUlBTRGhpT1ZoMFVrRRAB_03,Ci9DQUlRQUNvZENodHljRjlvT2tGZlN6aHBlRFJaWkZwTGJYUlBTRGhpT1ZoMFVrRRAB,4,5
ChdDSUhNMG9nS0VJQ0FnSUNBa1lpR2xBRRAB_01,ChdDSUhNMG9nS0VJQ0FnSUNBa1lpR2xBRRAB,8,8
ChdDSUhNMG9nS0VJQ0FnSUNBa1lpR2xBRRAB_02,ChdDSUhNMG9nS0VJQ0FnSUNBa1lpR2xBRRAB,1,0
ChdDSUhNMG9nS0VJQ0FnSUNBa1lpR2xBRRAB_03,ChdDSUhNMG9nS0VJQ0FnSUNBa1lpR2xBRRAB,5,4
ChdDSUhNMG9nS0VJQ0FnSUNBa1lpR2xBRRAB_04,ChdDSUhNMG9nS0VJQ0FnSUNBa1lpR2xBRRAB,13,-1
ChdDSUhNMG9nS0VJQ0FnSUNBa1lpR2xBRRAB_05,ChdDSUhNMG9nS0VJQ0FnSUNBa1lpR2xBRRAB,11,-1
ChdDSUhNMG9nS0VJQ0FnSUNBa1lpR2xBRRAB_06,ChdDSUhNMG9nS0VJQ0FnSUNBa1lpR2xBRRAB,5,4
ChdDSUhNMG9nS0VJQ0FnSUNBa1lpR2xBRRAB_07,ChdDSUhNMG9nS0VJQ0FnSUNBa1lpR2xBRRAB,6,6
ChdDSUhNMG9nS0VJQ0FnSUNBa1lpR2xBRRAB_08,ChdDSUhNMG9nS0VJQ0FnSUNBa1lpR2xBRRAB,1,0
ChdDSUhNMG9nS0VJQ0FnSUNBa1lpR2xBRRAB_09,ChdDSUhNMG9nS0VJQ0FnSUNBa1lpR2xBRRAB,4,-1
ChdDSUhNMG9nS0VJQ0FnSUNBa1lpR2xBRRAB_10,ChdDSUhNMG9nS0VJQ0FnSUNBa1lpR2xBRRAB,5,4
ChdDSUhNMG9nS0VJQ0FnSUNBa1lpR2xBRRAB_11,ChdDSUhNMG9nS0VJQ0FnSUNBa1lpR2xBRRAB,0,1
ChdDSUhNMG9nS0VJQ0FnSUNBa1lpR2xBRRAB_12,ChdDSUhNMG9nS0VJQ0FnSUNBa1lpR2xBRRAB,0,1
ChdDSUhNMG9nS0VJQ0FnSUNBa1lpR2xBRRAB_13,ChdDSUhNMG9nS0VJQ0FnSUNBa1lpR2xBRRAB,-1,-1
ChdDSUhNMG9nS0VJQ0FnSUNBa1lpR2xBRRAB_14,ChdDSUhNMG9nS0VJQ0FnSUNBa1lpR2xBRRAB,20,18
ChdDSUhNMG9nS0VJQ0FnSUNBa1lpR2xBRRAB_15,ChdDSUhNMG9nS0VJQ0FnSUNBa1lpR2xBRRAB,10,10
ChdDSUhNMG9nS0VJQ0FnSUNBa1lpR2xBRRAB_16,ChdDSUhNMG9nS0VJQ0FnSUNBa1lpR2xBRRAB,-1,-1
ChdDSUhNMG9nS0VJQ0FnSUNBa1lpR2xBRRAB_17,ChdDSUhNMG9nS0VJQ0FnSUNBa1lpR2xBRRAB,4,-1
ChdDSUhNMG9nS0VJQ0FnSUNBZ19fQXVRRRAB_01,ChdDSUhNMG9nS0VJQ0FnSUNBZ19fQXVRRRAB,21,28
ChdDSUhNMG9nS0VJQ0FnSUNBZ19fQXVRRRAB_02,ChdDSUhNMG9nS0VJQ0FnSUNBZ19fQXVRRRAB,11,12
ChdDSUhNMG9nS0VJQ0FnSUNBZ19fQXVRRRAB_03,ChdDSUhNMG9nS0VJQ0FnSUNBZ19fQXVRRRAB,20,18
Ci9DQUlRQUNvZENodHljRjlvT25ReGJuUXRXWEZXVG5wMldXaHBhR0UzTUdKUWVsRRAB_01,Ci9DQUlRQUNvZENodHljRjlvT25ReGJuUXRXWEZXVG5wMldXaHBhR0UzTUdKUWVsRRAB,24,33
Ci9DQUlRQUNvZENodHljRjlvT25walFsUjVPV05oUTNSbGRUZFdWMU5LVDJzNGNYYxAB_01,Ci9DQUlRQUNvZENodHljRjlvT25walFsUjVPV05oUTNSbGRUZFdWMU5LVDJzNGNYYxAB,6,6
Ci9DQUlRQUNvZENodHljRjlvT25walFsUjVPV05oUTNSbGRUZFdWMU5LVDJzNGNYYxAB_02,Ci9DQUlRQUNvZENodHljRjlvT25walFsUjVPV05oUTNSbGRUZFdWMU5LVDJzNGNYYxAB,9,9
Ci9DQUlRQUNvZENodHljRjlvT25walFsUjVPV05oUTNSbGRUZFdWMU5LVDJzNGNYYxAB_03,Ci9DQUlRQUNvZENodHljRjlvT25walFsUjVPV05oUTNSbGRUZFdWMU5LVDJzNGNYYxAB,11,12
Ci9DQUlRQUNvZENodHljRjlvT25walFsUjVPV05oUTNSbGRUZFdWMU5LVDJzNGNYYxAB_04,Ci9DQUlRQUNvZENodHljRjlvT25walFsUjVPV05oUTNSbGRUZFdWMU5LVDJzNGNYYxAB,-1,-1
Ci9DQUlRQUNvZENodHljRjlvT25walFsUjVPV05oUTNSbGRUZFdWMU5LVDJzNGNYYxAB_05,Ci9DQUlRQUNvZENodHljRjlvT25walFsUjVPV05oUTNSbGRUZFdWMU5LVDJzNGNYYxAB,36,37
Ci9DQUlRQUNvZENodHljRjlvT25walFsUjVPV05oUTNSbGRUZFdWMU5LVDJzNGNYYxAB_06,Ci9DQUlRQUNvZENodHljRjlvT25walFsUjVPV05oUTNSbGRUZFdWMU5LVDJzNGNYYxAB,27,24
ChdDSUhNMG9nS0VJQ0FnSUNRM0lXSzZ3RRAB_01,ChdDSUhNMG9nS0VJQ0FnSUNRM0lXSzZ3RRAB,35,36
ChdDSUhNMG9nS0VJQ0FnSUNRM0lXSzZ3RRAB_02,ChdDSUhNMG9nS0VJQ0FnSUNRM0lXSzZ3RRAB,10,10
ChdDSUhNMG9nS0VJQ0FnSUNRM0lXSzZ3RRAB_03,ChdDSUhNMG9nS0VJQ0FnSUNRM0lXSzZ3RRAB,-1,-1
ChdDSUhNMG9nS0VJQ0FnSUNRM0lXSzZ3RRAB_04,ChdDSUhNMG9nS0VJQ0FnSUNRM0lXSzZ3RRAB,-1,-1
ChdDSUhNMG9nS0VJQ0FnSUNRM0lXSzZ3RRAB_05,ChdDSUhNMG9nS0VJQ0FnSUNRM0lXSzZ3RRAB,40,41
Ci9DQUlRQUNvZENodHljRjlvT214TkxVcHVhRFZaV1c4eGVDMTBYMjVwZUhac1JYYxAB_01,Ci9DQUlRQUNvZENodHljRjlvT214TkxVcHVhRFZaV1c4eGVDMTBYMjVwZUhac1JYYxAB,24,-1
Ci9DQUlRQUNvZENodHljRjlvT2tkc2RVcDFiazFUYlZsSWEyUjJhM2hhV0ZGcVpXYxAB_01,Ci9DQUlRQUNvZENodHljRjlvT2tkc2RVcDFiazFUYlZsSWEyUjJhM2hhV0ZGcVpXYxAB,22,17
Ci9DQUlRQUNvZENodHljRjlvT2tkc2RVcDFiazFUYlZsSWEyUjJhM2hhV0ZGcVpXYxAB_02,Ci9DQUlRQUNvZENodHljRjlvT2tkc2RVcDFiazFUYlZsSWEyUjJhM2hhV0ZGcVpXYxAB,-1,-1
Ci9DQUlRQUNvZENodHljRjlvT2tkc2RVcDFiazFUYlZsSWEyUjJhM2hhV0ZGcVpXYxAB_03,Ci9DQUlRQUNvZENodHljRjlvT2tkc2RVcDFiazFUYlZsSWEyUjJhM2hhV0ZGcVpXYxAB,2,-1
Ci9DQUlRQUNvZENodHljRjlvT2tkc2RVcDFiazFUYlZsSWEyUjJhM2hhV0ZGcVpXYxAB_04,Ci9DQUlRQUNvZENodHljRjlvT2tkc2RVcDFiazFUYlZsSWEyUjJhM2hhV0ZGcVpXYxAB,8,8
Ci9DQUlRQUNvZENodHljRjlvT2tkc2RVcDFiazFUYlZsSWEyUjJhM2hhV0ZGcVpXYxAB_05,Ci9DQUlRQUNvZENodHljRjlvT2tkc2RVcDFiazFUYlZsSWEyUjJhM2hhV0ZGcVpXYxAB,8,8
Ci9DQUlRQUNvZENodHljRjlvT2tkc2RVcDFiazFUYlZsSWEyUjJhM2hhV0ZGcVpXYxAB_06,Ci9DQUlRQUNvZENodHljRjlvT2tkc2RVcDFiazFUYlZsSWEyUjJhM2hhV0ZGcVpXYxAB,24,-1
Ci9DQUlRQUNvZENodHljRjlvT25CdWVUaFFPVmxOWm5oQk9FaHJhVk41UVZNd1ZsRRAB_01,Ci9DQUlRQUNvZENodHljRjlvT25CdWVUaFFPVmxOWm5oQk9FaHJhVk41UVZNd1ZsRRAB,6,6
Ci9DQUlRQUNvZENodHljRjlvT25CdWVUaFFPVmxOWm5oQk9FaHJhVk41UVZNd1ZsRRAB_02,Ci9DQUlRQUNvZENodHljRjlvT25CdWVUaFFPVmxOWm5oQk9FaHJhVk41UVZNd1ZsRRAB,13,15
Ci9DQUlRQUNvZENodHljRjlvT25CdWVUaFFPVmxOWm5oQk9FaHJhVk41UVZNd1ZsRRAB_03,Ci9DQUlRQUNvZENodHljRjlvT25CdWVUaFFPVmxOWm5oQk9FaHJhVk41UVZNd1ZsRRAB,13,15
Ci9DQUlRQUNvZENodHljRjlvT25CdWVUaFFPVmxOWm5oQk9FaHJhVk41UVZNd1ZsRRAB_04,Ci9DQUlRQUNvZENodHljRjlvT25CdWVUaFFPVmxOWm5oQk9FaHJhVk41UVZNd1ZsRRAB,11,-1
Ci9DQUlRQUNvZENodHljRjlvT25CdWVUaFFPVmxOWm5oQk9FaHJhVk41UVZNd1ZsRRAB_05,Ci9DQUlRQUNvZENodHljRjlvT25CdWVUaFFPVmxOWm5oQk9FaHJhVk41UVZNd1ZsRRAB,38,-1
Ci9DQUlRQUNvZENodHljRjlvT25CdWVUaFFPVmxOWm5oQk9FaHJhVk41UVZNd1ZsRRAB_06,Ci9DQUlRQUNvZENodHljRjlvT25CdWVUaFFPVmxOWm5oQk9FaHJhVk41UVZNd1ZsRRAB,40,41
Ci9DQUlRQUNvZENodHljRjlvT25CdWVUaFFPVmxOWm5oQk9FaHJhVk41UVZNd1ZsRRAB_07,Ci9DQUlRQUNvZENodHljRjlvT25CdWVUaFFPVmxOWm5oQk9FaHJhVk41UVZNd1ZsRRAB,23,31
ChZDSUhNMG9nS0VJQ0FnSUREM3RleEZnEAE_01,ChZDSUhNMG9nS0VJQ0FnSUREM3RleEZnEAE,7,-1
ChZDSUhNMG9nS0VJQ0FnSUNqbUo3Vkp3EAE_01,ChZDSUhNMG9nS0VJQ0FnSUNqbUo3Vkp3EAE,7,7
ChZDSUhNMG9nS0VJQ0FnSUNqbUo3Vkp3EAE_02,ChZDSUhNMG9nS0VJQ0FnSUNqbUo3Vkp3EAE,16,14
ChZDSUhNMG9nS0VJQ0FnSURUcUxqVkpREAE_01,ChZDSUhNMG9nS0VJQ0FnSURUcUxqVkpREAE,26,26
ChZDSUhNMG9nS0VJQ0FnSURUcUxqVkpREAE_02,ChZDSUhNMG9nS0VJQ0FnSURUcUxqVkpREAE,4,-1
ChZDSUhNMG9nS0VJQ0FnSURUcUxqVkpREAE_03,ChZDSUhNMG9nS0VJQ0FnSURUcUxqVkpREAE,1,0
ChZDSUhNMG9nS0VJQ0FnSURUcUxqVkpREAE_04,ChZDSUhNMG9nS0VJQ0FnSURUcUxqVkpREAE,-1,-1
ChZDSUhNMG9nS0VJQ0FnSUNYOG9XM1hBEAE_01,ChZDSUhNMG9nS0VJQ0FnSUNYOG9XM1hBEAE,24,33
ChZDSUhNMG9nS0VJQ0FnSUNYOG9XM1hBEAE_02,ChZDSUhNMG9nS0VJQ0FnSUNYOG9XM1hBEAE,1,0
ChdDSUhNMG9nS0VJQ0FnSURYa0xmRnpBRRAB_01,ChdDSUhNMG9nS0VJQ0FnSURYa0xmRnpBRRAB,14,13
ChdDSUhNMG9nS0VJQ0FnSURYa0xmRnpBRRAB_02,ChdDSUhNMG9nS0VJQ0FnSURYa0xmRnpBRRAB,-1,-1
ChdDSUhNMG9nS0VJQ0FnSURYa0xmRnpBRRAB_03,ChdDSUhNMG9nS0VJQ0FnSURYa0xmRnpBRRAB,18,20
ChdDSUhNMG9nS0VJQ0FnSURYa0xmRnpBRRAB_04,ChdDSUhNMG9nS0VJQ0FnSURYa0xmRnpBRRAB,-1,-1
ChdDSUhNMG9nS0VJQ0FnSUNmanZQRWtnRRAB_01,ChdDSUhNMG9nS0VJQ0FnSUNmanZQRWtnRRAB,23,-1
ChZDSUhNMG9nS0VJQ0FnTUR3OWUydlF3EAE_01,ChZDSUhNMG9nS0VJQ0FnTUR3OWUydlF3EAE,1,0
ChZDSUhNMG9nS0VJQ0FnTUR3OWUydlF3EAE_02,ChZDSUhNMG9nS0VJQ0FnTUR3OWUydlF3EAE,6,6
Ci9DQUlRQUNvZENodHljRjlvT25SNmNTMU9keTFNUkhwTmRITkphVXcwYldsbE5GRRAB_01,Ci9DQUlRQUNvZENodHljRjlvT25SNmNTMU9keTFNUkhwTmRITkphVXcwYldsbE5GRRAB,-1,-1
Ci9DQUlRQUNvZENodHljRjlvT25OamREWkVha0Z5ZUhWMWJHeG1kVzE2T1dZNU1tYxAB_01,Ci9DQUlRQUNvZENodHljRjlvT25OamREWkVha0Z5ZUhWMWJHeG1kVzE2T1dZNU1tYxAB,12,21
Ci9DQUlRQUNvZENodHljRjlvT25CQ2JrUkNVazE1WVVGUmJrd3pNazFDYnpoV1gyYxAB_01,Ci9DQUlRQUNvZENodHljRjlvT25CQ2JrUkNVazE1WVVGUmJrd3pNazFDYnpoV1gyYxAB,-1,-1
Ci9DQUlRQUNvZENodHljRjlvT25CQ2JrUkNVazE1WVVGUmJrd3pNazFDYnpoV1gyYxAB_02,Ci9DQUlRQUNvZENodHljRjlvT25CQ2JrUkNVazE1WVVGUmJrd3pNazFDYnpoV1gyYxAB,25,-1
Ci9DQUlRQUNvZENodHljRjlvT25CQ2JrUkNVazE1WVVGUmJrd3pNazFDYnpoV1gyYxAB_03,Ci9DQUlRQUNvZENodHljRjlvT25CQ2JrUkNVazE1WVVGUmJrd3pNazFDYnpoV1gyYxAB,4,5
Ci9DQUlRQUNvZENodHljRjlvT25CQ2JrUkNVazE1WVVGUmJrd3pNazFDYnpoV1gyYxAB_04,Ci9DQUlRQUNvZENodHljRjlvT25CQ2JrUkNVazE1WVVGUmJrd3pNazFDYnpoV1gyYxAB,-1,-1
Ci9DQUlRQUNvZENodHljRjlvT25CQ2JrUkNVazE1WVVGUmJrd3pNazFDYnpoV1gyYxAB_05,Ci9DQUlRQUNvZENodHljRjlvT25CQ2JrUkNVazE1WVVGUmJrd3pNazFDYnpoV1gyYxAB,-1,-1
Ci9DQUlRQUNvZENodHljRjlvT25CQ2JrUkNVazE1WVVGUmJrd3pNazFDYnpoV1gyYxAB_06,Ci9DQUlRQUNvZENodHljRjlvT25CQ2JrUkNVazE1WVVGUmJrd3pNazFDYnpoV1gyYxAB,11,12
Ci9DQUlRQUNvZENodHljRjlvT25CQ2JrUkNVazE1WVVGUmJrd3pNazFDYnpoV1gyYxAB_07,Ci9DQUlRQUNvZENodHljRjlvT25CQ2JrUkNVazE1WVVGUmJrd3pNazFDYnpoV1gyYxAB,-1,-1
Ci9DQUlRQUNvZENodHljRjlvT20xSFIyUnJOako0WTBoU2FrWkdTM296TlhwSVgwRRAB_01,Ci9DQUlRQUNvZENodHljRjlvT20xSFIyUnJOako0WTBoU2FrWkdTM296TlhwSVgwRRAB,7,7
Ci9DQUlRQUNvZENodHljRjlvT20xSFIyUnJOako0WTBoU2FrWkdTM296TlhwSVgwRRAB_02,Ci9DQUlRQUNvZENodHljRjlvT20xSFIyUnJOako0WTBoU2FrWkdTM296TlhwSVgwRRAB,-1,-1
Ci9DQUlRQUNvZENodHljRjlvT25FMU1HWm9SRzFtVldzeVpUTlFVMHBxUVdKUGNXYxAB_01,Ci9DQUlRQUNvZENodHljRjlvT25FMU1HWm9SRzFtVldzeVpUTlFVMHBxUVdKUGNXYxAB,14,13
Ci9DQUlRQUNvZENodHljRjlvT25FMU1HWm9SRzFtVldzeVpUTlFVMHBxUVdKUGNXYxAB_02,Ci9DQUlRQUNvZENodHljRjlvT25FMU1HWm9SRzFtVldzeVpUTlFVMHBxUVdKUGNXYxAB,-1,-1
Ci9DQUlRQUNvZENodHljRjlvT21aNFlrczJSM1ZpZFhsbGRVaGtPRFJVTlVOWGEwRRAB_01,Ci9DQUlRQUNvZENodHljRjlvT21aNFlrczJSM1ZpZFhsbGRVaGtPRFJVTlVOWGEwRRAB,23,31
Ci9DQUlRQUNvZENodHljRjlvT21aNFlrczJSM1ZpZFhsbGRVaGtPRFJVTlVOWGEwRRAB_02,Ci9DQUlRQUNvZENodHljRjlvT21aNFlrczJSM1ZpZFhsbGRVaGtPRFJVTlVOWGEwRRAB,23,31
Ci9DQUlRQUNvZENodHljRjlvT21aNFlrczJSM1ZpZFhsbGRVaGtPRFJVTlVOWGEwRRAB_03,Ci9DQUlRQUNvZENodHljRjlvT21aNFlrczJSM1ZpZFhsbGRVaGtPRFJVTlVOWGEwRRAB,0,1
Ci9DQUlRQUNvZENodHljRjlvT21aNFlrczJSM1ZpZFhsbGRVaGtPRFJVTlVOWGEwRRAB_04,Ci9DQUlRQUNvZENodHljRjlvT21aNFlrczJSM1ZpZFhsbGRVaGtPRFJVTlVOWGEwRRAB,23,31
Ci9DQUlRQUNvZENodHljRjlvT21aNFlrczJSM1ZpZFhsbGRVaGtPRFJVTlVOWGEwRRAB_05,Ci9DQUlRQUNvZENodHljRjlvT21aNFlrczJSM1ZpZFhsbGRVaGtPRFJVTlVOWGEwRRAB,32,32
ChdDSUhNMG9nS0VJQ0FnSUQxdEl2RnJ3RRAB_01,ChdDSUhNMG9nS0VJQ0FnSUQxdEl2RnJ3RRAB,10,10
ChdDSUhNMG9nS0VJQ0FnSUQxdEl2RnJ3RRAB_02,ChdDSUhNMG9nS0VJQ0FnSUQxdEl2RnJ3RRAB,17,19
ChdDSUhNMG9nS0VJQ0FnSUQxdEl2RnJ3RRAB_03,ChdDSUhNMG9nS0VJQ0FnSUQxdEl2RnJ3RRAB,-1,-1
ChdDSUhNMG9nS0VJQ0FnSUQxdEl2RnJ3RRAB_04,ChdDSUhNMG9nS0VJQ0FnSUQxdEl2RnJ3RRAB,2,-1
ChdDSUhNMG9nS0VJQ0FnSUM5aHFhRjN3RRAB_01,ChdDSUhNMG9nS0VJQ0FnSUM5aHFhRjN3RRAB,4,5
ChZDSUhNMG9nS0VJQ0FnSUQ5cGJIaWZBEAE_01,ChZDSUhNMG9nS0VJQ0FnSUQ5cGJIaWZBEAE,13,-1
ChdDSUhNMG9nS0VJQ0FnSUREdnRUcy1BRRAB_01,ChdDSUhNMG9nS0VJQ0FnSUREdnRUcy1BRRAB,33,39
ChdDSUhNMG9nS0VJQ0FnSUREdnRUcy1BRRAB_02,ChdDSUhNMG9nS0VJQ0FnSUREdnRUcy1BRRAB,19,16
ChZDSUhNMG9nS0VJQ0FnSURqMU9Pd1dnEAE_01,ChZDSUhNMG9nS0VJQ0FnSURqMU9Pd1dnEAE,7,7
ChZDSUhNMG9nS0VJQ0FnSURqMU9Pd1dnEAE_02,ChZDSUhNMG9nS0VJQ0FnSURqMU9Pd1dnEAE,4,5
ChZDSUhNMG9nS0VJQ0FnSURqMUpPLUNnEAE_01,ChZDSUhNMG9nS0VJQ0FnSURqMUpPLUNnEAE,7,-1
ChdDSUhNMG9nS0VJQ0FnSURqX05qZW9BRRAB_01,ChdDSUhNMG9nS0VJQ0FnSURqX05qZW9BRRAB,14,-1
ChZDSUhNMG9nS0VJQ0FnSURiaHFQY2FBEAE_01,ChZDSUhNMG9nS0VJQ0FnSURiaHFQY2FBEAE,17,19
ChZDSUhNMG9nS0VJQ0FnSURiaHFQY2FBEAE_02,ChZDSUhNMG9nS0VJQ0FnSURiaHFQY2FBEAE,12,21
ChdDSUhNMG9nS0VJQ0FnSUNuNHYtNzNRRRAB_01,ChdDSUhNMG9nS0VJQ0FnSUNuNHYtNzNRRRAB,38,40
ChdDSUhNMG9nS0VJQ0FnSUNuNHYtNzNRRRAB_02,ChdDSUhNMG9nS0VJQ0FnSUNuNHYtNzNRRRAB,-1,-1
ChdDSUhNMG9nS0VJQ0FnTURRcHVXWjR3RRAB_01,ChdDSUhNMG9nS0VJQ0FnTURRcHVXWjR3RRAB,3,3
ChdDSUhNMG9nS0VJQ0FnTUNvNjhPOHZnRRAB_01,ChdDSUhNMG9nS0VJQ0FnTUNvNjhPOHZnRRAB,7,7
ChdDSUhNMG9nS0VJQ0FnTURvNnJfWnlRRRAB_01,ChdDSUhNMG9nS0VJQ0FnTURvNnJfWnlRRRAB,12,21
Ci9DQUlRQUNvZENodHljRjlvT2taMWJUQlpUM2RpVVhJeVZIQXRibGRoWkVZMVluYxAB_01,Ci9DQUlRQUNvZENodHljRjlvT2taMWJUQlpUM2RpVVhJeVZIQXRibGRoWkVZMVluYxAB,-1,-1
Ci9DQUlRQUNvZENodHljRjlvT2taMWJUQlpUM2RpVVhJeVZIQXRibGRoWkVZMVluYxAB_02,Ci9DQUlRQUNvZENodHljRjlvT2taMWJUQlpUM2RpVVhJeVZIQXRibGRoWkVZMVluYxAB,13,-1
Ci9DQUlRQUNvZENodHljRjlvT2taMWJUQlpUM2RpVVhJeVZIQXRibGRoWkVZMVluYxAB_03,Ci9DQUlRQUNvZENodHljRjlvT2taMWJUQlpUM2RpVVhJeVZIQXRibGRoWkVZMVluYxAB,19,16
Ci9DQUlRQUNvZENodHljRjlvT25ScWQwSmtOVkJaYVhRMlMyYzNVbkJUUzBGSmJIYxAB_01,Ci9DQUlRQUNvZENodHljRjlvT25ScWQwSmtOVkJaYVhRMlMyYzNVbkJUUzBGSmJIYxAB,14,-1
Ci9DQUlRQUNvZENodHljRjlvT2xCU1VVZDRSRWhRU2xGcmFYWllTVTlRY1dkWlNGRRAB_01,Ci9DQUlRQUNvZENodHljRjlvT2xCU1VVZDRSRWhRU2xGcmFYWllTVTlRY1dkWlNGRRAB,2,2
Ci9DQUlRQUNvZENodHljRjlvT25kRUxYQnZkaTFHTnpOZlYwcHZSMmh3ZEZwUGRYYxAB_01,Ci9DQUlRQUNvZENodHljRjlvT25kRUxYQnZkaTFHTnpOZlYwcHZSMmh3ZEZwUGRYYxAB,4,5
Ci9DQUlRQUNvZENodHljRjlvT2tSMWJtZHVSRlZ0TlVSM2FGZzBiRk5RTlZWMmNGRRAB_01,Ci9DQUlRQUNvZENodHljRjlvT2tSMWJtZHVSRlZ0TlVSM2FGZzBiRk5RTlZWMmNGRRAB,14,13
Ci9DQUlRQUNvZENodHljRjlvT2tSMWJtZHVSRlZ0TlVSM2FGZzBiRk5RTlZWMmNGRRAB_02,Ci9DQUlRQUNvZENodHljRjlvT2tSMWJtZHVSRlZ0TlVSM2FGZzBiRk5RTlZWMmNGRRAB,-1,-1
Ci9DQUlRQUNvZENodHljRjlvT2tsS1RsZHVNR2RNWkcxUE5ERmxXRGxPWWtWNWVGRRAB_01,Ci9DQUlRQUNvZENodHljRjlvT2tsS1RsZHVNR2RNWkcxUE5ERmxXRGxPWWtWNWVGRRAB,33,-1
Ci9DQUlRQUNvZENodHljRjlvT2tsS1RsZHVNR2RNWkcxUE5ERmxXRGxPWWtWNWVGRRAB_02,Ci9DQUlRQUNvZENodHljRjlvT2tsS1RsZHVNR2RNWkcxUE5ERmxXRGxPWWtWNWVGRRAB,4,5
Ci9DQUlRQUNvZENodHljRjlvT2tsS1RsZHVNR2RNWkcxUE5ERmxXRGxPWWtWNWVGRRAB_03,Ci9DQUlRQUNvZENodHljRjlvT2tsS1RsZHVNR2RNWkcxUE5ERmxXRGxPWWtWNWVGRRAB,2,-1
ChdDSUhNMG9nS0VJQ0FnSUNBaWE3VGlBRRAB_01,ChdDSUhNMG9nS0VJQ0FnSUNBaWE3VGlBRRAB,18,-1
ChdDSUhNMG9nS0VJQ0FnTUNBMGQzazBnRRAB_01,ChdDSUhNMG9nS0VJQ0FnTUNBMGQzazBnRRAB,-1,-1
ChdDSUhNMG9nS0VJQ0FnTUNBMGQzazBnRRAB_02,ChdDSUhNMG9nS0VJQ0FnTUNBMGQzazBnRRAB,-1,-1
ChdDSUhNMG9nS0VJQ0FnTUNBMGQzazBnRRAB_03,ChdDSUhNMG9nS0VJQ0FnTUNBMGQzazBnRRAB,0,1
ChdDSUhNMG9nS0VJQ0FnTUNBMGQzazBnRRAB_04,ChdDSUhNMG9nS0VJQ0FnTUNBMGQzazBnRRAB,1,0
ChdDSUhNMG9nS0VJQ0FnTUNRbDZXQjdnRRAB_01,ChdDSUhNMG9nS0VJQ0FnTUNRbDZXQjdnRRAB,27,24
ChdDSUhNMG9nS0VJQ0FnTUNRbDZXQjdnRRAB_02,ChdDSUhNMG9nS0VJQ0FnTUNRbDZXQjdnRRAB,25,25
ChdDSUhNMG9nS0VNU0kzSkdPX0tETm9BRRAB_01,ChdDSUhNMG9nS0VNU0kzSkdPX0tETm9BRRAB,-1,-1
ChZDSUhNMG9nS0VJQ0FnSUNZdktqMUdBEAE_01,ChZDSUhNMG9nS0VJQ0FnSUNZdktqMUdBEAE,24,33
ChZDSUhNMG9nS0VJQ0FnSUNZdktqMUdBEAE_02,ChZDSUhNMG9nS0VJQ0FnSUNZdktqMUdBEAE,10,10
Ci9DQUlRQUNvZENodHljRjlvT2t4RFJYZEdWblV4UWxaSFMwb3liWFJrUWxBNVQxRRAB_01,Ci9DQUlRQUNvZENodHljRjlvT2t4RFJYZEdWblV4UWxaSFMwb3liWFJrUWxBNVQxRRAB,0,1
Ci9DQUlRQUNvZENodHljRjlvT2t4RFJYZEdWblV4UWxaSFMwb3liWFJrUWxBNVQxRRAB_02,Ci9DQUlRQUNvZENodHljRjlvT2t4RFJYZEdWblV4UWxaSFMwb3liWFJrUWxBNVQxRRAB,0,1
Ci9DQUlRQUNvZENodHljRjlvT210ZmRqZElUVkp2WjNSTlRuRkVXVjlMYldWU2QxRRAB_01,Ci9DQUlRQUNvZENodHljRjlvT210ZmRqZElUVkp2WjNSTlRuRkVXVjlMYldWU2QxRRAB,-1,-1
Ci9DQUlRQUNvZENodHljRjlvT25aNldubGhTRTVGUm1ZeFFVNTFjMmxMTTNOcU9IYxAB_01,Ci9DQUlRQUNvZENodHljRjlvT25aNldubGhTRTVGUm1ZeFFVNTFjMmxMTTNOcU9IYxAB,3,3
Ci9DQUlRQUNvZENodHljRjlvT2pOQ2QxQllWVTVYUTB4ZlRFWXRaMlZtWjJSWU5sRRAB_01,Ci9DQUlRQUNvZENodHljRjlvT2pOQ2QxQllWVTVYUTB4ZlRFWXRaMlZtWjJSWU5sRRAB,6,6
Ci9DQUlRQUNvZENodHljRjlvT2pOQ2QxQllWVTVYUTB4ZlRFWXRaMlZtWjJSWU5sRRAB_02,Ci9DQUlRQUNvZENodHljRjlvT2pOQ2QxQllWVTVYUTB4ZlRFWXRaMlZtWjJSWU5sRRAB,27,24
Ci9DQUlRQUNvZENodHljRjlvT2pOQ2QxQllWVTVYUTB4ZlRFWXRaMlZtWjJSWU5sRRAB_03,Ci9DQUlRQUNvZENodHljRjlvT2pOQ2QxQllWVTVYUTB4ZlRFWXRaMlZtWjJSWU5sRRAB,-1,-1
Ci9DQUlRQUNvZENodHljRjlvT2xKV1oydGFTVXMzWnpKeU0yVnNRa1JqYzI5NlMzYxAB_01,Ci9DQUlRQUNvZENodHljRjlvT2xKV1oydGFTVXMzWnpKeU0yVnNRa1JqYzI5NlMzYxAB,14,13
Ci9DQUlRQUNvZENodHljRjlvT2xKV1oydGFTVXMzWnpKeU0yVnNRa1JqYzI5NlMzYxAB_02,Ci9DQUlRQUNvZENodHljRjlvT2xKV1oydGFTVXMzWnpKeU0yVnNRa1JqYzI5NlMzYxAB,18,20
Ci9DQUlRQUNvZENodHljRjlvT2xKV1oydGFTVXMzWnpKeU0yVnNRa1JqYzI5NlMzYxAB_03,Ci9DQUlRQUNvZENodHljRjlvT2xKV1oydGFTVXMzWnpKeU0yVnNRa1JqYzI5NlMzYxAB,35,-1
Ci9DQUlRQUNvZENodHljRjlvT2s1UGNVZEJhVjlHU1ZaMFIwRlBWVzF0U1RCblluYxAB_01,Ci9DQUlRQUNvZENodHljRjlvT2s1UGNVZEJhVjlHU1ZaMFIwRlBWVzF0U1RCblluYxAB,4,-1
ChdDSUhNMG9nS0VJQ0FnSUQ5LXA2TnJ3RRAB_01,ChdDSUhNMG9nS0VJQ0FnSUQ5LXA2TnJ3RRAB,-1,-1
ChdDSUhNMG9nS0VJQ0FnSUQ5LXA2TnJ3RRAB_02,ChdDSUhNMG9nS0VJQ0FnSUQ5LXA2TnJ3RRAB,24,33
ChZDSUhNMG9nS0VJQ0FnSUREZ01LMmN3EAE_01,ChZDSUhNMG9nS0VJQ0FnSUREZ01LMmN3EAE,-1,-1
ChZDSUhNMG9nS0VJQ0FnSUREZ01LMmN3EAE_02,ChZDSUhNMG9nS0VJQ0FnSUREZ01LMmN3EAE,24,33
ChdDSUhNMG9nS0VJQ0FnSUNqbnN1YmlBRRAB_01,ChdDSUhNMG9nS0VJQ0FnSUNqbnN1YmlBRRAB,2,2
ChdDSUhNMG9nS0VJQ0FnSUNqbnN1YmlBRRAB_02,ChdDSUhNMG9nS0VJQ0FnSUNqbnN1YmlBRRAB,-1,-1
ChdDSUhNMG9nS0VJQ0FnSUNqbnN1YmlBRRAB_03,ChdDSUhNMG9nS0VJQ0FnSUNqbnN1YmlBRRAB,22,17
ChdDSUhNMG9nS0VJQ0FnSUQ2NF8yN3F3RRAB_01,ChdDSUhNMG9nS0VJQ0FnSUQ2NF8yN3F3RRAB,3,3
ChdDSUhNMG9nS0VJQ0FnSUQ2NF8yN3F3RRAB_02,ChdDSUhNMG9nS0VJQ0FnSUQ2NF8yN3F3RRAB,-1,-1
ChZDSUhNMG9nS0VJQ0FnSUNUdl9yLVV3EAE_01,ChZDSUhNMG9nS0VJQ0FnSUNUdl9yLVV3EAE,0,1
ChZDSUhNMG9nS0VJQ0FnSUNUdl9yLVV3EAE_02,ChZDSUhNMG9nS0VJQ0FnSUNUdl9yLVV3EAE,40,41
ChZDSUhNMG9nS0VJQ0FnSUNUdl9yLVV3EAE_03,ChZDSUhNMG9nS0VJQ0FnSUNUdl9yLVV3EAE,2,2
ChZDSUhNMG9nS0VJQ0FnSURUZzRTSWRREAE_01,ChZDSUhNMG9nS0VJQ0FnSURUZzRTSWRREAE,24,33
ChZDSUhNMG9nS0VJQ0FnSUR2bDdIMWVBEAE_01,ChZDSUhNMG9nS0VJQ0FnSUR2bDdIMWVBEAE,0,1
ChZDSUhNMG9nS0VJQ0FnSUR2bDdIMWVBEAE_02,ChZDSUhNMG9nS0VJQ0FnSUR2bDdIMWVBEAE,0,1
ChZDSUhNMG9nS0VJQ0FnSUR2bDdIMWVBEAE_03,ChZDSUhNMG9nS0VJQ0FnSUR2bDdIMWVBEAE,25,25
ChZDSUhNMG9nS0VJQ0FnSURmcVlIX1FBEAE_01,ChZDSUhNMG9nS0VJQ0FnSURmcVlIX1FBEAE,3,-1
ChZDSUhNMG9nS0VJQ0FnSURmcVlIX1FBEAE_02,ChZDSUhNMG9nS0VJQ0FnSURmcVlIX1FBEAE,-1,-1
ChZDSUhNMG9nS0VJQ0FnSURmcVlIX1FBEAE_03,ChZDSUhNMG9nS0VJQ0FnSURmcVlIX1FBEAE,28,22
ChZDSUhNMG9nS0VJQ0FnTUNBczZhS2ZREAE_01,ChZDSUhNMG9nS0VJQ0FnTUNBczZhS2ZREAE,2,2
ChZDSUhNMG9nS0VJQ0FnTUNBczZhS2ZREAE_02,ChZDSUhNMG9nS0VJQ0FnTUNBczZhS2ZREAE,-1,-1
ChZDSUhNMG9nS0VJQ0FnTUNBczZhS2ZREAE_03,ChZDSUhNMG9nS0VJQ0FnTUNBczZhS2ZREAE,1,0
ChZDSUhNMG9nS0VJQ0FnTUNBczZhS2ZREAE_04,ChZDSUhNMG9nS0VJQ0FnTUNBczZhS2ZREAE,5,-1
ChdDSUhNMG9nS0VJQ0FnTUNZMHVfQm5nRRAB_01,ChdDSUhNMG9nS0VJQ0FnTUNZMHVfQm5nRRAB,3,3
ChdDSUhNMG9nS0VJQ0FnTUNZMHVfQm5nRRAB_02,ChdDSUhNMG9nS0VJQ0FnTUNZMHVfQm5nRRAB,13,15
Ci9DQUlRQUNvZENodHljRjlvT25wRU5ISlliell6VG5kWFprUTVia1pEZDBSRE0zYxAB_01,Ci9DQUlRQUNvZENodHljRjlvT25wRU5ISlliell6VG5kWFprUTVia1pEZDBSRE0zYxAB,4,-1
Ci9DQUlRQUNvZENodHljRjlvT25wRU5ISlliell6VG5kWFprUTVia1pEZDBSRE0zYxAB_02,Ci9DQUlRQUNvZENodHljRjlvT25wRU5ISlliell6VG5kWFprUTVia1pEZDBSRE0zYxAB,34,-1
Ci9DQUlRQUNvZENodHljRjlvT25wRU5ISlliell6VG5kWFprUTVia1pEZDBSRE0zYxAB_03,Ci9DQUlRQUNvZENodHljRjlvT25wRU5ISlliell6VG5kWFprUTVia1pEZDBSRE0zYxAB,5,4
Ci9DQUlRQUNvZENodHljRjlvT25wRU5ISlliell6VG5kWFprUTVia1pEZDBSRE0zYxAB_04,Ci9DQUlRQUNvZENodHljRjlvT25wRU5ISlliell6VG5kWFprUTVia1pEZDBSRE0zYxAB,-1,-1
Ci9DQUlRQUNvZENodHljRjlvT2tzMldXNTNPVTVNTnkxRFFUVmFVWFp6VGpsYVJFRRAB_01,Ci9DQUlRQUNvZENodHljRjlvT2tzMldXNTNPVTVNTnkxRFFUVmFVWFp6VGpsYVJFRRAB,6,6
Ci9DQUlRQUNvZENodHljRjlvT2tzMldXNTNPVTVNTnkxRFFUVmFVWFp6VGpsYVJFRRAB_02,Ci9DQUlRQUNvZENodHljRjlvT2tzMldXNTNPVTVNTnkxRFFUVmFVWFp6VGpsYVJFRRAB,4,5
Ci9DQUlRQUNvZENodHljRjlvT2pGMVgxTmpURUZ4VTI1a05tWlVSWEZQWkc5TE5WRRAB_01,Ci9DQUlRQUNvZENodHljRjlvT2pGMVgxTmpURUZ4VTI1a05tWlVSWEZQWkc5TE5WRRAB,4,-1
Ci9DQUlRQUNvZENodHljRjlvT2pGMVgxTmpURUZ4VTI1a05tWlVSWEZQWkc5TE5WRRAB_02,Ci9DQUlRQUNvZENodHljRjlvT2pGMVgxTmpURUZ4VTI1a05tWlVSWEZQWkc5TE5WRRAB,13,15
Ci9DQUlRQUNvZENodHljRjlvT2pCa1VWUlVPWEpVVDNkRFlXTktTRkIwZVhaMWJFRRAB_01,Ci9DQUlRQUNvZENodHljRjlvT2pCa1VWUlVPWEpVVDNkRFlXTktTRkIwZVhaMWJFRRAB,-1,-1
Ci9DQUlRQUNvZENodHljRjlvT2pCa1VWUlVPWEpVVDNkRFlXTktTRkIwZVhaMWJFRRAB_02,Ci9DQUlRQUNvZENodHljRjlvT2pCa1VWUlVPWEpVVDNkRFlXTktTRkIwZVhaMWJFRRAB,-1,-1
Ci9DQUlRQUNvZENodHljRjlvT21JdFUyTklkVXMwT0ZvME1uSkZjVEJGWXpseVQyYxAB_01,Ci9DQUlRQUNvZENodHljRjlvT21JdFUyTklkVXMwT0ZvME1uSkZjVEJGWXpseVQyYxAB,-1,-1
Ci9DQUlRQUNvZENodHljRjlvT21JdFUyTklkVXMwT0ZvME1uSkZjVEJGWXpseVQyYxAB_02,Ci9DQUlRQUNvZENodHljRjlvT21JdFUyTklkVXMwT0ZvME1uSkZjVEJGWXpseVQyYxAB,-1,-1
Ci9DQUlRQUNvZENodHljRjlvT25CNWFFdDJabmN0UVV3eFVWSkVjVGg0ZWxOTFUxRRAB_01,Ci9DQUlRQUNvZENodHljRjlvT25CNWFFdDJabmN0UVV3eFVWSkVjVGg0ZWxOTFUxRRAB,2,2
Ci9DQUlRQUNvZENodHljRjlvT25CNWFFdDJabmN0UVV3eFVWSkVjVGg0ZWxOTFUxRRAB_02,Ci9DQUlRQUNvZENodHljRjlvT25CNWFFdDJabmN0UVV3eFVWSkVjVGg0ZWxOTFUxRRAB,2,2
Ci9DQUlRQUNvZENodHljRjlvT25CNWFFdDJabmN0UVV3eFVWSkVjVGg0ZWxOTFUxRRAB_03,Ci9DQUlRQUNvZENodHljRjlvT25CNWFFdDJabmN0UVV3eFVWSkVjVGg0ZWxOTFUxRRAB,11,-1
Ci9DQUlRQUNvZENodHljRjlvT25CNWFFdDJabmN0UVV3eFVWSkVjVGg0ZWxOTFUxRRAB_04,Ci9DQUlRQUNvZENodHljRjlvT25CNWFFdDJabmN0UVV3eFVWSkVjVGg0ZWxOTFUxRRAB,1,0
Ci9DQUlRQUNvZENodHljRjlvT25CNWFFdDJabmN0UVV3eFVWSkVjVGg0ZWxOTFUxRRAB_05,Ci9DQUlRQUNvZENodHljRjlvT25CNWFFdDJabmN0UVV3eFVWSkVjVGg0ZWxOTFUxRRAB,11,-1
Ci9DQUlRQUNvZENodHljRjlvT25CNWFFdDJabmN0UVV3eFVWSkVjVGg0ZWxOTFUxRRAB_06,Ci9DQUlRQUNvZENodHljRjlvT25CNWFFdDJabmN0UVV3eFVWSkVjVGg0ZWxOTFUxRRAB,-1,-1
Ci9DQUlRQUNvZENodHljRjlvT25CNWFFdDJabmN0UVV3eFVWSkVjVGg0ZWxOTFUxRRAB_07,Ci9DQUlRQUNvZENodHljRjlvT25CNWFFdDJabmN0UVV3eFVWSkVjVGg0ZWxOTFUxRRAB,13,-1
Ci9DQUlRQUNvZENodHljRjlvT25CNWFFdDJabmN0UVV3eFVWSkVjVGg0ZWxOTFUxRRAB_08,Ci9DQUlRQUNvZENodHljRjlvT25CNWFFdDJabmN0UVV3eFVWSkVjVGg0ZWxOTFUxRRAB,-1,-1
Ci9DQUlRQUNvZENodHljRjlvT2pRdGJ6SXRNa0ZrV0d4TVQxWjNNR2hWTldoSmFGRRAB_01,Ci9DQUlRQUNvZENodHljRjlvT2pRdGJ6SXRNa0ZrV0d4TVQxWjNNR2hWTldoSmFGRRAB,-1,-1
Ci9DQUlRQUNvZENodHljRjlvT2tadGVrSmpWbVF5ZWpac1dWTk5aQzF6VlhWUFQzYxAB_01,Ci9DQUlRQUNvZENodHljRjlvT2tadGVrSmpWbVF5ZWpac1dWTk5aQzF6VlhWUFQzYxAB,9,9
Ci9DQUlRQUNvZENodHljRjlvT2tadGVrSmpWbVF5ZWpac1dWTk5aQzF6VlhWUFQzYxAB_02,Ci9DQUlRQUNvZENodHljRjlvT2tadGVrSmpWbVF5ZWpac1dWTk5aQzF6VlhWUFQzYxAB,11,-1
Ci9DQUlRQUNvZENodHljRjlvT2tadGVrSmpWbVF5ZWpac1dWTk5aQzF6VlhWUFQzYxAB_03,Ci9DQUlRQUNvZENodHljRjlvT2tadGVrSmpWbVF5ZWpac1dWTk5aQzF6VlhWUFQzYxAB,1,0
Ci9DQUlRQUNvZENodHljRjlvT2tadGVrSmpWbVF5ZWpac1dWTk5aQzF6VlhWUFQzYxAB_04,Ci9DQUlRQUNvZENodHljRjlvT2tadGVrSmpWbVF5ZWpac1dWTk5aQzF6VlhWUFQzYxAB,-1,-1
Ci9DQUlRQUNvZENodHljRjlvT2tadGVrSmpWbVF5ZWpac1dWTk5aQzF6VlhWUFQzYxAB_05,Ci9DQUlRQUNvZENodHljRjlvT2tadGVrSmpWbVF5ZWpac1dWTk5aQzF6VlhWUFQzYxAB,3,3
Ci9DQUlRQUNvZENodHljRjlvT2tadGVrSmpWbVF5ZWpac1dWTk5aQzF6VlhWUFQzYxAB_06,Ci9DQUlRQUNvZENodHljRjlvT2tadGVrSmpWbVF5ZWpac1dWTk5aQzF6VlhWUFQzYxAB,5,-1
Ci9DQUlRQUNvZENodHljRjlvT2tadGVrSmpWbVF5ZWpac1dWTk5aQzF6VlhWUFQzYxAB_07,Ci9DQUlRQUNvZENodHljRjlvT2tadGVrSmpWbVF5ZWpac1dWTk5aQzF6VlhWUFQzYxAB,-1,-1
Ci9DQUlRQUNvZENodHljRjlvT25wMWVrdGpUMm8wTkhOcmFGTlZUMnRFU0hSMVozYxAB_01,Ci9DQUlRQUNvZENodHljRjlvT25wMWVrdGpUMm8wTkhOcmFGTlZUMnRFU0hSMVozYxAB,1,0
Ci9DQUlRQUNvZENodHljRjlvT25wMWVrdGpUMm8wTkhOcmFGTlZUMnRFU0hSMVozYxAB_02,Ci9DQUlRQUNvZENodHljRjlvT25wMWVrdGpUMm8wTkhOcmFGTlZUMnRFU0hSMVozYxAB,14,13
ChdDSUhNMG9nS0VJQ0FnSURmOVp1Q3JRRRAB_01,ChdDSUhNMG9nS0VJQ0FnSURmOVp1Q3JRRRAB,15,11
ChdDSUhNMG9nS0VJQ0FnSURmOVp1Q3JRRRAB_02,ChdDSUhNMG9nS0VJQ0FnSURmOVp1Q3JRRRAB,2,2
ChdDSUhNMG9nS0VJQ0FnSURmOVp1Q3JRRRAB_03,ChdDSUhNMG9nS0VJQ0FnSURmOVp1Q3JRRRAB,5,-1
ChdDSUhNMG9nS0VJQ0FnSURmamVDVzVRRRAB_01,ChdDSUhNMG9nS0VJQ0FnSURmamVDVzVRRRAB,15,11
ChdDSUhNMG9nS0VJQ0FnSURmM2ZUY193RRAB_01,ChdDSUhNMG9nS0VJQ0FnSURmM2ZUY193RRAB,37,35
ChdDSUhNMG9nS0VJQ0FnSURmM2ZUY193RRAB_02,ChdDSUhNMG9nS0VJQ0FnSURmM2ZUY193RRAB,15,11
ChdDSUhNMG9nS0VJQ0FnSURmM1oyOV9RRRAB_01,ChdDSUhNMG9nS0VJQ0FnSURmM1oyOV9RRRAB,15,11
ChZDSUhNMG9nS0VJQ0FnSURmdmJ6dFhBEAE_01,ChZDSUhNMG9nS0VJQ0FnSURmdmJ6dFhBEAE,15,11
ChZDSUhNMG9nS0VJQ0FnSURmdllMTEV3EAE_01,ChZDSUhNMG9nS0VJQ0FnSURmdllMTEV3EAE,15,11
ChZDSUhNMG9nS0VJQ0FnSURmdzlmM1dBEAE_01,ChZDSUhNMG9nS0VJQ0FnSURmdzlmM1dBEAE,15,11
ChZDSUhNMG9nS0VJQ0FnSURmdzlmM1dBEAE_02,ChZDSUhNMG9nS0VJQ0FnSURmdzlmM1dBEAE,4,5
ChZDSUhNMG9nS0VJQ0FnSUNfb01iOUlnEAE_01,ChZDSUhNMG9nS0VJQ0FnSUNfb01iOUlnEAE,2,2
ChZDSUhNMG9nS0VJQ0FnSUNfb01iOUlnEAE_02,ChZDSUhNMG9nS0VJQ0FnSUNfb01iOUlnEAE,4,-1
ChZDSUhNMG9nS0VJQ0FnSUNfb01iOUlnEAE_03,ChZDSUhNMG9nS0VJQ0FnSUNfb01iOUlnEAE,1,0
ChdDSUhNMG9nS0VJQ0FnTUNBc0piNXJBRRAB_01,ChdDSUhNMG9nS0VJQ0FnTUNBc0piNXJBRRAB,24,33
ChdDSUhNMG9nS0VJQ0FnTUNBOHBfWThnRRAB_01,ChdDSUhNMG9nS0VJQ0FnTUNBOHBfWThnRRAB,5,4
ChdDSUhNMG9nS0VJQ0FnTUNBOHBfWThnRRAB_02,ChdDSUhNMG9nS0VJQ0FnTUNBOHBfWThnRRAB,29,23
ChdDSUhNMG9nS0VJQ0FnTUNBOHBfWThnRRAB_03,ChdDSUhNMG9nS0VJQ0FnTUNBOHBfWThnRRAB,5,4
ChdDSUhNMG9nS0VJQ0FnTUNBOHBfWThnRRAB_04,ChdDSUhNMG9nS0VJQ0FnTUNBOHBfWThnRRAB,38,40
ChdDSUhNMG9nS0VJQ0FnTUNBOHBfWThnRRAB_05,ChdDSUhNMG9nS0VJQ0FnTUNBOHBfWThnRRAB,-1,-1
ChdDSUhNMG9nS0VJQ0FnTURBaXNxYXN3RRAB_01,ChdDSUhNMG9nS0VJQ0FnTURBaXNxYXN3RRAB,21,-1
ChZDSUhNMG9nS0VJQ0FnTUNRczgyS0ZREAE_01,ChZDSUhNMG9nS0VJQ0FnTUNRczgyS0ZREAE,15,11
ChZDSUhNMG9nS0VJQ0FnTUNRczgyS0ZREAE_02,ChZDSUhNMG9nS0VJQ0FnTUNRczgyS0ZREAE,13,15
ChZDSUhNMG9nS0VJQ0FnTUNRczgyS0ZREAE_03,ChZDSUhNMG9nS0VJQ0FnTUNRczgyS0ZREAE,-1,-1
ChdDSUhNMG9nS0VJQ0FnTUNRajczQi13RRAB_01,ChdDSUhNMG9nS0VJQ0FnTUNRajczQi13RRAB,2,-1
ChdDSUhNMG9nS0VJQ0FnTUNRajczQi13RRAB_02,ChdDSUhNMG9nS0VJQ0FnTUNRajczQi13RRAB,19,16
ChdDSUhNMG9nS0VJQ0FnTUR3OVBhSXFRRRAB_01,ChdDSUhNMG9nS0VJQ0FnTUR3OVBhSXFRRRAB,15,11
ChZDSUhNMG9nS0VJQ0FnTUR3OUk2RGFBEAE_01,ChZDSUhNMG9nS0VJQ0FnTUR3OUk2RGFBEAE,15,11
ChdDSUhNMG9nS0VJQ0FnTUR3MTdPdXlBRRAB_01,ChdDSUhNMG9nS0VJQ0FnTUR3MTdPdXlBRRAB,19,16
ChdDSUhNMG9nS0VJQ0FnTUR3MTdPdXlBRRAB_02,ChdDSUhNMG9nS0VJQ0FnTUR3MTdPdXlBRRAB,15,11
ChdDSUhNMG9nS0VJQ0FnTUR3MTdPdXlBRRAB_03,ChdDSUhNMG9nS0VJQ0FnTUR3MTdPdXlBRRAB,15,11
ChdDSUhNMG9nS0VJQ0FnTUR3MTdPdXlBRRAB_04,ChdDSUhNMG9nS0VJQ0FnTUR3MTdPdXlBRRAB,1,0
ChdDSUhNMG9nS0VJQ0FnTUR3MTdPdXlBRRAB_05,ChdDSUhNMG9nS0VJQ0FnTUR3MTdPdXlBRRAB,2,2
ChdDSUhNMG9nS0VJQ0FnTUR3MTdPdXlBRRAB_06,ChdDSUhNMG9nS0VJQ0FnTUR3MTdPdXlBRRAB,3,-1
ChdDSUhNMG9nS0VJQ0FnTUR3MTdPdXlBRRAB_07,ChdDSUhNMG9nS0VJQ0FnTUR3MTdPdXlBRRAB,5,-1
ChdDSUhNMG9nS0VJQ0FnTUNJeXRiZmdRRRAB_01,ChdDSUhNMG9nS0VJQ0FnTUNJeXRiZmdRRRAB,15,11
ChZDSUhNMG9nS0VJQ0FnTUNveVpqRlRBEAE_01,ChZDSUhNMG9nS0VJQ0FnTUNveVpqRlRBEAE,12,-1
ChZDSUhNMG9nS0VJQ0FnTUNvN2JXUlVnEAE_01,ChZDSUhNMG9nS0VJQ0FnTUNvN2JXUlVnEAE,15,11
ChZDSUhNMG9nS0VJQ0FnTUNvN2JXUlVnEAE_02,ChZDSUhNMG9nS0VJQ0FnTUNvN2JXUlVnEAE,9,9
ChdDSUhNMG9nS0VJQ0FnTURvNnYtZnRnRRAB_01,ChdDSUhNMG9nS0VJQ0FnTURvNnYtZnRnRRAB,13,15
ChdDSUhNMG9nS0VJQ0FnTURvNnYtZnRnRRAB_02,ChdDSUhNMG9nS0VJQ0FnTURvNnYtZnRnRRAB,19,16
ChdDSUhNMG9nS0VJQ0FnTURvNnYtZnRnRRAB_03,ChdDSUhNMG9nS0VJQ0FnTURvNnYtZnRnRRAB,0,1
ChdDSUhNMG9nS0VJQ0FnTURvNnYtZnRnRRAB_04,ChdDSUhNMG9nS0VJQ0FnTURvNnYtZnRnRRAB,5,4
ChdDSUhNMG9nS0VJQ0FnTURvdW9qOGhnRRAB_01,ChdDSUhNMG9nS0VJQ0FnTURvdW9qOGhnRRAB,15,11
ChZDSUhNMG9nS0VJQ0FnTURvc2N1Q0pnEAE_01,ChZDSUhNMG9nS0VJQ0FnTURvc2N1Q0pnEAE,15,11
ChZDSUhNMG9nS0VJQ0FnTURvc2N1Q0pnEAE_02,ChZDSUhNMG9nS0VJQ0FnTURvc2N1Q0pnEAE,15,11
ChZDSUhNMG9nS0VJcUx2b0x0M01DMU93EAE_01,ChZDSUhNMG9nS0VJcUx2b0x0M01DMU93EAE,15,11
Ci9DQUlRQUNvZENodHljRjlvT2w5SVIzUnFTVWxHWVZBMmRXWTVOMHM0UzFCU1dIYxAB_01,Ci9DQUlRQUNvZENodHljRjlvT2w5SVIzUnFTVWxHWVZBMmRXWTVOMHM0UzFCU1dIYxAB,-1,-1
Ci9DQUlRQUNvZENodHljRjlvT2w5SVIzUnFTVWxHWVZBMmRXWTVOMHM0UzFCU1dIYxAB_02,Ci9DQUlRQUNvZENodHljRjlvT2w5SVIzUnFTVWxHWVZBMmRXWTVOMHM0UzFCU1dIYxAB,-1,-1
Ci9DQUlRQUNvZENodHljRjlvT2w5SVIzUnFTVWxHWVZBMmRXWTVOMHM0UzFCU1dIYxAB_03,Ci9DQUlRQUNvZENodHljRjlvT2w5SVIzUnFTVWxHWVZBMmRXWTVOMHM0UzFCU1dIYxAB,5,4
Ci9DQUlRQUNvZENodHljRjlvT2w5SVIzUnFTVWxHWVZBMmRXWTVOMHM0UzFCU1dIYxAB_04,Ci9DQUlRQUNvZENodHljRjlvT2w5SVIzUnFTVWxHWVZBMmRXWTVOMHM0UzFCU1dIYxAB,13,15
Ci9DQUlRQUNvZENodHljRjlvT2w5SVIzUnFTVWxHWVZBMmRXWTVOMHM0UzFCU1dIYxAB_05,Ci9DQUlRQUNvZENodHljRjlvT2w5SVIzUnFTVWxHWVZBMmRXWTVOMHM0UzFCU1dIYxAB,11,12
Ci9DQUlRQUNvZENodHljRjlvT2w5SVIzUnFTVWxHWVZBMmRXWTVOMHM0UzFCU1dIYxAB_06,Ci9DQUlRQUNvZENodHljRjlvT2w5SVIzUnFTVWxHWVZBMmRXWTVOMHM0UzFCU1dIYxAB,1,0
Ci9DQUlRQUNvZENodHljRjlvT2w5SVIzUnFTVWxHWVZBMmRXWTVOMHM0UzFCU1dIYxAB_07,Ci9DQUlRQUNvZENodHljRjlvT2w5SVIzUnFTVWxHWVZBMmRXWTVOMHM0UzFCU1dIYxAB,3,3
Ci9DQUlRQUNvZENodHljRjlvT21GbGFtMXZTMDlqYlRkcVIwd3lXSFY1VUZNd2FGRRAB_01,Ci9DQUlRQUNvZENodHljRjlvT21GbGFtMXZTMDlqYlRkcVIwd3lXSFY1VUZNd2FGRRAB,3,-1
Ci9DQUlRQUNvZENodHljRjlvT2xkNFlYVlhORmR0ZEhodFUxRnlhRjkxVUZCU0xYYxAB_01,Ci9DQUlRQUNvZENodHljRjlvT2xkNFlYVlhORmR0ZEhodFUxRnlhRjkxVUZCU0xYYxAB,7,7
Ci9DQUlRQUNvZENodHljRjlvT2xaamVsUjJTbXhCTld0YWVGQnVTVTV2Tm5OaVMyYxAB_01,Ci9DQUlRQUNvZENodHljRjlvT2xaamVsUjJTbXhCTld0YWVGQnVTVTV2Tm5OaVMyYxAB,15,11
Ci9DQUlRQUNvZENodHljRjlvT2xaamVsUjJTbXhCTld0YWVGQnVTVTV2Tm5OaVMyYxAB_02,Ci9DQUlRQUNvZENodHljRjlvT2xaamVsUjJTbXhCTld0YWVGQnVTVTV2Tm5OaVMyYxAB,-1,-1
Ci9DQUlRQUNvZENodHljRjlvT25BMFp6STNVekZZU0RseFMxVnFWRmhaUm04M1gxRRAB_01,Ci9DQUlRQUNvZENodHljRjlvT25BMFp6STNVekZZU0RseFMxVnFWRmhaUm04M1gxRRAB,24,33
Ci9DQUlRQUNvZENodHljRjlvT25BMFp6STNVekZZU0RseFMxVnFWRmhaUm04M1gxRRAB_02,Ci9DQUlRQUNvZENodHljRjlvT25BMFp6STNVekZZU0RseFMxVnFWRmhaUm04M1gxRRAB,8,8
Ci9DQUlRQUNvZENodHljRjlvT25BMFp6STNVekZZU0RseFMxVnFWRmhaUm04M1gxRRAB_03,Ci9DQUlRQUNvZENodHljRjlvT25BMFp6STNVekZZU0RseFMxVnFWRmhaUm04M1gxRRAB,10,10
Ci9DQUlRQUNvZENodHljRjlvT25BMFp6STNVekZZU0RseFMxVnFWRmhaUm04M1gxRRAB_04,Ci9DQUlRQUNvZENodHljRjlvT25BMFp6STNVekZZU0RseFMxVnFWRmhaUm04M1gxRRAB,-1,-1
Ci9DQUlRQUNvZENodHljRjlvT25BMFp6STNVekZZU0RseFMxVnFWRmhaUm04M1gxRRAB_05,Ci9DQUlRQUNvZENodHljRjlvT25BMFp6STNVekZZU0RseFMxVnFWRmhaUm04M1gxRRAB,31,27
Ci9DQUlRQUNvZENodHljRjlvT2tFMFFsZDBZbFpxVW5SbU1ITklNazB0ZHpOWFUxRRAB_01,Ci9DQUlRQUNvZENodHljRjlvT2tFMFFsZDBZbFpxVW5SbU1ITklNazB0ZHpOWFUxRRAB,15,11
Ci9DQUlRQUNvZENodHljRjlvT2tFMFFsZDBZbFpxVW5SbU1ITklNazB0ZHpOWFUxRRAB_02,Ci9DQUlRQUNvZENodHljRjlvT2tFMFFsZDBZbFpxVW5SbU1ITklNazB0ZHpOWFUxRRAB,2,2
Ci9DQUlRQUNvZENodHljRjlvT2psSVQwSk1WVm94VGxoclZVNDVjM2xzT0UxVFVXYxAB_01,Ci9DQUlRQUNvZENodHljRjlvT2psSVQwSk1WVm94VGxoclZVNDVjM2xzT0UxVFVXYxAB,2,2
Ci9DQUlRQUNvZENodHljRjlvT2psSVQwSk1WVm94VGxoclZVNDVjM2xzT0UxVFVXYxAB_02,Ci9DQUlRQUNvZENodHljRjlvT2psSVQwSk1WVm94VGxoclZVNDVjM2xzT0UxVFVXYxAB,-1,-1
Ci9DQUlRQUNvZENodHljRjlvT2psSVQwSk1WVm94VGxoclZVNDVjM2xzT0UxVFVXYxAB_03,Ci9DQUlRQUNvZENodHljRjlvT2psSVQwSk1WVm94VGxoclZVNDVjM2xzT0UxVFVXYxAB,-1,-1
Ci9DQUlRQUNvZENodHljRjlvT2psSVQwSk1WVm94VGxoclZVNDVjM2xzT0UxVFVXYxAB_04,Ci9DQUlRQUNvZENodHljRjlvT2psSVQwSk1WVm94VGxoclZVNDVjM2xzT0UxVFVXYxAB,17,-1
Ci9DQUlRQUNvZENodHljRjlvT25GQk1XTm1Ta2xuWDNBdFozTXRiV3BUZDFsU1ZsRRAB_01,Ci9DQUlRQUNvZENodHljRjlvT25GQk1XTm1Ta2xuWDNBdFozTXRiV3BUZDFsU1ZsRRAB,13,15
Ci9DQUlRQUNvZENodHljRjlvT25GQk1XTm1Ta2xuWDNBdFozTXRiV3BUZDFsU1ZsRRAB_02,Ci9DQUlRQUNvZENodHljRjlvT25GQk1XTm1Ta2xuWDNBdFozTXRiV3BUZDFsU1ZsRRAB,1,0
Ci9DQUlRQUNvZENodHljRjlvT25GQk1XTm1Ta2xuWDNBdFozTXRiV3BUZDFsU1ZsRRAB_03,Ci9DQUlRQUNvZENodHljRjlvT25GQk1XTm1Ta2xuWDNBdFozTXRiV3BUZDFsU1ZsRRAB,-1,-1
Ci9DQUlRQUNvZENodHljRjlvT2s1bGMwdzJWSFI2VWs1M1kxWjVXbXRzYzBwU1VYYxAB_01,Ci9DQUlRQUNvZENodHljRjlvT2s1bGMwdzJWSFI2VWs1M1kxWjVXbXRzYzBwU1VYYxAB,37,35
Ci9DQUlRQUNvZENodHljRjlvT2s1bGMwdzJWSFI2VWs1M1kxWjVXbXRzYzBwU1VYYxAB_02,Ci9DQUlRQUNvZENodHljRjlvT2s1bGMwdzJWSFI2VWs1M1kxWjVXbXRzYzBwU1VYYxAB,1,0
Ci9DQUlRQUNvZENodHljRjlvT2s1bGMwdzJWSFI2VWs1M1kxWjVXbXRzYzBwU1VYYxAB_03,Ci9DQUlRQUNvZENodHljRjlvT2s1bGMwdzJWSFI2VWs1M1kxWjVXbXRzYzBwU1VYYxAB,15,11
Ci9DQUlRQUNvZENodHljRjlvT2s1bGMwdzJWSFI2VWs1M1kxWjVXbXRzYzBwU1VYYxAB_04,Ci9DQUlRQUNvZENodHljRjlvT2s1bGMwdzJWSFI2VWs1M1kxWjVXbXRzYzBwU1VYYxAB,-1,-1
Ci9DQUlRQUNvZENodHljRjlvT2s1bGMwdzJWSFI2VWs1M1kxWjVXbXRzYzBwU1VYYxAB_05,Ci9DQUlRQUNvZENodHljRjlvT2s1bGMwdzJWSFI2VWs1M1kxWjVXbXRzYzBwU1VYYxAB,31,27
Ci9DQUlRQUNvZENodHljRjlvT2xNNE5FYzNia3d4U1hCclpXdFdMVzVYV1RKa1UzYxAB_01,Ci9DQUlRQUNvZENodHljRjlvT2xNNE5FYzNia3d4U1hCclpXdFdMVzVYV1RKa1UzYxAB,15,11
Ci9DQUlRQUNvZENodHljRjlvT2xNNE5FYzNia3d4U1hCclpXdFdMVzVYV1RKa1UzYxAB_02,Ci9DQUlRQUNvZENodHljRjlvT2xNNE5FYzNia3d4U1hCclpXdFdMVzVYV1RKa1UzYxAB,15,11
Ci9DQUlRQUNvZENodHljRjlvT2xNNE5FYzNia3d4U1hCclpXdFdMVzVYV1RKa1UzYxAB_03,Ci9DQUlRQUNvZENodHljRjlvT2xNNE5FYzNia3d4U1hCclpXdFdMVzVYV1RKa1UzYxAB,-1,-1
Ci9DQUlRQUNvZENodHljRjlvT25SeU0xRkJTbnBCVG14U2MwVXpjRUo0UzFoclFVRRAB_01,Ci9DQUlRQUNvZENodHljRjlvT25SeU0xRkJTbnBCVG14U2MwVXpjRUo0UzFoclFVRRAB,-1,-1
Ci9DQUlRQUNvZENodHljRjlvT25SeU0xRkJTbnBCVG14U2MwVXpjRUo0UzFoclFVRRAB_02,Ci9DQUlRQUNvZENodHljRjlvT25SeU0xRkJTbnBCVG14U2MwVXpjRUo0UzFoclFVRRAB,2,2
Ci9DQUlRQUNvZENodHljRjlvT2xKTE5FTnBMVkpDYzNOcVlqbFBlRlZaV2pnMVZrRRAB_01,Ci9DQUlRQUNvZENodHljRjlvT2xKTE5FTnBMVkpDYzNOcVlqbFBlRlZaV2pnMVZrRRAB,3,3
Ci9DQUlRQUNvZENodHljRjlvT25SdFNHVmxZalIxUzNCb1IyVldjMlZKU0hRM1JIYxAB_01,Ci9DQUlRQUNvZENodHljRjlvT25SdFNHVmxZalIxUzNCb1IyVldjMlZKU0hRM1JIYxAB,3,3
Ci9DQUlRQUNvZENodHljRjlvT210TmR6UnNOVmcwWlV4MmFtVnlhMFJyYlVoeVRsRRAB_01,Ci9DQUlRQUNvZENodHljRjlvT210TmR6UnNOVmcwWlV4MmFtVnlhMFJyYlVoeVRsRRAB,15,11
ChZDSUhNMG9nS0VJQ0FnSUM5MTZ6blNBEAE_01,ChZDSUhNMG9nS0VJQ0FnSUM5MTZ6blNBEAE,7,7
ChZDSUhNMG9nS0VJQ0FnSURqX29xVEV3EAE_01,ChZDSUhNMG9nS0VJQ0FnSURqX29xVEV3EAE,3,-1
ChZDSUhNMG9nS0VJQ0FnSUNUenM3dUlBEAE_01,ChZDSUhNMG9nS0VJQ0FnSUNUenM3dUlBEAE,14,13
ChdDSUhNMG9nS0VJQ0FnSUNyMV92WXV3RRAB_01,ChdDSUhNMG9nS0VJQ0FnSUNyMV92WXV3RRAB,24,-1
Ci9DQUlRQUNvZENodHljRjlvT21ScmRYSmFkVTFuYUY5RGRDMDBMVjlJYVVOcVkwRRAB_01,Ci9DQUlRQUNvZENodHljRjlvT21ScmRYSmFkVTFuYUY5RGRDMDBMVjlJYVVOcVkwRRAB,11,12
ChZDSUhNMG9nS0VJQ0FnSUNMNnJPR1ZnEAE_01,ChZDSUhNMG9nS0VJQ0FnSUNMNnJPR1ZnEAE,-1,-1
ChZDSUhNMG9nS0VJQ0FnSUNMNnJPR1ZnEAE_02,ChZDSUhNMG9nS0VJQ0FnSUNMNnJPR1ZnEAE,20,18
ChdDSUhNMG9nS0VJQ0FnSUNfN0tIRTJBRRAB_01,ChdDSUhNMG9nS0VJQ0FnSUNfN0tIRTJBRRAB,-1,-1
ChdDSUhNMG9nS0VJQ0FnSUNfN0tIRTJBRRAB_02,ChdDSUhNMG9nS0VJQ0FnSUNfN0tIRTJBRRAB,-1,-1
ChdDSUhNMG9nS0VJQ0FnSUNfN0tIRTJBRRAB_03,ChdDSUhNMG9nS0VJQ0FnSUNfN0tIRTJBRRAB,40,41
ChdDSUhNMG9nS0VJQ0FnSUNfN0tIRTJBRRAB_04,ChdDSUhNMG9nS0VJQ0FnSUNfN0tIRTJBRRAB,0,1
ChdDSUhNMG9nS0VJQ0FnSUNfN0tIRTJBRRAB_05,ChdDSUhNMG9nS0VJQ0FnSUNfN0tIRTJBRRAB,-1,-1
ChdDSUhNMG9nS0VJQ0FnSUNfN0tIRTJBRRAB_06,ChdDSUhNMG9nS0VJQ0FnSUNfN0tIRTJBRRAB,0,-1
ChZDSUhNMG9nS0VJQ0FnSURfOF9tc2V3EAE_01,ChZDSUhNMG9nS0VJQ0FnSURfOF9tc2V3EAE,23,-1
ChZDSUhNMG9nS0VJQ0FnSURfOF9tc2V3EAE_02,ChZDSUhNMG9nS0VJQ0FnSURfOF9tc2V3EAE,20,18
ChZDSUhNMG9nS0VJQ0FnSURfOF9tc2V3EAE_03,ChZDSUhNMG9nS0VJQ0FnSURfOF9tc2V3EAE,-1,-1
ChZDSUhNMG9nS0VJQ0FnSURfOF9tc2V3EAE_04,ChZDSUhNMG9nS0VJQ0FnSURfOF9tc2V3EAE,39,38
Ci9DQUlRQUNvZENodHljRjlvT2tsMGIxZE5SM0V3TjBodVZUbEtRVU5TZVhWcVRHYxAB_01,Ci9DQUlRQUNvZENodHljRjlvT2tsMGIxZE5SM0V3TjBodVZUbEtRVU5TZVhWcVRHYxAB,9,9
Ci9DQUlRQUNvZENodHljRjlvT2tsMGIxZE5SM0V3TjBodVZUbEtRVU5TZVhWcVRHYxAB_02,Ci9DQUlRQUNvZENodHljRjlvT2tsMGIxZE5SM0V3TjBodVZUbEtRVU5TZVhWcVRHYxAB,9,9
Ci9DQUlRQUNvZENodHljRjlvT2tsMGIxZE5SM0V3TjBodVZUbEtRVU5TZVhWcVRHYxAB_03,Ci9DQUlRQUNvZENodHljRjlvT2tsMGIxZE5SM0V3TjBodVZUbEtRVU5TZVhWcVRHYxAB,13,-1
Ci9DQUlRQUNvZENodHljRjlvT2tsMGIxZE5SM0V3TjBodVZUbEtRVU5TZVhWcVRHYxAB_04,Ci9DQUlRQUNvZENodHljRjlvT2tsMGIxZE5SM0V3TjBodVZUbEtRVU5TZVhWcVRHYxAB,9,9
Ci9DQUlRQUNvZENodHljRjlvT2tsMGIxZE5SM0V3TjBodVZUbEtRVU5TZVhWcVRHYxAB_05,Ci9DQUlRQUNvZENodHljRjlvT2tsMGIxZE5SM0V3TjBodVZUbEtRVU5TZVhWcVRHYxAB,11,12
Ci9DQUlRQUNvZENodHljRjlvT2tsMGIxZE5SM0V3TjBodVZUbEtRVU5TZVhWcVRHYxAB_06,Ci9DQUlRQUNvZENodHljRjlvT2tsMGIxZE5SM0V3TjBodVZUbEtRVU5TZVhWcVRHYxAB,11,12
Ci9DQUlRQUNvZENodHljRjlvT2tsMGIxZE5SM0V3TjBodVZUbEtRVU5TZVhWcVRHYxAB_07,Ci9DQUlRQUNvZENodHljRjlvT2tsMGIxZE5SM0V3TjBodVZUbEtRVU5TZVhWcVRHYxAB,13,15
Ci9DQUlRQUNvZENodHljRjlvT2tsMGIxZE5SM0V3TjBodVZUbEtRVU5TZVhWcVRHYxAB_08,Ci9DQUlRQUNvZENodHljRjlvT2tsMGIxZE5SM0V3TjBodVZUbEtRVU5TZVhWcVRHYxAB,-1,-1
Ci9DQUlRQUNvZENodHljRjlvT2tsMGIxZE5SM0V3TjBodVZUbEtRVU5TZVhWcVRHYxAB_09,Ci9DQUlRQUNvZENodHljRjlvT2tsMGIxZE5SM0V3TjBodVZUbEtRVU5TZVhWcVRHYxAB,1,0
Ci9DQUlRQUNvZENodHljRjlvT2tsMGIxZE5SM0V3TjBodVZUbEtRVU5TZVhWcVRHYxAB_10,Ci9DQUlRQUNvZENodHljRjlvT2tsMGIxZE5SM0V3TjBodVZUbEtRVU5TZVhWcVRHYxAB,9,9
Ci9DQUlRQUNvZENodHljRjlvT2tsMGIxZE5SM0V3TjBodVZUbEtRVU5TZVhWcVRHYxAB_11,Ci9DQUlRQUNvZENodHljRjlvT2tsMGIxZE5SM0V3TjBodVZUbEtRVU5TZVhWcVRHYxAB,1,0
Ci9DQUlRQUNvZENodHljRjlvT2tsMGIxZE5SM0V3TjBodVZUbEtRVU5TZVhWcVRHYxAB_12,Ci9DQUlRQUNvZENodHljRjlvT2tsMGIxZE5SM0V3TjBodVZUbEtRVU5TZVhWcVRHYxAB,1,0
Ci9DQUlRQUNvZENodHljRjlvT2tsMGIxZE5SM0V3TjBodVZUbEtRVU5TZVhWcVRHYxAB_13,Ci9DQUlRQUNvZENodHljRjlvT2tsMGIxZE5SM0V3TjBodVZUbEtRVU5TZVhWcVRHYxAB,1,0
Ci9DQUlRQUNvZENodHljRjlvT2tsMGIxZE5SM0V3TjBodVZUbEtRVU5TZVhWcVRHYxAB_14,Ci9DQUlRQUNvZENodHljRjlvT2tsMGIxZE5SM0V3TjBodVZUbEtRVU5TZVhWcVRHYxAB,2,2
Ci9DQUlRQUNvZENodHljRjlvT2tsMGIxZE5SM0V3TjBodVZUbEtRVU5TZVhWcVRHYxAB_15,Ci9DQUlRQUNvZENodHljRjlvT2tsMGIxZE5SM0V3TjBodVZUbEtRVU5TZVhWcVRHYxAB,9,9
Ci9DQUlRQUNvZENodHljRjlvT2tsMGIxZE5SM0V3TjBodVZUbEtRVU5TZVhWcVRHYxAB_16,Ci9DQUlRQUNvZENodHljRjlvT2tsMGIxZE5SM0V3TjBodVZUbEtRVU5TZVhWcVRHYxAB,2,2
Ci9DQUlRQUNvZENodHljRjlvT2tsMGIxZE5SM0V3TjBodVZUbEtRVU5TZVhWcVRHYxAB_17,Ci9DQUlRQUNvZENodHljRjlvT2tsMGIxZE5SM0V3TjBodVZUbEtRVU5TZVhWcVRHYxAB,5,4
Ci9DQUlRQUNvZENodHljRjlvT2tsMGIxZE5SM0V3TjBodVZUbEtRVU5TZVhWcVRHYxAB_18,Ci9DQUlRQUNvZENodHljRjlvT2tsMGIxZE5SM0V3TjBodVZUbEtRVU5TZVhWcVRHYxAB,5,4
Ci9DQUlRQUNvZENodHljRjlvT2tsMGIxZE5SM0V3TjBodVZUbEtRVU5TZVhWcVRHYxAB_19,Ci9DQUlRQUNvZENodHljRjlvT2tsMGIxZE5SM0V3TjBodVZUbEtRVU5TZVhWcVRHYxAB,9,9
Ci9DQUlRQUNvZENodHljRjlvT2tsMGIxZE5SM0V3TjBodVZUbEtRVU5TZVhWcVRHYxAB_20,Ci9DQUlRQUNvZENodHljRjlvT2tsMGIxZE5SM0V3TjBodVZUbEtRVU5TZVhWcVRHYxAB,7,7
Ci9DQUlRQUNvZENodHljRjlvT2tsMGIxZE5SM0V3TjBodVZUbEtRVU5TZVhWcVRHYxAB_21,Ci9DQUlRQUNvZENodHljRjlvT2tsMGIxZE5SM0V3TjBodVZUbEtRVU5TZVhWcVRHYxAB,9,9
Ci9DQUlRQUNvZENodHljRjlvT2tsMGIxZE5SM0V3TjBodVZUbEtRVU5TZVhWcVRHYxAB_22,Ci9DQUlRQUNvZENodHljRjlvT2tsMGIxZE5SM0V3TjBodVZUbEtRVU5TZVhWcVRHYxAB,-1,-1
Ci9DQUlRQUNvZENodHljRjlvT2tsMGIxZE5SM0V3TjBodVZUbEtRVU5TZVhWcVRHYxAB_23,Ci9DQUlRQUNvZENodHljRjlvT2tsMGIxZE5SM0V3TjBodVZUbEtRVU5TZVhWcVRHYxAB,-1,-1
Ci9DQUlRQUNvZENodHljRjlvT2tsMGIxZE5SM0V3TjBodVZUbEtRVU5TZVhWcVRHYxAB_24,Ci9DQUlRQUNvZENodHljRjlvT2tsMGIxZE5SM0V3TjBodVZUbEtRVU5TZVhWcVRHYxAB,-1,-1
Ci9DQUlRQUNvZENodHljRjlvT2tjeFlVdzBWblp2TUdSUGEwMTFYMUZtTFcweU1tYxAB_01,Ci9DQUlRQUNvZENodHljRjlvT2tjeFlVdzBWblp2TUdSUGEwMTFYMUZtTFcweU1tYxAB,-1,-1
Ci9DQUlRQUNvZENodHljRjlvT2tjeFlVdzBWblp2TUdSUGEwMTFYMUZtTFcweU1tYxAB_02,Ci9DQUlRQUNvZENodHljRjlvT2tjeFlVdzBWblp2TUdSUGEwMTFYMUZtTFcweU1tYxAB,5,4
Ci9DQUlRQUNvZENodHljRjlvT2pSbFJHSTNiek5QTVhCMVJGUmFWbE00WTJkRVdXYxAB_01,Ci9DQUlRQUNvZENodHljRjlvT2pSbFJHSTNiek5QTVhCMVJGUmFWbE00WTJkRVdXYxAB,34,34
Ci9DQUlRQUNvZENodHljRjlvT2pSbFJHSTNiek5QTVhCMVJGUmFWbE00WTJkRVdXYxAB_02,Ci9DQUlRQUNvZENodHljRjlvT2pSbFJHSTNiek5QTVhCMVJGUmFWbE00WTJkRVdXYxAB,39,38
Ci9DQUlRQUNvZENodHljRjlvT25oNlFuSkJXRXBHU2t0V2FYQllRbHBVWDBaVVFVRRAB_01,Ci9DQUlRQUNvZENodHljRjlvT25oNlFuSkJXRXBHU2t0V2FYQllRbHBVWDBaVVFVRRAB,4,5
Ci9DQUlRQUNvZENodHljRjlvT25oNlFuSkJXRXBHU2t0V2FYQllRbHBVWDBaVVFVRRAB_02,Ci9DQUlRQUNvZENodHljRjlvT25oNlFuSkJXRXBHU2t0V2FYQllRbHBVWDBaVVFVRRAB,23,31
Ci9DQUlRQUNvZENodHljRjlvT2tWR1JsQktPSGhVWjAxU2JUQXpPV1ZQWlRKMFpHYxAB_01,Ci9DQUlRQUNvZENodHljRjlvT2tWR1JsQktPSGhVWjAxU2JUQXpPV1ZQWlRKMFpHYxAB,3,-1
Ci9DQUlRQUNvZENodHljRjlvT21wVFpHVkZlVmh4WVVkUWFIZzNNM0pUWVZSUVJrRRAB_01,Ci9DQUlRQUNvZENodHljRjlvT21wVFpHVkZlVmh4WVVkUWFIZzNNM0pUWVZSUVJrRRAB,11,12
Ci9DQUlRQUNvZENodHljRjlvT21wVFpHVkZlVmh4WVVkUWFIZzNNM0pUWVZSUVJrRRAB_02,Ci9DQUlRQUNvZENodHljRjlvT21wVFpHVkZlVmh4WVVkUWFIZzNNM0pUWVZSUVJrRRAB,-1,-1
Ci9DQUlRQUNvZENodHljRjlvT21wVFpHVkZlVmh4WVVkUWFIZzNNM0pUWVZSUVJrRRAB_03,Ci9DQUlRQUNvZENodHljRjlvT21wVFpHVkZlVmh4WVVkUWFIZzNNM0pUWVZSUVJrRRAB,-1,-1
ChdDSUhNMG9nS0VJQ0FnSUQxenJLczNBRRAB_01,ChdDSUhNMG9nS0VJQ0FnSUQxenJLczNBRRAB,14,13
ChZDSUhNMG9nS0VJQ0FnSUNkNk1hMlhBEAE_01,ChZDSUhNMG9nS0VJQ0FnSUNkNk1hMlhBEAE,29,-1
ChZDSUhNMG9nS0VJQ0FnSUNkNk1hMlhBEAE_02,ChZDSUhNMG9nS0VJQ0FnSUNkNk1hMlhBEAE,38,40
ChZDSUhNMG9nS0VJQ0FnSUM5N04zdFNBEAE_01,ChZDSUhNMG9nS0VJQ0FnSUM5N04zdFNBEAE,-1,-1
ChdDSUhNMG9nS0VJQ0FnSUQ5NFlDQThBRRAB_01,ChdDSUhNMG9nS0VJQ0FnSUQ5NFlDQThBRRAB,-1,-1
ChdDSUhNMG9nS0VJQ0FnSUNEczYtSG9nRRAB_01,ChdDSUhNMG9nS0VJQ0FnSUNEczYtSG9nRRAB,4,5
ChdDSUhNMG9nS0VJQ0FnSUNEczYtSG9nRRAB_02,ChdDSUhNMG9nS0VJQ0FnSUNEczYtSG9nRRAB,17,19
ChdDSUhNMG9nS0VJQ0FnSUNEczYtSG9nRRAB_03,ChdDSUhNMG9nS0VJQ0FnSUNEczYtSG9nRRAB,14,13
ChdDSUhNMG9nS0VJQ0FnSUNEczYtSG9nRRAB_04,ChdDSUhNMG9nS0VJQ0FnSUNEczYtSG9nRRAB,5,4
ChZDSUhNMG9nS0VJQ0FnSUREaDVmNlFREAE_01,ChZDSUhNMG9nS0VJQ0FnSUREaDVmNlFREAE,4,5
ChZDSUhNMG9nS0VJQ0FnSUREaDVmNlFREAE_02,ChZDSUhNMG9nS0VJQ0FnSUREaDVmNlFREAE,-1,-1
ChdDSUhNMG9nS0VJQ0FnSUNUc2VxRm5RRRAB_01,ChdDSUhNMG9nS0VJQ0FnSUNUc2VxRm5RRRAB,0,1
ChdDSUhNMG9nS0VJQ0FnSUNUM1p6VDBnRRAB_01,ChdDSUhNMG9nS0VJQ0FnSUNUM1p6VDBnRRAB,4,5
ChdDSUhNMG9nS0VJQ0FnSUNUM1p6VDBnRRAB_02,ChdDSUhNMG9nS0VJQ0FnSUNUM1p6VDBnRRAB,2,2
ChdDSUhNMG9nS0VJQ0FnSUNUM1p6VDBnRRAB_03,ChdDSUhNMG9nS0VJQ0FnSUNUM1p6VDBnRRAB,4,5
ChdDSUhNMG9nS0VJQ0FnSUNUczdmWWhRRRAB_01,ChdDSUhNMG9nS0VJQ0FnSUNUczdmWWhRRRAB,4,5
ChZDSUhNMG9nS0VJQ0FnSUNUaTVPUlhREAE_01,ChZDSUhNMG9nS0VJQ0FnSUNUaTVPUlhREAE,3,3
ChZDSUhNMG9nS0VJQ0FnSUNUaTVPUlhREAE_02,ChZDSUhNMG9nS0VJQ0FnSUNUaTVPUlhREAE,-1,-1
ChZDSUhNMG9nS0VJQ0FnSURyNGJtS2FBEAE_01,ChZDSUhNMG9nS0VJQ0FnSURyNGJtS2FBEAE,3,3
ChZDSUhNMG9nS0VJQ0FnSURyNGJtS2FBEAE_02,ChZDSUhNMG9nS0VJQ0FnSURyNGJtS2FBEAE,17,19
ChZDSUhNMG9nS0VJQ0FnSURyNGJtS2FBEAE_03,ChZDSUhNMG9nS0VJQ0FnSURyNGJtS2FBEAE,13,15
ChdDSUhNMG9nS0VJQ0FnSURiNkpxZ253RRAB_01,ChdDSUhNMG9nS0VJQ0FnSURiNkpxZ253RRAB,7,7
ChdDSUhNMG9nS0VJQ0FnSURiNkpxZ253RRAB_02,ChdDSUhNMG9nS0VJQ0FnSURiNkpxZ253RRAB,8,8
ChZDSUhNMG9nS0VJQ0FnSUM3NnRlVUF3EAE_01,ChZDSUhNMG9nS0VJQ0FnSUM3NnRlVUF3EAE,3,3
ChZDSUhNMG9nS0VJQ0FnSUM3NnRlVUF3EAE_02,ChZDSUhNMG9nS0VJQ0FnSUM3NnRlVUF3EAE,5,4
ChZDSUhNMG9nS0VJQ0FnSURIM2ZQeUtREAE_01,ChZDSUhNMG9nS0VJQ0FnSURIM2ZQeUtREAE,3,3
ChZDSUhNMG9nS0VJQ0FnSUNYbDhHb2FnEAE_01,ChZDSUhNMG9nS0VJQ0FnSUNYbDhHb2FnEAE,4,5
ChZDSUhNMG9nS0VJQ0FnSUNYbDhHb2FnEAE_02,ChZDSUhNMG9nS0VJQ0FnSUNYbDhHb2FnEAE,9,9
ChZDSUhNMG9nS0VJQ0FnSUNYbDhHb2FnEAE_03,ChZDSUhNMG9nS0VJQ0FnSUNYbDhHb2FnEAE,17,19
ChdDSUhNMG9nS0VJQ0FnSUN2ekstUjZBRRAB_01,ChdDSUhNMG9nS0VJQ0FnSUN2ekstUjZBRRAB,32,32
ChdDSUhNMG9nS0VJQ0FnSUN2ekstUjZBRRAB_02,ChdDSUhNMG9nS0VJQ0FnSUN2ekstUjZBRRAB,38,40
ChdDSUhNMG9nS0VJQ0FnSUN2ekstUjZBRRAB_03,ChdDSUhNMG9nS0VJQ0FnSUN2ekstUjZBRRAB,-1,-1
ChdDSUhNMG9nS0VJQ0FnSUN2ekstUjZBRRAB_04,ChdDSUhNMG9nS0VJQ0FnSUN2ekstUjZBRRAB,-1,-1
ChZDSUhNMG9nS0VJQ0FnSUR2MHNpTFJBEAE_01,ChZDSUhNMG9nS0VJQ0FnSUR2MHNpTFJBEAE,29,23
ChdDSUhNMG9nS0VJQ0FnSUNfdktIMTRRRRAB_01,ChdDSUhNMG9nS0VJQ0FnSUNfdktIMTRRRRAB,4,5
ChdDSUhNMG9nS0VJQ0FnSUNfdktIMTRRRRAB_02,ChdDSUhNMG9nS0VJQ0FnSUNfdktIMTRRRRAB,1,0
ChdDSUhNMG9nS0VJQ0FnSURwcXNHcHVBRRAB_01,ChdDSUhNMG9nS0VJQ0FnSURwcXNHcHVBRRAB,4,-1
ChdDSUhNMG9nS0VJQ0FnSURwcXNHcHVBRRAB_02,ChdDSUhNMG9nS0VJQ0FnSURwcXNHcHVBRRAB,33,39
ChdDSUhNMG9nS0VJQ0FnTURJbXZQb3J3RRAB_01,ChdDSUhNMG9nS0VJQ0FnTURJbXZQb3J3RRAB,1,-1
ChdDSUhNMG9nS0VJQ0FnTURJMnRqVTV3RRAB_01,ChdDSUhNMG9nS0VJQ0FnTURJMnRqVTV3RRAB,7,7
ChdDSUhNMG9nS0VJQ0FnSUMxc09tOHRBRRAB_01,ChdDSUhNMG9nS0VJQ0FnSUMxc09tOHRBRRAB,8,8
ChdDSUhNMG9nS0VJQ0FnSUMxc09tOHRBRRAB_02,ChdDSUhNMG9nS0VJQ0FnSUMxc09tOHRBRRAB,-1,-1
ChZDSUhNMG9nS0VJQ0FnTUNvNTU3U0Z3EAE_01,ChZDSUhNMG9nS0VJQ0FnTUNvNTU3U0Z3EAE,21,28
ChZDSUhNMG9nS0VJQ0FnTUNvNTU3U0Z3EAE_02,ChZDSUhNMG9nS0VJQ0FnTUNvNTU3U0Z3EAE,14,13
ChdDSUhNMG9nS0VOT0V4dXJmNTR2dmxBRRAB_01,ChdDSUhNMG9nS0VOT0V4dXJmNTR2dmxBRRAB,7,-1
ChdDSUhNMG9nS0VQUExzcnVteEtEZjh3RRAB_01,ChdDSUhNMG9nS0VQUExzcnVteEtEZjh3RRAB,14,13
ChdDSUhNMG9nS0VQUExzcnVteEtEZjh3RRAB_02,ChdDSUhNMG9nS0VQUExzcnVteEtEZjh3RRAB,23,31
Ci9DQUlRQUNvZENodHljRjlvT25aUVJYSjVPVGRXYlhRMk5uRk9TRzltZUVONVdXYxAB_01,Ci9DQUlRQUNvZENodHljRjlvT25aUVJYSjVPVGRXYlhRMk5uRk9TRzltZUVONVdXYxAB,23,31
Ci9DQUlRQUNvZENodHljRjlvT25aUVJYSjVPVGRXYlhRMk5uRk9TRzltZUVONVdXYxAB_02,Ci9DQUlRQUNvZENodHljRjlvT25aUVJYSjVPVGRXYlhRMk5uRk9TRzltZUVONVdXYxAB,-1,-1
Ci9DQUlRQUNvZENodHljRjlvT2pWbmRXaHdXalpHUmpock1VeEdOeTFMVm1RMVExRRAB_01,Ci9DQUlRQUNvZENodHljRjlvT2pWbmRXaHdXalpHUmpock1VeEdOeTFMVm1RMVExRRAB,-1,-1
Ci9DQUlRQUNvZENodHljRjlvT2pWbmRXaHdXalpHUmpock1VeEdOeTFMVm1RMVExRRAB_02,Ci9DQUlRQUNvZENodHljRjlvT2pWbmRXaHdXalpHUmpock1VeEdOeTFMVm1RMVExRRAB,-1,-1
Ci9DQUlRQUNvZENodHljRjlvT2pWbmRXaHdXalpHUmpock1VeEdOeTFMVm1RMVExRRAB_03,Ci9DQUlRQUNvZENodHljRjlvT2pWbmRXaHdXalpHUmpock1VeEdOeTFMVm1RMVExRRAB,1,0
Ci9DQUlRQUNvZENodHljRjlvT2pWbmRXaHdXalpHUmpock1VeEdOeTFMVm1RMVExRRAB_04,Ci9DQUlRQUNvZENodHljRjlvT2pWbmRXaHdXalpHUmpock1VeEdOeTFMVm1RMVExRRAB,-1,-1
Ci9DQUlRQUNvZENodHljRjlvT2tjdFRVWjBMV3hRY0U1VGNIcFdjWEZWZG5sSVpVRRAB_01,Ci9DQUlRQUNvZENodHljRjlvT2tjdFRVWjBMV3hRY0U1VGNIcFdjWEZWZG5sSVpVRRAB,-1,-1
Ci9DQUlRQUNvZENodHljRjlvT2tnemJFUjJRVzg0TFROaFltMXJhVTFZZVcwME9IYxAB_01,Ci9DQUlRQUNvZENodHljRjlvT2tnemJFUjJRVzg0TFROaFltMXJhVTFZZVcwME9IYxAB,0,1
Ci9DQUlRQUNvZENodHljRjlvT2tNd1ozVXRaM1Z6VUZBMlVWbEhWekE1TTJoSE1VRRAB_01,Ci9DQUlRQUNvZENodHljRjlvT2tNd1ozVXRaM1Z6VUZBMlVWbEhWekE1TTJoSE1VRRAB,-1,-1
Ci9DQUlRQUNvZENodHljRjlvT2tNd1ozVXRaM1Z6VUZBMlVWbEhWekE1TTJoSE1VRRAB_02,Ci9DQUlRQUNvZENodHljRjlvT2tNd1ozVXRaM1Z6VUZBMlVWbEhWekE1TTJoSE1VRRAB,0,1
Ci9DQUlRQUNvZENodHljRjlvT21GUmREQmliVkJyU0VaRmQwVkRVR2RGUjE4d04wRRAB_01,Ci9DQUlRQUNvZENodHljRjlvT21GUmREQmliVkJyU0VaRmQwVkRVR2RGUjE4d04wRRAB,1,0
Ci9DQUlRQUNvZENodHljRjlvT2tkT1EyaGxjV2c1UzJZeVprRkZSVVp6ZFdsRU9FRRAB_01,Ci9DQUlRQUNvZENodHljRjlvT2tkT1EyaGxjV2c1UzJZeVprRkZSVVp6ZFdsRU9FRRAB,4,5
Ci9DQUlRQUNvZENodHljRjlvT2tkT1EyaGxjV2c1UzJZeVprRkZSVVp6ZFdsRU9FRRAB_02,Ci9DQUlRQUNvZENodHljRjlvT2tkT1EyaGxjV2c1UzJZeVprRkZSVVp6ZFdsRU9FRRAB,8,8
Ci9DQUlRQUNvZENodHljRjlvT2tkT1EyaGxjV2c1UzJZeVprRkZSVVp6ZFdsRU9FRRAB_03,Ci9DQUlRQUNvZENodHljRjlvT2tkT1EyaGxjV2c1UzJZeVprRkZSVVp6ZFdsRU9FRRAB,1,0
Ci9DQUlRQUNvZENodHljRjlvT2tkT1EyaGxjV2c1UzJZeVprRkZSVVp6ZFdsRU9FRRAB_04,Ci9DQUlRQUNvZENodHljRjlvT2tkT1EyaGxjV2c1UzJZeVprRkZSVVp6ZFdsRU9FRRAB,-1,-1
Ci9DQUlRQUNvZENodHljRjlvT2pkdVJYcEZRbGsxVERGYVdqVnNWelIxWVd0c05rRRAB_01,Ci9DQUlRQUNvZENodHljRjlvT2pkdVJYcEZRbGsxVERGYVdqVnNWelIxWVd0c05rRRAB,3,3
Ci9DQUlRQUNvZENodHljRjlvT2tWcVpWUjNiVzVCVXpoNVpWbzRiblJwUlc1aWFYYxAB_01,Ci9DQUlRQUNvZENodHljRjlvT2tWcVpWUjNiVzVCVXpoNVpWbzRiblJwUlc1aWFYYxAB,7,7
Ci9DQUlRQUNvZENodHljRjlvT2tWcVpWUjNiVzVCVXpoNVpWbzRiblJwUlc1aWFYYxAB_02,Ci9DQUlRQUNvZENodHljRjlvT2tWcVpWUjNiVzVCVXpoNVpWbzRiblJwUlc1aWFYYxAB,-1,-1
Ci9DQUlRQUNvZENodHljRjlvT2s1WE5UUk9RVk5HWlhST2FsVk1TWFpCVlY5YU1FRRAB_01,Ci9DQUlRQUNvZENodHljRjlvT2s1WE5UUk9RVk5HWlhST2FsVk1TWFpCVlY5YU1FRRAB,3,3
Ci9DQUlRQUNvZENodHljRjlvT2tGTUxYQmtTMUoxVXpGbmQyVkNhaTFsTUhnNWNXYxAB_01,Ci9DQUlRQUNvZENodHljRjlvT2tGTUxYQmtTMUoxVXpGbmQyVkNhaTFsTUhnNWNXYxAB,4,5
Ci9DQUlRQUNvZENodHljRjlvT2xGellUWkRNbXRvYldONVpHUjZabk0xU25Cd1lXYxAB_01,Ci9DQUlRQUNvZENodHljRjlvT2xGellUWkRNbXRvYldONVpHUjZabk0xU25Cd1lXYxAB,8,8
Ci9DQUlRQUNvZENodHljRjlvT2xGellUWkRNbXRvYldONVpHUjZabk0xU25Cd1lXYxAB_02,Ci9DQUlRQUNvZENodHljRjlvT2xGellUWkRNbXRvYldONVpHUjZabk0xU25Cd1lXYxAB,4,5
Ci9DQUlRQUNvZENodHljRjlvT2xGellUWkRNbXRvYldONVpHUjZabk0xU25Cd1lXYxAB_03,Ci9DQUlRQUNvZENodHljRjlvT2xGellUWkRNbXRvYldONVpHUjZabk0xU25Cd1lXYxAB,1,0
Ci9DQUlRQUNvZENodHljRjlvT2xGellUWkRNbXRvYldONVpHUjZabk0xU25Cd1lXYxAB_04,Ci9DQUlRQUNvZENodHljRjlvT2xGellUWkRNbXRvYldONVpHUjZabk0xU25Cd1lXYxAB,2,2
Ci9DQUlRQUNvZENodHljRjlvT2xGellUWkRNbXRvYldONVpHUjZabk0xU25Cd1lXYxAB_05,Ci9DQUlRQUNvZENodHljRjlvT2xGellUWkRNbXRvYldONVpHUjZabk0xU25Cd1lXYxAB,7,7
Ci9DQUlRQUNvZENodHljRjlvT2xGellUWkRNbXRvYldONVpHUjZabk0xU25Cd1lXYxAB_06,Ci9DQUlRQUNvZENodHljRjlvT2xGellUWkRNbXRvYldONVpHUjZabk0xU25Cd1lXYxAB,2,2
Ci9DQUlRQUNvZENodHljRjlvT201bVpEUXRWVkJQY200NFdXeGZjbXhCZUdSQ1FsRRAB_01,Ci9DQUlRQUNvZENodHljRjlvT201bVpEUXRWVkJQY200NFdXeGZjbXhCZUdSQ1FsRRAB,12,21
Ci9DQUlRQUNvZENodHljRjlvT201bVpEUXRWVkJQY200NFdXeGZjbXhCZUdSQ1FsRRAB_02,Ci9DQUlRQUNvZENodHljRjlvT201bVpEUXRWVkJQY200NFdXeGZjbXhCZUdSQ1FsRRAB,6,6
Ci9DQUlRQUNvZENodHljRjlvT2psYU5XcEhRa054UjNOeVpYY3hObEpPY1V3eVQyYxAB_01,Ci9DQUlRQUNvZENodHljRjlvT2psYU5XcEhRa054UjNOeVpYY3hObEpPY1V3eVQyYxAB,2,2
Ci9DQUlRQUNvZENodHljRjlvT2psYU5XcEhRa054UjNOeVpYY3hObEpPY1V3eVQyYxAB_02,Ci9DQUlRQUNvZENodHljRjlvT2psYU5XcEhRa054UjNOeVpYY3hObEpPY1V3eVQyYxAB,6,6
Ci9DQUlRQUNvZENodHljRjlvT2psYU5XcEhRa054UjNOeVpYY3hObEpPY1V3eVQyYxAB_03,Ci9DQUlRQUNvZENodHljRjlvT2psYU5XcEhRa054UjNOeVpYY3hObEpPY1V3eVQyYxAB,6,6
Ci9DQUlRQUNvZENodHljRjlvT2psYU5XcEhRa054UjNOeVpYY3hObEpPY1V3eVQyYxAB_04,Ci9DQUlRQUNvZENodHljRjlvT2psYU5XcEhRa054UjNOeVpYY3hObEpPY1V3eVQyYxAB,10,10
Ci9DQUlRQUNvZENodHljRjlvT21sSFQyMTFibU50V0hoMVVucFJSbWQzY0VWQ1gwRRAB_01,Ci9DQUlRQUNvZENodHljRjlvT21sSFQyMTFibU50V0hoMVVucFJSbWQzY0VWQ1gwRRAB,1,0
Ci9DQUlRQUNvZENodHljRjlvT2xveFZVWTNWa0ZKU1MxbVRGOW1TVGhQT0hReFRHYxAB_01,Ci9DQUlRQUNvZENodHljRjlvT2xveFZVWTNWa0ZKU1MxbVRGOW1TVGhQT0hReFRHYxAB,5,4
Ci9DQUlRQUNvZENodHljRjlvT2xveFZVWTNWa0ZKU1MxbVRGOW1TVGhQT0hReFRHYxAB_02,Ci9DQUlRQUNvZENodHljRjlvT2xveFZVWTNWa0ZKU1MxbVRGOW1TVGhQT0hReFRHYxAB,32,32
Ci9DQUlRQUNvZENodHljRjlvT2xveFZVWTNWa0ZKU1MxbVRGOW1TVGhQT0hReFRHYxAB_03,Ci9DQUlRQUNvZENodHljRjlvT2xveFZVWTNWa0ZKU1MxbVRGOW1TVGhQT0hReFRHYxAB,17,19
Ci9DQUlRQUNvZENodHljRjlvT21FNFVHaFVNa1ZqVFZGVFZETjZOazlXTURaT1puYxAB_01,Ci9DQUlRQUNvZENodHljRjlvT21FNFVHaFVNa1ZqVFZGVFZETjZOazlXTURaT1puYxAB,14,13
Ci9DQUlRQUNvZENodHljRjlvT21FNFVHaFVNa1ZqVFZGVFZETjZOazlXTURaT1puYxAB_02,Ci9DQUlRQUNvZENodHljRjlvT21FNFVHaFVNa1ZqVFZGVFZETjZOazlXTURaT1puYxAB,0,1
Ci9DQUlRQUNvZENodHljRjlvT2xoWlNsZHpOMmxHY2pselRIbGtjWFZsVDI5RmRuYxAB_01,Ci9DQUlRQUNvZENodHljRjlvT2xoWlNsZHpOMmxHY2pselRIbGtjWFZsVDI5RmRuYxAB,1,0
Ci9DQUlRQUNvZENodHljRjlvT2xoWlNsZHpOMmxHY2pselRIbGtjWFZsVDI5RmRuYxAB_02,Ci9DQUlRQUNvZENodHljRjlvT2xoWlNsZHpOMmxHY2pselRIbGtjWFZsVDI5RmRuYxAB,18,20
Ci9DQUlRQUNvZENodHljRjlvT2xoWlNsZHpOMmxHY2pselRIbGtjWFZsVDI5RmRuYxAB_03,Ci9DQUlRQUNvZENodHljRjlvT2xoWlNsZHpOMmxHY2pselRIbGtjWFZsVDI5RmRuYxAB,-1,-1
Ci9DQUlRQUNvZENodHljRjlvT2xoWlNsZHpOMmxHY2pselRIbGtjWFZsVDI5RmRuYxAB_04,Ci9DQUlRQUNvZENodHljRjlvT2xoWlNsZHpOMmxHY2pselRIbGtjWFZsVDI5RmRuYxAB,-1,-1
Ci9DQUlRQUNvZENodHljRjlvT2xoWlNsZHpOMmxHY2pselRIbGtjWFZsVDI5RmRuYxAB_05,Ci9DQUlRQUNvZENodHljRjlvT2xoWlNsZHpOMmxHY2pselRIbGtjWFZsVDI5RmRuYxAB,-1,-1
Ci9DQUlRQUNvZENodHljRjlvT2xoWlNsZHpOMmxHY2pselRIbGtjWFZsVDI5RmRuYxAB_06,Ci9DQUlRQUNvZENodHljRjlvT2xoWlNsZHpOMmxHY2pselRIbGtjWFZsVDI5RmRuYxAB,-1,-1
Ci9DQUlRQUNvZENodHljRjlvT2xoWlNsZHpOMmxHY2pselRIbGtjWFZsVDI5RmRuYxAB_07,Ci9DQUlRQUNvZENodHljRjlvT2xoWlNsZHpOMmxHY2pselRIbGtjWFZsVDI5RmRuYxAB,10,10
Ci9DQUlRQUNvZENodHljRjlvT2xoWlNsZHpOMmxHY2pselRIbGtjWFZsVDI5RmRuYxAB_08,Ci9DQUlRQUNvZENodHljRjlvT2xoWlNsZHpOMmxHY2pselRIbGtjWFZsVDI5RmRuYxAB,-1,-1
Ci9DQUlRQUNvZENodHljRjlvT2xoWlNsZHpOMmxHY2pselRIbGtjWFZsVDI5RmRuYxAB_09,Ci9DQUlRQUNvZENodHljRjlvT2xoWlNsZHpOMmxHY2pselRIbGtjWFZsVDI5RmRuYxAB,18,20
Ci9DQUlRQUNvZENodHljRjlvT2xoWlNsZHpOMmxHY2pselRIbGtjWFZsVDI5RmRuYxAB_10,Ci9DQUlRQUNvZENodHljRjlvT2xoWlNsZHpOMmxHY2pselRIbGtjWFZsVDI5RmRuYxAB,39,-1
Ci9DQUlRQUNvZENodHljRjlvT21adVoyeGZRa3hQVW1SYVNEWjJjblZzYzBadFRYYxAB_01,Ci9DQUlRQUNvZENodHljRjlvT21adVoyeGZRa3hQVW1SYVNEWjJjblZzYzBadFRYYxAB,-1,-1
ChZDSUhNMG9nS0VJQ0FnTUNBXzlmdldREAE_01,ChZDSUhNMG9nS0VJQ0FnTUNBXzlmdldREAE,9,9
ChZDSUhNMG9nS0VJQ0FnTUNBXzlmdldREAE_02,ChZDSUhNMG9nS0VJQ0FnTUNBXzlmdldREAE,33,-1
ChZDSUhNMG9nS0VJQ0FnTUNBXzlmdldREAE_03,ChZDSUhNMG9nS0VJQ0FnTUNBXzlmdldREAE,-1,-1
ChZDSUhNMG9nS0VJQ0FnTURncnFiS0d3EAE_01,ChZDSUhNMG9nS0VJQ0FnTURncnFiS0d3EAE,11,12
ChZDSUhNMG9nS0VJQ0FnTURncnFiS0d3EAE_02,ChZDSUhNMG9nS0VJQ0FnTURncnFiS0d3EAE,4,-1
ChZDSUhNMG9nS0VJQ0FnTURncnFiS0d3EAE_03,ChZDSUhNMG9nS0VJQ0FnTURncnFiS0d3EAE,5,4
ChZDSUhNMG9nS0VJQ0FnTURncnFiS0d3EAE_04,ChZDSUhNMG9nS0VJQ0FnTURncnFiS0d3EAE,-1,-1
Ci9DQUlRQUNvZENodHljRjlvT21SRU5EUlhSbk10TldwNFdsSlpaMEZsWkU1Q1NIYxAB_01,Ci9DQUlRQUNvZENodHljRjlvT21SRU5EUlhSbk10TldwNFdsSlpaMEZsWkU1Q1NIYxAB,-1,-1
Ci9DQUlRQUNvZENodHljRjlvT21SRU5EUlhSbk10TldwNFdsSlpaMEZsWkU1Q1NIYxAB_02,Ci9DQUlRQUNvZENodHljRjlvT21SRU5EUlhSbk10TldwNFdsSlpaMEZsWkU1Q1NIYxAB,1,0
Ci9DQUlRQUNvZENodHljRjlvT21SRU5EUlhSbk10TldwNFdsSlpaMEZsWkU1Q1NIYxAB_03,Ci9DQUlRQUNvZENodHljRjlvT21SRU5EUlhSbk10TldwNFdsSlpaMEZsWkU1Q1NIYxAB,5,4
Ci9DQUlRQUNvZENodHljRjlvT200eVpGcFdla0ozUW14SlRXUTFlRkpPVlhseFdFRRAB_01,Ci9DQUlRQUNvZENodHljRjlvT200eVpGcFdla0ozUW14SlRXUTFlRkpPVlhseFdFRRAB,3,3
Ci9DQUlRQUNvZENodHljRjlvT200eVpGcFdla0ozUW14SlRXUTFlRkpPVlhseFdFRRAB_02,Ci9DQUlRQUNvZENodHljRjlvT200eVpGcFdla0ozUW14SlRXUTFlRkpPVlhseFdFRRAB,17,-1
Ci9DQUlRQUNvZENodHljRjlvT2pWdU9FTkpSR3QyVlRkMldFaG5lRFJzY0ZjelIyYxAB_01,Ci9DQUlRQUNvZENodHljRjlvT2pWdU9FTkpSR3QyVlRkMldFaG5lRFJzY0ZjelIyYxAB,3,-1
Ci9DQUlRQUNvZENodHljRjlvT2pWdU9FTkpSR3QyVlRkMldFaG5lRFJzY0ZjelIyYxAB_02,Ci9DQUlRQUNvZENodHljRjlvT2pWdU9FTkpSR3QyVlRkMldFaG5lRFJzY0ZjelIyYxAB,31,27
Ci9DQUlRQUNvZENodHljRjlvT21sSFNHcHhjRmhUUkhoR05rRktlazVQU1VKVVRYYxAB_01,Ci9DQUlRQUNvZENodHljRjlvT21sSFNHcHhjRmhUUkhoR05rRktlazVQU1VKVVRYYxAB,37,-1
Ci9DQUlRQUNvZENodHljRjlvT21sSFNHcHhjRmhUUkhoR05rRktlazVQU1VKVVRYYxAB_02,Ci9DQUlRQUNvZENodHljRjlvT21sSFNHcHhjRmhUUkhoR05rRktlazVQU1VKVVRYYxAB,-1,-1
Ci9DQUlRQUNvZENodHljRjlvT21sSFNHcHhjRmhUUkhoR05rRktlazVQU1VKVVRYYxAB_03,Ci9DQUlRQUNvZENodHljRjlvT21sSFNHcHhjRmhUUkhoR05rRktlazVQU1VKVVRYYxAB,4,5
Ci9DQUlRQUNvZENodHljRjlvT21sSFNHcHhjRmhUUkhoR05rRktlazVQU1VKVVRYYxAB_04,Ci9DQUlRQUNvZENodHljRjlvT21sSFNHcHhjRmhUUkhoR05rRktlazVQU1VKVVRYYxAB,5,4
Ci9DQUlRQUNvZENodHljRjlvT21ScFFtNW1abFYwWTJSa00xUktSMUZFVTFSWkxYYxAB_01,Ci9DQUlRQUNvZENodHljRjlvT21ScFFtNW1abFYwWTJSa00xUktSMUZFVTFSWkxYYxAB,1,0
Ci9DQUlRQUNvZENodHljRjlvT21ScFFtNW1abFYwWTJSa00xUktSMUZFVTFSWkxYYxAB_02,Ci9DQUlRQUNvZENodHljRjlvT21ScFFtNW1abFYwWTJSa00xUktSMUZFVTFSWkxYYxAB,1,0
Ci9DQUlRQUNvZENodHljRjlvT21ScFFtNW1abFYwWTJSa00xUktSMUZFVTFSWkxYYxAB_03,Ci9DQUlRQUNvZENodHljRjlvT21ScFFtNW1abFYwWTJSa00xUktSMUZFVTFSWkxYYxAB,4,5
Ci9DQUlRQUNvZENodHljRjlvT21ScFFtNW1abFYwWTJSa00xUktSMUZFVTFSWkxYYxAB_04,Ci9DQUlRQUNvZENodHljRjlvT21ScFFtNW1abFYwWTJSa00xUktSMUZFVTFSWkxYYxAB,-1,-1
Ci9DQUlRQUNvZENodHljRjlvT21SbFVGTmpOMlpyZVdGbGJsZ3pORnBUWVhWU2VsRRAB_01,Ci9DQUlRQUNvZENodHljRjlvT21SbFVGTmpOMlpyZVdGbGJsZ3pORnBUWVhWU2VsRRAB,21,28
Ci9DQUlRQUNvZENodHljRjlvT2paMlYwUkdOamc1U21Sa1ZrRlZVakJzY21SME1VRRAB_01,Ci9DQUlRQUNvZENodHljRjlvT2paMlYwUkdOamc1U21Sa1ZrRlZVakJzY21SME1VRRAB,-1,-1
Ci9DQUlRQUNvZENodHljRjlvT21RM1JVUXhUbWt6V0VscGEwWlVaVE4wYzA1UWVrRRAB_01,Ci9DQUlRQUNvZENodHljRjlvT21RM1JVUXhUbWt6V0VscGEwWlVaVE4wYzA1UWVrRRAB,13,15
Ci9DQUlRQUNvZENodHljRjlvT21RM1JVUXhUbWt6V0VscGEwWlVaVE4wYzA1UWVrRRAB_02,Ci9DQUlRQUNvZENodHljRjlvT21RM1JVUXhUbWt6V0VscGEwWlVaVE4wYzA1UWVrRRAB,5,-1
Ci9DQUlRQUNvZENodHljRjlvT210R2FHRkxhRXhwT0hrdE9GTnNUSGxIU21saVVFRRAB_01,Ci9DQUlRQUNvZENodHljRjlvT210R2FHRkxhRXhwT0hrdE9GTnNUSGxIU21saVVFRRAB,14,-1
Ci9DQUlRQUNvZENodHljRjlvT201UFlqTlNSMDUxTVdsdlZFa3lVM1ZvYVZjeldWRRAB_01,Ci9DQUlRQUNvZENodHljRjlvT201UFlqTlNSMDUxTVdsdlZFa3lVM1ZvYVZjeldWRRAB,1,0
Ci9DQUlRQUNvZENodHljRjlvT2tsWVkzaENYMk5CY1VsYWJFNVNSbFJZTkROelNVRRAB_01,Ci9DQUlRQUNvZENodHljRjlvT2tsWVkzaENYMk5CY1VsYWJFNVNSbFJZTkROelNVRRAB,4,-1
Ci9DQUlRQUNvZENodHljRjlvT2xWSlRIQTJSazVhYnkxTllWVmFRWFZQZEhkcE9FRRAB_01,Ci9DQUlRQUNvZENodHljRjlvT2xWSlRIQTJSazVhYnkxTllWVmFRWFZQZEhkcE9FRRAB,21,28
Ci9DQUlRQUNvZENodHljRjlvT2xWSlRIQTJSazVhYnkxTllWVmFRWFZQZEhkcE9FRRAB_02,Ci9DQUlRQUNvZENodHljRjlvT2xWSlRIQTJSazVhYnkxTllWVmFRWFZQZEhkcE9FRRAB,-1,-1
Ci9DQUlRQUNvZENodHljRjlvT2s5aloyRkNjVmN5V1RabE1VdFNUekpDUjB0dlFYYxAB_01,Ci9DQUlRQUNvZENodHljRjlvT2s5aloyRkNjVmN5V1RabE1VdFNUekpDUjB0dlFYYxAB,4,-1
Ci9DQUlRQUNvZENodHljRjlvT2s5aloyRkNjVmN5V1RabE1VdFNUekpDUjB0dlFYYxAB_02,Ci9DQUlRQUNvZENodHljRjlvT2s5aloyRkNjVmN5V1RabE1VdFNUekpDUjB0dlFYYxAB,16,14
Ci9DQUlRQUNvZENodHljRjlvT2s5aloyRkNjVmN5V1RabE1VdFNUekpDUjB0dlFYYxAB_03,Ci9DQUlRQUNvZENodHljRjlvT2s5aloyRkNjVmN5V1RabE1VdFNUekpDUjB0dlFYYxAB,-1,-1
Ci9DQUlRQUNvZENodHljRjlvT2s5alRTMWpOR0ZHUlhJMWQyMUthSGhmYUZGTFJYYxAB_01,Ci9DQUlRQUNvZENodHljRjlvT2s5alRTMWpOR0ZHUlhJMWQyMUthSGhmYUZGTFJYYxAB,0,1
Ci9DQUlRQUNvZENodHljRjlvT2s5alRTMWpOR0ZHUlhJMWQyMUthSGhmYUZGTFJYYxAB_02,Ci9DQUlRQUNvZENodHljRjlvT2s5alRTMWpOR0ZHUlhJMWQyMUthSGhmYUZGTFJYYxAB,30,29
ChZDSUhNMG9nS0VJQ0FnSUROMmFqUVlBEAE_01,ChZDSUhNMG9nS0VJQ0FnSUROMmFqUVlBEAE,35,36
ChZDSUhNMG9nS0VJQ0FnSUNkaklxckxnEAE_01,ChZDSUhNMG9nS0VJQ0FnSUNkaklxckxnEAE,35,36
ChZDSUhNMG9nS0VJQ0FnSUNEOGVmZ0x3EAE_01,ChZDSUhNMG9nS0VJQ0FnSUNEOGVmZ0x3EAE,5,4
ChZDSUhNMG9nS0VJQ0FnSUNEOGVmZ0x3EAE_02,ChZDSUhNMG9nS0VJQ0FnSUNEOGVmZ0x3EAE,-1,-1
ChZDSUhNMG9nS0VJQ0FnSUNEc19mRk5nEAE_01,ChZDSUhNMG9nS0VJQ0FnSUNEc19mRk5nEAE,33,39
ChZDSUhNMG9nS0VJQ0FnSUNEc19mRk5nEAE_02,ChZDSUhNMG9nS0VJQ0FnSUNEc19mRk5nEAE,7,7
ChdDSUhNMG9nS0VJQ0FnSUNqaTdDT3NBRRAB_01,ChdDSUhNMG9nS0VJQ0FnSUNqaTdDT3NBRRAB,17,19
ChdDSUhNMG9nS0VJQ0FnSUNqaTdDT3NBRRAB_02,ChdDSUhNMG9nS0VJQ0FnSUNqaTdDT3NBRRAB,1,0
ChZDSUhNMG9nS0VJQ0FnSUM3cks2M053EAE_01,ChZDSUhNMG9nS0VJQ0FnSUM3cks2M053EAE,26,26
ChdDSUhNMG9nS0VJQ0FnSUNubHVpWjdRRRAB_01,ChdDSUhNMG9nS0VJQ0FnSUNubHVpWjdRRRAB,9,-1
ChdDSUhNMG9nS0VJQ0FnSUNubHVpWjdRRRAB_02,ChdDSUhNMG9nS0VJQ0FnSUNubHVpWjdRRRAB,35,36
ChdDSUhNMG9nS0VJQ0FnSUNubHVpWjdRRRAB_03,ChdDSUhNMG9nS0VJQ0FnSUNubHVpWjdRRRAB,35,36
ChdDSUhNMG9nS0VJQ0FnSUNubHVpWjdRRRAB_04,ChdDSUhNMG9nS0VJQ0FnSUNubHVpWjdRRRAB,34,34
ChdDSUhNMG9nS0VJQ0FnSUNubHVpWjdRRRAB_05,ChdDSUhNMG9nS0VJQ0FnSUNubHVpWjdRRRAB,-1,-1
ChdDSUhNMG9nS0VJQ0FnSUNubHVpWjdRRRAB_06,ChdDSUhNMG9nS0VJQ0FnSUNubHVpWjdRRRAB,-1,-1
ChdDSUhNMG9nS0VJQ0FnSUNubHVpWjdRRRAB_07,ChdDSUhNMG9nS0VJQ0FnSUNubHVpWjdRRRAB,-1,-1
ChdDSUhNMG9nS0VJQ0FnSUNubHVpWjdRRRAB_08,ChdDSUhNMG9nS0VJQ0FnSUNubHVpWjdRRRAB,34,34
ChdDSUhNMG9nS0VJQ0FnSUNYdW9Ta2tRRRAB_01,ChdDSUhNMG9nS0VJQ0FnSUNYdW9Ta2tRRRAB,7,7
ChZDSUhNMG9nS0VJQ0FnSURQcVlXMmFBEAE_01,ChZDSUhNMG9nS0VJQ0FnSURQcVlXMmFBEAE,16,14
ChZDSUhNMG9nS0VJQ0FnSURQcVlXMmFBEAE_02,ChZDSUhNMG9nS0VJQ0FnSURQcVlXMmFBEAE,16,14
ChZDSUhNMG9nS0VJQ0FnSUR2bE9laEJBEAE_01,ChZDSUhNMG9nS0VJQ0FnSUR2bE9laEJBEAE,1,0
ChZDSUhNMG9nS0VJQ0FnSUR2bE9laEJBEAE_02,ChZDSUhNMG9nS0VJQ0FnSUR2bE9laEJBEAE,14,-1
ChZDSUhNMG9nS0VJQ0FnSUR2bE9laEJBEAE_03,ChZDSUhNMG9nS0VJQ0FnSUR2bE9laEJBEAE,5,4
ChZDSUhNMG9nS0VJQ0FnSUR2bE9laEJBEAE_04,ChZDSUhNMG9nS0VJQ0FnSUR2bE9laEJBEAE,-1,-1
ChdDSUhNMG9nS0VJQ0FnSUNmdWUzUjZ3RRAB_01,ChdDSUhNMG9nS0VJQ0FnSUNmdWUzUjZ3RRAB,0,1
ChdDSUhNMG9nS0VJQ0FnSURfMXZ1Ny1nRRAB_01,ChdDSUhNMG9nS0VJQ0FnSURfMXZ1Ny1nRRAB,4,5
ChZDSUhNMG9nS0VKM3U3OXpvd0txNFJBEAE_01,ChZDSUhNMG9nS0VKM3U3OXpvd0txNFJBEAE,-1,-1
Ci9DQUlRQUNvZENodHljRjlvT2tNek5sQkhTMnhPVW1wNGRubEtRbU0zWlVONVIxRRAB_01,Ci9DQUlRQUNvZENodHljRjlvT2tNek5sQkhTMnhPVW1wNGRubEtRbU0zWlVONVIxRRAB,11,-1
Ci9DQUlRQUNvZENodHljRjlvT2t0VloxQjFhMEp4TVdwWE1YZFlWR1l0V2pob2NsRRAB_01,Ci9DQUlRQUNvZENodHljRjlvT2t0VloxQjFhMEp4TVdwWE1YZFlWR1l0V2pob2NsRRAB,4,5
Ci9DQUlRQUNvZENodHljRjlvT2t0VloxQjFhMEp4TVdwWE1YZFlWR1l0V2pob2NsRRAB_02,Ci9DQUlRQUNvZENodHljRjlvT2t0VloxQjFhMEp4TVdwWE1YZFlWR1l0V2pob2NsRRAB,0,1
Ci9DQUlRQUNvZENodHljRjlvT2paallTMUdWVFZFUWxwSE5qUmFTVTFhY0hwNVYyYxAB_01,Ci9DQUlRQUNvZENodHljRjlvT2paallTMUdWVFZFUWxwSE5qUmFTVTFhY0hwNVYyYxAB,7,7
Ci9DQUlRQUNvZENodHljRjlvT2paallTMUdWVFZFUWxwSE5qUmFTVTFhY0hwNVYyYxAB_02,Ci9DQUlRQUNvZENodHljRjlvT2paallTMUdWVFZFUWxwSE5qUmFTVTFhY0hwNVYyYxAB,-1,-1
Ci9DQUlRQUNvZENodHljRjlvT2xSemFYTllXbWx3U2xoeVgwSXhaaTFFYlRCeVVrRRAB_01,Ci9DQUlRQUNvZENodHljRjlvT2xSemFYTllXbWx3U2xoeVgwSXhaaTFFYlRCeVVrRRAB,19,16
Ci9DQUlRQUNvZENodHljRjlvT2xSemFYTllXbWx3U2xoeVgwSXhaaTFFYlRCeVVrRRAB_02,Ci9DQUlRQUNvZENodHljRjlvT2xSemFYTllXbWx3U2xoeVgwSXhaaTFFYlRCeVVrRRAB,4,-1
Ci9DQUlRQUNvZENodHljRjlvT2xSemFYTllXbWx3U2xoeVgwSXhaaTFFYlRCeVVrRRAB_03,Ci9DQUlRQUNvZENodHljRjlvT2xSemFYTllXbWx3U2xoeVgwSXhaaTFFYlRCeVVrRRAB,-1,-1
Ci9DQUlRQUNvZENodHljRjlvT2xSemFYTllXbWx3U2xoeVgwSXhaaTFFYlRCeVVrRRAB_04,Ci9DQUlRQUNvZENodHljRjlvT2xSemFYTllXbWx3U2xoeVgwSXhaaTFFYlRCeVVrRRAB,5,4
Ci9DQUlRQUNvZENodHljRjlvT21JMFlYUlRSRTA1Y1RGMlMydFJNbW8zVnpoNFpFRRAB_01,Ci9DQUlRQUNvZENodHljRjlvT21JMFlYUlRSRTA1Y1RGMlMydFJNbW8zVnpoNFpFRRAB,24,-1
Ci9DQUlRQUNvZENodHljRjlvT25KSlIxcHVTa3AyVmkxR05UZFVVMU5oYldKRlJuYxAB_01,Ci9DQUlRQUNvZENodHljRjlvT25KSlIxcHVTa3AyVmkxR05UZFVVMU5oYldKRlJuYxAB,23,31
Ci9DQUlRQUNvZENodHljRjlvT21OYWRXeFFNMU53ZVVKbFpuY3ljbEZ1ZW1OcWVGRRAB_01,Ci9DQUlRQUNvZENodHljRjlvT21OYWRXeFFNMU53ZVVKbFpuY3ljbEZ1ZW1OcWVGRRAB,0,1
Ci9DQUlRQUNvZENodHljRjlvT2xCMk9HWm5WR1pXZDJGVVgxSm1WRUpWYm14cGVtYxAB_01,Ci9DQUlRQUNvZENodHljRjlvT2xCMk9HWm5WR1pXZDJGVVgxSm1WRUpWYm14cGVtYxAB,35,36
Ci9DQUlRQUNvZENodHljRjlvT21JeWNqWjVVWEp0UVdwVWJEbEljVkpNU2xnMVluYxAB_01,Ci9DQUlRQUNvZENodHljRjlvT21JeWNqWjVVWEp0UVdwVWJEbEljVkpNU2xnMVluYxAB,-1,-1
Ci9DQUlRQUNvZENodHljRjlvT21nM2FsUk5iVWhZZVRWcFRFUkpNRXhqU2xSMk4yYxAB_01,Ci9DQUlRQUNvZENodHljRjlvT21nM2FsUk5iVWhZZVRWcFRFUkpNRXhqU2xSMk4yYxAB,4,5
Ci9DQUlRQUNvZENodHljRjlvT21nM2FsUk5iVWhZZVRWcFRFUkpNRXhqU2xSMk4yYxAB_02,Ci9DQUlRQUNvZENodHljRjlvT21nM2FsUk5iVWhZZVRWcFRFUkpNRXhqU2xSMk4yYxAB,1,0
Ci9DQUlRQUNvZENodHljRjlvT21KdFFrZDRNSGxsVjBoUWIxaHJhSGRxTURKamIxRRAB_01,Ci9DQUlRQUNvZENodHljRjlvT21KdFFrZDRNSGxsVjBoUWIxaHJhSGRxTURKamIxRRAB,1,0
Ci9DQUlRQUNvZENodHljRjlvT21KdFFrZDRNSGxsVjBoUWIxaHJhSGRxTURKamIxRRAB_02,Ci9DQUlRQUNvZENodHljRjlvT21KdFFrZDRNSGxsVjBoUWIxaHJhSGRxTURKamIxRRAB,10,10
Ci9DQUlRQUNvZENodHljRjlvT2toWFJuSkpaa000V1U5QlFUY3dNSFp1VmtWQlFrRRAB_01,Ci9DQUlRQUNvZENodHljRjlvT2toWFJuSkpaa000V1U5QlFUY3dNSFp1VmtWQlFrRRAB,-1,-1
ChZDSUhNMG9nS0VJQ0FnSUNEb3FYOEh3EAE_01,ChZDSUhNMG9nS0VJQ0FnSUNEb3FYOEh3EAE,9,9
ChZDSUhNMG9nS0VJQ0FnSUNEb3FYOEh3EAE_02,ChZDSUhNMG9nS0VJQ0FnSUNEb3FYOEh3EAE,-1,-1
ChZDSUhNMG9nS0VJQ0FnSUNEb3FYOEh3EAE_03,ChZDSUhNMG9nS0VJQ0FnSUNEb3FYOEh3EAE,8,-1
ChZDSUhNMG9nS0VJQ0FnSUNEb3FYOEh3EAE_04,ChZDSUhNMG9nS0VJQ0FnSUNEb3FYOEh3EAE,30,29
ChZDSUhNMG9nS0VJQ0FnSUNEb3FYOEh3EAE_05,ChZDSUhNMG9nS0VJQ0FnSUNEb3FYOEh3EAE,5,-1
ChZDSUhNMG9nS0VJQ0FnSURoemRUckVREAE_01,ChZDSUhNMG9nS0VJQ0FnSURoemRUckVREAE,29,23
ChZDSUhNMG9nS0VJQ0FnSURoemRUckVREAE_02,ChZDSUhNMG9nS0VJQ0FnSURoemRUckVREAE,26,26
ChdDSUhNMG9nS0VJQ0FnSUNUanRTZi1BRRAB_01,ChdDSUhNMG9nS0VJQ0FnSUNUanRTZi1BRRAB,6,-1
ChdDSUhNMG9nS0VJQ0FnSUNUanRTZi1BRRAB_02,ChdDSUhNMG9nS0VJQ0FnSUNUanRTZi1BRRAB,-1,-1
ChdDSUhNMG9nS0VJQ0FnSUNUanRTZi1BRRAB_03,ChdDSUhNMG9nS0VJQ0FnSUNUanRTZi1BRRAB,-1,-1
ChdDSUhNMG9nS0VJQ0FnSUNmMzhmUGtBRRAB_01,ChdDSUhNMG9nS0VJQ0FnSUNmMzhmUGtBRRAB,11,12
ChdDSUhNMG9nS0VJQ0FnSUNmMzhmUGtBRRAB_02,ChdDSUhNMG9nS0VJQ0FnSUNmMzhmUGtBRRAB,26,26
ChdDSUhNMG9nS0VJQ0FnSUNfb0ptSjVnRRAB_01,ChdDSUhNMG9nS0VJQ0FnSUNfb0ptSjVnRRAB,-1,-1
ChdDSUhNMG9nS0VJQ0FnSUNfb0ptSjVnRRAB_02,ChdDSUhNMG9nS0VJQ0FnSUNfb0ptSjVnRRAB,4,5
ChdDSUhNMG9nS0VJQ0FnSUNfb0ptSjVnRRAB_03,ChdDSUhNMG9nS0VJQ0FnSUNfb0ptSjVnRRAB,0,1
ChdDSUhNMG9nS0VJQ0FnSUNfb0ptSjVnRRAB_04,ChdDSUhNMG9nS0VJQ0FnSUNfb0ptSjVnRRAB,-1,-1
ChdDSUhNMG9nS0VJQ0FnSUNfb0ptSjVnRRAB_05,ChdDSUhNMG9nS0VJQ0FnSUNfb0ptSjVnRRAB,-1,-1
ChdDSUhNMG9nS0VJQ0FnSUNfb0ptSjVnRRAB_06,ChdDSUhNMG9nS0VJQ0FnSUNfb0ptSjVnRRAB,30,29
ChdDSUhNMG9nS0VJQ0FnSUNfb0ptSjVnRRAB_07,ChdDSUhNMG9nS0VJQ0FnSUNfb0ptSjVnRRAB,30,29
ChdDSUhNMG9nS0VJQ0FnSUNfb0ptSjVnRRAB_08,ChdDSUhNMG9nS0VJQ0FnSUNfb0ptSjVnRRAB,-1,-1
ChdDSUhNMG9nS0VJQ0FnSUNfb0ptSjVnRRAB_09,ChdDSUhNMG9nS0VJQ0FnSUNfb0ptSjVnRRAB,-1,-1
ChdDSUhNMG9nS0VJQ0FnSUNfb0ptSjVnRRAB_10,ChdDSUhNMG9nS0VJQ0FnSUNfb0ptSjVnRRAB,-1,-1
ChdDSUhNMG9nS0VJQ0FnSUNfb0ptSjVnRRAB_11,ChdDSUhNMG9nS0VJQ0FnSUNfb0ptSjVnRRAB,-1,-1
ChdDSUhNMG9nS0VJQ0FnSUNfb0ptSjVnRRAB_12,ChdDSUhNMG9nS0VJQ0FnSUNfb0ptSjVnRRAB,5,4
ChdDSUhNMG9nS0VJQ0FnSUNfb0ptSjVnRRAB_13,ChdDSUhNMG9nS0VJQ0FnSUNfb0ptSjVnRRAB,36,37
ChdDSUhNMG9nS0VJQ0FnTURndjhqLXV3RRAB_01,ChdDSUhNMG9nS0VJQ0FnTURndjhqLXV3RRAB,14,13
ChdDSUhNMG9nS0VJQ0FnTURndjhqLXV3RRAB_02,ChdDSUhNMG9nS0VJQ0FnTURndjhqLXV3RRAB,34,34
ChdDSUhNMG9nS0VJQ0FnTURndjhqLXV3RRAB_03,ChdDSUhNMG9nS0VJQ0FnTURndjhqLXV3RRAB,10,10
ChdDSUhNMG9nS0VJQ0FnTURndjhqLXV3RRAB_04,ChdDSUhNMG9nS0VJQ0FnTURndjhqLXV3RRAB,27,-1
ChdDSUhNMG9nS0VJQ0FnTURndjhqLXV3RRAB_05,ChdDSUhNMG9nS0VJQ0FnTURndjhqLXV3RRAB,0,1
ChdDSUhNMG9nS0VJQ0FnTURndjhqLXV3RRAB_06,ChdDSUhNMG9nS0VJQ0FnTURndjhqLXV3RRAB,0,1
ChdDSUhNMG9nS0VJQ0FnTURndjhqLXV3RRAB_07,ChdDSUhNMG9nS0VJQ0FnTURndjhqLXV3RRAB,-1,-1
ChdDSUhNMG9nS0VJQ0FnTURndjhqLXV3RRAB_08,ChdDSUhNMG9nS0VJQ0FnTURndjhqLXV3RRAB,34,34
ChZDSUhNMG9nS0VJQ0FnTUNRNFBqa1J3EAE_01,ChZDSUhNMG9nS0VJQ0FnTUNRNFBqa1J3EAE,8,8
ChZDSUhNMG9nS0VJQ0FnTUNRNFBqa1J3EAE_02,ChZDSUhNMG9nS0VJQ0FnTUNRNFBqa1J3EAE,-1,-1
ChZDSUhNMG9nS0VJQ0FnTUNRNFBqa1J3EAE_03,ChZDSUhNMG9nS0VJQ0FnTUNRNFBqa1J3EAE,1,0
ChZDSUhNMG9nS0VJQ0FnTUNRNFBqa1J3EAE_04,ChZDSUhNMG9nS0VJQ0FnTUNRNFBqa1J3EAE,-1,-1
ChZDSUhNMG9nS0VJQ0FnTUNRNFBqa1J3EAE_05,ChZDSUhNMG9nS0VJQ0FnTUNRNFBqa1J3EAE,-1,-1
ChZDSUhNMG9nS0VJQ0FnTUNRNFBqa1J3EAE_06,ChZDSUhNMG9nS0VJQ0FnTUNRNFBqa1J3EAE,25,25
ChZDSUhNMG9nS0VJQ0FnTUNRNFBqa1J3EAE_07,ChZDSUhNMG9nS0VJQ0FnTUNRNFBqa1J3EAE,-1,-1
ChZDSUhNMG9nS0VJQ0FnTUNJOEkzUmZnEAE_01,ChZDSUhNMG9nS0VJQ0FnTUNJOEkzUmZnEAE,2,2
ChZDSUhNMG9nS0VJQ0FnTUNJOEkzUmZnEAE_02,ChZDSUhNMG9nS0VJQ0FnTUNJOEkzUmZnEAE,4,-1
ChZDSUhNMG9nS0VJQ0FnTUNvOFlHSENnEAE_01,ChZDSUhNMG9nS0VJQ0FnTUNvOFlHSENnEAE,0,1
ChZDSUhNMG9nS0VJQ0FnTUNvOFlHSENnEAE_02,ChZDSUhNMG9nS0VJQ0FnTUNvOFlHSENnEAE,18,20
ChZDSUhNMG9nS0VJQ0FnTUNvaVpDTkZ3EAE_01,ChZDSUhNMG9nS0VJQ0FnTUNvaVpDTkZ3EAE,34,34
ChZDSUhNMG9nS0VJQ0FnTUNvaVpDTkZ3EAE_02,ChZDSUhNMG9nS0VJQ0FnTUNvaVpDTkZ3EAE,-1,-1
ChZDSUhNMG9nS0VJQ0FnTUNvaVpDTkZ3EAE_03,ChZDSUhNMG9nS0VJQ0FnTUNvaVpDTkZ3EAE,0,1
ChZDSUhNMG9nS0VJQ0FnTUNvaVpDTkZ3EAE_04,ChZDSUhNMG9nS0VJQ0FnTUNvaVpDTkZ3EAE,-1,-1
ChZDSUhNMG9nS0VJQ0FnTUNvaVpDTkZ3EAE_05,ChZDSUhNMG9nS0VJQ0FnTUNvaVpDTkZ3EAE,0,1
ChZDSUhNMG9nS0VJQ0FnTUNvaVpDTkZ3EAE_06,ChZDSUhNMG9nS0VJQ0FnTUNvaVpDTkZ3EAE,18,20
ChZDSUhNMG9nS0VJQ0FnTUNvaVpDTkZ3EAE_07,ChZDSUhNMG9nS0VJQ0FnTUNvaVpDTkZ3EAE,-1,-1
ChZDSUhNMG9nS0VJQ0FnTUNvaVpDTkZ3EAE_08,ChZDSUhNMG9nS0VJQ0FnTUNvaVpDTkZ3EAE,34,34
ChZDSUhNMG9nS0VJQ0FnTUNvaVpDTkZ3EAE_09,ChZDSUhNMG9nS0VJQ0FnTUNvaVpDTkZ3EAE,1,0
ChdDSUhNMG9nS0VJQ0FnTUNveWR1cnJBRRAB_01,ChdDSUhNMG9nS0VJQ0FnTUNveWR1cnJBRRAB,-1,-1
ChZDSUhNMG9nS0VQS1k5Yl9pd3VxV1FBEAE_01,ChZDSUhNMG9nS0VQS1k5Yl9pd3VxV1FBEAE,10,10
ChZDSUhNMG9nS0VQS1k5Yl9pd3VxV1FBEAE_02,ChZDSUhNMG9nS0VQS1k5Yl9pd3VxV1FBEAE,2,2
ChZDSUhNMG9nS0VQS1k5Yl9pd3VxV1FBEAE_03,ChZDSUhNMG9nS0VQS1k5Yl9pd3VxV1FBEAE,40,41
ChZDSUhNMG9nS0VQS1k5Yl9pd3VxV1FBEAE_04,ChZDSUhNMG9nS0VQS1k5Yl9pd3VxV1FBEAE,36,-1
ChZDSUhNMG9nS0VQS1k5Yl9pd3VxV1FBEAE_05,ChZDSUhNMG9nS0VQS1k5Yl9pd3VxV1FBEAE,0,1
ChdDSUhNMG9nS0VJUHM1c1dEcS16V2lnRRAB_01,ChdDSUhNMG9nS0VJUHM1c1dEcS16V2lnRRAB,1,0
ChdDSUhNMG9nS0VJUHM1c1dEcS16V2lnRRAB_02,ChdDSUhNMG9nS0VJUHM1c1dEcS16V2lnRRAB,-1,-1
ChZDSUhNMG9nS0VKYkVyOHlwa3BMUkt3EAE_01,ChZDSUhNMG9nS0VKYkVyOHlwa3BMUkt3EAE,2,2
ChZDSUhNMG9nS0VPS1dsWjNxaDl5VFBREAE_01,ChZDSUhNMG9nS0VPS1dsWjNxaDl5VFBREAE,8,8
ChZDSUhNMG9nS0VPS1dsWjNxaDl5VFBREAE_02,ChZDSUhNMG9nS0VPS1dsWjNxaDl5VFBREAE,5,4
Ci9DQUlRQUNvZENodHljRjlvT2pVeFZGcGFkRFpRVjFSbGJteFFYMlIzTWxaMFZIYxAB_01,Ci9DQUlRQUNvZENodHljRjlvT2pVeFZGcGFkRFpRVjFSbGJteFFYMlIzTWxaMFZIYxAB,2,-1
Ci9DQUlRQUNvZENodHljRjlvT2tGSVh5MWhaemc1ZVhCM09VOTNhWE00U2padFNXYxAB_01,Ci9DQUlRQUNvZENodHljRjlvT2tGSVh5MWhaemc1ZVhCM09VOTNhWE00U2padFNXYxAB,-1,-1
Ci9DQUlRQUNvZENodHljRjlvT2tGSVh5MWhaemc1ZVhCM09VOTNhWE00U2padFNXYxAB_02,Ci9DQUlRQUNvZENodHljRjlvT2tGSVh5MWhaemc1ZVhCM09VOTNhWE00U2padFNXYxAB,0,1
Ci9DQUlRQUNvZENodHljRjlvT2tGSVh5MWhaemc1ZVhCM09VOTNhWE00U2padFNXYxAB_03,Ci9DQUlRQUNvZENodHljRjlvT2tGSVh5MWhaemc1ZVhCM09VOTNhWE00U2padFNXYxAB,0,1
Ci9DQUlRQUNvZENodHljRjlvT2tGSVh5MWhaemc1ZVhCM09VOTNhWE00U2padFNXYxAB_04,Ci9DQUlRQUNvZENodHljRjlvT2tGSVh5MWhaemc1ZVhCM09VOTNhWE00U2padFNXYxAB,0,1
Ci9DQUlRQUNvZENodHljRjlvT2tGSVh5MWhaemc1ZVhCM09VOTNhWE00U2padFNXYxAB_05,Ci9DQUlRQUNvZENodHljRjlvT2tGSVh5MWhaemc1ZVhCM09VOTNhWE00U2padFNXYxAB,-1,-1
Ci9DQUlRQUNvZENodHljRjlvT2tGSVh5MWhaemc1ZVhCM09VOTNhWE00U2padFNXYxAB_06,Ci9DQUlRQUNvZENodHljRjlvT2tGSVh5MWhaemc1ZVhCM09VOTNhWE00U2padFNXYxAB,2,2
Ci9DQUlRQUNvZENodHljRjlvT2psUVVVWjJWekZoY1dsV2JVTmFVREJPU2pjdFZrRRAB_01,Ci9DQUlRQUNvZENodHljRjlvT2psUVVVWjJWekZoY1dsV2JVTmFVREJPU2pjdFZrRRAB,5,4
Ci9DQUlRQUNvZENodHljRjlvT2psUVVVWjJWekZoY1dsV2JVTmFVREJPU2pjdFZrRRAB_02,Ci9DQUlRQUNvZENodHljRjlvT2psUVVVWjJWekZoY1dsV2JVTmFVREJPU2pjdFZrRRAB,12,30
Ci9DQUlRQUNvZENodHljRjlvT2psUVVVWjJWekZoY1dsV2JVTmFVREJPU2pjdFZrRRAB_03,Ci9DQUlRQUNvZENodHljRjlvT2psUVVVWjJWekZoY1dsV2JVTmFVREJPU2pjdFZrRRAB,29,23
Ci9DQUlRQUNvZENodHljRjlvT2psUVVVWjJWekZoY1dsV2JVTmFVREJPU2pjdFZrRRAB_04,Ci9DQUlRQUNvZENodHljRjlvT2psUVVVWjJWekZoY1dsV2JVTmFVREJPU2pjdFZrRRAB,9,9
Ci9DQUlRQUNvZENodHljRjlvT2psUVVVWjJWekZoY1dsV2JVTmFVREJPU2pjdFZrRRAB_05,Ci9DQUlRQUNvZENodHljRjlvT2psUVVVWjJWekZoY1dsV2JVTmFVREJPU2pjdFZrRRAB,2,2
Ci9DQUlRQUNvZENodHljRjlvT2psUVVVWjJWekZoY1dsV2JVTmFVREJPU2pjdFZrRRAB_06,Ci9DQUlRQUNvZENodHljRjlvT2psUVVVWjJWekZoY1dsV2JVTmFVREJPU2pjdFZrRRAB,2,2
Ci9DQUlRQUNvZENodHljRjlvT2psUVVVWjJWekZoY1dsV2JVTmFVREJPU2pjdFZrRRAB_07,Ci9DQUlRQUNvZENodHljRjlvT2psUVVVWjJWekZoY1dsV2JVTmFVREJPU2pjdFZrRRAB,7,7
Ci9DQUlRQUNvZENodHljRjlvT2psUVVVWjJWekZoY1dsV2JVTmFVREJPU2pjdFZrRRAB_08,Ci9DQUlRQUNvZENodHljRjlvT2psUVVVWjJWekZoY1dsV2JVTmFVREJPU2pjdFZrRRAB,11,12
Ci9DQUlRQUNvZENodHljRjlvT2psUVVVWjJWekZoY1dsV2JVTmFVREJPU2pjdFZrRRAB_09,Ci9DQUlRQUNvZENodHljRjlvT2psUVVVWjJWekZoY1dsV2JVTmFVREJPU2pjdFZrRRAB,36,-1
Ci9DQUlRQUNvZENodHljRjlvT2psUVVVWjJWekZoY1dsV2JVTmFVREJPU2pjdFZrRRAB_10,Ci9DQUlRQUNvZENodHljRjlvT2psUVVVWjJWekZoY1dsV2JVTmFVREJPU2pjdFZrRRAB,2,2
Ci9DQUlRQUNvZENodHljRjlvT2psUVVVWjJWekZoY1dsV2JVTmFVREJPU2pjdFZrRRAB_11,Ci9DQUlRQUNvZENodHljRjlvT2psUVVVWjJWekZoY1dsV2JVTmFVREJPU2pjdFZrRRAB,17,19
Ci9DQUlRQUNvZENodHljRjlvT2psUVVVWjJWekZoY1dsV2JVTmFVREJPU2pjdFZrRRAB_12,Ci9DQUlRQUNvZENodHljRjlvT2psUVVVWjJWekZoY1dsV2JVTmFVREJPU2pjdFZrRRAB,17,19
Ci9DQUlRQUNvZENodHljRjlvT2psUVVVWjJWekZoY1dsV2JVTmFVREJPU2pjdFZrRRAB_13,Ci9DQUlRQUNvZENodHljRjlvT2psUVVVWjJWekZoY1dsV2JVTmFVREJPU2pjdFZrRRAB,-1,-1
Ci9DQUlRQUNvZENodHljRjlvT2psUVVVWjJWekZoY1dsV2JVTmFVREJPU2pjdFZrRRAB_14,Ci9DQUlRQUNvZENodHljRjlvT2psUVVVWjJWekZoY1dsV2JVTmFVREJPU2pjdFZrRRAB,-1,-1
Ci9DQUlRQUNvZENodHljRjlvT2psUVVVWjJWekZoY1dsV2JVTmFVREJPU2pjdFZrRRAB_15,Ci9DQUlRQUNvZENodHljRjlvT2psUVVVWjJWekZoY1dsV2JVTmFVREJPU2pjdFZrRRAB,-1,-1
Ci9DQUlRQUNvZENodHljRjlvT2psUVVVWjJWekZoY1dsV2JVTmFVREJPU2pjdFZrRRAB_16,Ci9DQUlRQUNvZENodHljRjlvT2psUVVVWjJWekZoY1dsV2JVTmFVREJPU2pjdFZrRRAB,11,12
Ci9DQUlRQUNvZENodHljRjlvT2psUVVVWjJWekZoY1dsV2JVTmFVREJPU2pjdFZrRRAB_17,Ci9DQUlRQUNvZENodHljRjlvT2psUVVVWjJWekZoY1dsV2JVTmFVREJPU2pjdFZrRRAB,-1,-1
Ci9DQUlRQUNvZENodHljRjlvT2psUVVVWjJWekZoY1dsV2JVTmFVREJPU2pjdFZrRRAB_18,Ci9DQUlRQUNvZENodHljRjlvT2psUVVVWjJWekZoY1dsV2JVTmFVREJPU2pjdFZrRRAB,29,23
Ci9DQUlRQUNvZENodHljRjlvT2psUVVVWjJWekZoY1dsV2JVTmFVREJPU2pjdFZrRRAB_19,Ci9DQUlRQUNvZENodHljRjlvT2psUVVVWjJWekZoY1dsV2JVTmFVREJPU2pjdFZrRRAB,12,21
Ci9DQUlRQUNvZENodHljRjlvT25waWJ6RlRaV1ZMYVZaSFJXdHBUekZpT0U5ME5GRRAB_01,Ci9DQUlRQUNvZENodHljRjlvT25waWJ6RlRaV1ZMYVZaSFJXdHBUekZpT0U5ME5GRRAB,7,7
Ci9DQUlRQUNvZENodHljRjlvT25Sd1prZGFUbk5xV1ZoMVFqSTVRVEZUYTBJelduYxAB_01,Ci9DQUlRQUNvZENodHljRjlvT25Sd1prZGFUbk5xV1ZoMVFqSTVRVEZUYTBJelduYxAB,38,40
Ci9DQUlRQUNvZENodHljRjlvT25Sd1prZGFUbk5xV1ZoMVFqSTVRVEZUYTBJelduYxAB_02,Ci9DQUlRQUNvZENodHljRjlvT25Sd1prZGFUbk5xV1ZoMVFqSTVRVEZUYTBJelduYxAB,31,27
Ci9DQUlRQUNvZENodHljRjlvT25Sd1prZGFUbk5xV1ZoMVFqSTVRVEZUYTBJelduYxAB_03,Ci9DQUlRQUNvZENodHljRjlvT25Sd1prZGFUbk5xV1ZoMVFqSTVRVEZUYTBJelduYxAB,-1,-1
ChdDSUhNMG9nS0VJQ0FnSURPdEpIYXBBRRAB_01,ChdDSUhNMG9nS0VJQ0FnSURPdEpIYXBBRRAB,36,37
Ci9DQUlRQUNvZENodHljRjlvT2pkMFV6ZHdaek5GUjA0MFFqQlVSVE10TUhGV2QzYxAB_01,Ci9DQUlRQUNvZENodHljRjlvT2pkMFV6ZHdaek5GUjA0MFFqQlVSVE10TUhGV2QzYxAB,0,1
Ci9DQUlRQUNvZENodHljRjlvT2pkMFV6ZHdaek5GUjA0MFFqQlVSVE10TUhGV2QzYxAB_02,Ci9DQUlRQUNvZENodHljRjlvT2pkMFV6ZHdaek5GUjA0MFFqQlVSVE10TUhGV2QzYxAB,2,2
Ci9DQUlRQUNvZENodHljRjlvT2tRMVJVeDNVMDFzVFZaQ1dHeG9aR2RvUVRjMVJFRRAB_01,Ci9DQUlRQUNvZENodHljRjlvT2tRMVJVeDNVMDFzVFZaQ1dHeG9aR2RvUVRjMVJFRRAB,20,18
Ci9DQUlRQUNvZENodHljRjlvT2tKbUxYZFRTVkZXVEdablNsUk5YMnhIT1U4Mk0zYxAB_01,Ci9DQUlRQUNvZENodHljRjlvT2tKbUxYZFRTVkZXVEdablNsUk5YMnhIT1U4Mk0zYxAB,4,5
Ci9DQUlRQUNvZENodHljRjlvT2tKbUxYZFRTVkZXVEdablNsUk5YMnhIT1U4Mk0zYxAB_02,Ci9DQUlRQUNvZENodHljRjlvT2tKbUxYZFRTVkZXVEdablNsUk5YMnhIT1U4Mk0zYxAB,2,2
Ci9DQUlRQUNvZENodHljRjlvT2tKbUxYZFRTVkZXVEdablNsUk5YMnhIT1U4Mk0zYxAB_03,Ci9DQUlRQUNvZENodHljRjlvT2tKbUxYZFRTVkZXVEdablNsUk5YMnhIT1U4Mk0zYxAB,0,1
Ci9DQUlRQUNvZENodHljRjlvT2tKbUxYZFRTVkZXVEdablNsUk5YMnhIT1U4Mk0zYxAB_04,Ci9DQUlRQUNvZENodHljRjlvT2tKbUxYZFRTVkZXVEdablNsUk5YMnhIT1U4Mk0zYxAB,-1,-1
Ci9DQUlRQUNvZENodHljRjlvT2pCb1oxQm9XakJVUVZKa2VHRnFkRXBTYURWUlUxRRAB_01,Ci9DQUlRQUNvZENodHljRjlvT2pCb1oxQm9XakJVUVZKa2VHRnFkRXBTYURWUlUxRRAB,-1,-1
Ci9DQUlRQUNvZENodHljRjlvT2pCb1oxQm9XakJVUVZKa2VHRnFkRXBTYURWUlUxRRAB_02,Ci9DQUlRQUNvZENodHljRjlvT2pCb1oxQm9XakJVUVZKa2VHRnFkRXBTYURWUlUxRRAB,17,19
Ci9DQUlRQUNvZENodHljRjlvT2pCb1oxQm9XakJVUVZKa2VHRnFkRXBTYURWUlUxRRAB_03,Ci9DQUlRQUNvZENodHljRjlvT2pCb1oxQm9XakJVUVZKa2VHRnFkRXBTYURWUlUxRRAB,38,40
Ci9DQUlRQUNvZENodHljRjlvT2pCb1oxQm9XakJVUVZKa2VHRnFkRXBTYURWUlUxRRAB_04,Ci9DQUlRQUNvZENodHljRjlvT2pCb1oxQm9XakJVUVZKa2VHRnFkRXBTYURWUlUxRRAB,10,10
Ci9DQUlRQUNvZENodHljRjlvT2pCb1oxQm9XakJVUVZKa2VHRnFkRXBTYURWUlUxRRAB_05,Ci9DQUlRQUNvZENodHljRjlvT2pCb1oxQm9XakJVUVZKa2VHRnFkRXBTYURWUlUxRRAB,4,-1
Ci9DQUlRQUNvZENodHljRjlvT2pCb1oxQm9XakJVUVZKa2VHRnFkRXBTYURWUlUxRRAB_06,Ci9DQUlRQUNvZENodHljRjlvT2pCb1oxQm9XakJVUVZKa2VHRnFkRXBTYURWUlUxRRAB,-1,-1
Ci9DQUlRQUNvZENodHljRjlvT21waVpEUjZORmwwUzNSR01tb3pRMkpmUm5kamRtYxAB_01,Ci9DQUlRQUNvZENodHljRjlvT21waVpEUjZORmwwUzNSR01tb3pRMkpmUm5kamRtYxAB,37,35
Ci9DQUlRQUNvZENodHljRjlvT21waVpEUjZORmwwUzNSR01tb3pRMkpmUm5kamRtYxAB_02,Ci9DQUlRQUNvZENodHljRjlvT21waVpEUjZORmwwUzNSR01tb3pRMkpmUm5kamRtYxAB,21,28
Ci9DQUlRQUNvZENodHljRjlvT21waVpEUjZORmwwUzNSR01tb3pRMkpmUm5kamRtYxAB_03,Ci9DQUlRQUNvZENodHljRjlvT21waVpEUjZORmwwUzNSR01tb3pRMkpmUm5kamRtYxAB,17,19
Ci9DQUlRQUNvZENodHljRjlvT21WcE9GSktkMmhOVlZkV2VEWkpaMHBOT0hocFQwRRAB_01,Ci9DQUlRQUNvZENodHljRjlvT21WcE9GSktkMmhOVlZkV2VEWkpaMHBOT0hocFQwRRAB,-1,-1
Ci9DQUlRQUNvZENodHljRjlvT21WcE9GSktkMmhOVlZkV2VEWkpaMHBOT0hocFQwRRAB_02,Ci9DQUlRQUNvZENodHljRjlvT21WcE9GSktkMmhOVlZkV2VEWkpaMHBOT0hocFQwRRAB,26,-1
Ci9DQUlRQUNvZENodHljRjlvT21WcE9GSktkMmhOVlZkV2VEWkpaMHBOT0hocFQwRRAB_03,Ci9DQUlRQUNvZENodHljRjlvT21WcE9GSktkMmhOVlZkV2VEWkpaMHBOT0hocFQwRRAB,11,12
Ci9DQUlRQUNvZENodHljRjlvT21WcE9GSktkMmhOVlZkV2VEWkpaMHBOT0hocFQwRRAB_04,Ci9DQUlRQUNvZENodHljRjlvT21WcE9GSktkMmhOVlZkV2VEWkpaMHBOT0hocFQwRRAB,11,-1
Ci9DQUlRQUNvZENodHljRjlvT2xONVUwOW1lRWx3UkRGc2J6RXpjbUZpWW5CNlNuYxAB_01,Ci9DQUlRQUNvZENodHljRjlvT2xONVUwOW1lRWx3UkRGc2J6RXpjbUZpWW5CNlNuYxAB,21,28
Ci9DQUlRQUNvZENodHljRjlvT2xONVUwOW1lRWx3UkRGc2J6RXpjbUZpWW5CNlNuYxAB_02,Ci9DQUlRQUNvZENodHljRjlvT2xONVUwOW1lRWx3UkRGc2J6RXpjbUZpWW5CNlNuYxAB,11,12
Ci9DQUlRQUNvZENodHljRjlvT2kxeFMxRkNURTVzU0ZCeWFVbHBRekZUZFU4eE5GRRAB_01,Ci9DQUlRQUNvZENodHljRjlvT2kxeFMxRkNURTVzU0ZCeWFVbHBRekZUZFU4eE5GRRAB,23,31
Ci9DQUlRQUNvZENodHljRjlvT2kxeFMxRkNURTVzU0ZCeWFVbHBRekZUZFU4eE5GRRAB_02,Ci9DQUlRQUNvZENodHljRjlvT2kxeFMxRkNURTVzU0ZCeWFVbHBRekZUZFU4eE5GRRAB,0,1
Ci9DQUlRQUNvZENodHljRjlvT2kxeFMxRkNURTVzU0ZCeWFVbHBRekZUZFU4eE5GRRAB_03,Ci9DQUlRQUNvZENodHljRjlvT2kxeFMxRkNURTVzU0ZCeWFVbHBRekZUZFU4eE5GRRAB,0,1
Ci9DQUlRQUNvZENodHljRjlvT2kxeFMxRkNURTVzU0ZCeWFVbHBRekZUZFU4eE5GRRAB_04,Ci9DQUlRQUNvZENodHljRjlvT2kxeFMxRkNURTVzU0ZCeWFVbHBRekZUZFU4eE5GRRAB,-1,-1
Ci9DQUlRQUNvZENodHljRjlvT2kxeFMxRkNURTVzU0ZCeWFVbHBRekZUZFU4eE5GRRAB_05,Ci9DQUlRQUNvZENodHljRjlvT2kxeFMxRkNURTVzU0ZCeWFVbHBRekZUZFU4eE5GRRAB,18,20
Ci9DQUlRQUNvZENodHljRjlvT2kxeFMxRkNURTVzU0ZCeWFVbHBRekZUZFU4eE5GRRAB_06,Ci9DQUlRQUNvZENodHljRjlvT2kxeFMxRkNURTVzU0ZCeWFVbHBRekZUZFU4eE5GRRAB,21,-1
Ci9DQUlRQUNvZENodHljRjlvT2kxeFMxRkNURTVzU0ZCeWFVbHBRekZUZFU4eE5GRRAB_07,Ci9DQUlRQUNvZENodHljRjlvT2kxeFMxRkNURTVzU0ZCeWFVbHBRekZUZFU4eE5GRRAB,5,4
Ci9DQUlRQUNvZENodHljRjlvT21Kc1VIQnBXbEpQWlMxc01XTTVTVFpXZG5kalFuYxAB_01,Ci9DQUlRQUNvZENodHljRjlvT21Kc1VIQnBXbEpQWlMxc01XTTVTVFpXZG5kalFuYxAB,6,6
Ci9DQUlRQUNvZENodHljRjlvT21GeGN6Sm5ORGxaVm1Sb1ZXMVliV2x5VjJOWVdtYxAB_01,Ci9DQUlRQUNvZENodHljRjlvT21GeGN6Sm5ORGxaVm1Sb1ZXMVliV2x5VjJOWVdtYxAB,20,18
Ci9DQUlRQUNvZENodHljRjlvT25GWldXeHlTRzFMTFdGSk9HOTRWMWxCYWxKcWJIYxAB_01,Ci9DQUlRQUNvZENodHljRjlvT25GWldXeHlTRzFMTFdGSk9HOTRWMWxCYWxKcWJIYxAB,4,5
Ci9DQUlRQUNvZENodHljRjlvT25GWldXeHlTRzFMTFdGSk9HOTRWMWxCYWxKcWJIYxAB_02,Ci9DQUlRQUNvZENodHljRjlvT25GWldXeHlTRzFMTFdGSk9HOTRWMWxCYWxKcWJIYxAB,-1,-1
Ci9DQUlRQUNvZENodHljRjlvT25sVVNrMTJiMDh6VTBreVIybFdMVFZyU0V0ZlNsRRAB_01,Ci9DQUlRQUNvZENodHljRjlvT25sVVNrMTJiMDh6VTBreVIybFdMVFZyU0V0ZlNsRRAB,3,3
Ci9DQUlRQUNvZENodHljRjlvT21saE9VSjRTMHBKVEZwQ1YyaGxTR0ZSWldzM1ZYYxAB_01,Ci9DQUlRQUNvZENodHljRjlvT21saE9VSjRTMHBKVEZwQ1YyaGxTR0ZSWldzM1ZYYxAB,-1,-1
Ci9DQUlRQUNvZENodHljRjlvT21saE9VSjRTMHBKVEZwQ1YyaGxTR0ZSWldzM1ZYYxAB_02,Ci9DQUlRQUNvZENodHljRjlvT21saE9VSjRTMHBKVEZwQ1YyaGxTR0ZSWldzM1ZYYxAB,4,-1
Ci9DQUlRQUNvZENodHljRjlvT21saE9VSjRTMHBKVEZwQ1YyaGxTR0ZSWldzM1ZYYxAB_03,Ci9DQUlRQUNvZENodHljRjlvT21saE9VSjRTMHBKVEZwQ1YyaGxTR0ZSWldzM1ZYYxAB,39,38
ChZDSUhNMG9nS0VJQ0FnSURaek1lSmZBEAE_01,ChZDSUhNMG9nS0VJQ0FnSURaek1lSmZBEAE,4,5
ChdDSUhNMG9nS0VJQ0FnSURhMXRHNnZ3RRAB_01,ChdDSUhNMG9nS0VJQ0FnSURhMXRHNnZ3RRAB,9,9
ChdDSUhNMG9nS0VJQ0FnSURhMXRHNnZ3RRAB_02,ChdDSUhNMG9nS0VJQ0FnSURhMXRHNnZ3RRAB,-1,-1
ChdDSUhNMG9nS0VJQ0FnSURhMXRHNnZ3RRAB_03,ChdDSUhNMG9nS0VJQ0FnSURhMXRHNnZ3RRAB,10,10
ChdDSUhNMG9nS0VJQ0FnSURhMXRHNnZ3RRAB_04,ChdDSUhNMG9nS0VJQ0FnSURhMXRHNnZ3RRAB,3,-1
ChdDSUhNMG9nS0VJQ0FnSURhMXRHNnZ3RRAB_05,ChdDSUhNMG9nS0VJQ0FnSURhMXRHNnZ3RRAB,8,8
ChdDSUhNMG9nS0VJQ0FnSUR0N09DZWlRRRAB_01,ChdDSUhNMG9nS0VJQ0FnSUR0N09DZWlRRRAB,32,-1
ChdDSUhNMG9nS0VJQ0FnSUR0N09DZWlRRRAB_02,ChdDSUhNMG9nS0VJQ0FnSUR0N09DZWlRRRAB,18,20
ChdDSUhNMG9nS0VJQ0FnSUR0N09DZWlRRRAB_03,ChdDSUhNMG9nS0VJQ0FnSUR0N09DZWlRRRAB,-1,-1
ChdDSUhNMG9nS0VJQ0FnSUR0N09DZWlRRRAB_04,ChdDSUhNMG9nS0VJQ0FnSUR0N09DZWlRRRAB,9,9
ChZDSUhNMG9nS0VJQ0FnSURkek42TmNBEAE_01,ChZDSUhNMG9nS0VJQ0FnSURkek42TmNBEAE,27,24
ChdDSUhNMG9nS0VJQ0FnSUNEb19qUHJRRRAB_01,ChdDSUhNMG9nS0VJQ0FnSUNEb19qUHJRRRAB,4,-1
ChdDSUhNMG9nS0VJQ0FnSUNEb19qUHJRRRAB_02,ChdDSUhNMG9nS0VJQ0FnSUNEb19qUHJRRRAB,6,6
ChdDSUhNMG9nS0VJQ0FnSUNEb19qUHJRRRAB_03,ChdDSUhNMG9nS0VJQ0FnSUNEb19qUHJRRRAB,-1,-1
ChdDSUhNMG9nS0VJQ0FnSUNEb19qUHJRRRAB_04,ChdDSUhNMG9nS0VJQ0FnSUNEb19qUHJRRRAB,32,32
ChdDSUhNMG9nS0VJQ0FnSUNqMjZMOS1RRRAB_01,ChdDSUhNMG9nS0VJQ0FnSUNqMjZMOS1RRRAB,27,24
ChdDSUhNMG9nS0VJQ0FnSUNIdHVHajNBRRAB_01,ChdDSUhNMG9nS0VJQ0FnSUNIdHVHajNBRRAB,27,24
ChdDSUhNMG9nS0VJQ0FnSUNIdHVHajNBRRAB_02,ChdDSUhNMG9nS0VJQ0FnSUNIdHVHajNBRRAB,1,0
ChZDSUhNMG9nS0VJQ0FnSUNIZ2NUZGZBEAE_01,ChZDSUhNMG9nS0VJQ0FnSUNIZ2NUZGZBEAE,21,28
ChZDSUhNMG9nS0VJQ0FnSUNQbmZhbWRREAE_01,ChZDSUhNMG9nS0VJQ0FnSUNQbmZhbWRREAE,14,13
ChZDSUhNMG9nS0VJQ0FnSUNQbmZhbWRREAE_02,ChZDSUhNMG9nS0VJQ0FnSUNQbmZhbWRREAE,16,14
ChdDSUhNMG9nS0VJQ0FnSUN2d0lhejFRRRAB_01,ChdDSUhNMG9nS0VJQ0FnSUN2d0lhejFRRRAB,18,20
ChdDSUhNMG9nS0VJQ0FnSUN2d0lhejFRRRAB_02,ChdDSUhNMG9nS0VJQ0FnSUN2d0lhejFRRRAB,25,25
ChdDSUhNMG9nS0VJQ0FnSURfMGFPaHdnRRAB_01,ChdDSUhNMG9nS0VJQ0FnSURfMGFPaHdnRRAB,-1,-1
ChZDSUhNMG9nS0VJQ0FnSUN4aFpqbllBEAE_01,ChZDSUhNMG9nS0VJQ0FnSUN4aFpqbllBEAE,4,5
ChZDSUhNMG9nS0VJQ0FnSUN4aFpqbllBEAE_02,ChZDSUhNMG9nS0VJQ0FnSUN4aFpqbllBEAE,-1,-1
ChZDSUhNMG9nS0VJQ0FnSUN4aFpqbllBEAE_03,ChZDSUhNMG9nS0VJQ0FnSUN4aFpqbllBEAE,5,4
ChdDSUhNMG9nS0VJQ0FnTUNnaS1pNnhnRRAB_01,ChdDSUhNMG9nS0VJQ0FnTUNnaS1pNnhnRRAB,-1,-1
ChdDSUhNMG9nS0VJQ0FnTUNRN0pUaXlnRRAB_01,ChdDSUhNMG9nS0VJQ0FnTUNRN0pUaXlnRRAB,0,1
ChZDSUhNMG9nS0VJQ0FnTUR3OWMzN2VREAE_01,ChZDSUhNMG9nS0VJQ0FnTUR3OWMzN2VREAE,5,4
ChZDSUhNMG9nS0VJQ0FnTUR3OWMzN2VREAE_02,ChZDSUhNMG9nS0VJQ0FnTUR3OWMzN2VREAE,1,0
ChZDSUhNMG9nS0VJQ0FnTUR3OWMzN2VREAE_03,ChZDSUhNMG9nS0VJQ0FnTUR3OWMzN2VREAE,5,4
ChZDSUhNMG9nS0VLZVZ6OGpFelA3RVhREAE_01,ChZDSUhNMG9nS0VLZVZ6OGpFelA3RVhREAE,27,24
Ci9DQUlRQUNvZENodHljRjlvT21NNWIyRnNibXBmTTBWS1kxZDRPVk5wUVV4c1ZVRRAB_01,Ci9DQUlRQUNvZENodHljRjlvT21NNWIyRnNibXBmTTBWS1kxZDRPVk5wUVV4c1ZVRRAB,18,20
Ci9DQUlRQUNvZENodHljRjlvT2pCV1VHbGtOMGMzU1hSaE5HaHdkR3RKU1Y5R1dtYxAB_01,Ci9DQUlRQUNvZENodHljRjlvT2pCV1VHbGtOMGMzU1hSaE5HaHdkR3RKU1Y5R1dtYxAB,-1,-1
Ci9DQUlRQUNvZENodHljRjlvT201amFFaFVPWE5tWVVacFJFNTJlVzV1YkdnNU9WRRAB_01,Ci9DQUlRQUNvZENodHljRjlvT201amFFaFVPWE5tWVVacFJFNTJlVzV1YkdnNU9WRRAB,-1,-1
Ci9DQUlRQUNvZENodHljRjlvT201amFFaFVPWE5tWVVacFJFNTJlVzV1YkdnNU9WRRAB_02,Ci9DQUlRQUNvZENodHljRjlvT201amFFaFVPWE5tWVVacFJFNTJlVzV1YkdnNU9WRRAB,-1,-1
Ci9DQUlRQUNvZENodHljRjlvT201amFFaFVPWE5tWVVacFJFNTJlVzV1YkdnNU9WRRAB_03,Ci9DQUlRQUNvZENodHljRjlvT201amFFaFVPWE5tWVVacFJFNTJlVzV1YkdnNU9WRRAB,-1,-1
Ci9DQUlRQUNvZENodHljRjlvT21kek1YQmxiSFJpY1hGb2FrNWxNM0pUV210cFgwRRAB_01,Ci9DQUlRQUNvZENodHljRjlvT21kek1YQmxiSFJpY1hGb2FrNWxNM0pUV210cFgwRRAB,9,9
Ci9DQUlRQUNvZENodHljRjlvT2t4RFUwVmFZVkF5V2xvNFMwZG9PVm8wWjJ4UU9HYxAB_01,Ci9DQUlRQUNvZENodHljRjlvT2t4RFUwVmFZVkF5V2xvNFMwZG9PVm8wWjJ4UU9HYxAB,0,1
Ci9DQUlRQUNvZENodHljRjlvT21zM2VFWm5kVEE1TWpKTk1rOUVTbDlhYWtORU1IYxAB_01,Ci9DQUlRQUNvZENodHljRjlvT21zM2VFWm5kVEE1TWpKTk1rOUVTbDlhYWtORU1IYxAB,27,24
Ci9DQUlRQUNvZENodHljRjlvT21zM2VFWm5kVEE1TWpKTk1rOUVTbDlhYWtORU1IYxAB_02,Ci9DQUlRQUNvZENodHljRjlvT21zM2VFWm5kVEE1TWpKTk1rOUVTbDlhYWtORU1IYxAB,35,-1
Ci9DQUlRQUNvZENodHljRjlvT21zM2VFWm5kVEE1TWpKTk1rOUVTbDlhYWtORU1IYxAB_03,Ci9DQUlRQUNvZENodHljRjlvT21zM2VFWm5kVEE1TWpKTk1rOUVTbDlhYWtORU1IYxAB,39,38
ChdDSUhNMG9nS0VJQ0FnSURONnBMODJ3RRAB_01,ChdDSUhNMG9nS0VJQ0FnSURONnBMODJ3RRAB,15,11
ChdDSUhNMG9nS0VJQ0FnSURkdU4zVWx3RRAB_01,ChdDSUhNMG9nS0VJQ0FnSURkdU4zVWx3RRAB,15,11
ChdDSUhNMG9nS0VJQ0FnSURkdU4zVWx3RRAB_02,ChdDSUhNMG9nS0VJQ0FnSURkdU4zVWx3RRAB,-1,-1
ChdDSUhNMG9nS0VJQ0FnSUNEZ3FETDRnRRAB_01,ChdDSUhNMG9nS0VJQ0FnSUNEZ3FETDRnRRAB,15,11
ChdDSUhNMG9nS0VJQ0FnSUNEZ3FETDRnRRAB_02,ChdDSUhNMG9nS0VJQ0FnSUNEZ3FETDRnRRAB,15,11
ChdDSUhNMG9nS0VJQ0FnSUNEZ3FETDRnRRAB_03,ChdDSUhNMG9nS0VJQ0FnSUNEZ3FETDRnRRAB,1,0
ChdDSUhNMG9nS0VJQ0FnSUNEZ3FETDRnRRAB_04,ChdDSUhNMG9nS0VJQ0FnSUNEZ3FETDRnRRAB,5,-1
ChdDSUhNMG9nS0VJQ0FnSUNEa3ZxaXpBRRAB_01,ChdDSUhNMG9nS0VJQ0FnSUNEa3ZxaXpBRRAB,15,11
ChdDSUhNMG9nS0VJQ0FnSUNEa3ZxaXpBRRAB_02,ChdDSUhNMG9nS0VJQ0FnSUNEa3ZxaXpBRRAB,5,4
ChdDSUhNMG9nS0VJQ0FnSUNEM1lIN193RRAB_01,ChdDSUhNMG9nS0VJQ0FnSUNEM1lIN193RRAB,8,8
ChdDSUhNMG9nS0VJQ0FnSUNEM1lIN193RRAB_02,ChdDSUhNMG9nS0VJQ0FnSUNEM1lIN193RRAB,-1,-1
ChdDSUhNMG9nS0VJQ0FnSUNEM1lIN193RRAB_03,ChdDSUhNMG9nS0VJQ0FnSUNEM1lIN193RRAB,2,2
ChZDSUhNMG9nS0VJQ0FnSUNEbzVlMkZBEAE_01,ChZDSUhNMG9nS0VJQ0FnSUNEbzVlMkZBEAE,15,11
ChdDSUhNMG9nS0VJQ0FnSUNUbmFlSnN3RRAB_01,ChdDSUhNMG9nS0VJQ0FnSUNUbmFlSnN3RRAB,8,8
ChdDSUhNMG9nS0VJQ0FnSURUaEppN2lBRRAB_01,ChdDSUhNMG9nS0VJQ0FnSURUaEppN2lBRRAB,2,2
ChdDSUhNMG9nS0VJQ0FnSURUaEppN2lBRRAB_02,ChdDSUhNMG9nS0VJQ0FnSURUaEppN2lBRRAB,15,11
ChdDSUhNMG9nS0VJQ0FnSURUaEppN2lBRRAB_03,ChdDSUhNMG9nS0VJQ0FnSURUaEppN2lBRRAB,5,-1
ChdDSUhNMG9nS0VJQ0FnSUNic0pDMTNBRRAB_01,ChdDSUhNMG9nS0VJQ0FnSUNic0pDMTNBRRAB,15,11
ChdDSUhNMG9nS0VJQ0FnSUNic0pDMTNBRRAB_02,ChdDSUhNMG9nS0VJQ0FnSUNic0pDMTNBRRAB,20,18
ChdDSUhNMG9nS0VJQ0FnSURyLUtDUHRBRRAB_01,ChdDSUhNMG9nS0VJQ0FnSURyLUtDUHRBRRAB,15,11
ChdDSUhNMG9nS0VJQ0FnSURyLUtDUHRBRRAB_02,ChdDSUhNMG9nS0VJQ0FnSURyLUtDUHRBRRAB,18,20
ChdDSUhNMG9nS0VJQ0FnSURibnM2c3J3RRAB_01,ChdDSUhNMG9nS0VJQ0FnSURibnM2c3J3RRAB,15,11
ChdDSUhNMG9nS0VJQ0FnSURibnM2c3J3RRAB_02,ChdDSUhNMG9nS0VJQ0FnSURibnM2c3J3RRAB,1,0
ChdDSUhNMG9nS0VJQ0FnSURibnM2c3J3RRAB_03,ChdDSUhNMG9nS0VJQ0FnSURibnM2c3J3RRAB,2,2
ChZDSUhNMG9nS0VJQ0FnSURIajlPMUZnEAE_01,ChZDSUhNMG9nS0VJQ0FnSURIajlPMUZnEAE,22,17
ChZDSUhNMG9nS0VJQ0FnSURIajlPMUZnEAE_02,ChZDSUhNMG9nS0VJQ0FnSURIajlPMUZnEAE,5,4
ChZDSUhNMG9nS0VJQ0FnSURIajlPMUZnEAE_03,ChZDSUhNMG9nS0VJQ0FnSURIajlPMUZnEAE,-1,-1
ChZDSUhNMG9nS0VJQ0FnSUNWNjh1R1F3EAE_01,ChZDSUhNMG9nS0VJQ0FnSUNWNjh1R1F3EAE,12,21
ChZDSUhNMG9nS0VJQ0FnSUNWNjh1R1F3EAE_02,ChZDSUhNMG9nS0VJQ0FnSUNWNjh1R1F3EAE,2,2
ChZDSUhNMG9nS0VJQ0FnSUNWNjh1R1F3EAE_03,ChZDSUhNMG9nS0VJQ0FnSUNWNjh1R1F3EAE,15,11
ChdDSUhNMG9nS0VJQ0FnSUQzdjVLVDZnRRAB_01,ChdDSUhNMG9nS0VJQ0FnSUQzdjVLVDZnRRAB,15,11
ChdDSUhNMG9nS0VJQ0FnSUNfdk5fZG9RRRAB_01,ChdDSUhNMG9nS0VJQ0FnSUNfdk5fZG9RRRAB,15,11
ChdDSUhNMG9nS0VJQ0FnTUNnbmIyYXRnRRAB_01,ChdDSUhNMG9nS0VJQ0FnTUNnbmIyYXRnRRAB,3,3
ChdDSUhNMG9nS0VJQ0FnTUNnbmIyYXRnRRAB_02,ChdDSUhNMG9nS0VJQ0FnTUNnbmIyYXRnRRAB,2,2
ChdDSUhNMG9nS0VJQ0FnTUNnbmIyYXRnRRAB_03,ChdDSUhNMG9nS0VJQ0FnTUNnbmIyYXRnRRAB,5,-1
Ci9DQUlRQUNvZENodHljRjlvT20xWGVHWmtVR1JoY0ZWaldIUndURFkyZEVRNFprRRAB_01,Ci9DQUlRQUNvZENodHljRjlvT20xWGVHWmtVR1JoY0ZWaldIUndURFkyZEVRNFprRRAB,7,-1
Ci9DQUlRQUNvZENodHljRjlvT2prM1QwaFFiMjlGZDJoWk0xZEZSbE5NVUVOeVZrRRAB_01,Ci9DQUlRQUNvZENodHljRjlvT2prM1QwaFFiMjlGZDJoWk0xZEZSbE5NVUVOeVZrRRAB,15,11
Ci9DQUlRQUNvZENodHljRjlvT2prM1QwaFFiMjlGZDJoWk0xZEZSbE5NVUVOeVZrRRAB_02,Ci9DQUlRQUNvZENodHljRjlvT2prM1QwaFFiMjlGZDJoWk0xZEZSbE5NVUVOeVZrRRAB,2,2
Ci9DQUlRQUNvZENodHljRjlvT2prM1QwaFFiMjlGZDJoWk0xZEZSbE5NVUVOeVZrRRAB_03,Ci9DQUlRQUNvZENodHljRjlvT2prM1QwaFFiMjlGZDJoWk0xZEZSbE5NVUVOeVZrRRAB,23,31
Ci9DQUlRQUNvZENodHljRjlvT2tVMlRWSkVjSHBRWVhCM04wSmtRMjR5UkhWbFVGRRAB_01,Ci9DQUlRQUNvZENodHljRjlvT2tVMlRWSkVjSHBRWVhCM04wSmtRMjR5UkhWbFVGRRAB,15,11
Ci9DQUlRQUNvZENodHljRjlvT2tVMlRWSkVjSHBRWVhCM04wSmtRMjR5UkhWbFVGRRAB_02,Ci9DQUlRQUNvZENodHljRjlvT2tVMlRWSkVjSHBRWVhCM04wSmtRMjR5UkhWbFVGRRAB,13,15
Ci9DQUlRQUNvZENodHljRjlvT2tVMlRWSkVjSHBRWVhCM04wSmtRMjR5UkhWbFVGRRAB_03,Ci9DQUlRQUNvZENodHljRjlvT2tVMlRWSkVjSHBRWVhCM04wSmtRMjR5UkhWbFVGRRAB,4,-1
Ci9DQUlRQUNvZENodHljRjlvT2tVMlRWSkVjSHBRWVhCM04wSmtRMjR5UkhWbFVGRRAB_04,Ci9DQUlRQUNvZENodHljRjlvT2tVMlRWSkVjSHBRWVhCM04wSmtRMjR5UkhWbFVGRRAB,2,2
Ci9DQUlRQUNvZENodHljRjlvT21wVk5VRnRVa0ZHY0doblJ6WnNkbTkzV0dsc1RWRRAB_01,Ci9DQUlRQUNvZENodHljRjlvT21wVk5VRnRVa0ZHY0doblJ6WnNkbTkzV0dsc1RWRRAB,7,7
Ci9DQUlRQUNvZENodHljRjlvT2tGWmRYVkVXRlZpTXkxQ01WbE1ZV052UzBsTk5WRRAB_01,Ci9DQUlRQUNvZENodHljRjlvT2tGWmRYVkVXRlZpTXkxQ01WbE1ZV052UzBsTk5WRRAB,15,11
Ci9DQUlRQUNvZENodHljRjlvT2sxeU0xZGplbWxFVDNCcE5UbE1NRTFWZDE5eGRrRRAB_01,Ci9DQUlRQUNvZENodHljRjlvT2sxeU0xZGplbWxFVDNCcE5UbE1NRTFWZDE5eGRrRRAB,15,11
Ci9DQUlRQUNvZENodHljRjlvT2sxeU0xZGplbWxFVDNCcE5UbE1NRTFWZDE5eGRrRRAB_02,Ci9DQUlRQUNvZENodHljRjlvT2sxeU0xZGplbWxFVDNCcE5UbE1NRTFWZDE5eGRrRRAB,11,12
Ci9DQUlRQUNvZENodHljRjlvT2sxeU0xZGplbWxFVDNCcE5UbE1NRTFWZDE5eGRrRRAB_03,Ci9DQUlRQUNvZENodHljRjlvT2sxeU0xZGplbWxFVDNCcE5UbE1NRTFWZDE5eGRrRRAB,-1,-1
Ci9DQUlRQUNvZENodHljRjlvT21SS1oxQlZMVmhMYTIxdGVtdHZWbkpvWm5OYWNrRRAB_01,Ci9DQUlRQUNvZENodHljRjlvT21SS1oxQlZMVmhMYTIxdGVtdHZWbkpvWm5OYWNrRRAB,15,11
Ci9DQUlRQUNvZENodHljRjlvT21SS1oxQlZMVmhMYTIxdGVtdHZWbkpvWm5OYWNrRRAB_02,Ci9DQUlRQUNvZENodHljRjlvT21SS1oxQlZMVmhMYTIxdGVtdHZWbkpvWm5OYWNrRRAB,1,0
ChZDSUhNMG9nS0VJQ0FnSUNOLXVIRlFREAE_01,ChZDSUhNMG9nS0VJQ0FnSUNOLXVIRlFREAE,6,6
ChZDSUhNMG9nS0VJQ0FnSUNwd0pfcFNnEAE_01,ChZDSUhNMG9nS0VJQ0FnSUNwd0pfcFNnEAE,7,7
ChdDSUhNMG9nS0VJQ0FnSUNfdHNmTHpRRRAB_01,ChdDSUhNMG9nS0VJQ0FnSUNfdHNmTHpRRRAB,3,3
ChdDSUhNMG9nS0VJQ0FnSUNfdHNmTHpRRRAB_02,ChdDSUhNMG9nS0VJQ0FnSUNfdHNmTHpRRRAB,1,0
Ci9DQUlRQUNvZENodHljRjlvT21FdGFHMWpaWEZ4VW1GMU9IQTFkRTh3UjJ4NmJsRRAB_01,Ci9DQUlRQUNvZENodHljRjlvT21FdGFHMWpaWEZ4VW1GMU9IQTFkRTh3UjJ4NmJsRRAB,-1,-1
Ci9DQUlRQUNvZENodHljRjlvT2s0elIwcFZibGRMVEZFeVdXZGplRU5QYVV4Q1ZVRRAB_01,Ci9DQUlRQUNvZENodHljRjlvT2s0elIwcFZibGRMVEZFeVdXZGplRU5QYVV4Q1ZVRRAB,18,20
Ci9DQUlRQUNvZENodHljRjlvT2tsbE1rZ3lhR1U1WDJabVVIcE9Oak5JYXpkRVdGRRAB_01,Ci9DQUlRQUNvZENodHljRjlvT2tsbE1rZ3lhR1U1WDJabVVIcE9Oak5JYXpkRVdGRRAB,3,-1
Ci9DQUlRQUNvZENodHljRjlvT2tsbE1rZ3lhR1U1WDJabVVIcE9Oak5JYXpkRVdGRRAB_02,Ci9DQUlRQUNvZENodHljRjlvT2tsbE1rZ3lhR1U1WDJabVVIcE9Oak5JYXpkRVdGRRAB,11,-1
Ci9DQUlRQUNvZENodHljRjlvT2tsbE1rZ3lhR1U1WDJabVVIcE9Oak5JYXpkRVdGRRAB_03,Ci9DQUlRQUNvZENodHljRjlvT2tsbE1rZ3lhR1U1WDJabVVIcE9Oak5JYXpkRVdGRRAB,5,4
ChZDSUhNMG9nS0VJQ0FnSUMxazYzTGZ3EAE_01,ChZDSUhNMG9nS0VJQ0FnSUMxazYzTGZ3EAE,3,3
ChZDSUhNMG9nS0VJQ0FnSUMxazYzTGZ3EAE_02,ChZDSUhNMG9nS0VJQ0FnSUMxazYzTGZ3EAE,16,14
ChZDSUhNMG9nS0VJQ0FnSUMxazYzTGZ3EAE_03,ChZDSUhNMG9nS0VJQ0FnSUMxazYzTGZ3EAE,8,8
ChZDSUhNMG9nS0VJQ0FnSUMxazYzTGZ3EAE_04,ChZDSUhNMG9nS0VJQ0FnSUMxazYzTGZ3EAE,16,14
ChdDSUhNMG9nS0VJQ0FnSUMxbTRIMXhnRRAB_01,ChdDSUhNMG9nS0VJQ0FnSUMxbTRIMXhnRRAB,29,23
ChdDSUhNMG9nS0VJQ0FnSUMxbTRIMXhnRRAB_02,ChdDSUhNMG9nS0VJQ0FnSUMxbTRIMXhnRRAB,-1,-1
ChdDSUhNMG9nS0VJQ0FnSUMxbTRIMXhnRRAB_03,ChdDSUhNMG9nS0VJQ0FnSUMxbTRIMXhnRRAB,-1,-1
ChdDSUhNMG9nS0VJQ0FnSUQxdHVyS3l3RRAB_01,ChdDSUhNMG9nS0VJQ0FnSUQxdHVyS3l3RRAB,1,0
ChdDSUhNMG9nS0VJQ0FnSUQxdjVQODJRRRAB_01,ChdDSUhNMG9nS0VJQ0FnSUQxdjVQODJRRRAB,1,0
ChdDSUhNMG9nS0VJQ0FnSUQxdjVQODJRRRAB_02,ChdDSUhNMG9nS0VJQ0FnSUQxdjVQODJRRRAB,19,16
ChdDSUhNMG9nS0VJQ0FnSUNOMVBXTmlBRRAB_01,ChdDSUhNMG9nS0VJQ0FnSUNOMVBXTmlBRRAB,-1,-1
ChZDSUhNMG9nS0VJQ0FnSUNOenJEcEF3EAE_01,ChZDSUhNMG9nS0VJQ0FnSUNOenJEcEF3EAE,40,41
ChZDSUhNMG9nS0VJQ0FnSUR0dEkzVExREAE_01,ChZDSUhNMG9nS0VJQ0FnSUR0dEkzVExREAE,3,3
ChdDSUhNMG9nS0VJQ0FnSURqM3JMNV9nRRAB_01,ChdDSUhNMG9nS0VJQ0FnSURqM3JMNV9nRRAB,2,2
ChdDSUhNMG9nS0VJQ0FnSURUbU9qczFRRRAB_01,ChdDSUhNMG9nS0VJQ0FnSURUbU9qczFRRRAB,18,20
ChdDSUhNMG9nS0VJQ0FnSURUdmJ1QzBRRRAB_01,ChdDSUhNMG9nS0VJQ0FnSURUdmJ1QzBRRRAB,0,1
ChZDSUhNMG9nS0VJQ0FnSURMLTZlRkl3EAE_01,ChZDSUhNMG9nS0VJQ0FnSURMLTZlRkl3EAE,10,-1
ChdDSUhNMG9nS0VJQ0FnSUNIN1pIN3hBRRAB_01,ChdDSUhNMG9nS0VJQ0FnSUNIN1pIN3hBRRAB,1,0
ChdDSUhNMG9nS0VJQ0FnSUNIN1pIN3hBRRAB_02,ChdDSUhNMG9nS0VJQ0FnSUNIN1pIN3hBRRAB,5,4
ChdDSUhNMG9nS0VJQ0FnSURYd0tEM193RRAB_01,ChdDSUhNMG9nS0VJQ0FnSURYd0tEM193RRAB,0,1
ChdDSUhNMG9nS0VJQ0FnTURJMnFTazJRRRAB_01,ChdDSUhNMG9nS0VJQ0FnTURJMnFTazJRRRAB,17,19
ChdDSUhNMG9nS0VJQ0FnTURJMnFTazJRRRAB_02,ChdDSUhNMG9nS0VJQ0FnTURJMnFTazJRRRAB,1,0
ChdDSUhNMG9nS0VJQ0FnTURJMnFTazJRRRAB_03,ChdDSUhNMG9nS0VJQ0FnTURJMnFTazJRRRAB,2,2
ChdDSUhNMG9nS0VJQ0FnTURJMnFTazJRRRAB_04,ChdDSUhNMG9nS0VJQ0FnTURJMnFTazJRRRAB,-1,-1
ChZDSUhNMG9nS0VMQ2lzWV9KejZhRllnEAE_01,ChZDSUhNMG9nS0VMQ2lzWV9KejZhRllnEAE,13,-1
Ci9DQUlRQUNvZENodHljRjlvT201TlRVaFdUM05KWDJadmFFRjZTMWxyZUhad1VXYxAB_01,Ci9DQUlRQUNvZENodHljRjlvT201TlRVaFdUM05KWDJadmFFRjZTMWxyZUhad1VXYxAB,3,3
Ci9DQUlRQUNvZENodHljRjlvT201TlRVaFdUM05KWDJadmFFRjZTMWxyZUhad1VXYxAB_02,Ci9DQUlRQUNvZENodHljRjlvT201TlRVaFdUM05KWDJadmFFRjZTMWxyZUhad1VXYxAB,5,4
Ci9DQUlRQUNvZENodHljRjlvT21ac2QwSTRhVWhHTWpaeFpFUmxUVmxWU1ZOaE1YYxAB_01,Ci9DQUlRQUNvZENodHljRjlvT21ac2QwSTRhVWhHTWpaeFpFUmxUVmxWU1ZOaE1YYxAB,2,2
Ci9DQUlRQUNvZENodHljRjlvT21ac2QwSTRhVWhHTWpaeFpFUmxUVmxWU1ZOaE1YYxAB_02,Ci9DQUlRQUNvZENodHljRjlvT21ac2QwSTRhVWhHTWpaeFpFUmxUVmxWU1ZOaE1YYxAB,-1,-1
Ci9DQUlRQUNvZENodHljRjlvT21ac2QwSTRhVWhHTWpaeFpFUmxUVmxWU1ZOaE1YYxAB_03,Ci9DQUlRQUNvZENodHljRjlvT21ac2QwSTRhVWhHTWpaeFpFUmxUVmxWU1ZOaE1YYxAB,26,26
Ci9DQUlRQUNvZENodHljRjlvT21ac2QwSTRhVWhHTWpaeFpFUmxUVmxWU1ZOaE1YYxAB_04,Ci9DQUlRQUNvZENodHljRjlvT21ac2QwSTRhVWhHTWpaeFpFUmxUVmxWU1ZOaE1YYxAB,13,15
Ci9DQUlRQUNvZENodHljRjlvT21ac2QwSTRhVWhHTWpaeFpFUmxUVmxWU1ZOaE1YYxAB_05,Ci9DQUlRQUNvZENodHljRjlvT21ac2QwSTRhVWhHTWpaeFpFUmxUVmxWU1ZOaE1YYxAB,35,36
Ci9DQUlRQUNvZENodHljRjlvT21ac2QwSTRhVWhHTWpaeFpFUmxUVmxWU1ZOaE1YYxAB_06,Ci9DQUlRQUNvZENodHljRjlvT21ac2QwSTRhVWhHTWpaeFpFUmxUVmxWU1ZOaE1YYxAB,25,25
Ci9DQUlRQUNvZENodHljRjlvT21ac2QwSTRhVWhHTWpaeFpFUmxUVmxWU1ZOaE1YYxAB_07,Ci9DQUlRQUNvZENodHljRjlvT21ac2QwSTRhVWhHTWpaeFpFUmxUVmxWU1ZOaE1YYxAB,2,2
Ci9DQUlRQUNvZENodHljRjlvT2pBMFdXeHZUREV4T1hNeFNGSkVhR1p6T1UxV01GRRAB_01,Ci9DQUlRQUNvZENodHljRjlvT2pBMFdXeHZUREV4T1hNeFNGSkVhR1p6T1UxV01GRRAB,19,16
Ci9DQUlRQUNvZENodHljRjlvT2pBMFdXeHZUREV4T1hNeFNGSkVhR1p6T1UxV01GRRAB_02,Ci9DQUlRQUNvZENodHljRjlvT2pBMFdXeHZUREV4T1hNeFNGSkVhR1p6T1UxV01GRRAB,4,5
Ci9DQUlRQUNvZENodHljRjlvT2pBMFdXeHZUREV4T1hNeFNGSkVhR1p6T1UxV01GRRAB_03,Ci9DQUlRQUNvZENodHljRjlvT2pBMFdXeHZUREV4T1hNeFNGSkVhR1p6T1UxV01GRRAB,11,12
Ci9DQUlRQUNvZENodHljRjlvT2pBMFdXeHZUREV4T1hNeFNGSkVhR1p6T1UxV01GRRAB_04,Ci9DQUlRQUNvZENodHljRjlvT2pBMFdXeHZUREV4T1hNeFNGSkVhR1p6T1UxV01GRRAB,1,0
Ci9DQUlRQUNvZENodHljRjlvT2pBMFdXeHZUREV4T1hNeFNGSkVhR1p6T1UxV01GRRAB_05,Ci9DQUlRQUNvZENodHljRjlvT2pBMFdXeHZUREV4T1hNeFNGSkVhR1p6T1UxV01GRRAB,7,7
Ci9DQUlRQUNvZENodHljRjlvT2pBMFdXeHZUREV4T1hNeFNGSkVhR1p6T1UxV01GRRAB_06,Ci9DQUlRQUNvZENodHljRjlvT2pBMFdXeHZUREV4T1hNeFNGSkVhR1p6T1UxV01GRRAB,-1,-1
Ci9DQUlRQUNvZENodHljRjlvT2pBMFdXeHZUREV4T1hNeFNGSkVhR1p6T1UxV01GRRAB_07,Ci9DQUlRQUNvZENodHljRjlvT2pBMFdXeHZUREV4T1hNeFNGSkVhR1p6T1UxV01GRRAB,3,3
Ci9DQUlRQUNvZENodHljRjlvT25GNFJWaFVZalE1UTBKNE1XbHlTekpZZHprM1lVRRAB_01,Ci9DQUlRQUNvZENodHljRjlvT25GNFJWaFVZalE1UTBKNE1XbHlTekpZZHprM1lVRRAB,35,-1
Ci9DQUlRQUNvZENodHljRjlvT25GNFJWaFVZalE1UTBKNE1XbHlTekpZZHprM1lVRRAB_02,Ci9DQUlRQUNvZENodHljRjlvT25GNFJWaFVZalE1UTBKNE1XbHlTekpZZHprM1lVRRAB,39,-1
Ci9DQUlRQUNvZENodHljRjlvT2xCclJXRm5XVll3TkhOMk1VSllVbmsxUm1SalNrRRAB_01,Ci9DQUlRQUNvZENodHljRjlvT2xCclJXRm5XVll3TkhOMk1VSllVbmsxUm1SalNrRRAB,12,-1
Ci9DQUlRQUNvZENodHljRjlvT2w5M01tdDRZMEUyTVUxUlVVOUJUVk5VVGxZeVExRRAB_01,Ci9DQUlRQUNvZENodHljRjlvT2w5M01tdDRZMEUyTVUxUlVVOUJUVk5VVGxZeVExRRAB,7,-1
ChdDSUhNMG9nS0VJQ0FnSUR0M19pbDRRRRAB_01,ChdDSUhNMG9nS0VJQ0FnSUR0M19pbDRRRRAB,9,9
ChdDSUhNMG9nS0VJQ0FnSUR0M19pbDRRRRAB_02,ChdDSUhNMG9nS0VJQ0FnSUR0M19pbDRRRRAB,1,0
ChdDSUhNMG9nS0VJQ0FnSUR0M19pbDRRRRAB_03,ChdDSUhNMG9nS0VJQ0FnSUR0M19pbDRRRRAB,36,37
ChdDSUhNMG9nS0VJQ0FnSUR0M19pbDRRRRAB_04,ChdDSUhNMG9nS0VJQ0FnSUR0M19pbDRRRRAB,16,14
ChZDSUhNMG9nS0VJQ0FnSUNkZ3U3UlRnEAE_01,ChZDSUhNMG9nS0VJQ0FnSUNkZ3U3UlRnEAE,21,28
ChdDSUhNMG9nS0VJQ0FnSUNENXN5aGlRRRAB_01,ChdDSUhNMG9nS0VJQ0FnSUNENXN5aGlRRRAB,14,13
ChdDSUhNMG9nS0VJQ0FnSUNENXN5aGlRRRAB_02,ChdDSUhNMG9nS0VJQ0FnSUNENXN5aGlRRRAB,-1,-1
ChdDSUhNMG9nS0VJQ0FnSUNENXN5aGlRRRAB_03,ChdDSUhNMG9nS0VJQ0FnSUNENXN5aGlRRRAB,34,34
ChZDSUhNMG9nS0VJQ0FnSUNEdHRYRkt3EAE_01,ChZDSUhNMG9nS0VJQ0FnSUNEdHRYRkt3EAE,33,39
ChZDSUhNMG9nS0VJQ0FnSUNEdHRYRkt3EAE_02,ChZDSUhNMG9nS0VJQ0FnSUNEdHRYRkt3EAE,-1,-1
ChZDSUhNMG9nS0VJQ0FnSUNEdHRYRkt3EAE_03,ChZDSUhNMG9nS0VJQ0FnSUNEdHRYRkt3EAE,-1,-1
ChZDSUhNMG9nS0VJQ0FnSUNEdHRYRkt3EAE_04,ChZDSUhNMG9nS0VJQ0FnSUNEdHRYRkt3EAE,34,34
ChZDSUhNMG9nS0VJQ0FnSURiNElHNmFnEAE_01,ChZDSUhNMG9nS0VJQ0FnSURiNElHNmFnEAE,4,5
ChZDSUhNMG9nS0VJQ0FnSURiNElHNmFnEAE_02,ChZDSUhNMG9nS0VJQ0FnSURiNElHNmFnEAE,4,5
ChZDSUhNMG9nS0VJQ0FnSURiNElHNmFnEAE_03,ChZDSUhNMG9nS0VJQ0FnSURiNElHNmFnEAE,1,0
ChdDSUhNMG9nS0VJQ0FnSUQzeHNpaV93RRAB_01,ChdDSUhNMG9nS0VJQ0FnSUQzeHNpaV93RRAB,5,-1
ChdDSUhNMG9nS0VJQ0FnSUQzeHNpaV93RRAB_02,ChdDSUhNMG9nS0VJQ0FnSUQzeHNpaV93RRAB,14,13
ChdDSUhNMG9nS0VJQ0FnSUQzeHNpaV93RRAB_03,ChdDSUhNMG9nS0VJQ0FnSUQzeHNpaV93RRAB,12,21
ChdDSUhNMG9nS0VJQ0FnSUQzeHNpaV93RRAB_04,ChdDSUhNMG9nS0VJQ0FnSUQzeHNpaV93RRAB,1,0
ChdDSUhNMG9nS0VJQ0FnSUQzeHNpaV93RRAB_05,ChdDSUhNMG9nS0VJQ0FnSUQzeHNpaV93RRAB,31,27
Ci9DQUlRQUNvZENodHljRjlvT21aTU5FaE5Ra3d5ZURKMlZGRXdMVEJ5WTBOUWNYYxAB_01,Ci9DQUlRQUNvZENodHljRjlvT21aTU5FaE5Ra3d5ZURKMlZGRXdMVEJ5WTBOUWNYYxAB,1,0
Ci9DQUlRQUNvZENodHljRjlvT21aTU5FaE5Ra3d5ZURKMlZGRXdMVEJ5WTBOUWNYYxAB_02,Ci9DQUlRQUNvZENodHljRjlvT21aTU5FaE5Ra3d5ZURKMlZGRXdMVEJ5WTBOUWNYYxAB,2,2
Ci9DQUlRQUNvZENodHljRjlvT2pWWVNWSnpYM051Y0VseE9IRnFRVjk0T1V0Rk5sRRAB_01,Ci9DQUlRQUNvZENodHljRjlvT2pWWVNWSnpYM051Y0VseE9IRnFRVjk0T1V0Rk5sRRAB,7,7
Ci9DQUlRQUNvZENodHljRjlvT2t3MVMyVmFUUzFDTWs1aVpUWjZaVEZZV2tsNWVHYxAB_01,Ci9DQUlRQUNvZENodHljRjlvT2t3MVMyVmFUUzFDTWs1aVpUWjZaVEZZV2tsNWVHYxAB,9,9
Ci9DQUlRQUNvZENodHljRjlvT2t3MVMyVmFUUzFDTWs1aVpUWjZaVEZZV2tsNWVHYxAB_02,Ci9DQUlRQUNvZENodHljRjlvT2t3MVMyVmFUUzFDTWs1aVpUWjZaVEZZV2tsNWVHYxAB,-1,-1
Ci9DQUlRQUNvZENodHljRjlvT2t3MVMyVmFUUzFDTWs1aVpUWjZaVEZZV2tsNWVHYxAB_03,Ci9DQUlRQUNvZENodHljRjlvT2t3MVMyVmFUUzFDTWs1aVpUWjZaVEZZV2tsNWVHYxAB,-1,-1
Ci9DQUlRQUNvZENodHljRjlvT2t3MVMyVmFUUzFDTWs1aVpUWjZaVEZZV2tsNWVHYxAB_04,Ci9DQUlRQUNvZENodHljRjlvT2t3MVMyVmFUUzFDTWs1aVpUWjZaVEZZV2tsNWVHYxAB,-1,-1
Ci9DQUlRQUNvZENodHljRjlvT2t3MVMyVmFUUzFDTWs1aVpUWjZaVEZZV2tsNWVHYxAB_05,Ci9DQUlRQUNvZENodHljRjlvT2t3MVMyVmFUUzFDTWs1aVpUWjZaVEZZV2tsNWVHYxAB,35,36
Ci9DQUlRQUNvZENodHljRjlvT2t3MVMyVmFUUzFDTWs1aVpUWjZaVEZZV2tsNWVHYxAB_06,Ci9DQUlRQUNvZENodHljRjlvT2t3MVMyVmFUUzFDTWs1aVpUWjZaVEZZV2tsNWVHYxAB,5,4
Ci9DQUlRQUNvZENodHljRjlvT2s0NFZUVkJaa3g1VjJKblpVVklabVpRVVV4b2IzYxAB_01,Ci9DQUlRQUNvZENodHljRjlvT2s0NFZUVkJaa3g1VjJKblpVVklabVpRVVV4b2IzYxAB,1,0
Ci9DQUlRQUNvZENodHljRjlvT2s0NFZUVkJaa3g1VjJKblpVVklabVpRVVV4b2IzYxAB_02,Ci9DQUlRQUNvZENodHljRjlvT2s0NFZUVkJaa3g1VjJKblpVVklabVpRVVV4b2IzYxAB,2,2
Ci9DQUlRQUNvZENodHljRjlvT2s0NFZUVkJaa3g1VjJKblpVVklabVpRVVV4b2IzYxAB_03,Ci9DQUlRQUNvZENodHljRjlvT2s0NFZUVkJaa3g1VjJKblpVVklabVpRVVV4b2IzYxAB,-1,-1
Ci9DQUlRQUNvZENodHljRjlvT2tSa1pFY3hTR1J3WWtaSlFWTnFiME5oV0d0MlgxRRAB_01,Ci9DQUlRQUNvZENodHljRjlvT2tSa1pFY3hTR1J3WWtaSlFWTnFiME5oV0d0MlgxRRAB,4,5
Ci9DQUlRQUNvZENodHljRjlvT2tSa1pFY3hTR1J3WWtaSlFWTnFiME5oV0d0MlgxRRAB_02,Ci9DQUlRQUNvZENodHljRjlvT2tSa1pFY3hTR1J3WWtaSlFWTnFiME5oV0d0MlgxRRAB,31,27
Ci9DQUlRQUNvZENodHljRjlvT2tSa1pFY3hTR1J3WWtaSlFWTnFiME5oV0d0MlgxRRAB_03,Ci9DQUlRQUNvZENodHljRjlvT2tSa1pFY3hTR1J3WWtaSlFWTnFiME5oV0d0MlgxRRAB,4,-1
Ci9DQUlRQUNvZENodHljRjlvT2tSa1pFY3hTR1J3WWtaSlFWTnFiME5oV0d0MlgxRRAB_04,Ci9DQUlRQUNvZENodHljRjlvT2tSa1pFY3hTR1J3WWtaSlFWTnFiME5oV0d0MlgxRRAB,30,29
Ci9DQUlRQUNvZENodHljRjlvT25KdmQwbzBkRkkxT0RkWWJXUkVlR3hpZDNkcGNYYxAB_01,Ci9DQUlRQUNvZENodHljRjlvT25KdmQwbzBkRkkxT0RkWWJXUkVlR3hpZDNkcGNYYxAB,3,3
Ci9DQUlRQUNvZENodHljRjlvT25KdmQwbzBkRkkxT0RkWWJXUkVlR3hpZDNkcGNYYxAB_02,Ci9DQUlRQUNvZENodHljRjlvT25KdmQwbzBkRkkxT0RkWWJXUkVlR3hpZDNkcGNYYxAB,-1,-1
Ci9DQUlRQUNvZENodHljRjlvT25KdmQwbzBkRkkxT0RkWWJXUkVlR3hpZDNkcGNYYxAB_03,Ci9DQUlRQUNvZENodHljRjlvT25KdmQwbzBkRkkxT0RkWWJXUkVlR3hpZDNkcGNYYxAB,2,2
Ci9DQUlRQUNvZENodHljRjlvT2tweE5sWlhZMlZtTlVOYVRGWnZOVVEzZFdFM1ZtYxAB_01,Ci9DQUlRQUNvZENodHljRjlvT2tweE5sWlhZMlZtTlVOYVRGWnZOVVEzZFdFM1ZtYxAB,4,-1
ChdDSUhNMG9nS0VJQ0FnSUNENUxyVGx3RRAB_01,ChdDSUhNMG9nS0VJQ0FnSUNENUxyVGx3RRAB,23,-1
ChZDSUhNMG9nS0VJQ0FnSUNiMF9UMFZREAE_01,ChZDSUhNMG9nS0VJQ0FnSUNiMF9UMFZREAE,10,10
ChdDSUhNMG9nS0VJQ0FnSUNudnNEZml3RRAB_01,ChdDSUhNMG9nS0VJQ0FnSUNudnNEZml3RRAB,-1,-1
ChdDSUhNMG9nS0VJQ0FnSUNudnNEZml3RRAB_02,ChdDSUhNMG9nS0VJQ0FnSUNudnNEZml3RRAB,-1,-1
ChdDSUhNMG9nS0VJQ0FnSUNudnNEZml3RRAB_03,ChdDSUhNMG9nS0VJQ0FnSUNudnNEZml3RRAB,1,0
ChZDSUhNMG9nS0VJQ0FnSURQb1pIT0dREAE_01,ChZDSUhNMG9nS0VJQ0FnSURQb1pIT0dREAE,18,20
Ci9DQUlRQUNvZENodHljRjlvT2tWdldHMXpRbTFhYVZWaFYxRjNZbkJITTJSNFZXYxAB_01,Ci9DQUlRQUNvZENodHljRjlvT2tWdldHMXpRbTFhYVZWaFYxRjNZbkJITTJSNFZXYxAB,35,36
Ci9DQUlRQUNvZENodHljRjlvT2tWdldHMXpRbTFhYVZWaFYxRjNZbkJITTJSNFZXYxAB_02,Ci9DQUlRQUNvZENodHljRjlvT2tWdldHMXpRbTFhYVZWaFYxRjNZbkJITTJSNFZXYxAB,27,24
Ci9DQUlRQUNvZENodHljRjlvT2tWdldHMXpRbTFhYVZWaFYxRjNZbkJITTJSNFZXYxAB_03,Ci9DQUlRQUNvZENodHljRjlvT2tWdldHMXpRbTFhYVZWaFYxRjNZbkJITTJSNFZXYxAB,23,31
Ci9DQUlRQUNvZENodHljRjlvT2tWdldHMXpRbTFhYVZWaFYxRjNZbkJITTJSNFZXYxAB_04,Ci9DQUlRQUNvZENodHljRjlvT2tWdldHMXpRbTFhYVZWaFYxRjNZbkJITTJSNFZXYxAB,13,15
Ci9DQUlRQUNvZENodHljRjlvT25aNFYyRTRTSEpwWkhWeGNscEJVVlpHWlhGdmNFRRAB_01,Ci9DQUlRQUNvZENodHljRjlvT25aNFYyRTRTSEpwWkhWeGNscEJVVlpHWlhGdmNFRRAB,18,20
ChdDSUhNMG9nS0VJQ0FnSUROcXJfZGxRRRAB_01,ChdDSUhNMG9nS0VJQ0FnSUROcXJfZGxRRRAB,2,2
ChdDSUhNMG9nS0VJQ0FnSUROcXJfZGxRRRAB_02,ChdDSUhNMG9nS0VJQ0FnSUROcXJfZGxRRRAB,-1,-1
ChdDSUhNMG9nS0VJQ0FnSUROcXJfZGxRRRAB_03,ChdDSUhNMG9nS0VJQ0FnSUROcXJfZGxRRRAB,2,2
Ci9DQUlRQUNvZENodHljRjlvT2xWWlNFd3hVRmxCUjFKTkxVb3dWMVZNWVVkNlJtYxAB_01,Ci9DQUlRQUNvZENodHljRjlvT2xWWlNFd3hVRmxCUjFKTkxVb3dWMVZNWVVkNlJtYxAB,26,-1
Ci9DQUlRQUNvZENodHljRjlvT2xWWlNFd3hVRmxCUjFKTkxVb3dWMVZNWVVkNlJtYxAB_02,Ci9DQUlRQUNvZENodHljRjlvT2xWWlNFd3hVRmxCUjFKTkxVb3dWMVZNWVVkNlJtYxAB,23,31
Ci9DQUlRQUNvZENodHljRjlvT2xWWlNFd3hVRmxCUjFKTkxVb3dWMVZNWVVkNlJtYxAB_03,Ci9DQUlRQUNvZENodHljRjlvT2xWWlNFd3hVRmxCUjFKTkxVb3dWMVZNWVVkNlJtYxAB,10,10
Ci9DQUlRQUNvZENodHljRjlvT2xWWlNFd3hVRmxCUjFKTkxVb3dWMVZNWVVkNlJtYxAB_04,Ci9DQUlRQUNvZENodHljRjlvT2xWWlNFd3hVRmxCUjFKTkxVb3dWMVZNWVVkNlJtYxAB,39,38
Ci9DQUlRQUNvZENodHljRjlvT2pSRFpHdFVWRGxuV1hOTUxUVjRaRkpMUkVRNVowRRAB_01,Ci9DQUlRQUNvZENodHljRjlvT2pSRFpHdFVWRGxuV1hOTUxUVjRaRkpMUkVRNVowRRAB,24,-1
Ci9DQUlRQUNvZENodHljRjlvT2pSRFpHdFVWRGxuV1hOTUxUVjRaRkpMUkVRNVowRRAB_02,Ci9DQUlRQUNvZENodHljRjlvT2pSRFpHdFVWRGxuV1hOTUxUVjRaRkpMUkVRNVowRRAB,26,26
Ci9DQUlRQUNvZENodHljRjlvT2pSRFpHdFVWRGxuV1hOTUxUVjRaRkpMUkVRNVowRRAB_03,Ci9DQUlRQUNvZENodHljRjlvT2pSRFpHdFVWRGxuV1hOTUxUVjRaRkpMUkVRNVowRRAB,8,8
Ci9DQUlRQUNvZENodHljRjlvT2pSRFpHdFVWRGxuV1hOTUxUVjRaRkpMUkVRNVowRRAB_04,Ci9DQUlRQUNvZENodHljRjlvT2pSRFpHdFVWRGxuV1hOTUxUVjRaRkpMUkVRNVowRRAB,1,0
Ci9DQUlRQUNvZENodHljRjlvT2pSRFpHdFVWRGxuV1hOTUxUVjRaRkpMUkVRNVowRRAB_05,Ci9DQUlRQUNvZENodHljRjlvT2pSRFpHdFVWRGxuV1hOTUxUVjRaRkpMUkVRNVowRRAB,16,14
Ci9DQUlRQUNvZENodHljRjlvT2pSRFpHdFVWRGxuV1hOTUxUVjRaRkpMUkVRNVowRRAB_06,Ci9DQUlRQUNvZENodHljRjlvT2pSRFpHdFVWRGxuV1hOTUxUVjRaRkpMUkVRNVowRRAB,-1,-1
Ci9DQUlRQUNvZENodHljRjlvT2pSRFpHdFVWRGxuV1hOTUxUVjRaRkpMUkVRNVowRRAB_07,Ci9DQUlRQUNvZENodHljRjlvT2pSRFpHdFVWRGxuV1hOTUxUVjRaRkpMUkVRNVowRRAB,1,0
Ci9DQUlRQUNvZENodHljRjlvT2pSRFpHdFVWRGxuV1hOTUxUVjRaRkpMUkVRNVowRRAB_08,Ci9DQUlRQUNvZENodHljRjlvT2pSRFpHdFVWRGxuV1hOTUxUVjRaRkpMUkVRNVowRRAB,1,0
Ci9DQUlRQUNvZENodHljRjlvT2xWQ01Hb3dkbkl5ZEcxcWEySTRSa2R3TVhsZk0wRRAB_01,Ci9DQUlRQUNvZENodHljRjlvT2xWQ01Hb3dkbkl5ZEcxcWEySTRSa2R3TVhsZk0wRRAB,13,15
Ci9DQUlRQUNvZENodHljRjlvT2xWQ01Hb3dkbkl5ZEcxcWEySTRSa2R3TVhsZk0wRRAB_02,Ci9DQUlRQUNvZENodHljRjlvT2xWQ01Hb3dkbkl5ZEcxcWEySTRSa2R3TVhsZk0wRRAB,-1,-1
Ci9DQUlRQUNvZENodHljRjlvT21wYWJFWkZXbk5aTkVkMFVucG9hWEJpVmtzdFUzYxAB_01,Ci9DQUlRQUNvZENodHljRjlvT21wYWJFWkZXbk5aTkVkMFVucG9hWEJpVmtzdFUzYxAB,7,7
Ci9DQUlRQUNvZENodHljRjlvT201dWRGbDJiR28yUzBWdE9HZEdhekJpYmxST2JGRRAB_01,Ci9DQUlRQUNvZENodHljRjlvT201dWRGbDJiR28yUzBWdE9HZEdhekJpYmxST2JGRRAB,7,7
Ci9DQUlRQUNvZENodHljRjlvT2paS2NtVmZNbFpzUXpaWU9Fa3RlVGRNVFdOT2JXYxAB_01,Ci9DQUlRQUNvZENodHljRjlvT2paS2NtVmZNbFpzUXpaWU9Fa3RlVGRNVFdOT2JXYxAB,2,2
Ci9DQUlRQUNvZENodHljRjlvT21sQk1qUmtRVmN0UlRZNFFuVlRiak10UnpneFRtYxAB_01,Ci9DQUlRQUNvZENodHljRjlvT21sQk1qUmtRVmN0UlRZNFFuVlRiak10UnpneFRtYxAB,9,9
ChdDSUhNMG9nS0VJQ0FnSUQxcjhiOTB3RRAB_01,ChdDSUhNMG9nS0VJQ0FnSUQxcjhiOTB3RRAB,10,10
ChdDSUhNMG9nS0VJQ0FnSUQxcjhiOTB3RRAB_02,ChdDSUhNMG9nS0VJQ0FnSUQxcjhiOTB3RRAB,4,-1
ChdDSUhNMG9nS0VJQ0FnSUQxcjhiOTB3RRAB_03,ChdDSUhNMG9nS0VJQ0FnSUQxcjhiOTB3RRAB,0,1
ChdDSUhNMG9nS0VJQ0FnSUQxcjhiOTB3RRAB_04,ChdDSUhNMG9nS0VJQ0FnSUQxcjhiOTB3RRAB,10,10
ChZDSUhNMG9nS0VJQ0FnSUM5MDkyTFNnEAE_01,ChZDSUhNMG9nS0VJQ0FnSUM5MDkyTFNnEAE,19,16
ChZDSUhNMG9nS0VJQ0FnSUM5MDkyTFNnEAE_02,ChZDSUhNMG9nS0VJQ0FnSUM5MDkyTFNnEAE,-1,-1
ChZDSUhNMG9nS0VJQ0FnSUM5MDkyTFNnEAE_03,ChZDSUhNMG9nS0VJQ0FnSUM5MDkyTFNnEAE,0,1
ChdDSUhNMG9nS0VJQ0FnSUREaC15NWp3RRAB_01,ChdDSUhNMG9nS0VJQ0FnSUREaC15NWp3RRAB,26,26
ChdDSUhNMG9nS0VJQ0FnSUREaC15NWp3RRAB_02,ChdDSUhNMG9nS0VJQ0FnSUREaC15NWp3RRAB,1,0
ChdDSUhNMG9nS0VJQ0FnSUREaC15NWp3RRAB_03,ChdDSUhNMG9nS0VJQ0FnSUREaC15NWp3RRAB,2,2
ChdDSUhNMG9nS0VJQ0FnSUREaC15NWp3RRAB_04,ChdDSUhNMG9nS0VJQ0FnSUREaC15NWp3RRAB,40,41
ChdDSUhNMG9nS0VJQ0FnTURReXYySDhBRRAB_01,ChdDSUhNMG9nS0VJQ0FnTURReXYySDhBRRAB,11,-1
ChdDSUhNMG9nS0VJQ0FnTURReXYySDhBRRAB_02,ChdDSUhNMG9nS0VJQ0FnTURReXYySDhBRRAB,2,2
ChZDSUhNMG9nS0VNUHl0c1hKeEtucUVnEAE_01,ChZDSUhNMG9nS0VNUHl0c1hKeEtucUVnEAE,38,40
Ci9DQUlRQUNvZENodHljRjlvT25aelVtdDJVRFo2TUZVM2RWcFNibVI0VDFOVldFRRAB_01,Ci9DQUlRQUNvZENodHljRjlvT25aelVtdDJVRFo2TUZVM2RWcFNibVI0VDFOVldFRRAB,7,7
Ci9DQUlRQUNvZENodHljRjlvT25aelVtdDJVRFo2TUZVM2RWcFNibVI0VDFOVldFRRAB_02,Ci9DQUlRQUNvZENodHljRjlvT25aelVtdDJVRFo2TUZVM2RWcFNibVI0VDFOVldFRRAB,35,36
Ci9DQUlRQUNvZENodHljRjlvT2tWSlVWTjBTSFJsU1ROcGMybDBRMlo1TTFkaGVGRRAB_01,Ci9DQUlRQUNvZENodHljRjlvT2tWSlVWTjBTSFJsU1ROcGMybDBRMlo1TTFkaGVGRRAB,4,5
Ci9DQUlRQUNvZENodHljRjlvT2tWSlVWTjBTSFJsU1ROcGMybDBRMlo1TTFkaGVGRRAB_02,Ci9DQUlRQUNvZENodHljRjlvT2tWSlVWTjBTSFJsU1ROcGMybDBRMlo1TTFkaGVGRRAB,6,6
Ci9DQUlRQUNvZENodHljRjlvT2tWSlVWTjBTSFJsU1ROcGMybDBRMlo1TTFkaGVGRRAB_03,Ci9DQUlRQUNvZENodHljRjlvT2tWSlVWTjBTSFJsU1ROcGMybDBRMlo1TTFkaGVGRRAB,-1,-1
Ci9DQUlRQUNvZENodHljRjlvT2tWSlVWTjBTSFJsU1ROcGMybDBRMlo1TTFkaGVGRRAB_04,Ci9DQUlRQUNvZENodHljRjlvT2tWSlVWTjBTSFJsU1ROcGMybDBRMlo1TTFkaGVGRRAB,-1,-1
Ci9DQUlRQUNvZENodHljRjlvT2tWSlVWTjBTSFJsU1ROcGMybDBRMlo1TTFkaGVGRRAB_05,Ci9DQUlRQUNvZENodHljRjlvT2tWSlVWTjBTSFJsU1ROcGMybDBRMlo1TTFkaGVGRRAB,-1,-1
Ci9DQUlRQUNvZENodHljRjlvT2tWSlVWTjBTSFJsU1ROcGMybDBRMlo1TTFkaGVGRRAB_06,Ci9DQUlRQUNvZENodHljRjlvT2tWSlVWTjBTSFJsU1ROcGMybDBRMlo1TTFkaGVGRRAB,-1,-1
Ci9DQUlRQUNvZENodHljRjlvT2pCQk5XOXljM2x1TFZCMVZFZFNWbE5WVEhWVVRIYxAB_01,Ci9DQUlRQUNvZENodHljRjlvT2pCQk5XOXljM2x1TFZCMVZFZFNWbE5WVEhWVVRIYxAB,3,3
Ci9DQUlRQUNvZENodHljRjlvT2t4SWFHcFFTR295YWtKMmEyOUlVekF3T0VNeFlrRRAB_01,Ci9DQUlRQUNvZENodHljRjlvT2t4SWFHcFFTR295YWtKMmEyOUlVekF3T0VNeFlrRRAB,13,15
Ci9DQUlRQUNvZENodHljRjlvT2t4SWFHcFFTR295YWtKMmEyOUlVekF3T0VNeFlrRRAB_02,Ci9DQUlRQUNvZENodHljRjlvT2t4SWFHcFFTR295YWtKMmEyOUlVekF3T0VNeFlrRRAB,10,10
Ci9DQUlRQUNvZENodHljRjlvT25sTmRVSTVia2RZYWpBNFNtMDVkVTlsY0ZaSmRXYxAB_01,Ci9DQUlRQUNvZENodHljRjlvT25sTmRVSTVia2RZYWpBNFNtMDVkVTlsY0ZaSmRXYxAB,19,16
Ci9DQUlRQUNvZENodHljRjlvT25sTmRVSTVia2RZYWpBNFNtMDVkVTlsY0ZaSmRXYxAB_02,Ci9DQUlRQUNvZENodHljRjlvT25sTmRVSTVia2RZYWpBNFNtMDVkVTlsY0ZaSmRXYxAB,25,25
Ci9DQUlRQUNvZENodHljRjlvT25sTmRVSTVia2RZYWpBNFNtMDVkVTlsY0ZaSmRXYxAB_03,Ci9DQUlRQUNvZENodHljRjlvT25sTmRVSTVia2RZYWpBNFNtMDVkVTlsY0ZaSmRXYxAB,35,36
Ci9DQUlRQUNvZENodHljRjlvT25sTmRVSTVia2RZYWpBNFNtMDVkVTlsY0ZaSmRXYxAB_04,Ci9DQUlRQUNvZENodHljRjlvT25sTmRVSTVia2RZYWpBNFNtMDVkVTlsY0ZaSmRXYxAB,35,36
Ci9DQUlRQUNvZENodHljRjlvT25sTmRVSTVia2RZYWpBNFNtMDVkVTlsY0ZaSmRXYxAB_05,Ci9DQUlRQUNvZENodHljRjlvT25sTmRVSTVia2RZYWpBNFNtMDVkVTlsY0ZaSmRXYxAB,25,25
Ci9DQUlRQUNvZENodHljRjlvT2tvMFF6QkZSR0pKYjNseGJWUkRZVlpLTm1wNFVIYxAB_01,Ci9DQUlRQUNvZENodHljRjlvT2tvMFF6QkZSR0pKYjNseGJWUkRZVlpLTm1wNFVIYxAB,0,-1
Ci9DQUlRQUNvZENodHljRjlvT21OR1ppMXBWa3hJVVZnd1JEUmpNVzl2WTFrelZsRRAB_01,Ci9DQUlRQUNvZENodHljRjlvT21OR1ppMXBWa3hJVVZnd1JEUmpNVzl2WTFrelZsRRAB,6,6
Ci9DQUlRQUNvZENodHljRjlvT21OR1ppMXBWa3hJVVZnd1JEUmpNVzl2WTFrelZsRRAB_02,Ci9DQUlRQUNvZENodHljRjlvT21OR1ppMXBWa3hJVVZnd1JEUmpNVzl2WTFrelZsRRAB,35,-1
Ci9DQUlRQUNvZENodHljRjlvT21OR1ppMXBWa3hJVVZnd1JEUmpNVzl2WTFrelZsRRAB_03,Ci9DQUlRQUNvZENodHljRjlvT21OR1ppMXBWa3hJVVZnd1JEUmpNVzl2WTFrelZsRRAB,35,-1
Ci9DQUlRQUNvZENodHljRjlvT21OR1ppMXBWa3hJVVZnd1JEUmpNVzl2WTFrelZsRRAB_04,Ci9DQUlRQUNvZENodHljRjlvT21OR1ppMXBWa3hJVVZnd1JEUmpNVzl2WTFrelZsRRAB,-1,-1
Ci9DQUlRQUNvZENodHljRjlvT25waFUxZHpPV2xVVFRKbFRITjBSWEYxTlZWeVlYYxAB_01,Ci9DQUlRQUNvZENodHljRjlvT25waFUxZHpPV2xVVFRKbFRITjBSWEYxTlZWeVlYYxAB,-1,-1
Ci9DQUlRQUNvZENodHljRjlvT25waFUxZHpPV2xVVFRKbFRITjBSWEYxTlZWeVlYYxAB_02,Ci9DQUlRQUNvZENodHljRjlvT25waFUxZHpPV2xVVFRKbFRITjBSWEYxTlZWeVlYYxAB,0,1
Ci9DQUlRQUNvZENodHljRjlvT25waFUxZHpPV2xVVFRKbFRITjBSWEYxTlZWeVlYYxAB_03,Ci9DQUlRQUNvZENodHljRjlvT25waFUxZHpPV2xVVFRKbFRITjBSWEYxTlZWeVlYYxAB,-1,-1
Ci9DQUlRQUNvZENodHljRjlvT25waFUxZHpPV2xVVFRKbFRITjBSWEYxTlZWeVlYYxAB_04,Ci9DQUlRQUNvZENodHljRjlvT25waFUxZHpPV2xVVFRKbFRITjBSWEYxTlZWeVlYYxAB,18,20
Ci9DQUlRQUNvZENodHljRjlvT25waFUxZHpPV2xVVFRKbFRITjBSWEYxTlZWeVlYYxAB_05,Ci9DQUlRQUNvZENodHljRjlvT25waFUxZHpPV2xVVFRKbFRITjBSWEYxTlZWeVlYYxAB,1,0
Ci9DQUlRQUNvZENodHljRjlvT25GWVZFaFBlazVrZVRsa1QySnJhaTFvVUVGdVQwRRAB_01,Ci9DQUlRQUNvZENodHljRjlvT25GWVZFaFBlazVrZVRsa1QySnJhaTFvVUVGdVQwRRAB,2,2
Ci9DQUlRQUNvZENodHljRjlvT25GWVZFaFBlazVrZVRsa1QySnJhaTFvVUVGdVQwRRAB_02,Ci9DQUlRQUNvZENodHljRjlvT25GWVZFaFBlazVrZVRsa1QySnJhaTFvVUVGdVQwRRAB,-1,-1
Ci9DQUlRQUNvZENodHljRjlvT25GWVZFaFBlazVrZVRsa1QySnJhaTFvVUVGdVQwRRAB_03,Ci9DQUlRQUNvZENodHljRjlvT25GWVZFaFBlazVrZVRsa1QySnJhaTFvVUVGdVQwRRAB,32,32
Ci9DQUlRQUNvZENodHljRjlvT25GWVZFaFBlazVrZVRsa1QySnJhaTFvVUVGdVQwRRAB_04,Ci9DQUlRQUNvZENodHljRjlvT25GWVZFaFBlazVrZVRsa1QySnJhaTFvVUVGdVQwRRAB,-1,-1
Ci9DQUlRQUNvZENodHljRjlvT25GWVZFaFBlazVrZVRsa1QySnJhaTFvVUVGdVQwRRAB_05,Ci9DQUlRQUNvZENodHljRjlvT25GWVZFaFBlazVrZVRsa1QySnJhaTFvVUVGdVQwRRAB,-1,-1
Ci9DQUlRQUNvZENodHljRjlvT25GWVZFaFBlazVrZVRsa1QySnJhaTFvVUVGdVQwRRAB_06,Ci9DQUlRQUNvZENodHljRjlvT25GWVZFaFBlazVrZVRsa1QySnJhaTFvVUVGdVQwRRAB,35,36
Ci9DQUlRQUNvZENodHljRjlvT25GWVZFaFBlazVrZVRsa1QySnJhaTFvVUVGdVQwRRAB_07,Ci9DQUlRQUNvZENodHljRjlvT25GWVZFaFBlazVrZVRsa1QySnJhaTFvVUVGdVQwRRAB,35,36
Ci9DQUlRQUNvZENodHljRjlvT25GWVZFaFBlazVrZVRsa1QySnJhaTFvVUVGdVQwRRAB_08,Ci9DQUlRQUNvZENodHljRjlvT25GWVZFaFBlazVrZVRsa1QySnJhaTFvVUVGdVQwRRAB,17,19
Ci9DQUlRQUNvZENodHljRjlvT25GWVZFaFBlazVrZVRsa1QySnJhaTFvVUVGdVQwRRAB_09,Ci9DQUlRQUNvZENodHljRjlvT25GWVZFaFBlazVrZVRsa1QySnJhaTFvVUVGdVQwRRAB,20,18
Ci9DQUlRQUNvZENodHljRjlvT25GWVZFaFBlazVrZVRsa1QySnJhaTFvVUVGdVQwRRAB_10,Ci9DQUlRQUNvZENodHljRjlvT25GWVZFaFBlazVrZVRsa1QySnJhaTFvVUVGdVQwRRAB,4,5
Ci9DQUlRQUNvZENodHljRjlvT25GWVZFaFBlazVrZVRsa1QySnJhaTFvVUVGdVQwRRAB_11,Ci9DQUlRQUNvZENodHljRjlvT25GWVZFaFBlazVrZVRsa1QySnJhaTFvVUVGdVQwRRAB,25,25
Ci9DQUlRQUNvZENodHljRjlvT25GWVZFaFBlazVrZVRsa1QySnJhaTFvVUVGdVQwRRAB_12,Ci9DQUlRQUNvZENodHljRjlvT25GWVZFaFBlazVrZVRsa1QySnJhaTFvVUVGdVQwRRAB,10,10
Ci9DQUlRQUNvZENodHljRjlvT25GWVZFaFBlazVrZVRsa1QySnJhaTFvVUVGdVQwRRAB_13,Ci9DQUlRQUNvZENodHljRjlvT25GWVZFaFBlazVrZVRsa1QySnJhaTFvVUVGdVQwRRAB,-1,-1
Ci9DQUlRQUNvZENodHljRjlvT25GWVZFaFBlazVrZVRsa1QySnJhaTFvVUVGdVQwRRAB_14,Ci9DQUlRQUNvZENodHljRjlvT25GWVZFaFBlazVrZVRsa1QySnJhaTFvVUVGdVQwRRAB,5,4
Ci9DQUlRQUNvZENodHljRjlvT25GWVZFaFBlazVrZVRsa1QySnJhaTFvVUVGdVQwRRAB_15,Ci9DQUlRQUNvZENodHljRjlvT25GWVZFaFBlazVrZVRsa1QySnJhaTFvVUVGdVQwRRAB,35,36
Ci9DQUlRQUNvZENodHljRjlvT25OS1RrbzBlVFJTYkUxWlNUVnpUMUExZDBkb1JsRRAB_01,Ci9DQUlRQUNvZENodHljRjlvT25OS1RrbzBlVFJTYkUxWlNUVnpUMUExZDBkb1JsRRAB,35,36
Ci9DQUlRQUNvZENodHljRjlvT25OS1RrbzBlVFJTYkUxWlNUVnpUMUExZDBkb1JsRRAB_02,Ci9DQUlRQUNvZENodHljRjlvT25OS1RrbzBlVFJTYkUxWlNUVnpUMUExZDBkb1JsRRAB,-1,-1
Ci9DQUlRQUNvZENodHljRjlvT21GS1JFSjZiekpxUWpac1YzTkVTV3hUVlhjNE9YYxAB_01,Ci9DQUlRQUNvZENodHljRjlvT21GS1JFSjZiekpxUWpac1YzTkVTV3hUVlhjNE9YYxAB,35,36
Ci9DQUlRQUNvZENodHljRjlvT21GS1JFSjZiekpxUWpac1YzTkVTV3hUVlhjNE9YYxAB_02,Ci9DQUlRQUNvZENodHljRjlvT21GS1JFSjZiekpxUWpac1YzTkVTV3hUVlhjNE9YYxAB,23,-1
Ci9DQUlRQUNvZENodHljRjlvT21GS1JFSjZiekpxUWpac1YzTkVTV3hUVlhjNE9YYxAB_03,Ci9DQUlRQUNvZENodHljRjlvT21GS1JFSjZiekpxUWpac1YzTkVTV3hUVlhjNE9YYxAB,32,-1
ChZDSUhNMG9nS0VJQ0FnSUMxODdtLVZ3EAE_01,ChZDSUhNMG9nS0VJQ0FnSUMxODdtLVZ3EAE,4,5
ChZDSUhNMG9nS0VJQ0FnSUMxODdtLVZ3EAE_02,ChZDSUhNMG9nS0VJQ0FnSUMxODdtLVZ3EAE,10,10
ChZDSUhNMG9nS0VJQ0FnSUQxd3R2UVB3EAE_01,ChZDSUhNMG9nS0VJQ0FnSUQxd3R2UVB3EAE,4,-1
ChZDSUhNMG9nS0VJQ0FnSUQxd3R2UVB3EAE_02,ChZDSUhNMG9nS0VJQ0FnSUQxd3R2UVB3EAE,23,-1
ChZDSUhNMG9nS0VJQ0FnSUQxd3R2UVB3EAE_03,ChZDSUhNMG9nS0VJQ0FnSUQxd3R2UVB3EAE,-1,-1
ChZDSUhNMG9nS0VJQ0FnSUQxd3R2UVB3EAE_04,ChZDSUhNMG9nS0VJQ0FnSUQxd3R2UVB3EAE,40,41
ChZDSUhNMG9nS0VJQ0FnSUQxd3R2UVB3EAE_05,ChZDSUhNMG9nS0VJQ0FnSUQxd3R2UVB3EAE,0,1
ChZDSUhNMG9nS0VJQ0FnSUQxd3R2UVB3EAE_06,ChZDSUhNMG9nS0VJQ0FnSUQxd3R2UVB3EAE,25,-1
ChZDSUhNMG9nS0VJQ0FnSUQxd3R2UVB3EAE_07,ChZDSUhNMG9nS0VJQ0FnSUQxd3R2UVB3EAE,-1,-1
ChdDSUhNMG9nS0VJQ0FnSUNOcmQtTmp3RRAB_01,ChdDSUhNMG9nS0VJQ0FnSUNOcmQtTmp3RRAB,36,37
ChdDSUhNMG9nS0VJQ0FnSUNOcmQtTmp3RRAB_02,ChdDSUhNMG9nS0VJQ0FnSUNOcmQtTmp3RRAB,10,10
ChdDSUhNMG9nS0VJQ0FnSUN0MktIcjN3RRAB_01,ChdDSUhNMG9nS0VJQ0FnSUN0MktIcjN3RRAB,4,5
ChdDSUhNMG9nS0VJQ0FnSUN0MktIcjN3RRAB_02,ChdDSUhNMG9nS0VJQ0FnSUN0MktIcjN3RRAB,-1,-1
ChdDSUhNMG9nS0VJQ0FnSUN0MktIcjN3RRAB_03,ChdDSUhNMG9nS0VJQ0FnSUN0MktIcjN3RRAB,1,0
ChdDSUhNMG9nS0VJQ0FnSUN0MktIcjN3RRAB_04,ChdDSUhNMG9nS0VJQ0FnSUN0MktIcjN3RRAB,9,9
ChZDSUhNMG9nS0VJQ0FnSUR0aXJPelN3EAE_01,ChZDSUhNMG9nS0VJQ0FnSUR0aXJPelN3EAE,15,11
ChdDSUhNMG9nS0VJQ0FnSUNkdnE2cXFRRRAB_01,ChdDSUhNMG9nS0VJQ0FnSUNkdnE2cXFRRRAB,12,21
ChdDSUhNMG9nS0VJQ0FnSUNkdnE2cXFRRRAB_02,ChdDSUhNMG9nS0VJQ0FnSUNkdnE2cXFRRRAB,1,0
ChdDSUhNMG9nS0VJQ0FnSURkcEpHeG13RRAB_01,ChdDSUhNMG9nS0VJQ0FnSURkcEpHeG13RRAB,12,30
ChdDSUhNMG9nS0VJQ0FnSURkcEpHeG13RRAB_02,ChdDSUhNMG9nS0VJQ0FnSURkcEpHeG13RRAB,6,6
ChdDSUhNMG9nS0VJQ0FnSURkcEpHeG13RRAB_03,ChdDSUhNMG9nS0VJQ0FnSURkcEpHeG13RRAB,10,10
ChZDSUhNMG9nS0VJQ0FnSURkcE5tbEFnEAE_01,ChZDSUhNMG9nS0VJQ0FnSURkcE5tbEFnEAE,34,34
ChZDSUhNMG9nS0VJQ0FnSURkcE5tbEFnEAE_02,ChZDSUhNMG9nS0VJQ0FnSURkcE5tbEFnEAE,-1,-1
ChZDSUhNMG9nS0VJQ0FnSURkcE5tbEFnEAE_03,ChZDSUhNMG9nS0VJQ0FnSURkcE5tbEFnEAE,34,34
ChZDSUhNMG9nS0VJQ0FnSUQ5N1lyRFR3EAE_01,ChZDSUhNMG9nS0VJQ0FnSUQ5N1lyRFR3EAE,16,14
ChZDSUhNMG9nS0VJQ0FnSUQ5N1lyRFR3EAE_02,ChZDSUhNMG9nS0VJQ0FnSUQ5N1lyRFR3EAE,0,-1
ChZDSUhNMG9nS0VJQ0FnSUQ5N1lyRFR3EAE_03,ChZDSUhNMG9nS0VJQ0FnSUQ5N1lyRFR3EAE,10,10
ChdDSUhNMG9nS0VJQ0FnSURELUtuaXpBRRAB_01,ChdDSUhNMG9nS0VJQ0FnSURELUtuaXpBRRAB,-1,-1
ChdDSUhNMG9nS0VJQ0FnSUREeGFQbXBnRRAB_01,ChdDSUhNMG9nS0VJQ0FnSUREeGFQbXBnRRAB,6,6
ChdDSUhNMG9nS0VJQ0FnSUREeGFQbXBnRRAB_02,ChdDSUhNMG9nS0VJQ0FnSUREeGFQbXBnRRAB,16,14
ChdDSUhNMG9nS0VJQ0FnSUREeGFQbXBnRRAB_03,ChdDSUhNMG9nS0VJQ0FnSUREeGFQbXBnRRAB,7,7
ChdDSUhNMG9nS0VJQ0FnSUREeGFQbXBnRRAB_04,ChdDSUhNMG9nS0VJQ0FnSUREeGFQbXBnRRAB,12,-1
ChdDSUhNMG9nS0VJQ0FnSURUOE1TWG1RRRAB_01,ChdDSUhNMG9nS0VJQ0FnSURUOE1TWG1RRRAB,15,11
ChdDSUhNMG9nS0VJQ0FnSURUOE1TWG1RRRAB_02,ChdDSUhNMG9nS0VJQ0FnSURUOE1TWG1RRRAB,16,14
ChdDSUhNMG9nS0VJQ0FnSURUOE1TWG1RRRAB_03,ChdDSUhNMG9nS0VJQ0FnSURUOE1TWG1RRRAB,15,11
ChZDSUhNMG9nS0VJQ0FnSUR6dE15Vlh3EAE_01,ChZDSUhNMG9nS0VJQ0FnSUR6dE15Vlh3EAE,4,-1
ChZDSUhNMG9nS0VJQ0FnSUR6bTltRUp3EAE_01,ChZDSUhNMG9nS0VJQ0FnSUR6bTltRUp3EAE,7,7
ChZDSUhNMG9nS0VJQ0FnSUR6bTltRUp3EAE_02,ChZDSUhNMG9nS0VJQ0FnSUR6bTltRUp3EAE,19,16
ChZDSUhNMG9nS0VJQ0FnSUNMOTVPT2VBEAE_01,ChZDSUhNMG9nS0VJQ0FnSUNMOTVPT2VBEAE,3,3
ChZDSUhNMG9nS0VJQ0FnSURyeU9ta0xBEAE_01,ChZDSUhNMG9nS0VJQ0FnSURyeU9ta0xBEAE,3,3
ChZDSUhNMG9nS0VJQ0FnSURyeU9ta0xBEAE_02,ChZDSUhNMG9nS0VJQ0FnSURyeU9ta0xBEAE,6,6
ChZDSUhNMG9nS0VJQ0FnSURyeU9ta0xBEAE_03,ChZDSUhNMG9nS0VJQ0FnSURyeU9ta0xBEAE,15,11
ChZDSUhNMG9nS0VJQ0FnSUM3bEl1eWVREAE_01,ChZDSUhNMG9nS0VJQ0FnSUM3bEl1eWVREAE,21,28
ChdDSUhNMG9nS0VJQ0FnSURybW83LWlRRRAB_01,ChdDSUhNMG9nS0VJQ0FnSURybW83LWlRRRAB,14,13
ChdDSUhNMG9nS0VJQ0FnSURybW83LWlRRRAB_02,ChdDSUhNMG9nS0VJQ0FnSURybW83LWlRRRAB,16,-1
ChZDSUhNMG9nS0VJQ0FnSUNyX1lfTVR3EAE_01,ChZDSUhNMG9nS0VJQ0FnSUNyX1lfTVR3EAE,15,11
ChZDSUhNMG9nS0VJQ0FnSUNyX1lfTVR3EAE_02,ChZDSUhNMG9nS0VJQ0FnSUNyX1lfTVR3EAE,15,11
ChZDSUhNMG9nS0VJQ0FnSUNyX1lfTVR3EAE_03,ChZDSUhNMG9nS0VJQ0FnSUNyX1lfTVR3EAE,14,-1
ChZDSUhNMG9nS0VJQ0FnSUNyX1lfTVR3EAE_04,ChZDSUhNMG9nS0VJQ0FnSUNyX1lfTVR3EAE,2,2
ChZDSUhNMG9nS0VJQ0FnSUNud0lHSGN3EAE_01,ChZDSUhNMG9nS0VJQ0FnSUNud0lHSGN3EAE,7,7
ChZDSUhNMG9nS0VJQ0FnSUMzclBMVkV3EAE_01,ChZDSUhNMG9nS0VJQ0FnSUMzclBMVkV3EAE,17,-1
ChZDSUhNMG9nS0VJQ0FnSUMzclBMVkV3EAE_02,ChZDSUhNMG9nS0VJQ0FnSUMzclBMVkV3EAE,1,0
ChdDSUhNMG9nS0VJQ0FnSURJa2JYN2dnRRAB_01,ChdDSUhNMG9nS0VJQ0FnSURJa2JYN2dnRRAB,15,11
ChdDSUhNMG9nS0VJQ0FnSURJa2JYN2dnRRAB_02,ChdDSUhNMG9nS0VJQ0FnSURJa2JYN2dnRRAB,1,0
ChdDSUhNMG9nS0VJQ0FnSURJa2JYN2dnRRAB_03,ChdDSUhNMG9nS0VJQ0FnSURJa2JYN2dnRRAB,-1,-1
ChdDSUhNMG9nS0VJQ0FnSUR2bGN2NzlRRRAB_01,ChdDSUhNMG9nS0VJQ0FnSUR2bGN2NzlRRRAB,24,33
ChZDSUhNMG9nS0VJQ0FnTURnM19Tc0VREAE_01,ChZDSUhNMG9nS0VJQ0FnTURnM19Tc0VREAE,30,29
ChdDSUhNMG9nS0VJQ0FnTUNReUxyWGtRRRAB_01,ChdDSUhNMG9nS0VJQ0FnTUNReUxyWGtRRRAB,3,3
ChZDSUhNMG9nS0VJQ0FnTURRd3VHVUhREAE_01,ChZDSUhNMG9nS0VJQ0FnTURRd3VHVUhREAE,9,9
Ci9DQUlRQUNvZENodHljRjlvT2tSaldFaG5aa1k1V2s5bVdqZERhbVpaT0Zkck1GRRAB_01,Ci9DQUlRQUNvZENodHljRjlvT2tSaldFaG5aa1k1V2s5bVdqZERhbVpaT0Zkck1GRRAB,29,23
Ci9DQUlRQUNvZENodHljRjlvT2tSaldFaG5aa1k1V2s5bVdqZERhbVpaT0Zkck1GRRAB_02,Ci9DQUlRQUNvZENodHljRjlvT2tSaldFaG5aa1k1V2s5bVdqZERhbVpaT0Zkck1GRRAB,12,30
Ci9DQUlRQUNvZENodHljRjlvT25GTVZFZFhSMGMyYlhwclNtRkZSalJmUWsxbWRYYxAB_01,Ci9DQUlRQUNvZENodHljRjlvT25GTVZFZFhSMGMyYlhwclNtRkZSalJmUWsxbWRYYxAB,9,9
Ci9DQUlRQUNvZENodHljRjlvT25GTVZFZFhSMGMyYlhwclNtRkZSalJmUWsxbWRYYxAB_02,Ci9DQUlRQUNvZENodHljRjlvT25GTVZFZFhSMGMyYlhwclNtRkZSalJmUWsxbWRYYxAB,14,13
Ci9DQUlRQUNvZENodHljRjlvT25GTVZFZFhSMGMyYlhwclNtRkZSalJmUWsxbWRYYxAB_03,Ci9DQUlRQUNvZENodHljRjlvT25GTVZFZFhSMGMyYlhwclNtRkZSalJmUWsxbWRYYxAB,2,2
Ci9DQUlRQUNvZENodHljRjlvT2xOYWJHSm1URVYyYVc4MU9UaHJUbXhFWVVGa05WRRAB_01,Ci9DQUlRQUNvZENodHljRjlvT2xOYWJHSm1URVYyYVc4MU9UaHJUbXhFWVVGa05WRRAB,6,-1
Ci9DQUlRQUNvZENodHljRjlvT2xOYWJHSm1URVYyYVc4MU9UaHJUbXhFWVVGa05WRRAB_02,Ci9DQUlRQUNvZENodHljRjlvT2xOYWJHSm1URVYyYVc4MU9UaHJUbXhFWVVGa05WRRAB,-1,-1
Ci9DQUlRQUNvZENodHljRjlvT2xOYWJHSm1URVYyYVc4MU9UaHJUbXhFWVVGa05WRRAB_03,Ci9DQUlRQUNvZENodHljRjlvT2xOYWJHSm1URVYyYVc4MU9UaHJUbXhFWVVGa05WRRAB,4,5
Ci9DQUlRQUNvZENodHljRjlvT2xOYWJHSm1URVYyYVc4MU9UaHJUbXhFWVVGa05WRRAB_04,Ci9DQUlRQUNvZENodHljRjlvT2xOYWJHSm1URVYyYVc4MU9UaHJUbXhFWVVGa05WRRAB,25,-1
Ci9DQUlRQUNvZENodHljRjlvT2xOYWJHSm1URVYyYVc4MU9UaHJUbXhFWVVGa05WRRAB_05,Ci9DQUlRQUNvZENodHljRjlvT2xOYWJHSm1URVYyYVc4MU9UaHJUbXhFWVVGa05WRRAB,1,0
Ci9DQUlRQUNvZENodHljRjlvT2xaVGFFTm5ZbWR3Y25OYVpWUlhWbU54TWpGZldYYxAB_01,Ci9DQUlRQUNvZENodHljRjlvT2xaVGFFTm5ZbWR3Y25OYVpWUlhWbU54TWpGZldYYxAB,8,8
Ci9DQUlRQUNvZENodHljRjlvT2xKQ1psbGZWRUY2UXpCR1dWaEJiREZEWXpReE0yYxAB_01,Ci9DQUlRQUNvZENodHljRjlvT2xKQ1psbGZWRUY2UXpCR1dWaEJiREZEWXpReE0yYxAB,21,28
Ci9DQUlRQUNvZENodHljRjlvT2xKQ1psbGZWRUY2UXpCR1dWaEJiREZEWXpReE0yYxAB_02,Ci9DQUlRQUNvZENodHljRjlvT2xKQ1psbGZWRUY2UXpCR1dWaEJiREZEWXpReE0yYxAB,16,14
Ci9DQUlRQUNvZENodHljRjlvT2xKQ1psbGZWRUY2UXpCR1dWaEJiREZEWXpReE0yYxAB_03,Ci9DQUlRQUNvZENodHljRjlvT2xKQ1psbGZWRUY2UXpCR1dWaEJiREZEWXpReE0yYxAB,13,-1
Ci9DQUlRQUNvZENodHljRjlvT2xKQ1psbGZWRUY2UXpCR1dWaEJiREZEWXpReE0yYxAB_04,Ci9DQUlRQUNvZENodHljRjlvT2xKQ1psbGZWRUY2UXpCR1dWaEJiREZEWXpReE0yYxAB,5,-1
Ci9DQUlRQUNvZENodHljRjlvT2tabGNIQmFTbkZYU2xWcVRIYzFkVVJ5TVZVeVoyYxAB_01,Ci9DQUlRQUNvZENodHljRjlvT2tabGNIQmFTbkZYU2xWcVRIYzFkVVJ5TVZVeVoyYxAB,15,11
Ci9DQUlRQUNvZENodHljRjlvT2tabGNIQmFTbkZYU2xWcVRIYzFkVVJ5TVZVeVoyYxAB_02,Ci9DQUlRQUNvZENodHljRjlvT2tabGNIQmFTbkZYU2xWcVRIYzFkVVJ5TVZVeVoyYxAB,1,0
Ci9DQUlRQUNvZENodHljRjlvT2tabGNIQmFTbkZYU2xWcVRIYzFkVVJ5TVZVeVoyYxAB_03,Ci9DQUlRQUNvZENodHljRjlvT2tabGNIQmFTbkZYU2xWcVRIYzFkVVJ5TVZVeVoyYxAB,1,0
Ci9DQUlRQUNvZENodHljRjlvT2pBdFZWRnRVVmRtT1V0cmIwdFRZWGRKWkZReVRGRRAB_01,Ci9DQUlRQUNvZENodHljRjlvT2pBdFZWRnRVVmRtT1V0cmIwdFRZWGRKWkZReVRGRRAB,2,2
Ci9DQUlRQUNvZENodHljRjlvT2pBdFZWRnRVVmRtT1V0cmIwdFRZWGRKWkZReVRGRRAB_02,Ci9DQUlRQUNvZENodHljRjlvT2pBdFZWRnRVVmRtT1V0cmIwdFRZWGRKWkZReVRGRRAB,4,5
Ci9DQUlRQUNvZENodHljRjlvT25oSmFWcHJRa3RoVWxvNGNETndaWEpWTUdveFgwRRAB_01,Ci9DQUlRQUNvZENodHljRjlvT25oSmFWcHJRa3RoVWxvNGNETndaWEpWTUdveFgwRRAB,9,9
Ci9DQUlRQUNvZENodHljRjlvT25oSmFWcHJRa3RoVWxvNGNETndaWEpWTUdveFgwRRAB_02,Ci9DQUlRQUNvZENodHljRjlvT25oSmFWcHJRa3RoVWxvNGNETndaWEpWTUdveFgwRRAB,20,18
Ci9DQUlRQUNvZENodHljRjlvT2pkcVgxOVFURkJSUVdoeFIwNVhjR28zV1ZGS01sRRAB_01,Ci9DQUlRQUNvZENodHljRjlvT2pkcVgxOVFURkJSUVdoeFIwNVhjR28zV1ZGS01sRRAB,28,22
Ci9DQUlRQUNvZENodHljRjlvT2pkcVgxOVFURkJSUVdoeFIwNVhjR28zV1ZGS01sRRAB_02,Ci9DQUlRQUNvZENodHljRjlvT2pkcVgxOVFURkJSUVdoeFIwNVhjR28zV1ZGS01sRRAB,-1,-1
Ci9DQUlRQUNvZENodHljRjlvT2pkcVgxOVFURkJSUVdoeFIwNVhjR28zV1ZGS01sRRAB_03,Ci9DQUlRQUNvZENodHljRjlvT2pkcVgxOVFURkJSUVdoeFIwNVhjR28zV1ZGS01sRRAB,6,6
Ci9DQUlRQUNvZENodHljRjlvT25aVk5GaDBkMGcyVVRSeWVIRkRWMUF4YlZGMVkxRRAB_01,Ci9DQUlRQUNvZENodHljRjlvT25aVk5GaDBkMGcyVVRSeWVIRkRWMUF4YlZGMVkxRRAB,4,5
Ci9DQUlRQUNvZENodHljRjlvT25aVk5GaDBkMGcyVVRSeWVIRkRWMUF4YlZGMVkxRRAB_02,Ci9DQUlRQUNvZENodHljRjlvT25aVk5GaDBkMGcyVVRSeWVIRkRWMUF4YlZGMVkxRRAB,-1,-1
Ci9DQUlRQUNvZENodHljRjlvT25oNlZYTktSRk5TV0VOWlkzbHRUM2h3WjNSak1sRRAB_01,Ci9DQUlRQUNvZENodHljRjlvT25oNlZYTktSRk5TV0VOWlkzbHRUM2h3WjNSak1sRRAB,1,0
Ci9DQUlRQUNvZENodHljRjlvT25oNlZYTktSRk5TV0VOWlkzbHRUM2h3WjNSak1sRRAB_02,Ci9DQUlRQUNvZENodHljRjlvT25oNlZYTktSRk5TV0VOWlkzbHRUM2h3WjNSak1sRRAB,6,6
Ci9DQUlRQUNvZENodHljRjlvT2tock1UUmpNVkJtZUY5Zk0xOUZSM0o0Y2psTFMyYxAB_01,Ci9DQUlRQUNvZENodHljRjlvT2tock1UUmpNVkJtZUY5Zk0xOUZSM0o0Y2psTFMyYxAB,16,14
Ci9DQUlRQUNvZENodHljRjlvT2tock1UUmpNVkJtZUY5Zk0xOUZSM0o0Y2psTFMyYxAB_02,Ci9DQUlRQUNvZENodHljRjlvT2tock1UUmpNVkJtZUY5Zk0xOUZSM0o0Y2psTFMyYxAB,7,7
Ci9DQUlRQUNvZENodHljRjlvT2tock1UUmpNVkJtZUY5Zk0xOUZSM0o0Y2psTFMyYxAB_03,Ci9DQUlRQUNvZENodHljRjlvT2tock1UUmpNVkJtZUY5Zk0xOUZSM0o0Y2psTFMyYxAB,13,-1
Ci9DQUlRQUNvZENodHljRjlvT25ZMWMycDVURkpHTFRSSlRYRXRRVUpSVVhCeFpGRRAB_01,Ci9DQUlRQUNvZENodHljRjlvT25ZMWMycDVURkpHTFRSSlRYRXRRVUpSVVhCeFpGRRAB,12,30
Ci9DQUlRQUNvZENodHljRjlvT25ZMWMycDVURkpHTFRSSlRYRXRRVUpSVVhCeFpGRRAB_02,Ci9DQUlRQUNvZENodHljRjlvT25ZMWMycDVURkpHTFRSSlRYRXRRVUpSVVhCeFpGRRAB,15,11
Ci9DQUlRQUNvZENodHljRjlvT25ZMWMycDVURkpHTFRSSlRYRXRRVUpSVVhCeFpGRRAB_03,Ci9DQUlRQUNvZENodHljRjlvT25ZMWMycDVURkpHTFRSSlRYRXRRVUpSVVhCeFpGRRAB,3,-1
Ci9DQUlRQUNvZENodHljRjlvT25ZMWMycDVURkpHTFRSSlRYRXRRVUpSVVhCeFpGRRAB_04,Ci9DQUlRQUNvZENodHljRjlvT25ZMWMycDVURkpHTFRSSlRYRXRRVUpSVVhCeFpGRRAB,8,8
ChdDSUhNMG9nS0VJQ0FnSURMeThhVTJ3RRAB_01,ChdDSUhNMG9nS0VJQ0FnSURMeThhVTJ3RRAB,12,21
Ci9DQUlRQUNvZENodHljRjlvT2xScWJtVkVlRmRVY0ZSbFdVMW9UWFpxUTJKWVgzYxAB_01,Ci9DQUlRQUNvZENodHljRjlvT2xScWJtVkVlRmRVY0ZSbFdVMW9UWFpxUTJKWVgzYxAB,4,-1
Ci9DQUlRQUNvZENodHljRjlvT2xSeWRHeEhXVWhqTkVKVVMyNXVSVXhKYkdaS05IYxAB_01,Ci9DQUlRQUNvZENodHljRjlvT2xSeWRHeEhXVWhqTkVKVVMyNXVSVXhKYkdaS05IYxAB,-1,-1
Ci9DQUlRQUNvZENodHljRjlvT2xSeWRHeEhXVWhqTkVKVVMyNXVSVXhKYkdaS05IYxAB_02,Ci9DQUlRQUNvZENodHljRjlvT2xSeWRHeEhXVWhqTkVKVVMyNXVSVXhKYkdaS05IYxAB,0,1
ChdDSUhNMG9nS0VJQ0FnSUN5dGJLem1RRRAB_01,ChdDSUhNMG9nS0VJQ0FnSUN5dGJLem1RRRAB,-1,-1
ChdDSUhNMG9nS0VJQ0FnSUN5dGJLem1RRRAB_02,ChdDSUhNMG9nS0VJQ0FnSUN5dGJLem1RRRAB,38,40
ChZDSUhNMG9nS0VJQ0FnSURvOTZxcFV3EAE_01,ChZDSUhNMG9nS0VJQ0FnSURvOTZxcFV3EAE,-1,-1
ChZDSUhNMG9nS0VJQ0FnSURvOTZxcFV3EAE_02,ChZDSUhNMG9nS0VJQ0FnSURvOTZxcFV3EAE,5,4
ChZDSUhNMG9nS0VJQ0FnSUM3NE9PTFdREAE_01,ChZDSUhNMG9nS0VJQ0FnSUM3NE9PTFdREAE,14,13
ChZDSUhNMG9nS0VJQ0FnSUQ3NVpXLVRREAE_01,ChZDSUhNMG9nS0VJQ0FnSUQ3NVpXLVRREAE,-1,-1
ChZDSUhNMG9nS0VJQ0FnSURIeUxXeER3EAE_01,ChZDSUhNMG9nS0VJQ0FnSURIeUxXeER3EAE,5,4
ChZDSUhNMG9nS0VJQ0FnSURIeUxXeER3EAE_02,ChZDSUhNMG9nS0VJQ0FnSURIeUxXeER3EAE,1,0
ChdDSUhNMG9nS0VJQ0FnSUNYbnVlQzhBRRAB_01,ChdDSUhNMG9nS0VJQ0FnSUNYbnVlQzhBRRAB,-1,-1
ChZDSUhNMG9nS0VJQ0FnSURmeWVYLUtnEAE_01,ChZDSUhNMG9nS0VJQ0FnSURmeWVYLUtnEAE,3,-1
ChZDSUhNMG9nS0VJQ0FnSURmeWVYLUtnEAE_02,ChZDSUhNMG9nS0VJQ0FnSURmeWVYLUtnEAE,-1,-1
ChZDSUhNMG9nS0VJQ0FnSURmeWVYLUtnEAE_03,ChZDSUhNMG9nS0VJQ0FnSURmeWVYLUtnEAE,5,4
ChZDSUhNMG9nS0VJQ0FnSURmeWVYLUtnEAE_04,ChZDSUhNMG9nS0VJQ0FnSURmeWVYLUtnEAE,40,41
ChZDSUhNMG9nS0VJQ0FnSUQ2NzhiWVl3EAE_01,ChZDSUhNMG9nS0VJQ0FnSUQ2NzhiWVl3EAE,-1,-1
ChZDSUhNMG9nS0VJQ0FnSUQ2NzhiWVl3EAE_02,ChZDSUhNMG9nS0VJQ0FnSUQ2NzhiWVl3EAE,-1,-1
ChZDSUhNMG9nS0VJQ0FnSUQ2NzhiWVl3EAE_03,ChZDSUhNMG9nS0VJQ0FnSUQ2NzhiWVl3EAE,36,-1
Ci9DQUlRQUNvZENodHljRjlvT25SUGFtVXRiMTlSYzNScWEzQnpTWE55T1hBNGRsRRAB_01,Ci9DQUlRQUNvZENodHljRjlvT25SUGFtVXRiMTlSYzNScWEzQnpTWE55T1hBNGRsRRAB,17,19
Ci9DQUlRQUNvZENodHljRjlvT25SUGFtVXRiMTlSYzNScWEzQnpTWE55T1hBNGRsRRAB_02,Ci9DQUlRQUNvZENodHljRjlvT25SUGFtVXRiMTlSYzNScWEzQnpTWE55T1hBNGRsRRAB,1,0
Ci9DQUlRQUNvZENodHljRjlvT21sM1RFTjNOM1J6UlROSmJuZHBOMVJNZWtoa05VRRAB_01,Ci9DQUlRQUNvZENodHljRjlvT21sM1RFTjNOM1J6UlROSmJuZHBOMVJNZWtoa05VRRAB,18,20
Ci9DQUlRQUNvZENodHljRjlvT21sM1RFTjNOM1J6UlROSmJuZHBOMVJNZWtoa05VRRAB_02,Ci9DQUlRQUNvZENodHljRjlvT21sM1RFTjNOM1J6UlROSmJuZHBOMVJNZWtoa05VRRAB,0,1
Ci9DQUlRQUNvZENodHljRjlvT21sM1RFTjNOM1J6UlROSmJuZHBOMVJNZWtoa05VRRAB_03,Ci9DQUlRQUNvZENodHljRjlvT21sM1RFTjNOM1J6UlROSmJuZHBOMVJNZWtoa05VRRAB,0,1
Ci9DQUlRQUNvZENodHljRjlvT21sM1RFTjNOM1J6UlROSmJuZHBOMVJNZWtoa05VRRAB_04,Ci9DQUlRQUNvZENodHljRjlvT21sM1RFTjNOM1J6UlROSmJuZHBOMVJNZWtoa05VRRAB,-1,-1
Ci9DQUlRQUNvZENodHljRjlvT21sM1RFTjNOM1J6UlROSmJuZHBOMVJNZWtoa05VRRAB_05,Ci9DQUlRQUNvZENodHljRjlvT21sM1RFTjNOM1J6UlROSmJuZHBOMVJNZWtoa05VRRAB,-1,-1
Ci9DQUlRQUNvZENodHljRjlvT21sM1RFTjNOM1J6UlROSmJuZHBOMVJNZWtoa05VRRAB_06,Ci9DQUlRQUNvZENodHljRjlvT21sM1RFTjNOM1J6UlROSmJuZHBOMVJNZWtoa05VRRAB,0,1
Ci9DQUlRQUNvZENodHljRjlvT210dE5sTmFhbk5qVEU5YVIzZFRVSGRwV0RrMVpGRRAB_01,Ci9DQUlRQUNvZENodHljRjlvT210dE5sTmFhbk5qVEU5YVIzZFRVSGRwV0RrMVpGRRAB,3,-1
Ci9DQUlRQUNvZENodHljRjlvT2taaloxbE5halF4V1VKSk0zVTJaSGRUWTA1U2NFRRAB_01,Ci9DQUlRQUNvZENodHljRjlvT2taaloxbE5halF4V1VKSk0zVTJaSGRUWTA1U2NFRRAB,25,-1
Ci9DQUlRQUNvZENodHljRjlvT2taaloxbE5halF4V1VKSk0zVTJaSGRUWTA1U2NFRRAB_02,Ci9DQUlRQUNvZENodHljRjlvT2taaloxbE5halF4V1VKSk0zVTJaSGRUWTA1U2NFRRAB,5,4
Ci9DQUlRQUNvZENodHljRjlvT2taaloxbE5halF4V1VKSk0zVTJaSGRUWTA1U2NFRRAB_03,Ci9DQUlRQUNvZENodHljRjlvT2taaloxbE5halF4V1VKSk0zVTJaSGRUWTA1U2NFRRAB,-1,-1
Ci9DQUlRQUNvZENodHljRjlvT25WTlIyeHJRWFpuZEdWVU9YaGZjMDFJZEdkNE1YYxAB_01,Ci9DQUlRQUNvZENodHljRjlvT25WTlIyeHJRWFpuZEdWVU9YaGZjMDFJZEdkNE1YYxAB,-1,-1
Ci9DQUlRQUNvZENodHljRjlvT25WTlIyeHJRWFpuZEdWVU9YaGZjMDFJZEdkNE1YYxAB_02,Ci9DQUlRQUNvZENodHljRjlvT25WTlIyeHJRWFpuZEdWVU9YaGZjMDFJZEdkNE1YYxAB,5,4
Ci9DQUlRQUNvZENodHljRjlvT25WTlIyeHJRWFpuZEdWVU9YaGZjMDFJZEdkNE1YYxAB_03,Ci9DQUlRQUNvZENodHljRjlvT25WTlIyeHJRWFpuZEdWVU9YaGZjMDFJZEdkNE1YYxAB,5,4
Ci9DQUlRQUNvZENodHljRjlvT25WTlIyeHJRWFpuZEdWVU9YaGZjMDFJZEdkNE1YYxAB_04,Ci9DQUlRQUNvZENodHljRjlvT25WTlIyeHJRWFpuZEdWVU9YaGZjMDFJZEdkNE1YYxAB,-1,-1
ChdDSUhNMG9nS0VJQ0FnSUNXM3JEM2pRRRAB_01,ChdDSUhNMG9nS0VJQ0FnSUNXM3JEM2pRRRAB,-1,-1
ChdDSUhNMG9nS0VJQ0FnSUNXM3JEM2pRRRAB_02,ChdDSUhNMG9nS0VJQ0FnSUNXM3JEM2pRRRAB,10,10
Ci9DQUlRQUNvZENodHljRjlvT2psNlVVMTBOVXhLYVZoalFrbDJOSE5yTkVORlFrRRAB_01,Ci9DQUlRQUNvZENodHljRjlvT2psNlVVMTBOVXhLYVZoalFrbDJOSE5yTkVORlFrRRAB,-1,-1
Ci9DQUlRQUNvZENodHljRjlvT2psNlVVMTBOVXhLYVZoalFrbDJOSE5yTkVORlFrRRAB_02,Ci9DQUlRQUNvZENodHljRjlvT2psNlVVMTBOVXhLYVZoalFrbDJOSE5yTkVORlFrRRAB,-1,-1
Ci9DQUlRQUNvZENodHljRjlvT2psNlVVMTBOVXhLYVZoalFrbDJOSE5yTkVORlFrRRAB_03,Ci9DQUlRQUNvZENodHljRjlvT2psNlVVMTBOVXhLYVZoalFrbDJOSE5yTkVORlFrRRAB,35,-1
Ci9DQUlRQUNvZENodHljRjlvT2psNlVVMTBOVXhLYVZoalFrbDJOSE5yTkVORlFrRRAB_04,Ci9DQUlRQUNvZENodHljRjlvT2psNlVVMTBOVXhLYVZoalFrbDJOSE5yTkVORlFrRRAB,5,4
Ci9DQUlRQUNvZENodHljRjlvT2psNlVVMTBOVXhLYVZoalFrbDJOSE5yTkVORlFrRRAB_05,Ci9DQUlRQUNvZENodHljRjlvT2psNlVVMTBOVXhLYVZoalFrbDJOSE5yTkVORlFrRRAB,-1,-1
Ci9DQUlRQUNvZENodHljRjlvT2psNlVVMTBOVXhLYVZoalFrbDJOSE5yTkVORlFrRRAB_06,Ci9DQUlRQUNvZENodHljRjlvT2psNlVVMTBOVXhLYVZoalFrbDJOSE5yTkVORlFrRRAB,5,4
Ci9DQUlRQUNvZENodHljRjlvT2psNlVVMTBOVXhLYVZoalFrbDJOSE5yTkVORlFrRRAB_07,Ci9DQUlRQUNvZENodHljRjlvT2psNlVVMTBOVXhLYVZoalFrbDJOSE5yTkVORlFrRRAB,5,4
Ci9DQUlRQUNvZENodHljRjlvT2psNlVVMTBOVXhLYVZoalFrbDJOSE5yTkVORlFrRRAB_08,Ci9DQUlRQUNvZENodHljRjlvT2psNlVVMTBOVXhLYVZoalFrbDJOSE5yTkVORlFrRRAB,-1,-1
Ci9DQUlRQUNvZENodHljRjlvT2psNlVVMTBOVXhLYVZoalFrbDJOSE5yTkVORlFrRRAB_09,Ci9DQUlRQUNvZENodHljRjlvT2psNlVVMTBOVXhLYVZoalFrbDJOSE5yTkVORlFrRRAB,5,4
Ci9DQUlRQUNvZENodHljRjlvT2psNlVVMTBOVXhLYVZoalFrbDJOSE5yTkVORlFrRRAB_10,Ci9DQUlRQUNvZENodHljRjlvT2psNlVVMTBOVXhLYVZoalFrbDJOSE5yTkVORlFrRRAB,23,31
Ci9DQUlRQUNvZENodHljRjlvT2pJM05VbG1ZbE5mVEdWaFlYSkZUWEJ0VHpNMFdVRRAB_01,Ci9DQUlRQUNvZENodHljRjlvT2pJM05VbG1ZbE5mVEdWaFlYSkZUWEJ0VHpNMFdVRRAB,-1,-1
Ci9DQUlRQUNvZENodHljRjlvT2xOalZTMVZUMmhTU1cxME4ycFNhRVkzY1c5UmExRRAB_01,Ci9DQUlRQUNvZENodHljRjlvT2xOalZTMVZUMmhTU1cxME4ycFNhRVkzY1c5UmExRRAB,12,30
Ci9DQUlRQUNvZENodHljRjlvT2xOalZTMVZUMmhTU1cxME4ycFNhRVkzY1c5UmExRRAB_02,Ci9DQUlRQUNvZENodHljRjlvT2xOalZTMVZUMmhTU1cxME4ycFNhRVkzY1c5UmExRRAB,11,12
Ci9DQUlRQUNvZENodHljRjlvT2xOalZTMVZUMmhTU1cxME4ycFNhRVkzY1c5UmExRRAB_03,Ci9DQUlRQUNvZENodHljRjlvT2xOalZTMVZUMmhTU1cxME4ycFNhRVkzY1c5UmExRRAB,3,3
Ci9DQUlRQUNvZENodHljRjlvT2xOalZTMVZUMmhTU1cxME4ycFNhRVkzY1c5UmExRRAB_04,Ci9DQUlRQUNvZENodHljRjlvT2xOalZTMVZUMmhTU1cxME4ycFNhRVkzY1c5UmExRRAB,4,5
ChdDSUhNMG9nS0VJQ0FnSUM5anNmazhBRRAB_01,ChdDSUhNMG9nS0VJQ0FnSUM5anNmazhBRRAB,0,1
ChdDSUhNMG9nS0VJQ0FnSUQ5enVTSmhRRRAB_01,ChdDSUhNMG9nS0VJQ0FnSUQ5enVTSmhRRRAB,27,24
ChdDSUhNMG9nS0VJQ0FnSUQ5enVTSmhRRRAB_02,ChdDSUhNMG9nS0VJQ0FnSUQ5enVTSmhRRRAB,23,31
ChdDSUhNMG9nS0VJQ0FnSUQ5enVTSmhRRRAB_03,ChdDSUhNMG9nS0VJQ0FnSUQ5enVTSmhRRRAB,34,34
ChZDSUhNMG9nS0VJQ0FnSUNqcnRfWVhnEAE_01,ChZDSUhNMG9nS0VJQ0FnSUNqcnRfWVhnEAE,2,2
ChZDSUhNMG9nS0VJQ0FnSUNqcnRfWVhnEAE_02,ChZDSUhNMG9nS0VJQ0FnSUNqcnRfWVhnEAE,4,5
ChZDSUhNMG9nS0VJQ0FnSUNqcnRfWVhnEAE_03,ChZDSUhNMG9nS0VJQ0FnSUNqcnRfWVhnEAE,1,0
ChZDSUhNMG9nS0VJQ0FnSUNqcnRfWVhnEAE_04,ChZDSUhNMG9nS0VJQ0FnSUNqcnRfWVhnEAE,2,-1
ChZDSUhNMG9nS0VJQ0FnSURndlB2a2JREAE_01,ChZDSUhNMG9nS0VJQ0FnSURndlB2a2JREAE,2,2
ChZDSUhNMG9nS0VJQ0FnSURndlB2a2JREAE_02,ChZDSUhNMG9nS0VJQ0FnSURndlB2a2JREAE,24,33
ChdDSUhNMG9nS0VJQ0FnSURWM1BDdTlRRRAB_01,ChdDSUhNMG9nS0VJQ0FnSURWM1BDdTlRRRAB,-1,-1
ChdDSUhNMG9nS0VJQ0FnSURWM1BDdTlRRRAB_02,ChdDSUhNMG9nS0VJQ0FnSURWM1BDdTlRRRAB,11,12
ChdDSUhNMG9nS0VJQ0FnSUNIanJHcDh3RRAB_01,ChdDSUhNMG9nS0VJQ0FnSUNIanJHcDh3RRAB,4,5
ChdDSUhNMG9nS0VJQ0FnSUNIanJHcDh3RRAB_02,ChdDSUhNMG9nS0VJQ0FnSUNIanJHcDh3RRAB,20,18
ChdDSUhNMG9nS0VJQ0FnSUM1aEpyVjV3RRAB_01,ChdDSUhNMG9nS0VJQ0FnSUM1aEpyVjV3RRAB,5,4
ChdDSUhNMG9nS0VJQ0FnSUM1aEpyVjV3RRAB_02,ChdDSUhNMG9nS0VJQ0FnSUM1aEpyVjV3RRAB,7,-1
ChZDSUhNMG9nS0VJQ0FnSURIMnVfd0ZnEAE_01,ChZDSUhNMG9nS0VJQ0FnSURIMnVfd0ZnEAE,18,-1
ChZDSUhNMG9nS0VJQ0FnSURudUxQclFREAE_01,ChZDSUhNMG9nS0VJQ0FnSURudUxQclFREAE,6,6
ChdDSUhNMG9nS0VJQ0FnSUNQbnMyVHh3RRAB_01,ChdDSUhNMG9nS0VJQ0FnSUNQbnMyVHh3RRAB,25,-1
ChdDSUhNMG9nS0VJQ0FnSUNQbnMyVHh3RRAB_02,ChdDSUhNMG9nS0VJQ0FnSUNQbnMyVHh3RRAB,5,4
ChdDSUhNMG9nS0VJQ0FnSUNQbnMyVHh3RRAB_03,ChdDSUhNMG9nS0VJQ0FnSUNQbnMyVHh3RRAB,-1,-1
ChdDSUhNMG9nS0VJQ0FnSUNfZ1BUM2dnRRAB_01,ChdDSUhNMG9nS0VJQ0FnSUNfZ1BUM2dnRRAB,4,5
ChdDSUhNMG9nS0VJQ0FnTUNndHZISmdnRRAB_01,ChdDSUhNMG9nS0VJQ0FnTUNndHZISmdnRRAB,4,5
ChdDSUhNMG9nS0VJQ0FnTUNndHZISmdnRRAB_02,ChdDSUhNMG9nS0VJQ0FnTUNndHZISmdnRRAB,5,4
ChdDSUhNMG9nS0VJQ0FnTUNndHZISmdnRRAB_03,ChdDSUhNMG9nS0VJQ0FnTUNndHZISmdnRRAB,2,-1
ChdDSUhNMG9nS0VJQ0FnTUNndHZISmdnRRAB_04,ChdDSUhNMG9nS0VJQ0FnTUNndHZISmdnRRAB,1,0
ChdDSUhNMG9nS0VJQ0FnTUNndHZISmdnRRAB_05,ChdDSUhNMG9nS0VJQ0FnTUNndHZISmdnRRAB,-1,-1
ChdDSUhNMG9nS0VJQ0FnTUNndHZISmdnRRAB_06,ChdDSUhNMG9nS0VJQ0FnTUNndHZISmdnRRAB,31,27
Ci9DQUlRQUNvZENodHljRjlvT2swek16bGZTVGwzWWs1dFJVUnlObmxDVDFFd2RXYxAB_01,Ci9DQUlRQUNvZENodHljRjlvT2swek16bGZTVGwzWWs1dFJVUnlObmxDVDFFd2RXYxAB,12,21
Ci9DQUlRQUNvZENodHljRjlvT2swek16bGZTVGwzWWs1dFJVUnlObmxDVDFFd2RXYxAB_02,Ci9DQUlRQUNvZENodHljRjlvT2swek16bGZTVGwzWWs1dFJVUnlObmxDVDFFd2RXYxAB,24,33
Ci9DQUlRQUNvZENodHljRjlvT2swek16bGZTVGwzWWs1dFJVUnlObmxDVDFFd2RXYxAB_03,Ci9DQUlRQUNvZENodHljRjlvT2swek16bGZTVGwzWWs1dFJVUnlObmxDVDFFd2RXYxAB,14,13
Ci9DQUlRQUNvZENodHljRjlvT2swek16bGZTVGwzWWs1dFJVUnlObmxDVDFFd2RXYxAB_04,Ci9DQUlRQUNvZENodHljRjlvT2swek16bGZTVGwzWWs1dFJVUnlObmxDVDFFd2RXYxAB,11,12
Ci9DQUlRQUNvZENodHljRjlvT2swek16bGZTVGwzWWs1dFJVUnlObmxDVDFFd2RXYxAB_05,Ci9DQUlRQUNvZENodHljRjlvT2swek16bGZTVGwzWWs1dFJVUnlObmxDVDFFd2RXYxAB,14,-1
Ci9DQUlRQUNvZENodHljRjlvT2swek16bGZTVGwzWWs1dFJVUnlObmxDVDFFd2RXYxAB_06,Ci9DQUlRQUNvZENodHljRjlvT2swek16bGZTVGwzWWs1dFJVUnlObmxDVDFFd2RXYxAB,27,24
Ci9DQUlRQUNvZENodHljRjlvT2xwM1JVWmFZVmN3VEhWWWJrTXdWVUkxVEdKWFRHYxAB_01,Ci9DQUlRQUNvZENodHljRjlvT2xwM1JVWmFZVmN3VEhWWWJrTXdWVUkxVEdKWFRHYxAB,9,9
Ci9DQUlRQUNvZENodHljRjlvT2xwM1JVWmFZVmN3VEhWWWJrTXdWVUkxVEdKWFRHYxAB_02,Ci9DQUlRQUNvZENodHljRjlvT2xwM1JVWmFZVmN3VEhWWWJrTXdWVUkxVEdKWFRHYxAB,-1,-1
Ci9DQUlRQUNvZENodHljRjlvT2xwM1JVWmFZVmN3VEhWWWJrTXdWVUkxVEdKWFRHYxAB_03,Ci9DQUlRQUNvZENodHljRjlvT2xwM1JVWmFZVmN3VEhWWWJrTXdWVUkxVEdKWFRHYxAB,-1,-1
Ci9DQUlRQUNvZENodHljRjlvT2xwM1JVWmFZVmN3VEhWWWJrTXdWVUkxVEdKWFRHYxAB_04,Ci9DQUlRQUNvZENodHljRjlvT2xwM1JVWmFZVmN3VEhWWWJrTXdWVUkxVEdKWFRHYxAB,-1,-1
Ci9DQUlRQUNvZENodHljRjlvT2sxd1NWRk5iV3B0VWt0dFZFOVVWR2xCUlVoMk5rRRAB_01,Ci9DQUlRQUNvZENodHljRjlvT2sxd1NWRk5iV3B0VWt0dFZFOVVWR2xCUlVoMk5rRRAB,27,-1
Ci9DQUlRQUNvZENodHljRjlvT205VU5VbFJablJoVWxndGIzaDRZamQwVTJoMlgxRRAB_01,Ci9DQUlRQUNvZENodHljRjlvT205VU5VbFJablJoVWxndGIzaDRZamQwVTJoMlgxRRAB,4,5
Ci9DQUlRQUNvZENodHljRjlvT205VU5VbFJablJoVWxndGIzaDRZamQwVTJoMlgxRRAB_02,Ci9DQUlRQUNvZENodHljRjlvT205VU5VbFJablJoVWxndGIzaDRZamQwVTJoMlgxRRAB,3,3
Ci9DQUlRQUNvZENodHljRjlvT205VU5VbFJablJoVWxndGIzaDRZamQwVTJoMlgxRRAB_03,Ci9DQUlRQUNvZENodHljRjlvT205VU5VbFJablJoVWxndGIzaDRZamQwVTJoMlgxRRAB,5,4
Ci9DQUlRQUNvZENodHljRjlvT2t4YVFYVk9SR28zTFRSWWRURlBTbk0zUjBwUk1VRRAB_01,Ci9DQUlRQUNvZENodHljRjlvT2t4YVFYVk9SR28zTFRSWWRURlBTbk0zUjBwUk1VRRAB,21,28
Ci9DQUlRQUNvZENodHljRjlvT2t4YVFYVk9SR28zTFRSWWRURlBTbk0zUjBwUk1VRRAB_02,Ci9DQUlRQUNvZENodHljRjlvT2t4YVFYVk9SR28zTFRSWWRURlBTbk0zUjBwUk1VRRAB,-1,-1
ChZDSUhNMG9nS0VJQ0FnSUQyeVp1UkpREAE_01,ChZDSUhNMG9nS0VJQ0FnSUQyeVp1UkpREAE,9,9
ChZDSUhNMG9nS0VJQ0FnSUQyeVp1UkpREAE_02,ChZDSUhNMG9nS0VJQ0FnSUQyeVp1UkpREAE,9,9
ChZDSUhNMG9nS0VJQ0FnSUQyeVp1UkpREAE_03,ChZDSUhNMG9nS0VJQ0FnSUQyeVp1UkpREAE,0,1
ChZDSUhNMG9nS0VJQ0FnSUQyeVp1UkpREAE_04,ChZDSUhNMG9nS0VJQ0FnSUQyeVp1UkpREAE,0,1
ChZDSUhNMG9nS0VJQ0FnSUQyeVp1UkpREAE_05,ChZDSUhNMG9nS0VJQ0FnSUQyeVp1UkpREAE,23,31
ChdDSUhNMG9nS0VJQ0FnSUNENDZ1Q2pRRRAB_01,ChdDSUhNMG9nS0VJQ0FnSUNENDZ1Q2pRRRAB,24,33
ChdDSUhNMG9nS0VJQ0FnSUNENDZ1Q2pRRRAB_02,ChdDSUhNMG9nS0VJQ0FnSUNENDZ1Q2pRRRAB,7,7
ChdDSUhNMG9nS0VJQ0FnSUNENDZ1Q2pRRRAB_03,ChdDSUhNMG9nS0VJQ0FnSUNENDZ1Q2pRRRAB,1,0
ChdDSUhNMG9nS0VJQ0FnSUNENDZ1Q2pRRRAB_04,ChdDSUhNMG9nS0VJQ0FnSUNENDZ1Q2pRRRAB,10,10
ChdDSUhNMG9nS0VJQ0FnSUNENDZ1Q2pRRRAB_05,ChdDSUhNMG9nS0VJQ0FnSUNENDZ1Q2pRRRAB,13,15
ChZDSUhNMG9nS0VJQ0FnSUM3b28yMVFBEAE_01,ChZDSUhNMG9nS0VJQ0FnSUM3b28yMVFBEAE,9,9
ChZDSUhNMG9nS0VJQ0FnSUM3b28yMVFBEAE_02,ChZDSUhNMG9nS0VJQ0FnSUM3b28yMVFBEAE,7,-1
ChZDSUhNMG9nS0VJQ0FnSUM3b28yMVFBEAE_03,ChZDSUhNMG9nS0VJQ0FnSUM3b28yMVFBEAE,7,7
ChZDSUhNMG9nS0VJQ0FnSUM3b28yMVFBEAE_04,ChZDSUhNMG9nS0VJQ0FnSUM3b28yMVFBEAE,10,10
ChZDSUhNMG9nS0VJQ0FnSUM3b28yMVFBEAE_05,ChZDSUhNMG9nS0VJQ0FnSUM3b28yMVFBEAE,2,-1
ChZDSUhNMG9nS0VJQ0FnSUM3b28yMVFBEAE_06,ChZDSUhNMG9nS0VJQ0FnSUM3b28yMVFBEAE,-1,-1
ChdDSUhNMG9nS0VJQ0FnTUNvamZqU3ZBRRAB_01,ChdDSUhNMG9nS0VJQ0FnTUNvamZqU3ZBRRAB,3,-1
Ci9DQUlRQUNvZENodHljRjlvT200NFdYTmhUVnBmY0ZWQkxYTktiM0pVWkZWRFMxRRAB_01,Ci9DQUlRQUNvZENodHljRjlvT200NFdYTmhUVnBmY0ZWQkxYTktiM0pVWkZWRFMxRRAB,9,9
Ci9DQUlRQUNvZENodHljRjlvT200NFdYTmhUVnBmY0ZWQkxYTktiM0pVWkZWRFMxRRAB_02,Ci9DQUlRQUNvZENodHljRjlvT200NFdYTmhUVnBmY0ZWQkxYTktiM0pVWkZWRFMxRRAB,-1,-1
ChZDSUhNMG9nS0VJQ0FnSUM5LThHaWFBEAE_01,ChZDSUhNMG9nS0VJQ0FnSUM5LThHaWFBEAE,8,8
ChZDSUhNMG9nS0VJQ0FnSUM5LThHaWFBEAE_02,ChZDSUhNMG9nS0VJQ0FnSUM5LThHaWFBEAE,26,26
ChZDSUhNMG9nS0VJQ0FnSUM5LThHaWFBEAE_03,ChZDSUhNMG9nS0VJQ0FnSUM5LThHaWFBEAE,26,-1
ChZDSUhNMG9nS0VJQ0FnSUM5LThHaWFBEAE_04,ChZDSUhNMG9nS0VJQ0FnSUM5LThHaWFBEAE,20,18
ChZDSUhNMG9nS0VJQ0FnSUM5LThHaWFBEAE_05,ChZDSUhNMG9nS0VJQ0FnSUM5LThHaWFBEAE,-1,-1
ChZDSUhNMG9nS0VJQ0FnTUNBM1pLNUJREAE_01,ChZDSUhNMG9nS0VJQ0FnTUNBM1pLNUJREAE,6,6
ChZDSUhNMG9nS0VJQ0FnTUNBM1pLNUJREAE_02,ChZDSUhNMG9nS0VJQ0FnTUNBM1pLNUJREAE,34,34
Ci9DQUlRQUNvZENodHljRjlvT2tsU1FYTlpZVTFMZEZkZmRGWkRVMWx5UWxsMU0xRRAB_01,Ci9DQUlRQUNvZENodHljRjlvT2tsU1FYTlpZVTFMZEZkZmRGWkRVMWx5UWxsMU0xRRAB,-1,-1
Ci9DQUlRQUNvZENodHljRjlvT2tsU1FYTlpZVTFMZEZkZmRGWkRVMWx5UWxsMU0xRRAB_02,Ci9DQUlRQUNvZENodHljRjlvT2tsU1FYTlpZVTFMZEZkZmRGWkRVMWx5UWxsMU0xRRAB,6,6
Ci9DQUlRQUNvZENodHljRjlvT2tsU1FYTlpZVTFMZEZkZmRGWkRVMWx5UWxsMU0xRRAB_03,Ci9DQUlRQUNvZENodHljRjlvT2tsU1FYTlpZVTFMZEZkZmRGWkRVMWx5UWxsMU0xRRAB,13,-1
Ci9DQUlRQUNvZENodHljRjlvT2tsU1FYTlpZVTFMZEZkZmRGWkRVMWx5UWxsMU0xRRAB_04,Ci9DQUlRQUNvZENodHljRjlvT2tsU1FYTlpZVTFMZEZkZmRGWkRVMWx5UWxsMU0xRRAB,-1,-1
Ci9DQUlRQUNvZENodHljRjlvT2tsU1FYTlpZVTFMZEZkZmRGWkRVMWx5UWxsMU0xRRAB_05,Ci9DQUlRQUNvZENodHljRjlvT2tsU1FYTlpZVTFMZEZkZmRGWkRVMWx5UWxsMU0xRRAB,13,15
ChZDSUhNMG9nS0VJQ0FnSURiNkpPUkFREAE_01,ChZDSUhNMG9nS0VJQ0FnSURiNkpPUkFREAE,10,10
ChZDSUhNMG9nS0VJQ0FnSURiNkpPUkFREAE_02,ChZDSUhNMG9nS0VJQ0FnSURiNkpPUkFREAE,-1,-1
ChdDSUhNMG9nS0VJQ0FnSUNfc3RIbzN3RRAB_01,ChdDSUhNMG9nS0VJQ0FnSUNfc3RIbzN3RRAB,19,16
ChdDSUhNMG9nS0VJQ0FnSUNfc3RIbzN3RRAB_02,ChdDSUhNMG9nS0VJQ0FnSUNfc3RIbzN3RRAB,21,-1
ChdDSUhNMG9nS0VJQ0FnSUNfc3RIbzN3RRAB_03,ChdDSUhNMG9nS0VJQ0FnSUNfc3RIbzN3RRAB,3,3
ChdDSUhNMG9nS0VJQ0FnSUNfc3RIbzN3RRAB_04,ChdDSUhNMG9nS0VJQ0FnSUNfc3RIbzN3RRAB,-1,-1
ChZDSUhNMG9nS0VJQ0FnTURnNmJEQkdnEAE_01,ChZDSUhNMG9nS0VJQ0FnTURnNmJEQkdnEAE,6,6
Ci9DQUlRQUNvZENodHljRjlvT25oQlVEUTFjMHBaV2xKT05HMTJSVXBZT1hRMmJFRRAB_01,Ci9DQUlRQUNvZENodHljRjlvT25oQlVEUTFjMHBaV2xKT05HMTJSVXBZT1hRMmJFRRAB,36,37
Ci9DQUlRQUNvZENodHljRjlvT25oQlVEUTFjMHBaV2xKT05HMTJSVXBZT1hRMmJFRRAB_02,Ci9DQUlRQUNvZENodHljRjlvT25oQlVEUTFjMHBaV2xKT05HMTJSVXBZT1hRMmJFRRAB,13,15
ChdDSUhNMG9nS0VJQ0FnSUNUNHBxNjVRRRAB_01,ChdDSUhNMG9nS0VJQ0FnSUNUNHBxNjVRRRAB,14,-1
ChdDSUhNMG9nS0VJQ0FnSUNUNHBxNjVRRRAB_02,ChdDSUhNMG9nS0VJQ0FnSUNUNHBxNjVRRRAB,35,-1
ChZDSUhNMG9nS0VJQ0FnSUNUa3VYWklBEAE_01,ChZDSUhNMG9nS0VJQ0FnSUNUa3VYWklBEAE,34,34
ChdDSUhNMG9nS0VJQ0FnSURUaDRxMXNBRRAB_01,ChdDSUhNMG9nS0VJQ0FnSURUaDRxMXNBRRAB,8,8
ChdDSUhNMG9nS0VJQ0FnSUNIOUxYUTJRRRAB_01,ChdDSUhNMG9nS0VJQ0FnSUNIOUxYUTJRRRAB,0,1
ChdDSUhNMG9nS0VQLTR5OURteGNHZV9BRRAB_01,ChdDSUhNMG9nS0VQLTR5OURteGNHZV9BRRAB,0,1
ChdDSUhNMG9nS0VQLTR5OURteGNHZV9BRRAB_02,ChdDSUhNMG9nS0VQLTR5OURteGNHZV9BRRAB,1,0
ChdDSUhNMG9nS0VQLTR5OURteGNHZV9BRRAB_03,ChdDSUhNMG9nS0VQLTR5OURteGNHZV9BRRAB,23,31
Ci9DQUlRQUNvZENodHljRjlvT2pNd2VqTXpabFZLYjFwRU5WTm5TVkZ1WjJ4UFUyYxAB_01,Ci9DQUlRQUNvZENodHljRjlvT2pNd2VqTXpabFZLYjFwRU5WTm5TVkZ1WjJ4UFUyYxAB,21,-1
Ci9DQUlRQUNvZENodHljRjlvT2pNd2VqTXpabFZLYjFwRU5WTm5TVkZ1WjJ4UFUyYxAB_02,Ci9DQUlRQUNvZENodHljRjlvT2pNd2VqTXpabFZLYjFwRU5WTm5TVkZ1WjJ4UFUyYxAB,32,32
Ci9DQUlRQUNvZENodHljRjlvT2pNd2VqTXpabFZLYjFwRU5WTm5TVkZ1WjJ4UFUyYxAB_03,Ci9DQUlRQUNvZENodHljRjlvT2pNd2VqTXpabFZLYjFwRU5WTm5TVkZ1WjJ4UFUyYxAB,-1,-1
Ci9DQUlRQUNvZENodHljRjlvT2pWSFptNWllRzlIUzNwdVprRktUWGMzYTBOUlNYYxAB_01,Ci9DQUlRQUNvZENodHljRjlvT2pWSFptNWllRzlIUzNwdVprRktUWGMzYTBOUlNYYxAB,35,36
Ci9DQUlRQUNvZENodHljRjlvT2pWSFptNWllRzlIUzNwdVprRktUWGMzYTBOUlNYYxAB_02,Ci9DQUlRQUNvZENodHljRjlvT2pWSFptNWllRzlIUzNwdVprRktUWGMzYTBOUlNYYxAB,-1,-1
Ci9DQUlRQUNvZENodHljRjlvT2pWSFptNWllRzlIUzNwdVprRktUWGMzYTBOUlNYYxAB_03,Ci9DQUlRQUNvZENodHljRjlvT2pWSFptNWllRzlIUzNwdVprRktUWGMzYTBOUlNYYxAB,-1,-1
Ci9DQUlRQUNvZENodHljRjlvT2pWSFptNWllRzlIUzNwdVprRktUWGMzYTBOUlNYYxAB_04,Ci9DQUlRQUNvZENodHljRjlvT2pWSFptNWllRzlIUzNwdVprRktUWGMzYTBOUlNYYxAB,25,25
Ci9DQUlRQUNvZENodHljRjlvT2xGd1dreFBSblZITTBaUmFEaEVUa0ZRWkMweFgyYxAB_01,Ci9DQUlRQUNvZENodHljRjlvT2xGd1dreFBSblZITTBaUmFEaEVUa0ZRWkMweFgyYxAB,-1,-1
Ci9DQUlRQUNvZENodHljRjlvT2xGd1dreFBSblZITTBaUmFEaEVUa0ZRWkMweFgyYxAB_02,Ci9DQUlRQUNvZENodHljRjlvT2xGd1dreFBSblZITTBaUmFEaEVUa0ZRWkMweFgyYxAB,40,41
Ci9DQUlRQUNvZENodHljRjlvT2xGd1dreFBSblZITTBaUmFEaEVUa0ZRWkMweFgyYxAB_03,Ci9DQUlRQUNvZENodHljRjlvT2xGd1dreFBSblZITTBaUmFEaEVUa0ZRWkMweFgyYxAB,4,5
Ci9DQUlRQUNvZENodHljRjlvT21oelVWQjNSRzUyUWtkbVJqUmxRalYwYWtkV01WRRAB_01,Ci9DQUlRQUNvZENodHljRjlvT21oelVWQjNSRzUyUWtkbVJqUmxRalYwYWtkV01WRRAB,11,-1
Ci9DQUlRQUNvZENodHljRjlvT210YVUwOVROMVpVU2pST1YxOHpUV2hPWmpFMlJFRRAB_01,Ci9DQUlRQUNvZENodHljRjlvT210YVUwOVROMVpVU2pST1YxOHpUV2hPWmpFMlJFRRAB,0,1
Ci9DQUlRQUNvZENodHljRjlvT210YVUwOVROMVpVU2pST1YxOHpUV2hPWmpFMlJFRRAB_02,Ci9DQUlRQUNvZENodHljRjlvT210YVUwOVROMVpVU2pST1YxOHpUV2hPWmpFMlJFRRAB,-1,-1
Ci9DQUlRQUNvZENodHljRjlvT210YVUwOVROMVpVU2pST1YxOHpUV2hPWmpFMlJFRRAB_03,Ci9DQUlRQUNvZENodHljRjlvT210YVUwOVROMVpVU2pST1YxOHpUV2hPWmpFMlJFRRAB,3,-1
Ci9DQUlRQUNvZENodHljRjlvT210YVUwOVROMVpVU2pST1YxOHpUV2hPWmpFMlJFRRAB_04,Ci9DQUlRQUNvZENodHljRjlvT210YVUwOVROMVpVU2pST1YxOHpUV2hPWmpFMlJFRRAB,-1,-1
ChdDSUhNMG9nS0VJQ0FnSURObmNuSXpnRRAB_01,ChdDSUhNMG9nS0VJQ0FnSURObmNuSXpnRRAB,12,21
ChdDSUhNMG9nS0VJQ0FnSUMzM1BqaDVRRRAB_01,ChdDSUhNMG9nS0VJQ0FnSUMzM1BqaDVRRRAB,0,-1
ChdDSUhNMG9nS0VJQ0FnSUMzM1BqaDVRRRAB_02,ChdDSUhNMG9nS0VJQ0FnSUMzM1BqaDVRRRAB,1,0
ChZDSUhNMG9nS0VJQ0FnSURfb01HdkdREAE_01,ChZDSUhNMG9nS0VJQ0FnSURfb01HdkdREAE,9,9
ChZDSUhNMG9nS0VJQ0FnSURfcDV5RlNBEAE_01,ChZDSUhNMG9nS0VJQ0FnSURfcDV5RlNBEAE,38,40
ChZDSUhNMG9nS0VJQ0FnSURfcDV5RlNBEAE_02,ChZDSUhNMG9nS0VJQ0FnSURfcDV5RlNBEAE,11,-1
Ci9DQUlRQUNvZENodHljRjlvT2xkdmVrUXhNa3hMYUdWalEyOUplV3cxT0Rob2JYYxAB_01,Ci9DQUlRQUNvZENodHljRjlvT2xkdmVrUXhNa3hMYUdWalEyOUplV3cxT0Rob2JYYxAB,33,-1
Ci9DQUlRQUNvZENodHljRjlvT2xkdmVrUXhNa3hMYUdWalEyOUplV3cxT0Rob2JYYxAB_02,Ci9DQUlRQUNvZENodHljRjlvT2xkdmVrUXhNa3hMYUdWalEyOUplV3cxT0Rob2JYYxAB,-1,-1
ChdDSUhNMG9nS0VJQ0FnSUNOcU5YLWhnRRAB_01,ChdDSUhNMG9nS0VJQ0FnSUNOcU5YLWhnRRAB,12,30
ChZDSUhNMG9nS0VJQ0FnSURObWZuV0l3EAE_01,ChZDSUhNMG9nS0VJQ0FnSURObWZuV0l3EAE,19,16
ChdDSUhNMG9nS0VJQ0FnSUNkM2NEczl3RRAB_01,ChdDSUhNMG9nS0VJQ0FnSUNkM2NEczl3RRAB,-1,-1
ChdDSUhNMG9nS0VJQ0FnSUNkM2NEczl3RRAB_02,ChdDSUhNMG9nS0VJQ0FnSUNkM2NEczl3RRAB,38,40
ChZDSUhNMG9nS0VJQ0FnSUM5NzVfZk5BEAE_01,ChZDSUhNMG9nS0VJQ0FnSUM5NzVfZk5BEAE,21,28
ChdDSUhNMG9nS0VJQ0FnSUQ5bmRLMTFnRRAB_01,ChdDSUhNMG9nS0VJQ0FnSUQ5bmRLMTFnRRAB,16,14
ChdDSUhNMG9nS0VJQ0FnSUQ5bmRLMTFnRRAB_02,ChdDSUhNMG9nS0VJQ0FnSUQ5bmRLMTFnRRAB,27,-1
ChZDSUhNMG9nS0VJQ0FnSUREanR5Uk5REAE_01,ChZDSUhNMG9nS0VJQ0FnSUREanR5Uk5REAE,12,21
ChZDSUhNMG9nS0VJQ0FnSUNqdUxIYVl3EAE_01,ChZDSUhNMG9nS0VJQ0FnSUNqdUxIYVl3EAE,3,-1
ChZDSUhNMG9nS0VJQ0FnSUNqdUxIYVl3EAE_02,ChZDSUhNMG9nS0VJQ0FnSUNqdUxIYVl3EAE,14,-1
ChdDSUhNMG9nS0VJQ0FnSUNkejRxVG5RRRAB_01,ChdDSUhNMG9nS0VJQ0FnSUNkejRxVG5RRRAB,9,9
ChdDSUhNMG9nS0VJQ0FnSUNkejRxVG5RRRAB_02,ChdDSUhNMG9nS0VJQ0FnSUNkejRxVG5RRRAB,40,41
ChdDSUhNMG9nS0VJQ0FnSUNkejRxVG5RRRAB_03,ChdDSUhNMG9nS0VJQ0FnSUNkejRxVG5RRRAB,5,-1
ChdDSUhNMG9nS0VJQ0FnSURMc19YdmdnRRAB_01,ChdDSUhNMG9nS0VJQ0FnSURMc19YdmdnRRAB,37,35
ChdDSUhNMG9nS0VJQ0FnSUNyeDhYZ21nRRAB_01,ChdDSUhNMG9nS0VJQ0FnSUNyeDhYZ21nRRAB,4,-1
ChdDSUhNMG9nS0VJQ0FnSUNyeDhYZ21nRRAB_02,ChdDSUhNMG9nS0VJQ0FnSUNyeDhYZ21nRRAB,1,0
ChdDSUhNMG9nS0VJQ0FnSURuczZXdnZ3RRAB_01,ChdDSUhNMG9nS0VJQ0FnSURuczZXdnZ3RRAB,34,-1
ChZDSUhNMG9nS0VJQ0FnSURuczZXUkxBEAE_01,ChZDSUhNMG9nS0VJQ0FnSURuczZXUkxBEAE,-1,-1
ChZDSUhNMG9nS0VJQ0FnSURuczZXUkxBEAE_02,ChZDSUhNMG9nS0VJQ0FnSURuczZXUkxBEAE,0,1
ChZDSUhNMG9nS0VJQ0FnSURuczZXUkxBEAE_03,ChZDSUhNMG9nS0VJQ0FnSURuczZXUkxBEAE,39,38
ChZDSUhNMG9nS0VJQ0FnSURuczZXUkxBEAE_04,ChZDSUhNMG9nS0VJQ0FnSURuczZXUkxBEAE,2,2
ChZDSUhNMG9nS0VJQ0FnSURuczZXUkxBEAE_05,ChZDSUhNMG9nS0VJQ0FnSURuczZXUkxBEAE,34,34
ChZDSUhNMG9nS0VJQ0FnSUMzczU3NENBEAE_01,ChZDSUhNMG9nS0VJQ0FnSUMzczU3NENBEAE,9,9
ChZDSUhNMG9nS0VJQ0FnSUMzczU3NENBEAE_02,ChZDSUhNMG9nS0VJQ0FnSUMzczU3NENBEAE,-1,-1
ChdDSUhNMG9nS0VJQ0FnSUMzOTRYNnB3RRAB_01,ChdDSUhNMG9nS0VJQ0FnSUMzOTRYNnB3RRAB,7,7
ChdDSUhNMG9nS0VJQ0FnSUMzOTRYNnB3RRAB_02,ChdDSUhNMG9nS0VJQ0FnSUMzOTRYNnB3RRAB,10,10
ChdDSUhNMG9nS0VJQ0FnSUNQeUxhcWhRRRAB_01,ChdDSUhNMG9nS0VJQ0FnSUNQeUxhcWhRRRAB,12,30
ChdDSUhNMG9nS0VJQ0FnSUNQeUxhcWhRRRAB_02,ChdDSUhNMG9nS0VJQ0FnSUNQeUxhcWhRRRAB,-1,-1
ChdDSUhNMG9nS0VJQ0FnSUN2M055NXlRRRAB_01,ChdDSUhNMG9nS0VJQ0FnSUN2M055NXlRRRAB,4,5
Ci9DQUlRQUNvZENodHljRjlvT2paUE1IaEJlazlSVlhWWWRXaEpNelZFVm10ME1uYxAB_01,Ci9DQUlRQUNvZENodHljRjlvT2paUE1IaEJlazlSVlhWWWRXaEpNelZFVm10ME1uYxAB,24,-1
Ci9DQUlRQUNvZENodHljRjlvT2paUE1IaEJlazlSVlhWWWRXaEpNelZFVm10ME1uYxAB_02,Ci9DQUlRQUNvZENodHljRjlvT2paUE1IaEJlazlSVlhWWWRXaEpNelZFVm10ME1uYxAB,1,0
Ci9DQUlRQUNvZENodHljRjlvT2pOV1pXRTVVRVpPVVROaE1VdHZXV1ZYYkVVeE0wRRAB_01,Ci9DQUlRQUNvZENodHljRjlvT2pOV1pXRTVVRVpPVVROaE1VdHZXV1ZYYkVVeE0wRRAB,6,6
Ci9DQUlRQUNvZENodHljRjlvT2pOV1pXRTVVRVpPVVROaE1VdHZXV1ZYYkVVeE0wRRAB_02,Ci9DQUlRQUNvZENodHljRjlvT2pOV1pXRTVVRVpPVVROaE1VdHZXV1ZYYkVVeE0wRRAB,23,31
Ci9DQUlRQUNvZENodHljRjlvT21kQ0xXRkJNVVEwUW5sSFEwWmthMU15ZFZKcmRXYxAB_01,Ci9DQUlRQUNvZENodHljRjlvT21kQ0xXRkJNVVEwUW5sSFEwWmthMU15ZFZKcmRXYxAB,9,9
Ci9DQUlRQUNvZENodHljRjlvT21kQ0xXRkJNVVEwUW5sSFEwWmthMU15ZFZKcmRXYxAB_02,Ci9DQUlRQUNvZENodHljRjlvT21kQ0xXRkJNVVEwUW5sSFEwWmthMU15ZFZKcmRXYxAB,1,0
Ci9DQUlRQUNvZENodHljRjlvT2psTFpGUmtSRVUzUjFGM0xWaGpRV05tYlZWME1sRRAB_01,Ci9DQUlRQUNvZENodHljRjlvT2psTFpGUmtSRVUzUjFGM0xWaGpRV05tYlZWME1sRRAB,0,1
Ci9DQUlRQUNvZENodHljRjlvT2pKTVNtWjVRbXhZZW1kdWJXaEdhM2xOVEdGdlUxRRAB_01,Ci9DQUlRQUNvZENodHljRjlvT2pKTVNtWjVRbXhZZW1kdWJXaEdhM2xOVEdGdlUxRRAB,9,9
Ci9DQUlRQUNvZENodHljRjlvT205eFpWVmpZM00yWkVwUVpFNTFXaTF4VVZWaWNVRRAB_01,Ci9DQUlRQUNvZENodHljRjlvT205eFpWVmpZM00yWkVwUVpFNTFXaTF4VVZWaWNVRRAB,9,9
Ci9DQUlRQUNvZENodHljRjlvT205eFpWVmpZM00yWkVwUVpFNTFXaTF4VVZWaWNVRRAB_02,Ci9DQUlRQUNvZENodHljRjlvT205eFpWVmpZM00yWkVwUVpFNTFXaTF4VVZWaWNVRRAB,1,0
Ci9DQUlRQUNvZENodHljRjlvT205eFpWVmpZM00yWkVwUVpFNTFXaTF4VVZWaWNVRRAB_03,Ci9DQUlRQUNvZENodHljRjlvT205eFpWVmpZM00yWkVwUVpFNTFXaTF4VVZWaWNVRRAB,4,5
Ci9DQUlRQUNvZENodHljRjlvT2swMVMzaDZRWHBYZVhCdVYzbDFiekJrWlRkRmRuYxAB_01,Ci9DQUlRQUNvZENodHljRjlvT2swMVMzaDZRWHBYZVhCdVYzbDFiekJrWlRkRmRuYxAB,4,-1
Ci9DQUlRQUNvZENodHljRjlvT2swMVMzaDZRWHBYZVhCdVYzbDFiekJrWlRkRmRuYxAB_02,Ci9DQUlRQUNvZENodHljRjlvT2swMVMzaDZRWHBYZVhCdVYzbDFiekJrWlRkRmRuYxAB,-1,-1
Ci9DQUlRQUNvZENodHljRjlvT2swMVMzaDZRWHBYZVhCdVYzbDFiekJrWlRkRmRuYxAB_03,Ci9DQUlRQUNvZENodHljRjlvT2swMVMzaDZRWHBYZVhCdVYzbDFiekJrWlRkRmRuYxAB,17,19
Ci9DQUlRQUNvZENodHljRjlvT2swMVMzaDZRWHBYZVhCdVYzbDFiekJrWlRkRmRuYxAB_04,Ci9DQUlRQUNvZENodHljRjlvT2swMVMzaDZRWHBYZVhCdVYzbDFiekJrWlRkRmRuYxAB,-1,-1
Ci9DQUlRQUNvZENodHljRjlvT2swMVMzaDZRWHBYZVhCdVYzbDFiekJrWlRkRmRuYxAB_05,Ci9DQUlRQUNvZENodHljRjlvT2swMVMzaDZRWHBYZVhCdVYzbDFiekJrWlRkRmRuYxAB,5,4
Ci9DQUlRQUNvZENodHljRjlvT2swMVMzaDZRWHBYZVhCdVYzbDFiekJrWlRkRmRuYxAB_06,Ci9DQUlRQUNvZENodHljRjlvT2swMVMzaDZRWHBYZVhCdVYzbDFiekJrWlRkRmRuYxAB,10,10
Ci9DQUlRQUNvZENodHljRjlvT2swMVMzaDZRWHBYZVhCdVYzbDFiekJrWlRkRmRuYxAB_07,Ci9DQUlRQUNvZENodHljRjlvT2swMVMzaDZRWHBYZVhCdVYzbDFiekJrWlRkRmRuYxAB,-1,-1
Ci9DQUlRQUNvZENodHljRjlvT2swMVMzaDZRWHBYZVhCdVYzbDFiekJrWlRkRmRuYxAB_08,Ci9DQUlRQUNvZENodHljRjlvT2swMVMzaDZRWHBYZVhCdVYzbDFiekJrWlRkRmRuYxAB,-1,-1
Ci9DQUlRQUNvZENodHljRjlvT2xGWmFHMDFlbEJ5WkRReFJUZzFNR3RRYmtzM09WRRAB_01,Ci9DQUlRQUNvZENodHljRjlvT2xGWmFHMDFlbEJ5WkRReFJUZzFNR3RRYmtzM09WRRAB,34,-1
Ci9DQUlRQUNvZENodHljRjlvT25aSVJuUXllRFpRZG5SM1FUWTNOalJ6VEROV1IwRRAB_01,Ci9DQUlRQUNvZENodHljRjlvT25aSVJuUXllRFpRZG5SM1FUWTNOalJ6VEROV1IwRRAB,18,20
Ci9DQUlRQUNvZENodHljRjlvT210VFNVcGtWMDV6VmxsYWNscHZUelptZFZnMk0zYxAB_01,Ci9DQUlRQUNvZENodHljRjlvT210VFNVcGtWMDV6VmxsYWNscHZUelptZFZnMk0zYxAB,21,28
Ci9DQUlRQUNvZENodHljRjlvT2pOVmMzRTNOblJYVEZCWFFrMVdiMUZHYTJaNk1tYxAB_01,Ci9DQUlRQUNvZENodHljRjlvT2pOVmMzRTNOblJYVEZCWFFrMVdiMUZHYTJaNk1tYxAB,4,5
Ci9DQUlRQUNvZENodHljRjlvT2pOVmMzRTNOblJYVEZCWFFrMVdiMUZHYTJaNk1tYxAB_02,Ci9DQUlRQUNvZENodHljRjlvT2pOVmMzRTNOblJYVEZCWFFrMVdiMUZHYTJaNk1tYxAB,18,-1
Ci9DQUlRQUNvZENodHljRjlvT2pRNWRHSldYMFJWVWtGUExVOW9UVkprTlcxbFZuYxAB_01,Ci9DQUlRQUNvZENodHljRjlvT2pRNWRHSldYMFJWVWtGUExVOW9UVkprTlcxbFZuYxAB,12,21
Ci9DQUlRQUNvZENodHljRjlvT2pRNWRHSldYMFJWVWtGUExVOW9UVkprTlcxbFZuYxAB_02,Ci9DQUlRQUNvZENodHljRjlvT2pRNWRHSldYMFJWVWtGUExVOW9UVkprTlcxbFZuYxAB,-1,-1
Ci9DQUlRQUNvZENodHljRjlvT2pRNWRHSldYMFJWVWtGUExVOW9UVkprTlcxbFZuYxAB_03,Ci9DQUlRQUNvZENodHljRjlvT2pRNWRHSldYMFJWVWtGUExVOW9UVkprTlcxbFZuYxAB,12,30
ChdDSUhNMG9nS0VJQ0FnSUQzM1lYTHdnRRAB_01,ChdDSUhNMG9nS0VJQ0FnSUQzM1lYTHdnRRAB,21,28
ChdDSUhNMG9nS0VJQ0FnSUQzM1lYTHdnRRAB_02,ChdDSUhNMG9nS0VJQ0FnSUQzM1lYTHdnRRAB,0,1
ChdDSUhNMG9nS0VJQ0FnTUN3MHIybXVBRRAB_01,ChdDSUhNMG9nS0VJQ0FnTUN3MHIybXVBRRAB,12,21
Ci9DQUlRQUNvZENodHljRjlvT2w5VGMyUXdabTVtVWpWbWJWWkJVVWRaT0ZRMlprRRAB_01,Ci9DQUlRQUNvZENodHljRjlvT2w5VGMyUXdabTVtVWpWbWJWWkJVVWRaT0ZRMlprRRAB,9,9
ChZDSUhNMG9nS0VJQ0FnSUR5c2ZMdVRnEAE_01,ChZDSUhNMG9nS0VJQ0FnSUR5c2ZMdVRnEAE,4,5
ChZDSUhNMG9nS0VJQ0FnSUR5c2ZMdVRnEAE_02,ChZDSUhNMG9nS0VJQ0FnSUR5c2ZMdVRnEAE,-1,-1
Ci9DQUlRQUNvZENodHljRjlvT25OSVQzTjZXa0pEUmxsRFdsUXljMjh3UmtORlozYxAB_01,Ci9DQUlRQUNvZENodHljRjlvT25OSVQzTjZXa0pEUmxsRFdsUXljMjh3UmtORlozYxAB,1,0
Ci9DQUlRQUNvZENodHljRjlvT25OSVQzTjZXa0pEUmxsRFdsUXljMjh3UmtORlozYxAB_02,Ci9DQUlRQUNvZENodHljRjlvT25OSVQzTjZXa0pEUmxsRFdsUXljMjh3UmtORlozYxAB,22,17
Ci9DQUlRQUNvZENodHljRjlvT25OSVQzTjZXa0pEUmxsRFdsUXljMjh3UmtORlozYxAB_03,Ci9DQUlRQUNvZENodHljRjlvT25OSVQzTjZXa0pEUmxsRFdsUXljMjh3UmtORlozYxAB,4,-1
Ci9DQUlRQUNvZENodHljRjlvT2taSGExQnFRa04wV1ZKNVkzVTNVRk5wT1ZGdmMxRRAB_01,Ci9DQUlRQUNvZENodHljRjlvT2taSGExQnFRa04wV1ZKNVkzVTNVRk5wT1ZGdmMxRRAB,7,7
Ci9DQUlRQUNvZENodHljRjlvT2tOdWR6QkJVRVYxWTJaaU5tVTNSWFpaTURGNVgzYxAB_01,Ci9DQUlRQUNvZENodHljRjlvT2tOdWR6QkJVRVYxWTJaaU5tVTNSWFpaTURGNVgzYxAB,4,5
Ci9DQUlRQUNvZENodHljRjlvT2tOdWR6QkJVRVYxWTJaaU5tVTNSWFpaTURGNVgzYxAB_02,Ci9DQUlRQUNvZENodHljRjlvT2tOdWR6QkJVRVYxWTJaaU5tVTNSWFpaTURGNVgzYxAB,1,0
Ci9DQUlRQUNvZENodHljRjlvT2tOdWR6QkJVRVYxWTJaaU5tVTNSWFpaTURGNVgzYxAB_03,Ci9DQUlRQUNvZENodHljRjlvT2tOdWR6QkJVRVYxWTJaaU5tVTNSWFpaTURGNVgzYxAB,2,2
ChdDSUhNMG9nS0VJQ0FnSUQxaDlTS2lRRRAB_01,ChdDSUhNMG9nS0VJQ0FnSUQxaDlTS2lRRRAB,3,-1
ChZDSUhNMG9nS0VJQ0FnSUNEcTVXRmJ3EAE_01,ChZDSUhNMG9nS0VJQ0FnSUNEcTVXRmJ3EAE,4,5
ChZDSUhNMG9nS0VJQ0FnSUNEcTVXRmJ3EAE_02,ChZDSUhNMG9nS0VJQ0FnSUNEcTVXRmJ3EAE,1,0
ChZDSUhNMG9nS0VJQ0FnSUNEcTVXRmJ3EAE_03,ChZDSUhNMG9nS0VJQ0FnSUNEcTVXRmJ3EAE,0,1
ChZDSUhNMG9nS0VJQ0FnSUNEcTVXRmJ3EAE_04,ChZDSUhNMG9nS0VJQ0FnSUNEcTVXRmJ3EAE,16,14
ChZDSUhNMG9nS0VJQ0FnSUNEcTVXRmJ3EAE_05,ChZDSUhNMG9nS0VJQ0FnSUNEcTVXRmJ3EAE,16,14
ChdDSUhNMG9nS0VJQ0FnSUMzeE12LXZRRRAB_01,ChdDSUhNMG9nS0VJQ0FnSUMzeE12LXZRRRAB,17,19
ChdDSUhNMG9nS0VJQ0FnSUMzeE12LXZRRRAB_02,ChdDSUhNMG9nS0VJQ0FnSUMzeE12LXZRRRAB,5,-1
ChdDSUhNMG9nS0VJQ0FnTURReWN1SG1BRRAB_01,ChdDSUhNMG9nS0VJQ0FnTURReWN1SG1BRRAB,6,6
ChdDSUhNMG9nS0VJQ0FnTURReWN1SG1BRRAB_02,ChdDSUhNMG9nS0VJQ0FnTURReWN1SG1BRRAB,0,1
ChdDSUhNMG9nS0VJQ0FnTURReWN1SG1BRRAB_03,ChdDSUhNMG9nS0VJQ0FnTURReWN1SG1BRRAB,-1,-1
ChdDSUhNMG9nS0VJQ0FnTURReWN1SG1BRRAB_04,ChdDSUhNMG9nS0VJQ0FnTURReWN1SG1BRRAB,-1,-1
ChZDSUhNMG9nS0VJQ0FnSUNUd3BmeGNnEAE_01,ChZDSUhNMG9nS0VJQ0FnSUNUd3BmeGNnEAE,6,6
ChZDSUhNMG9nS0VJQ0FnSUNUd3BmeGNnEAE_02,ChZDSUhNMG9nS0VJQ0FnSUNUd3BmeGNnEAE,32,32
ChdDSUhNMG9nS0VJQ0FnTUNZMmNtR21nRRAB_01,ChdDSUhNMG9nS0VJQ0FnTUNZMmNtR21nRRAB,-1,-1
ChdDSUhNMG9nS0VJQ0FnTUNZMmNtR21nRRAB_02,ChdDSUhNMG9nS0VJQ0FnTUNZMmNtR21nRRAB,6,6
ChdDSUhNMG9nS0VJQ0FnTUNZMmNtR21nRRAB_03,ChdDSUhNMG9nS0VJQ0FnTUNZMmNtR21nRRAB,38,40
Ci9DQUlRQUNvZENodHljRjlvT2pRNFpISkxSRkV4TFZsTmNrNTJSRVpNZERkWFJXYxAB_01,Ci9DQUlRQUNvZENodHljRjlvT2pRNFpISkxSRkV4TFZsTmNrNTJSRVpNZERkWFJXYxAB,16,14
Ci9DQUlRQUNvZENodHljRjlvT2pRNFpISkxSRkV4TFZsTmNrNTJSRVpNZERkWFJXYxAB_02,Ci9DQUlRQUNvZENodHljRjlvT2pRNFpISkxSRkV4TFZsTmNrNTJSRVpNZERkWFJXYxAB,-1,-1
Ci9DQUlRQUNvZENodHljRjlvT2pRNFpISkxSRkV4TFZsTmNrNTJSRVpNZERkWFJXYxAB_03,Ci9DQUlRQUNvZENodHljRjlvT2pRNFpISkxSRkV4TFZsTmNrNTJSRVpNZERkWFJXYxAB,18,20
Ci9DQUlRQUNvZENodHljRjlvT2pRNFpISkxSRkV4TFZsTmNrNTJSRVpNZERkWFJXYxAB_04,Ci9DQUlRQUNvZENodHljRjlvT2pRNFpISkxSRkV4TFZsTmNrNTJSRVpNZERkWFJXYxAB,0,1
Ci9DQUlRQUNvZENodHljRjlvT2pRNFpISkxSRkV4TFZsTmNrNTJSRVpNZERkWFJXYxAB_05,Ci9DQUlRQUNvZENodHljRjlvT2pRNFpISkxSRkV4TFZsTmNrNTJSRVpNZERkWFJXYxAB,-1,-1
Ci9DQUlRQUNvZENodHljRjlvT2pRNFpISkxSRkV4TFZsTmNrNTJSRVpNZERkWFJXYxAB_06,Ci9DQUlRQUNvZENodHljRjlvT2pRNFpISkxSRkV4TFZsTmNrNTJSRVpNZERkWFJXYxAB,18,-1
Ci9DQUlRQUNvZENodHljRjlvT2pRNFpISkxSRkV4TFZsTmNrNTJSRVpNZERkWFJXYxAB_07,Ci9DQUlRQUNvZENodHljRjlvT2pRNFpISkxSRkV4TFZsTmNrNTJSRVpNZERkWFJXYxAB,18,20
Ci9DQUlRQUNvZENodHljRjlvT2pRNFpISkxSRkV4TFZsTmNrNTJSRVpNZERkWFJXYxAB_08,Ci9DQUlRQUNvZENodHljRjlvT2pRNFpISkxSRkV4TFZsTmNrNTJSRVpNZERkWFJXYxAB,-1,-1
Ci9DQUlRQUNvZENodHljRjlvT2pRNFpISkxSRkV4TFZsTmNrNTJSRVpNZERkWFJXYxAB_09,Ci9DQUlRQUNvZENodHljRjlvT2pRNFpISkxSRkV4TFZsTmNrNTJSRVpNZERkWFJXYxAB,18,20
Ci9DQUlRQUNvZENodHljRjlvT2pRNFpISkxSRkV4TFZsTmNrNTJSRVpNZERkWFJXYxAB_10,Ci9DQUlRQUNvZENodHljRjlvT2pRNFpISkxSRkV4TFZsTmNrNTJSRVpNZERkWFJXYxAB,16,14
Ci9DQUlRQUNvZENodHljRjlvT2pRNFpISkxSRkV4TFZsTmNrNTJSRVpNZERkWFJXYxAB_11,Ci9DQUlRQUNvZENodHljRjlvT2pRNFpISkxSRkV4TFZsTmNrNTJSRVpNZERkWFJXYxAB,-1,-1
Ci9DQUlRQUNvZENodHljRjlvT2pRNFpISkxSRkV4TFZsTmNrNTJSRVpNZERkWFJXYxAB_12,Ci9DQUlRQUNvZENodHljRjlvT2pRNFpISkxSRkV4TFZsTmNrNTJSRVpNZERkWFJXYxAB,6,6
Ci9DQUlRQUNvZENodHljRjlvT2pRNFpISkxSRkV4TFZsTmNrNTJSRVpNZERkWFJXYxAB_13,Ci9DQUlRQUNvZENodHljRjlvT2pRNFpISkxSRkV4TFZsTmNrNTJSRVpNZERkWFJXYxAB,25,25
Ci9DQUlRQUNvZENodHljRjlvT2pRNFpISkxSRkV4TFZsTmNrNTJSRVpNZERkWFJXYxAB_14,Ci9DQUlRQUNvZENodHljRjlvT2pRNFpISkxSRkV4TFZsTmNrNTJSRVpNZERkWFJXYxAB,-1,-1
Ci9DQUlRQUNvZENodHljRjlvT2pRNFpISkxSRkV4TFZsTmNrNTJSRVpNZERkWFJXYxAB_15,Ci9DQUlRQUNvZENodHljRjlvT2pRNFpISkxSRkV4TFZsTmNrNTJSRVpNZERkWFJXYxAB,0,1
Ci9DQUlRQUNvZENodHljRjlvT2pRNFpISkxSRkV4TFZsTmNrNTJSRVpNZERkWFJXYxAB_16,Ci9DQUlRQUNvZENodHljRjlvT2pRNFpISkxSRkV4TFZsTmNrNTJSRVpNZERkWFJXYxAB,-1,-1
Ci9DQUlRQUNvZENodHljRjlvT2pRNFpISkxSRkV4TFZsTmNrNTJSRVpNZERkWFJXYxAB_17,Ci9DQUlRQUNvZENodHljRjlvT2pRNFpISkxSRkV4TFZsTmNrNTJSRVpNZERkWFJXYxAB,-1,-1
Ci9DQUlRQUNvZENodHljRjlvT2pRNFpISkxSRkV4TFZsTmNrNTJSRVpNZERkWFJXYxAB_18,Ci9DQUlRQUNvZENodHljRjlvT2pRNFpISkxSRkV4TFZsTmNrNTJSRVpNZERkWFJXYxAB,39,-1
Ci9DQUlRQUNvZENodHljRjlvT2pabU9UQjRWbGxIWWtsc2IzUnJiM0J5VTBKaGEyYxAB_01,Ci9DQUlRQUNvZENodHljRjlvT2pabU9UQjRWbGxIWWtsc2IzUnJiM0J5VTBKaGEyYxAB,12,21
ChdDSUhNMG9nS0VJQ0FnSUNEcUlYTDl3RRAB_01,ChdDSUhNMG9nS0VJQ0FnSUNEcUlYTDl3RRAB,8,8
ChdDSUhNMG9nS0VJQ0FnSUN2bC1yYmxRRRAB_01,ChdDSUhNMG9nS0VJQ0FnSUN2bC1yYmxRRRAB,24,-1
Ci9DQUlRQUNvZENodHljRjlvT2t4U2FXeE1Xa1JIZHpGV1JqbElVbVEyTFU1Zk5HYxAB_01,Ci9DQUlRQUNvZENodHljRjlvT2t4U2FXeE1Xa1JIZHpGV1JqbElVbVEyTFU1Zk5HYxAB,22,17
Ci9DQUlRQUNvZENodHljRjlvT2t4U2FXeE1Xa1JIZHpGV1JqbElVbVEyTFU1Zk5HYxAB_02,Ci9DQUlRQUNvZENodHljRjlvT2t4U2FXeE1Xa1JIZHpGV1JqbElVbVEyTFU1Zk5HYxAB,6,-1
Ci9DQUlRQUNvZENodHljRjlvT2t4U2FXeE1Xa1JIZHpGV1JqbElVbVEyTFU1Zk5HYxAB_03,Ci9DQUlRQUNvZENodHljRjlvT2t4U2FXeE1Xa1JIZHpGV1JqbElVbVEyTFU1Zk5HYxAB,22,17
Ci9DQUlRQUNvZENodHljRjlvT2pCa2EwTjZMUzFHY1RGeWJ6bERiblphYjJwcmFHYxAB_01,Ci9DQUlRQUNvZENodHljRjlvT2pCa2EwTjZMUzFHY1RGeWJ6bERiblphYjJwcmFHYxAB,13,-1
Ci9DQUlRQUNvZENodHljRjlvT2pCa2EwTjZMUzFHY1RGeWJ6bERiblphYjJwcmFHYxAB_02,Ci9DQUlRQUNvZENodHljRjlvT2pCa2EwTjZMUzFHY1RGeWJ6bERiblphYjJwcmFHYxAB,32,-1
Ci9DQUlRQUNvZENodHljRjlvT2pCa2EwTjZMUzFHY1RGeWJ6bERiblphYjJwcmFHYxAB_03,Ci9DQUlRQUNvZENodHljRjlvT2pCa2EwTjZMUzFHY1RGeWJ6bERiblphYjJwcmFHYxAB,5,4
Ci9DQUlRQUNvZENodHljRjlvT2pCa2EwTjZMUzFHY1RGeWJ6bERiblphYjJwcmFHYxAB_04,Ci9DQUlRQUNvZENodHljRjlvT2pCa2EwTjZMUzFHY1RGeWJ6bERiblphYjJwcmFHYxAB,10,10
ChZDSUhNMG9nS0VJQ0FnSUMxbjhTS1VnEAE_01,ChZDSUhNMG9nS0VJQ0FnSUMxbjhTS1VnEAE,4,5
ChdDSUhNMG9nS0VJQ0FnSUROME5laWp3RRAB_01,ChdDSUhNMG9nS0VJQ0FnSUROME5laWp3RRAB,29,23
ChdDSUhNMG9nS0VJQ0FnSUROLUxlNHRBRRAB_01,ChdDSUhNMG9nS0VJQ0FnSUROLUxlNHRBRRAB,29,23
ChdDSUhNMG9nS0VJQ0FnSUROLUxlNHRBRRAB_02,ChdDSUhNMG9nS0VJQ0FnSUROLUxlNHRBRRAB,-1,-1
ChdDSUhNMG9nS0VJQ0FnSUROLUxlNHRBRRAB_03,ChdDSUhNMG9nS0VJQ0FnSUROLUxlNHRBRRAB,16,14
ChZDSUhNMG9nS0VJQ0FnSUROd3F2S2ZnEAE_01,ChZDSUhNMG9nS0VJQ0FnSUROd3F2S2ZnEAE,14,13
ChdDSUhNMG9nS0VJQ0FnSUN0aExDSmxnRRAB_01,ChdDSUhNMG9nS0VJQ0FnSUN0aExDSmxnRRAB,12,21
ChdDSUhNMG9nS0VJQ0FnSUN0aExDSmxnRRAB_02,ChdDSUhNMG9nS0VJQ0FnSUN0aExDSmxnRRAB,38,40
ChZDSUhNMG9nS0VJQ0FnSUN0MjhXM0R3EAE_01,ChZDSUhNMG9nS0VJQ0FnSUN0MjhXM0R3EAE,4,-1
ChZDSUhNMG9nS0VJQ0FnSUR0ek5lMmNnEAE_01,ChZDSUhNMG9nS0VJQ0FnSUR0ek5lMmNnEAE,16,14
ChZDSUhNMG9nS0VJQ0FnSUR0ek5lMmNnEAE_02,ChZDSUhNMG9nS0VJQ0FnSUR0ek5lMmNnEAE,14,13
ChdDSUhNMG9nS0VJQ0FnSUNkMF9YU3NRRRAB_01,ChdDSUhNMG9nS0VJQ0FnSUNkMF9YU3NRRRAB,1,0
ChdDSUhNMG9nS0VJQ0FnSUNkMF9YU3NRRRAB_02,ChdDSUhNMG9nS0VJQ0FnSUNkMF9YU3NRRRAB,16,14
ChdDSUhNMG9nS0VJQ0FnSUNkMF9YU3NRRRAB_03,ChdDSUhNMG9nS0VJQ0FnSUNkMF9YU3NRRRAB,0,1
ChdDSUhNMG9nS0VJQ0FnSURkeHJQenhRRRAB_01,ChdDSUhNMG9nS0VJQ0FnSURkeHJQenhRRRAB,13,-1
ChZDSUhNMG9nS0VJQ0FnSUQ5aDRXNGFREAE_01,ChZDSUhNMG9nS0VJQ0FnSUQ5aDRXNGFREAE,12,21
ChdDSUhNMG9nS0VJQ0FnSUREN3VDSThBRRAB_01,ChdDSUhNMG9nS0VJQ0FnSUREN3VDSThBRRAB,-1,-1
ChdDSUhNMG9nS0VJQ0FnSUREN3VDSThBRRAB_02,ChdDSUhNMG9nS0VJQ0FnSUREN3VDSThBRRAB,-1,-1
ChdDSUhNMG9nS0VJQ0FnSUREN3VDSThBRRAB_03,ChdDSUhNMG9nS0VJQ0FnSUREN3VDSThBRRAB,10,-1
ChdDSUhNMG9nS0VJQ0FnSUREN3VDSThBRRAB_04,ChdDSUhNMG9nS0VJQ0FnSUREN3VDSThBRRAB,6,6
ChdDSUhNMG9nS0VJQ0FnSUREN3VDSThBRRAB_05,ChdDSUhNMG9nS0VJQ0FnSUREN3VDSThBRRAB,20,18
ChdDSUhNMG9nS0VJQ0FnSUREN3VDSThBRRAB_06,ChdDSUhNMG9nS0VJQ0FnSUREN3VDSThBRRAB,1,0
ChZDSUhNMG9nS0VJQ0FnSUNUdXZPd0VREAE_01,ChZDSUhNMG9nS0VJQ0FnSUNUdXZPd0VREAE,13,-1
ChdDSUhNMG9nS0VJQ0FnSUNydGNTUTF3RRAB_01,ChdDSUhNMG9nS0VJQ0FnSUNydGNTUTF3RRAB,-1,-1
ChZDSUhNMG9nS0VJQ0FnSURycDVlbWFnEAE_01,ChZDSUhNMG9nS0VJQ0FnSURycDVlbWFnEAE,7,7
ChdDSUhNMG9nS0VJQ0FnSUM3cE1HVHdBRRAB_01,ChdDSUhNMG9nS0VJQ0FnSUM3cE1HVHdBRRAB,7,7
ChZDSUhNMG9nS0VJQ0FnSURIeC1ER2ZREAE_01,ChZDSUhNMG9nS0VJQ0FnSURIeC1ER2ZREAE,7,7
ChZDSUhNMG9nS0VJQ0FnSURIel9LN2ZnEAE_01,ChZDSUhNMG9nS0VJQ0FnSURIel9LN2ZnEAE,2,2
ChZDSUhNMG9nS0VJQ0FnSURIel9LN2ZnEAE_02,ChZDSUhNMG9nS0VJQ0FnSURIel9LN2ZnEAE,1,0
ChZDSUhNMG9nS0VJQ0FnSUNfaFBDS1RREAE_01,ChZDSUhNMG9nS0VJQ0FnSUNfaFBDS1RREAE,16,14
ChZDSUhNMG9nS0VJQ0FnSUNfaFBDS1RREAE_02,ChZDSUhNMG9nS0VJQ0FnSUNfaFBDS1RREAE,13,15
ChZDSUhNMG9nS0VJQ0FnSUNfMDhxelRnEAE_01,ChZDSUhNMG9nS0VJQ0FnSUNfMDhxelRnEAE,7,7
ChdDSUhNMG9nS0VJQ0FnSURfNHFuZW9nRRAB_01,ChdDSUhNMG9nS0VJQ0FnSURfNHFuZW9nRRAB,1,0
ChZDSUhNMG9nS0VJQ0FnTUNJXzd2cldnEAE_01,ChZDSUhNMG9nS0VJQ0FnTUNJXzd2cldnEAE,10,10
Ci9DQUlRQUNvZENodHljRjlvT25abGEyZHhRMEUyYnpOQlNGazJiRFZLY2xSVWEwRRAB_01,Ci9DQUlRQUNvZENodHljRjlvT25abGEyZHhRMEUyYnpOQlNGazJiRFZLY2xSVWEwRRAB,5,4
Ci9DQUlRQUNvZENodHljRjlvT25abGEyZHhRMEUyYnpOQlNGazJiRFZLY2xSVWEwRRAB_02,Ci9DQUlRQUNvZENodHljRjlvT25abGEyZHhRMEUyYnpOQlNGazJiRFZLY2xSVWEwRRAB,16,14
Ci9DQUlRQUNvZENodHljRjlvT2tWR2NYcEtUMFZpZWtWUmMzVkVhbEZJTUhWRUxVRRAB_01,Ci9DQUlRQUNvZENodHljRjlvT2tWR2NYcEtUMFZpZWtWUmMzVkVhbEZJTUhWRUxVRRAB,-1,-1
Ci9DQUlRQUNvZENodHljRjlvT2tWR2NYcEtUMFZpZWtWUmMzVkVhbEZJTUhWRUxVRRAB_02,Ci9DQUlRQUNvZENodHljRjlvT2tWR2NYcEtUMFZpZWtWUmMzVkVhbEZJTUhWRUxVRRAB,-1,-1
Ci9DQUlRQUNvZENodHljRjlvT2tGRVFsQk9URzltWkY4MlNsSTNkVzFFU1dOb2JrRRAB_01,Ci9DQUlRQUNvZENodHljRjlvT2tGRVFsQk9URzltWkY4MlNsSTNkVzFFU1dOb2JrRRAB,4,5
Ci9DQUlRQUNvZENodHljRjlvT2tGRVFsQk9URzltWkY4MlNsSTNkVzFFU1dOb2JrRRAB_02,Ci9DQUlRQUNvZENodHljRjlvT2tGRVFsQk9URzltWkY4MlNsSTNkVzFFU1dOb2JrRRAB,2,2
Ci9DQUlRQUNvZENodHljRjlvT2xGb2FrSllkMHhDWDJndFIza3dZa0ZKZW1GME9IYxAB_01,Ci9DQUlRQUNvZENodHljRjlvT2xGb2FrSllkMHhDWDJndFIza3dZa0ZKZW1GME9IYxAB,3,-1
Ci9DQUlRQUNvZENodHljRjlvT2xGb2FrSllkMHhDWDJndFIza3dZa0ZKZW1GME9IYxAB_02,Ci9DQUlRQUNvZENodHljRjlvT2xGb2FrSllkMHhDWDJndFIza3dZa0ZKZW1GME9IYxAB,6,6
Ci9DQUlRQUNvZENodHljRjlvT2tsdVdtaHBSamRNZVRkMGRtRllUM0ZGY25wTmRrRRAB_01,Ci9DQUlRQUNvZENodHljRjlvT2tsdVdtaHBSamRNZVRkMGRtRllUM0ZGY25wTmRrRRAB,5,4
Ci9DQUlRQUNvZENodHljRjlvT2tsdVdtaHBSamRNZVRkMGRtRllUM0ZGY25wTmRrRRAB_02,Ci9DQUlRQUNvZENodHljRjlvT2tsdVdtaHBSamRNZVRkMGRtRllUM0ZGY25wTmRrRRAB,38,40
Ci9DQUlRQUNvZENodHljRjlvT2tsdVdtaHBSamRNZVRkMGRtRllUM0ZGY25wTmRrRRAB_03,Ci9DQUlRQUNvZENodHljRjlvT2tsdVdtaHBSamRNZVRkMGRtRllUM0ZGY25wTmRrRRAB,20,18
Ci9DQUlRQUNvZENodHljRjlvT2tsdVdtaHBSamRNZVRkMGRtRllUM0ZGY25wTmRrRRAB_04,Ci9DQUlRQUNvZENodHljRjlvT2tsdVdtaHBSamRNZVRkMGRtRllUM0ZGY25wTmRrRRAB,16,14
Ci9DQUlRQUNvZENodHljRjlvT2tsdVdtaHBSamRNZVRkMGRtRllUM0ZGY25wTmRrRRAB_05,Ci9DQUlRQUNvZENodHljRjlvT2tsdVdtaHBSamRNZVRkMGRtRllUM0ZGY25wTmRrRRAB,1,0
Ci9DQUlRQUNvZENodHljRjlvT2tsdVdtaHBSamRNZVRkMGRtRllUM0ZGY25wTmRrRRAB_06,Ci9DQUlRQUNvZENodHljRjlvT2tsdVdtaHBSamRNZVRkMGRtRllUM0ZGY25wTmRrRRAB,33,39
Ci9DQUlRQUNvZENodHljRjlvT2w5NU4ySmtPRW8wT1VwSFFsVmtaRk5qZFVnd1ZHYxAB_01,Ci9DQUlRQUNvZENodHljRjlvT2w5NU4ySmtPRW8wT1VwSFFsVmtaRk5qZFVnd1ZHYxAB,4,5
Ci9DQUlRQUNvZENodHljRjlvT2w5NU4ySmtPRW8wT1VwSFFsVmtaRk5qZFVnd1ZHYxAB_02,Ci9DQUlRQUNvZENodHljRjlvT2w5NU4ySmtPRW8wT1VwSFFsVmtaRk5qZFVnd1ZHYxAB,-1,-1
ChZDSUhNMG9nS0VJQ0FnSUQxbGZqbFN3EAE_01,ChZDSUhNMG9nS0VJQ0FnSUQxbGZqbFN3EAE,12,30
ChZDSUhNMG9nS0VJQ0FnSUQxbGZqbFN3EAE_02,ChZDSUhNMG9nS0VJQ0FnSUQxbGZqbFN3EAE,-1,-1
ChZDSUhNMG9nS0VJQ0FnSURObUlhSERREAE_01,ChZDSUhNMG9nS0VJQ0FnSURObUlhSERREAE,3,3
ChdDSUhNMG9nS0VJQ0FnSUNEdk1lbnJRRRAB_01,ChdDSUhNMG9nS0VJQ0FnSUNEdk1lbnJRRRAB,8,8
ChdDSUhNMG9nS0VJQ0FnSUNEeXM2aHZnRRAB_01,ChdDSUhNMG9nS0VJQ0FnSUNEeXM2aHZnRRAB,9,9
ChZDSUhNMG9nS0VJQ0FnSURUOC1PREVnEAE_01,ChZDSUhNMG9nS0VJQ0FnSURUOC1PREVnEAE,33,39
ChZDSUhNMG9nS0VJQ0FnSURUOC1PREVnEAE_02,ChZDSUhNMG9nS0VJQ0FnSURUOC1PREVnEAE,10,10
ChZDSUhNMG9nS0VJQ0FnSURUOC1PREVnEAE_03,ChZDSUhNMG9nS0VJQ0FnSURUOC1PREVnEAE,-1,-1
ChdDSUhNMG9nS0VJQ0FnSUM3eDdpYXpBRRAB_01,ChdDSUhNMG9nS0VJQ0FnSUM3eDdpYXpBRRAB,8,8
ChdDSUhNMG9nS0VJQ0FnSUM3eDdpYXpBRRAB_02,ChdDSUhNMG9nS0VJQ0FnSUM3eDdpYXpBRRAB,3,-1
ChZDSUhNMG9nS0VJQ0FnSUNuNU5ETmV3EAE_01,ChZDSUhNMG9nS0VJQ0FnSUNuNU5ETmV3EAE,2,2
ChdDSUhNMG9nS0VJQ0FnTUNReE92czF3RRAB_01,ChdDSUhNMG9nS0VJQ0FnTUNReE92czF3RRAB,9,9
ChdDSUhNMG9nS0VJQ0FnTUNReE92czF3RRAB_02,ChdDSUhNMG9nS0VJQ0FnTUNReE92czF3RRAB,6,6
ChdDSUhNMG9nS0VJQ0FnTUNReE92czF3RRAB_03,ChdDSUhNMG9nS0VJQ0FnTUNReE92czF3RRAB,30,29
ChdDSUhNMG9nS0VJQ0FnTUNReE92czF3RRAB_04,ChdDSUhNMG9nS0VJQ0FnTUNReE92czF3RRAB,23,31
ChdDSUhNMG9nS0VJQ0FnTUNReE92czF3RRAB_05,ChdDSUhNMG9nS0VJQ0FnTUNReE92czF3RRAB,30,29
ChdDSUhNMG9nS0VJQ0FnTURRelAtTGtBRRAB_01,ChdDSUhNMG9nS0VJQ0FnTURRelAtTGtBRRAB,-1,-1
ChdDSUhNMG9nS0VJQ0FnTURRelAtTGtBRRAB_02,ChdDSUhNMG9nS0VJQ0FnTURRelAtTGtBRRAB,5,4
ChdDSUhNMG9nS0VJQ0FnTURRelAtTGtBRRAB_03,ChdDSUhNMG9nS0VJQ0FnTURRelAtTGtBRRAB,17,-1
ChdDSUhNMG9nS0VJQ0FnTURRelAtTGtBRRAB_04,ChdDSUhNMG9nS0VJQ0FnTURRelAtTGtBRRAB,6,6
ChdDSUhNMG9nS0VJQ0FnTURRelAtTGtBRRAB_05,ChdDSUhNMG9nS0VJQ0FnTURRelAtTGtBRRAB,11,-1
Ci9DQUlRQUNvZENodHljRjlvT21aNlR6WnlablEzTURGVmJsVnhUVkp3YVVnNFptYxAB_01,Ci9DQUlRQUNvZENodHljRjlvT21aNlR6WnlablEzTURGVmJsVnhUVkp3YVVnNFptYxAB,11,-1
Ci9DQUlRQUNvZENodHljRjlvT2xoa2RVRXlTREJWUlhGclNVczFXSFl3Y1VoWmRFRRAB_01,Ci9DQUlRQUNvZENodHljRjlvT2xoa2RVRXlTREJWUlhGclNVczFXSFl3Y1VoWmRFRRAB,-1,-1
Ci9DQUlRQUNvZENodHljRjlvT2xoa2RVRXlTREJWUlhGclNVczFXSFl3Y1VoWmRFRRAB_02,Ci9DQUlRQUNvZENodHljRjlvT2xoa2RVRXlTREJWUlhGclNVczFXSFl3Y1VoWmRFRRAB,-1,-1
Ci9DQUlRQUNvZENodHljRjlvT21wNU16Rk5SR1pSYnpKdmJGZHBjMUp5YzNWdWNHYxAB_01,Ci9DQUlRQUNvZENodHljRjlvT21wNU16Rk5SR1pSYnpKdmJGZHBjMUp5YzNWdWNHYxAB,11,-1
Ci9DQUlRQUNvZENodHljRjlvT21wNU16Rk5SR1pSYnpKdmJGZHBjMUp5YzNWdWNHYxAB_02,Ci9DQUlRQUNvZENodHljRjlvT21wNU16Rk5SR1pSYnpKdmJGZHBjMUp5YzNWdWNHYxAB,9,9
Ci9DQUlRQUNvZENodHljRjlvT21wNU16Rk5SR1pSYnpKdmJGZHBjMUp5YzNWdWNHYxAB_03,Ci9DQUlRQUNvZENodHljRjlvT21wNU16Rk5SR1pSYnpKdmJGZHBjMUp5YzNWdWNHYxAB,-1,-1
Ci9DQUlRQUNvZENodHljRjlvT21wNU16Rk5SR1pSYnpKdmJGZHBjMUp5YzNWdWNHYxAB_04,Ci9DQUlRQUNvZENodHljRjlvT21wNU16Rk5SR1pSYnpKdmJGZHBjMUp5YzNWdWNHYxAB,2,2
Ci9DQUlRQUNvZENodHljRjlvT21wNU16Rk5SR1pSYnpKdmJGZHBjMUp5YzNWdWNHYxAB_05,Ci9DQUlRQUNvZENodHljRjlvT21wNU16Rk5SR1pSYnpKdmJGZHBjMUp5YzNWdWNHYxAB,-1,-1
Ci9DQUlRQUNvZENodHljRjlvT21wNU16Rk5SR1pSYnpKdmJGZHBjMUp5YzNWdWNHYxAB_06,Ci9DQUlRQUNvZENodHljRjlvT21wNU16Rk5SR1pSYnpKdmJGZHBjMUp5YzNWdWNHYxAB,-1,-1
Ci9DQUlRQUNvZENodHljRjlvT2kxdE5qRjVialJTUlhaTVFsOWxVak0yVTNFMU0zYxAB_01,Ci9DQUlRQUNvZENodHljRjlvT2kxdE5qRjVialJTUlhaTVFsOWxVak0yVTNFMU0zYxAB,19,16
Ci9DQUlRQUNvZENodHljRjlvT2kxdE5qRjVialJTUlhaTVFsOWxVak0yVTNFMU0zYxAB_02,Ci9DQUlRQUNvZENodHljRjlvT2kxdE5qRjVialJTUlhaTVFsOWxVak0yVTNFMU0zYxAB,7,7
Ci9DQUlRQUNvZENodHljRjlvT2kxdE5qRjVialJTUlhaTVFsOWxVak0yVTNFMU0zYxAB_03,Ci9DQUlRQUNvZENodHljRjlvT2kxdE5qRjVialJTUlhaTVFsOWxVak0yVTNFMU0zYxAB,31,27
Ci9DQUlRQUNvZENodHljRjlvT2t0TFVGSjBValUzVkRnM1ZDMHphMUZrUjJweVIyYxAB_01,Ci9DQUlRQUNvZENodHljRjlvT2t0TFVGSjBValUzVkRnM1ZDMHphMUZrUjJweVIyYxAB,4,-1
Ci9DQUlRQUNvZENodHljRjlvT2t0TFVGSjBValUzVkRnM1ZDMHphMUZrUjJweVIyYxAB_02,Ci9DQUlRQUNvZENodHljRjlvT2t0TFVGSjBValUzVkRnM1ZDMHphMUZrUjJweVIyYxAB,-1,-1
Ci9DQUlRQUNvZENodHljRjlvT2xCb1lubGZhVmR1V0RFelZFaFllVE5aYjJsTFNFRRAB_01,Ci9DQUlRQUNvZENodHljRjlvT2xCb1lubGZhVmR1V0RFelZFaFllVE5aYjJsTFNFRRAB,3,3
Ci9DQUlRQUNvZENodHljRjlvT2xCb1lubGZhVmR1V0RFelZFaFllVE5aYjJsTFNFRRAB_02,Ci9DQUlRQUNvZENodHljRjlvT2xCb1lubGZhVmR1V0RFelZFaFllVE5aYjJsTFNFRRAB,33,39
Ci9DQUlRQUNvZENodHljRjlvT21sNVRYaG5Tblp4T1hCd1YzcEVjbFZoVW1WTlZYYxAB_01,Ci9DQUlRQUNvZENodHljRjlvT21sNVRYaG5Tblp4T1hCd1YzcEVjbFZoVW1WTlZYYxAB,-1,-1
Ci9DQUlRQUNvZENodHljRjlvT21sNVRYaG5Tblp4T1hCd1YzcEVjbFZoVW1WTlZYYxAB_02,Ci9DQUlRQUNvZENodHljRjlvT21sNVRYaG5Tblp4T1hCd1YzcEVjbFZoVW1WTlZYYxAB,-1,-1
Ci9DQUlRQUNvZENodHljRjlvT21sNVRYaG5Tblp4T1hCd1YzcEVjbFZoVW1WTlZYYxAB_03,Ci9DQUlRQUNvZENodHljRjlvT21sNVRYaG5Tblp4T1hCd1YzcEVjbFZoVW1WTlZYYxAB,29,23
Ci9DQUlRQUNvZENodHljRjlvT21sNVRYaG5Tblp4T1hCd1YzcEVjbFZoVW1WTlZYYxAB_04,Ci9DQUlRQUNvZENodHljRjlvT21sNVRYaG5Tblp4T1hCd1YzcEVjbFZoVW1WTlZYYxAB,-1,-1
Ci9DQUlRQUNvZENodHljRjlvT2tVdGJFNWZkMHhCYjFvMmMxSlZhR2xtTnpZMFFWRRAB_01,Ci9DQUlRQUNvZENodHljRjlvT2tVdGJFNWZkMHhCYjFvMmMxSlZhR2xtTnpZMFFWRRAB,2,2
Ci9DQUlRQUNvZENodHljRjlvT2tVdGJFNWZkMHhCYjFvMmMxSlZhR2xtTnpZMFFWRRAB_02,Ci9DQUlRQUNvZENodHljRjlvT2tVdGJFNWZkMHhCYjFvMmMxSlZhR2xtTnpZMFFWRRAB,13,-1
Ci9DQUlRQUNvZENodHljRjlvT2tVdGJFNWZkMHhCYjFvMmMxSlZhR2xtTnpZMFFWRRAB_03,Ci9DQUlRQUNvZENodHljRjlvT2tVdGJFNWZkMHhCYjFvMmMxSlZhR2xtTnpZMFFWRRAB,1,0
ChdDSUhNMG9nS0VJQ0FnSURkNWVubTlBRRAB_01,ChdDSUhNMG9nS0VJQ0FnSURkNWVubTlBRRAB,28,22
ChdDSUhNMG9nS0VJQ0FnSURkNWVubTlBRRAB_02,ChdDSUhNMG9nS0VJQ0FnSURkNWVubTlBRRAB,28,22
ChZDSUhNMG9nS0VJQ0FnSUREeDZ6YkdREAE_01,ChZDSUhNMG9nS0VJQ0FnSUREeDZ6YkdREAE,-1,-1
ChZDSUhNMG9nS0VJQ0FnSUREeDZ6YkdREAE_02,ChZDSUhNMG9nS0VJQ0FnSUREeDZ6YkdREAE,-1,-1
ChZDSUhNMG9nS0VJQ0FnSURqbE96ZElBEAE_01,ChZDSUhNMG9nS0VJQ0FnSURqbE96ZElBEAE,28,22
ChZDSUhNMG9nS0VJQ0FnSURqai1QLUpnEAE_01,ChZDSUhNMG9nS0VJQ0FnSURqai1QLUpnEAE,8,8
ChZDSUhNMG9nS0VJQ0FnSURMNk5TZFRREAE_01,ChZDSUhNMG9nS0VJQ0FnSURMNk5TZFRREAE,28,22
ChZDSUhNMG9nS0VJQ0FnSUNiNjhpQUV3EAE_01,ChZDSUhNMG9nS0VJQ0FnSUNiNjhpQUV3EAE,28,22
ChZDSUhNMG9nS0VJQ0FnSUNiNjhpQUV3EAE_02,ChZDSUhNMG9nS0VJQ0FnSUNiNjhpQUV3EAE,28,22
ChZDSUhNMG9nS0VJQ0FnSUNiNjhpQUV3EAE_03,ChZDSUhNMG9nS0VJQ0FnSUNiNjhpQUV3EAE,28,22
ChdDSUhNMG9nS0VJQ0FnSUNidDczOXdnRRAB_01,ChdDSUhNMG9nS0VJQ0FnSUNidDczOXdnRRAB,3,3
ChZDSUhNMG9nS0VJQ0FnSURieXNpM0dnEAE_01,ChZDSUhNMG9nS0VJQ0FnSURieXNpM0dnEAE,1,0
ChZDSUhNMG9nS0VJQ0FnSURieXNpM0dnEAE_02,ChZDSUhNMG9nS0VJQ0FnSURieXNpM0dnEAE,2,2
ChZDSUhNMG9nS0VJQ0FnSURieXNpM0dnEAE_03,ChZDSUhNMG9nS0VJQ0FnSURieXNpM0dnEAE,31,27
ChZDSUhNMG9nS0VJQ0FnSUQ3cnI2M05nEAE_01,ChZDSUhNMG9nS0VJQ0FnSUQ3cnI2M05nEAE,28,22
ChZDSUhNMG9nS0VJQ0FnSUNuMmQyNGRREAE_01,ChZDSUhNMG9nS0VJQ0FnSUNuMmQyNGRREAE,28,22
ChdDSUhNMG9nS0VJQ0FnSUNQNHJ5UXhRRRAB_01,ChdDSUhNMG9nS0VJQ0FnSUNQNHJ5UXhRRRAB,28,22
ChdDSUhNMG9nS0VJQ0FnSUNQNHJ5UXhRRRAB_02,ChdDSUhNMG9nS0VJQ0FnSUNQNHJ5UXhRRRAB,1,0
ChZDSUhNMG9nS0VKaW1vdEw5eGZEVWRnEAE_01,ChZDSUhNMG9nS0VKaW1vdEw5eGZEVWRnEAE,28,22
ChdDSUhNMG9nS0VQN3BxZkdoMXBfazl3RRAB_01,ChdDSUhNMG9nS0VQN3BxZkdoMXBfazl3RRAB,28,22
ChdDSUhNMG9nS0VQN3BxZkdoMXBfazl3RRAB_02,ChdDSUhNMG9nS0VQN3BxZkdoMXBfazl3RRAB,-1,-1
ChdDSUhNMG9nS0VQN3BxZkdoMXBfazl3RRAB_03,ChdDSUhNMG9nS0VQN3BxZkdoMXBfazl3RRAB,7,7
ChdDSUhNMG9nS0VQN3BxZkdoMXBfazl3RRAB_04,ChdDSUhNMG9nS0VQN3BxZkdoMXBfazl3RRAB,1,0
ChdDSUhNMG9nS0VQN3BxZkdoMXBfazl3RRAB_05,ChdDSUhNMG9nS0VQN3BxZkdoMXBfazl3RRAB,-1,-1
ChdDSUhNMG9nS0VQN3BxZkdoMXBfazl3RRAB_06,ChdDSUhNMG9nS0VQN3BxZkdoMXBfazl3RRAB,5,4
ChdDSUhNMG9nS0VLNzJoT3ZrN09IZDFBRRAB_01,ChdDSUhNMG9nS0VLNzJoT3ZrN09IZDFBRRAB,16,14
ChdDSUhNMG9nS0VLNzJoT3ZrN09IZDFBRRAB_02,ChdDSUhNMG9nS0VLNzJoT3ZrN09IZDFBRRAB,28,22
Ci9DQUlRQUNvZENodHljRjlvT21sMVNVZFZOamx1VEhoWmJUSnphRkZQY1VRelpVRRAB_01,Ci9DQUlRQUNvZENodHljRjlvT21sMVNVZFZOamx1VEhoWmJUSnphRkZQY1VRelpVRRAB,28,22
Ci9DQUlRQUNvZENodHljRjlvT21sMVNVZFZOamx1VEhoWmJUSnphRkZQY1VRelpVRRAB_02,Ci9DQUlRQUNvZENodHljRjlvT21sMVNVZFZOamx1VEhoWmJUSnphRkZQY1VRelpVRRAB,0,1
Ci9DQUlRQUNvZENodHljRjlvT21sMVNVZFZOamx1VEhoWmJUSnphRkZQY1VRelpVRRAB_03,Ci9DQUlRQUNvZENodHljRjlvT21sMVNVZFZOamx1VEhoWmJUSnphRkZQY1VRelpVRRAB,28,22
Ci9DQUlRQUNvZENodHljRjlvT21sMVNVZFZOamx1VEhoWmJUSnphRkZQY1VRelpVRRAB_04,Ci9DQUlRQUNvZENodHljRjlvT21sMVNVZFZOamx1VEhoWmJUSnphRkZQY1VRelpVRRAB,28,22
Ci9DQUlRQUNvZENodHljRjlvT21sMVNVZFZOamx1VEhoWmJUSnphRkZQY1VRelpVRRAB_05,Ci9DQUlRQUNvZENodHljRjlvT21sMVNVZFZOamx1VEhoWmJUSnphRkZQY1VRelpVRRAB,-1,-1
Ci9DQUlRQUNvZENodHljRjlvT21sMVNVZFZOamx1VEhoWmJUSnphRkZQY1VRelpVRRAB_06,Ci9DQUlRQUNvZENodHljRjlvT21sMVNVZFZOamx1VEhoWmJUSnphRkZQY1VRelpVRRAB,37,35
Ci9DQUlRQUNvZENodHljRjlvT200dE1HVmlURFpVYUROdVNXSktPV3RqWkcxWFZtYxAB_01,Ci9DQUlRQUNvZENodHljRjlvT200dE1HVmlURFpVYUROdVNXSktPV3RqWkcxWFZtYxAB,7,-1
Ci9DQUlRQUNvZENodHljRjlvT200dE1HVmlURFpVYUROdVNXSktPV3RqWkcxWFZtYxAB_02,Ci9DQUlRQUNvZENodHljRjlvT200dE1HVmlURFpVYUROdVNXSktPV3RqWkcxWFZtYxAB,1,0
Ci9DQUlRQUNvZENodHljRjlvT2tObVdXVkVVWGgzVm1FNWNtNTVkMDFuY0hsaWNXYxAB_01,Ci9DQUlRQUNvZENodHljRjlvT2tObVdXVkVVWGgzVm1FNWNtNTVkMDFuY0hsaWNXYxAB,28,22
Ci9DQUlRQUNvZENodHljRjlvT2tObVdXVkVVWGgzVm1FNWNtNTVkMDFuY0hsaWNXYxAB_02,Ci9DQUlRQUNvZENodHljRjlvT2tObVdXVkVVWGgzVm1FNWNtNTVkMDFuY0hsaWNXYxAB,5,-1
Ci9DQUlRQUNvZENodHljRjlvT2tKcWRFMVZiWE5zTUdaTFNHMTZVak5CZGtsalNrRRAB_01,Ci9DQUlRQUNvZENodHljRjlvT2tKcWRFMVZiWE5zTUdaTFNHMTZVak5CZGtsalNrRRAB,28,22
Ci9DQUlRQUNvZENodHljRjlvT2tKcWRFMVZiWE5zTUdaTFNHMTZVak5CZGtsalNrRRAB_02,Ci9DQUlRQUNvZENodHljRjlvT2tKcWRFMVZiWE5zTUdaTFNHMTZVak5CZGtsalNrRRAB,30,29
ChZDSUhNMG9nS0VJQ0FnSURnbnYtYk5BEAE_01,ChZDSUhNMG9nS0VJQ0FnSURnbnYtYk5BEAE,28,22
Ci9DQUlRQUNvZENodHljRjlvT21KNVRFTkRUVFZUU205YVdrNUZSVmxMYkU5S05YYxAB_01,Ci9DQUlRQUNvZENodHljRjlvT21KNVRFTkRUVFZUU205YVdrNUZSVmxMYkU5S05YYxAB,6,6
Ci9DQUlRQUNvZENodHljRjlvT21KNVRFTkRUVFZUU205YVdrNUZSVmxMYkU5S05YYxAB_02,Ci9DQUlRQUNvZENodHljRjlvT21KNVRFTkRUVFZUU205YVdrNUZSVmxMYkU5S05YYxAB,39,-1
Ci9DQUlRQUNvZENodHljRjlvT21KNVRFTkRUVFZUU205YVdrNUZSVmxMYkU5S05YYxAB_03,Ci9DQUlRQUNvZENodHljRjlvT21KNVRFTkRUVFZUU205YVdrNUZSVmxMYkU5S05YYxAB,28,22
ChZDSUhNMG9nS0VJQ0FnSUMxcllMMk53EAE_01,ChZDSUhNMG9nS0VJQ0FnSUMxcllMMk53EAE,8,8
ChdDSUhNMG9nS0VJQ0FnSUNOeHZ6SW1nRRAB_01,ChdDSUhNMG9nS0VJQ0FnSUNOeHZ6SW1nRRAB,3,3
ChdDSUhNMG9nS0VJQ0FnSUNOeHZ6SW1nRRAB_02,ChdDSUhNMG9nS0VJQ0FnSUNOeHZ6SW1nRRAB,13,-1
ChdDSUhNMG9nS0VJQ0FnSUNOeHZ6SW1nRRAB_03,ChdDSUhNMG9nS0VJQ0FnSUNOeHZ6SW1nRRAB,5,4
ChZDSUhNMG9nS0VJQ0FnSURONGN2Y1RnEAE_01,ChZDSUhNMG9nS0VJQ0FnSURONGN2Y1RnEAE,-1,-1
ChZDSUhNMG9nS0VJQ0FnSURONGN2Y1RnEAE_02,ChZDSUhNMG9nS0VJQ0FnSURONGN2Y1RnEAE,6,6
ChZDSUhNMG9nS0VJQ0FnSURONGN2Y1RnEAE_03,ChZDSUhNMG9nS0VJQ0FnSURONGN2Y1RnEAE,22,17
ChdDSUhNMG9nS0VJQ0FnSUR0MVpUWl9BRRAB_01,ChdDSUhNMG9nS0VJQ0FnSUR0MVpUWl9BRRAB,5,4
ChdDSUhNMG9nS0VJQ0FnSUR0MVpUWl9BRRAB_02,ChdDSUhNMG9nS0VJQ0FnSUR0MVpUWl9BRRAB,39,38
ChdDSUhNMG9nS0VJQ0FnSUR0MVpUWl9BRRAB_03,ChdDSUhNMG9nS0VJQ0FnSUR0MVpUWl9BRRAB,0,1
ChdDSUhNMG9nS0VJQ0FnSUR0MVpUWl9BRRAB_04,ChdDSUhNMG9nS0VJQ0FnSUR0MVpUWl9BRRAB,6,-1
ChdDSUhNMG9nS0VJQ0FnSUR0MVpUWl9BRRAB_05,ChdDSUhNMG9nS0VJQ0FnSUR0MVpUWl9BRRAB,1,0
ChdDSUhNMG9nS0VJQ0FnSUR0MVpUWl9BRRAB_06,ChdDSUhNMG9nS0VJQ0FnSUR0MVpUWl9BRRAB,-1,-1
ChZDSUhNMG9nS0VJQ0FnSUR0eThMU0JnEAE_01,ChZDSUhNMG9nS0VJQ0FnSUR0eThMU0JnEAE,-1,-1
ChZDSUhNMG9nS0VJQ0FnSURqdzYtbWVBEAE_01,ChZDSUhNMG9nS0VJQ0FnSURqdzYtbWVBEAE,11,-1
ChZDSUhNMG9nS0VJQ0FnSURqdzYtbWVBEAE_02,ChZDSUhNMG9nS0VJQ0FnSURqdzYtbWVBEAE,-1,-1
ChdDSUhNMG9nS0VJQ0FnSURMbV9hRDdRRRAB_01,ChdDSUhNMG9nS0VJQ0FnSURMbV9hRDdRRRAB,27,24
ChdDSUhNMG9nS0VJQ0FnSURMbV9hRDdRRRAB_02,ChdDSUhNMG9nS0VJQ0FnSURMbV9hRDdRRRAB,3,-1
ChdDSUhNMG9nS0VJQ0FnSUQ3LXAyV2d3RRAB_01,ChdDSUhNMG9nS0VJQ0FnSUQ3LXAyV2d3RRAB,-1,-1
ChdDSUhNMG9nS0VJQ0FnSUQ3LXAyV2d3RRAB_02,ChdDSUhNMG9nS0VJQ0FnSUQ3LXAyV2d3RRAB,2,2
ChdDSUhNMG9nS0VJQ0FnSUQ3LXAyV2d3RRAB_03,ChdDSUhNMG9nS0VJQ0FnSUQ3LXAyV2d3RRAB,1,0
ChdDSUhNMG9nS0VJQ0FnSUQ3LXAyV2d3RRAB_04,ChdDSUhNMG9nS0VJQ0FnSUQ3LXAyV2d3RRAB,14,13
ChdDSUhNMG9nS0VJQ0FnSUQ3amZHTnJRRRAB_01,ChdDSUhNMG9nS0VJQ0FnSUQ3amZHTnJRRRAB,25,-1
ChdDSUhNMG9nS0VJQ0FnSUQ3amZHTnJRRRAB_02,ChdDSUhNMG9nS0VJQ0FnSUQ3amZHTnJRRRAB,6,-1
ChdDSUhNMG9nS0VJQ0FnSUQ3amZHTnJRRRAB_03,ChdDSUhNMG9nS0VJQ0FnSUQ3amZHTnJRRRAB,39,38
ChZDSUhNMG9nS0VJQ0FnSUNIMTZmOE93EAE_01,ChZDSUhNMG9nS0VJQ0FnSUNIMTZmOE93EAE,21,28
ChZDSUhNMG9nS0VJQ0FnSUNIMTZmOE93EAE_02,ChZDSUhNMG9nS0VJQ0FnSUNIMTZmOE93EAE,-1,-1
ChZDSUhNMG9nS0VJQ0FnSUNIMTVlYVBREAE_01,ChZDSUhNMG9nS0VJQ0FnSUNIMTVlYVBREAE,3,-1
ChZDSUhNMG9nS0VJQ0FnSUNuLUx2VGV3EAE_01,ChZDSUhNMG9nS0VJQ0FnSUNuLUx2VGV3EAE,3,-1
ChZDSUhNMG9nS0VJQ0FnSUNuLUx2VGV3EAE_02,ChZDSUhNMG9nS0VJQ0FnSUNuLUx2VGV3EAE,0,1
ChdDSUhNMG9nS0VJQ0FnSUNuMHNxQTdBRRAB_01,ChdDSUhNMG9nS0VJQ0FnSUNuMHNxQTdBRRAB,2,2
ChdDSUhNMG9nS0VJQ0FnSUNuMHNxQTdBRRAB_02,ChdDSUhNMG9nS0VJQ0FnSUNuMHNxQTdBRRAB,6,6
ChZDSUhNMG9nS0VJQ0FnSUNudDY2SkZBEAE_01,ChZDSUhNMG9nS0VJQ0FnSUNudDY2SkZBEAE,-1,-1
ChZDSUhNMG9nS0VJQ0FnSUNudDY2SkZBEAE_02,ChZDSUhNMG9nS0VJQ0FnSUNudDY2SkZBEAE,-1,-1
ChZDSUhNMG9nS0VJQ0FnSUNudDY2SkZBEAE_03,ChZDSUhNMG9nS0VJQ0FnSUNudDY2SkZBEAE,-1,-1
ChZDSUhNMG9nS0VJQ0FnSUNudDY2SkZBEAE_04,ChZDSUhNMG9nS0VJQ0FnSUNudDY2SkZBEAE,0,1
ChZDSUhNMG9nS0VJQ0FnSUNudDY2SkZBEAE_05,ChZDSUhNMG9nS0VJQ0FnSUNudDY2SkZBEAE,6,6
ChZDSUhNMG9nS0VJQ0FnSUNudDY2SkZBEAE_06,ChZDSUhNMG9nS0VJQ0FnSUNudDY2SkZBEAE,27,24
ChZDSUhNMG9nS0VJQ0FnTURRXzVHYUl3EAE_01,ChZDSUhNMG9nS0VJQ0FnTURRXzVHYUl3EAE,3,3
ChdDSUhNMG9nS0VJQ0FnTUNvbGR1NXB3RRAB_01,ChdDSUhNMG9nS0VJQ0FnTUNvbGR1NXB3RRAB,8,8
ChdDSUhNMG9nS0VJQ0FnTUNvbGR1NXB3RRAB_02,ChdDSUhNMG9nS0VJQ0FnTUNvbGR1NXB3RRAB,3,-1
ChdDSUhNMG9nS0VJQ0FnTUNvOF8tSmxRRRAB_01,ChdDSUhNMG9nS0VJQ0FnTUNvOF8tSmxRRRAB,18,20
ChdDSUhNMG9nS0VJQ0FnTUNvdjR5YnVRRRAB_01,ChdDSUhNMG9nS0VJQ0FnTUNvdjR5YnVRRRAB,23,-1
ChdDSUhNMG9nS0VJQ0FnTUNvdjR5YnVRRRAB_02,ChdDSUhNMG9nS0VJQ0FnTUNvdjR5YnVRRRAB,-1,-1
ChZDSUhNMG9nS0VJQ0FnTURvc2NDTVh3EAE_01,ChZDSUhNMG9nS0VJQ0FnTURvc2NDTVh3EAE,22,17
ChZDSUhNMG9nS0VJQ0FnTURvc2NDTVh3EAE_02,ChZDSUhNMG9nS0VJQ0FnTURvc2NDTVh3EAE,27,24
ChZDSUhNMG9nS0VJQ0FnTURvc2NDTVh3EAE_03,ChZDSUhNMG9nS0VJQ0FnTURvc2NDTVh3EAE,27,24
ChZDSUhNMG9nS0VJQ0FnTURvc2NDTVh3EAE_04,ChZDSUhNMG9nS0VJQ0FnTURvc2NDTVh3EAE,2,2
ChZDSUhNMG9nS0VPRHJySjIxcExqb1B3EAE_01,ChZDSUhNMG9nS0VPRHJySjIxcExqb1B3EAE,9,9
ChZDSUhNMG9nS0VPRHJySjIxcExqb1B3EAE_02,ChZDSUhNMG9nS0VPRHJySjIxcExqb1B3EAE,0,1
ChdDSUhNMG9nS0VJVE9yLUtjdTd6V3lBRRAB_01,ChdDSUhNMG9nS0VJVE9yLUtjdTd6V3lBRRAB,-1,-1
Ci9DQUlRQUNvZENodHljRjlvT2poTFJqbHdVM1psUm5oQlQxVndNM1ZLWmtsd1FuYxAB_01,Ci9DQUlRQUNvZENodHljRjlvT2poTFJqbHdVM1psUm5oQlQxVndNM1ZLWmtsd1FuYxAB,14,13
Ci9DQUlRQUNvZENodHljRjlvT2poTFJqbHdVM1psUm5oQlQxVndNM1ZLWmtsd1FuYxAB_02,Ci9DQUlRQUNvZENodHljRjlvT2poTFJqbHdVM1psUm5oQlQxVndNM1ZLWmtsd1FuYxAB,-1,-1
Ci9DQUlRQUNvZENodHljRjlvT25KQ2NIcHFSVlpuVm5CeGNWOXVNbVp3ZGpsR2MxRRAB_01,Ci9DQUlRQUNvZENodHljRjlvT25KQ2NIcHFSVlpuVm5CeGNWOXVNbVp3ZGpsR2MxRRAB,3,3
Ci9DQUlRQUNvZENodHljRjlvT25KQ2NIcHFSVlpuVm5CeGNWOXVNbVp3ZGpsR2MxRRAB_02,Ci9DQUlRQUNvZENodHljRjlvT25KQ2NIcHFSVlpuVm5CeGNWOXVNbVp3ZGpsR2MxRRAB,-1,-1
Ci9DQUlRQUNvZENodHljRjlvT25KQ2NIcHFSVlpuVm5CeGNWOXVNbVp3ZGpsR2MxRRAB_03,Ci9DQUlRQUNvZENodHljRjlvT25KQ2NIcHFSVlpuVm5CeGNWOXVNbVp3ZGpsR2MxRRAB,-1,-1
Ci9DQUlRQUNvZENodHljRjlvT25KQ2NIcHFSVlpuVm5CeGNWOXVNbVp3ZGpsR2MxRRAB_04,Ci9DQUlRQUNvZENodHljRjlvT25KQ2NIcHFSVlpuVm5CeGNWOXVNbVp3ZGpsR2MxRRAB,8,8
Ci9DQUlRQUNvZENodHljRjlvT25KQ2NIcHFSVlpuVm5CeGNWOXVNbVp3ZGpsR2MxRRAB_05,Ci9DQUlRQUNvZENodHljRjlvT25KQ2NIcHFSVlpuVm5CeGNWOXVNbVp3ZGpsR2MxRRAB,-1,-1
Ci9DQUlRQUNvZENodHljRjlvT20xTlNqWmtWMWRtV0hkUk9IZFhkMFJYTUdsR1pFRRAB_01,Ci9DQUlRQUNvZENodHljRjlvT20xTlNqWmtWMWRtV0hkUk9IZFhkMFJYTUdsR1pFRRAB,0,1
Ci9DQUlRQUNvZENodHljRjlvT2taSlEwOUllRFZxU1hNMFZFRjZVbGR6WWxRMVQwRRAB_01,Ci9DQUlRQUNvZENodHljRjlvT2taSlEwOUllRFZxU1hNMFZFRjZVbGR6WWxRMVQwRRAB,0,1
Ci9DQUlRQUNvZENodHljRjlvT2taSlEwOUllRFZxU1hNMFZFRjZVbGR6WWxRMVQwRRAB_02,Ci9DQUlRQUNvZENodHljRjlvT2taSlEwOUllRFZxU1hNMFZFRjZVbGR6WWxRMVQwRRAB,23,31
Ci9DQUlRQUNvZENodHljRjlvT25OdFZYRldRMlExU0hGME1rWlpTVFJQYkdOMFVXYxAB_01,Ci9DQUlRQUNvZENodHljRjlvT25OdFZYRldRMlExU0hGME1rWlpTVFJQYkdOMFVXYxAB,0,1
Ci9DQUlRQUNvZENodHljRjlvT25OdFZYRldRMlExU0hGME1rWlpTVFJQYkdOMFVXYxAB_02,Ci9DQUlRQUNvZENodHljRjlvT25OdFZYRldRMlExU0hGME1rWlpTVFJQYkdOMFVXYxAB,2,2
Ci9DQUlRQUNvZENodHljRjlvT2kxQ1NWTlZVRnA2VlZCcVFXOU9ibnBoV1VKR1RrRRAB_01,Ci9DQUlRQUNvZENodHljRjlvT2kxQ1NWTlZVRnA2VlZCcVFXOU9ibnBoV1VKR1RrRRAB,33,39
Ci9DQUlRQUNvZENodHljRjlvT2kxQ1NWTlZVRnA2VlZCcVFXOU9ibnBoV1VKR1RrRRAB_02,Ci9DQUlRQUNvZENodHljRjlvT2kxQ1NWTlZVRnA2VlZCcVFXOU9ibnBoV1VKR1RrRRAB,21,28
Ci9DQUlRQUNvZENodHljRjlvT21kQlh6SlBhSEZ4ZVV0NWFraERNazFUTTJSWmFFRRAB_01,Ci9DQUlRQUNvZENodHljRjlvT21kQlh6SlBhSEZ4ZVV0NWFraERNazFUTTJSWmFFRRAB,2,2
Ci9DQUlRQUNvZENodHljRjlvT2pOWWMwRXdjSHBOTFhSMmNrZHNPVFZvUlZaSVVIYxAB_01,Ci9DQUlRQUNvZENodHljRjlvT2pOWWMwRXdjSHBOTFhSMmNrZHNPVFZvUlZaSVVIYxAB,1,0
Ci9DQUlRQUNvZENodHljRjlvT2pOWWMwRXdjSHBOTFhSMmNrZHNPVFZvUlZaSVVIYxAB_02,Ci9DQUlRQUNvZENodHljRjlvT2pOWWMwRXdjSHBOTFhSMmNrZHNPVFZvUlZaSVVIYxAB,4,5
Ci9DQUlRQUNvZENodHljRjlvT25NNFZtZGFjemhqYzBoRFZtTjZOVWxxT0hSTFVWRRAB_01,Ci9DQUlRQUNvZENodHljRjlvT25NNFZtZGFjemhqYzBoRFZtTjZOVWxxT0hSTFVWRRAB,0,1
Ci9DQUlRQUNvZENodHljRjlvT25NNFZtZGFjemhqYzBoRFZtTjZOVWxxT0hSTFVWRRAB_02,Ci9DQUlRQUNvZENodHljRjlvT25NNFZtZGFjemhqYzBoRFZtTjZOVWxxT0hSTFVWRRAB,2,2
Ci9DQUlRQUNvZENodHljRjlvT205UU1HOWtUMmwwY0VOb1dVaHNjMWswU0ROVWJuYxAB_01,Ci9DQUlRQUNvZENodHljRjlvT205UU1HOWtUMmwwY0VOb1dVaHNjMWswU0ROVWJuYxAB,9,9
Ci9DQUlRQUNvZENodHljRjlvT205UU1HOWtUMmwwY0VOb1dVaHNjMWswU0ROVWJuYxAB_02,Ci9DQUlRQUNvZENodHljRjlvT205UU1HOWtUMmwwY0VOb1dVaHNjMWswU0ROVWJuYxAB,11,-1
Ci9DQUlRQUNvZENodHljRjlvT205UU1HOWtUMmwwY0VOb1dVaHNjMWswU0ROVWJuYxAB_03,Ci9DQUlRQUNvZENodHljRjlvT205UU1HOWtUMmwwY0VOb1dVaHNjMWswU0ROVWJuYxAB,-1,-1
Ci9DQUlRQUNvZENodHljRjlvT2tKb1owZzNNVzl6V0ZCalpVNXVjM1prWTJoRGVXYxAB_01,Ci9DQUlRQUNvZENodHljRjlvT2tKb1owZzNNVzl6V0ZCalpVNXVjM1prWTJoRGVXYxAB,8,8
Ci9DQUlRQUNvZENodHljRjlvT2tKb1owZzNNVzl6V0ZCalpVNXVjM1prWTJoRGVXYxAB_02,Ci9DQUlRQUNvZENodHljRjlvT2tKb1owZzNNVzl6V0ZCalpVNXVjM1prWTJoRGVXYxAB,0,1
Ci9DQUlRQUNvZENodHljRjlvT2tKb1owZzNNVzl6V0ZCalpVNXVjM1prWTJoRGVXYxAB_03,Ci9DQUlRQUNvZENodHljRjlvT2tKb1owZzNNVzl6V0ZCalpVNXVjM1prWTJoRGVXYxAB,0,1
Ci9DQUlRQUNvZENodHljRjlvT2tKb1owZzNNVzl6V0ZCalpVNXVjM1prWTJoRGVXYxAB_04,Ci9DQUlRQUNvZENodHljRjlvT2tKb1owZzNNVzl6V0ZCalpVNXVjM1prWTJoRGVXYxAB,8,8
Ci9DQUlRQUNvZENodHljRjlvT21OcFZIVnVWbEJHVDFSUE9YcFdTbU01V2twSlVuYxAB_01,Ci9DQUlRQUNvZENodHljRjlvT21OcFZIVnVWbEJHVDFSUE9YcFdTbU01V2twSlVuYxAB,-1,-1
Ci9DQUlRQUNvZENodHljRjlvT21OcFZIVnVWbEJHVDFSUE9YcFdTbU01V2twSlVuYxAB_02,Ci9DQUlRQUNvZENodHljRjlvT21OcFZIVnVWbEJHVDFSUE9YcFdTbU01V2twSlVuYxAB,-1,-1
Ci9DQUlRQUNvZENodHljRjlvT21OcFZIVnVWbEJHVDFSUE9YcFdTbU01V2twSlVuYxAB_03,Ci9DQUlRQUNvZENodHljRjlvT21OcFZIVnVWbEJHVDFSUE9YcFdTbU01V2twSlVuYxAB,16,14
Ci9DQUlRQUNvZENodHljRjlvT21OcFZIVnVWbEJHVDFSUE9YcFdTbU01V2twSlVuYxAB_04,Ci9DQUlRQUNvZENodHljRjlvT21OcFZIVnVWbEJHVDFSUE9YcFdTbU01V2twSlVuYxAB,0,1
Ci9DQUlRQUNvZENodHljRjlvT21OcFZIVnVWbEJHVDFSUE9YcFdTbU01V2twSlVuYxAB_05,Ci9DQUlRQUNvZENodHljRjlvT21OcFZIVnVWbEJHVDFSUE9YcFdTbU01V2twSlVuYxAB,0,1
Ci9DQUlRQUNvZENodHljRjlvT21OcFZIVnVWbEJHVDFSUE9YcFdTbU01V2twSlVuYxAB_06,Ci9DQUlRQUNvZENodHljRjlvT21OcFZIVnVWbEJHVDFSUE9YcFdTbU01V2twSlVuYxAB,-1,-1
Ci9DQUlRQUNvZENodHljRjlvT21OcFZIVnVWbEJHVDFSUE9YcFdTbU01V2twSlVuYxAB_07,Ci9DQUlRQUNvZENodHljRjlvT21OcFZIVnVWbEJHVDFSUE9YcFdTbU01V2twSlVuYxAB,0,1
Ci9DQUlRQUNvZENodHljRjlvT21OcFZIVnVWbEJHVDFSUE9YcFdTbU01V2twSlVuYxAB_08,Ci9DQUlRQUNvZENodHljRjlvT21OcFZIVnVWbEJHVDFSUE9YcFdTbU01V2twSlVuYxAB,-1,-1
Ci9DQUlRQUNvZENodHljRjlvT21OcFZIVnVWbEJHVDFSUE9YcFdTbU01V2twSlVuYxAB_09,Ci9DQUlRQUNvZENodHljRjlvT21OcFZIVnVWbEJHVDFSUE9YcFdTbU01V2twSlVuYxAB,-1,-1
Ci9DQUlRQUNvZENodHljRjlvT21OcFZIVnVWbEJHVDFSUE9YcFdTbU01V2twSlVuYxAB_10,Ci9DQUlRQUNvZENodHljRjlvT21OcFZIVnVWbEJHVDFSUE9YcFdTbU01V2twSlVuYxAB,34,-1
Ci9DQUlRQUNvZENodHljRjlvT21OcFZIVnVWbEJHVDFSUE9YcFdTbU01V2twSlVuYxAB_11,Ci9DQUlRQUNvZENodHljRjlvT21OcFZIVnVWbEJHVDFSUE9YcFdTbU01V2twSlVuYxAB,-1,-1
Ci9DQUlRQUNvZENodHljRjlvT21OcFZIVnVWbEJHVDFSUE9YcFdTbU01V2twSlVuYxAB_12,Ci9DQUlRQUNvZENodHljRjlvT21OcFZIVnVWbEJHVDFSUE9YcFdTbU01V2twSlVuYxAB,0,1
Ci9DQUlRQUNvZENodHljRjlvT21OcFZIVnVWbEJHVDFSUE9YcFdTbU01V2twSlVuYxAB_13,Ci9DQUlRQUNvZENodHljRjlvT21OcFZIVnVWbEJHVDFSUE9YcFdTbU01V2twSlVuYxAB,0,1
Ci9DQUlRQUNvZENodHljRjlvT2xwbE5HYzFjakZxT1VWaGNGTmlZMUZsWjBsaVpIYxAB_01,Ci9DQUlRQUNvZENodHljRjlvT2xwbE5HYzFjakZxT1VWaGNGTmlZMUZsWjBsaVpIYxAB,-1,-1
Ci9DQUlRQUNvZENodHljRjlvT2xwbE5HYzFjakZxT1VWaGNGTmlZMUZsWjBsaVpIYxAB_02,Ci9DQUlRQUNvZENodHljRjlvT2xwbE5HYzFjakZxT1VWaGNGTmlZMUZsWjBsaVpIYxAB,27,24
Ci9DQUlRQUNvZENodHljRjlvT25Zd1MycE5SRUppWDJjelNuTk1NVkJtVVhGSVEwRRAB_01,Ci9DQUlRQUNvZENodHljRjlvT25Zd1MycE5SRUppWDJjelNuTk1NVkJtVVhGSVEwRRAB,1,0
Ci9DQUlRQUNvZENodHljRjlvT25Zd1MycE5SRUppWDJjelNuTk1NVkJtVVhGSVEwRRAB_02,Ci9DQUlRQUNvZENodHljRjlvT25Zd1MycE5SRUppWDJjelNuTk1NVkJtVVhGSVEwRRAB,3,3
Ci9DQUlRQUNvZENodHljRjlvT25Zd1MycE5SRUppWDJjelNuTk1NVkJtVVhGSVEwRRAB_03,Ci9DQUlRQUNvZENodHljRjlvT25Zd1MycE5SRUppWDJjelNuTk1NVkJtVVhGSVEwRRAB,31,27
Ci9DQUlRQUNvZENodHljRjlvT25Zd1MycE5SRUppWDJjelNuTk1NVkJtVVhGSVEwRRAB_04,Ci9DQUlRQUNvZENodHljRjlvT25Zd1MycE5SRUppWDJjelNuTk1NVkJtVVhGSVEwRRAB,4,5
Ci9DQUlRQUNvZENodHljRjlvT25Zd1MycE5SRUppWDJjelNuTk1NVkJtVVhGSVEwRRAB_05,Ci9DQUlRQUNvZENodHljRjlvT25Zd1MycE5SRUppWDJjelNuTk1NVkJtVVhGSVEwRRAB,1,0
Ci9DQUlRQUNvZENodHljRjlvT25Zd1MycE5SRUppWDJjelNuTk1NVkJtVVhGSVEwRRAB_06,Ci9DQUlRQUNvZENodHljRjlvT25Zd1MycE5SRUppWDJjelNuTk1NVkJtVVhGSVEwRRAB,31,27
Ci9DQUlRQUNvZENodHljRjlvT25Zd1MycE5SRUppWDJjelNuTk1NVkJtVVhGSVEwRRAB_07,Ci9DQUlRQUNvZENodHljRjlvT25Zd1MycE5SRUppWDJjelNuTk1NVkJtVVhGSVEwRRAB,5,4
Ci9DQUlRQUNvZENodHljRjlvT2pCZmRHWjRUamxMUjFOSVVUVk5TVU0xWlZkeVlWRRAB_01,Ci9DQUlRQUNvZENodHljRjlvT2pCZmRHWjRUamxMUjFOSVVUVk5TVU0xWlZkeVlWRRAB,0,-1
Ci9DQUlRQUNvZENodHljRjlvT2pCZmRHWjRUamxMUjFOSVVUVk5TVU0xWlZkeVlWRRAB_02,Ci9DQUlRQUNvZENodHljRjlvT2pCZmRHWjRUamxMUjFOSVVUVk5TVU0xWlZkeVlWRRAB,0,1
Ci9DQUlRQUNvZENodHljRjlvT2pCZmRHWjRUamxMUjFOSVVUVk5TVU0xWlZkeVlWRRAB_03,Ci9DQUlRQUNvZENodHljRjlvT2pCZmRHWjRUamxMUjFOSVVUVk5TVU0xWlZkeVlWRRAB,0,1
Ci9DQUlRQUNvZENodHljRjlvT2pCZmRHWjRUamxMUjFOSVVUVk5TVU0xWlZkeVlWRRAB_04,Ci9DQUlRQUNvZENodHljRjlvT2pCZmRHWjRUamxMUjFOSVVUVk5TVU0xWlZkeVlWRRAB,0,1
Ci9DQUlRQUNvZENodHljRjlvT2pCZmRHWjRUamxMUjFOSVVUVk5TVU0xWlZkeVlWRRAB_05,Ci9DQUlRQUNvZENodHljRjlvT2pCZmRHWjRUamxMUjFOSVVUVk5TVU0xWlZkeVlWRRAB,-1,-1
Ci9DQUlRQUNvZENodHljRjlvT2pCZmRHWjRUamxMUjFOSVVUVk5TVU0xWlZkeVlWRRAB_06,Ci9DQUlRQUNvZENodHljRjlvT2pCZmRHWjRUamxMUjFOSVVUVk5TVU0xWlZkeVlWRRAB,25,25
Ci9DQUlRQUNvZENodHljRjlvT2pCZmRHWjRUamxMUjFOSVVUVk5TVU0xWlZkeVlWRRAB_07,Ci9DQUlRQUNvZENodHljRjlvT2pCZmRHWjRUamxMUjFOSVVUVk5TVU0xWlZkeVlWRRAB,-1,-1
ChdDSUhNMG9nS0VJQ0FnSUM5NjktaG1nRRAB_01,ChdDSUhNMG9nS0VJQ0FnSUM5NjktaG1nRRAB,-1,-1
ChdDSUhNMG9nS0VJQ0FnSUQ5aHMyRzdnRRAB_01,ChdDSUhNMG9nS0VJQ0FnSUQ5aHMyRzdnRRAB,3,3
ChdDSUhNMG9nS0VJQ0FnSUNid2RLWndRRRAB_01,ChdDSUhNMG9nS0VJQ0FnSUNid2RLWndRRRAB,14,-1
ChdDSUhNMG9nS0VJQ0FnSUNid2RLWndRRRAB_02,ChdDSUhNMG9nS0VJQ0FnSUNid2RLWndRRRAB,14,-1
ChZDSUhNMG9nS0VJQ0FnSUNIcVByckV3EAE_01,ChZDSUhNMG9nS0VJQ0FnSUNIcVByckV3EAE,-1,-1
ChZDSUhNMG9nS0VJQ0FnSUNIcVByckV3EAE_02,ChZDSUhNMG9nS0VJQ0FnSUNIcVByckV3EAE,13,15
ChZDSUhNMG9nS0VJQ0FnSUNIcVByckV3EAE_03,ChZDSUhNMG9nS0VJQ0FnSUNIcVByckV3EAE,1,0
ChZDSUhNMG9nS0VJQ0FnSUNIcVByckV3EAE_04,ChZDSUhNMG9nS0VJQ0FnSUNIcVByckV3EAE,5,-1
ChRDSUhNMG9nS0VJQ0FnTUNnemMwWhAB_01,ChRDSUhNMG9nS0VJQ0FnTUNnemMwWhAB,6,6
ChRDSUhNMG9nS0VJQ0FnTUNnemMwWhAB_02,ChRDSUhNMG9nS0VJQ0FnTUNnemMwWhAB,16,14
ChRDSUhNMG9nS0VJQ0FnTUNnemMwWhAB_03,ChRDSUhNMG9nS0VJQ0FnTUNnemMwWhAB,-1,-1
ChdDSUhNMG9nS0VJQ0FnTUNvczRLYXNRRRAB_01,ChdDSUhNMG9nS0VJQ0FnTUNvczRLYXNRRRAB,2,2
ChdDSUhNMG9nS0VJQ0FnTUNvczRLYXNRRRAB_02,ChdDSUhNMG9nS0VJQ0FnTUNvczRLYXNRRRAB,4,5
ChZDSUhNMG9nS0VQZUZnSUxCeUtqNlpBEAE_01,ChZDSUhNMG9nS0VQZUZnSUxCeUtqNlpBEAE,4,5
ChZDSUhNMG9nS0VQZUZnSUxCeUtqNlpBEAE_02,ChZDSUhNMG9nS0VQZUZnSUxCeUtqNlpBEAE,32,32
ChZDSUhNMG9nS0VQZUZnSUxCeUtqNlpBEAE_03,ChZDSUhNMG9nS0VQZUZnSUxCeUtqNlpBEAE,4,-1
ChZDSUhNMG9nS0VPU1Y2WWYwek9DUEVREAE_01,ChZDSUhNMG9nS0VPU1Y2WWYwek9DUEVREAE,25,25
ChZDSUhNMG9nS0VPU1Y2WWYwek9DUEVREAE_02,ChZDSUhNMG9nS0VPU1Y2WWYwek9DUEVREAE,6,6
ChZDSUhNMG9nS0VPU1Y2WWYwek9DUEVREAE_03,ChZDSUhNMG9nS0VPU1Y2WWYwek9DUEVREAE,10,10
ChZDSUhNMG9nS0VPU1Y2WWYwek9DUEVREAE_04,ChZDSUhNMG9nS0VPU1Y2WWYwek9DUEVREAE,18,-1
ChZDSUhNMG9nS0VPU1Y2WWYwek9DUEVREAE_05,ChZDSUhNMG9nS0VPU1Y2WWYwek9DUEVREAE,6,6
ChZDSUhNMG9nS0VPU1Y2WWYwek9DUEVREAE_06,ChZDSUhNMG9nS0VPU1Y2WWYwek9DUEVREAE,34,34
ChZDSUhNMG9nS0VPU1Y2WWYwek9DUEVREAE_07,ChZDSUhNMG9nS0VPU1Y2WWYwek9DUEVREAE,40,41
Ci9DQUlRQUNvZENodHljRjlvT2s4NVkxRTVlakV4VW1aRVFtUmZhbUU0WjNwdVNHYxAB_01,Ci9DQUlRQUNvZENodHljRjlvT2s4NVkxRTVlakV4VW1aRVFtUmZhbUU0WjNwdVNHYxAB,3,-1
Ci9DQUlRQUNvZENodHljRjlvT25CNlZuaHdValE1ZG1OVFgycFFZbmt6V1hBMlNXYxAB_01,Ci9DQUlRQUNvZENodHljRjlvT25CNlZuaHdValE1ZG1OVFgycFFZbmt6V1hBMlNXYxAB,29,23
Ci9DQUlRQUNvZENodHljRjlvT25CNlZuaHdValE1ZG1OVFgycFFZbmt6V1hBMlNXYxAB_02,Ci9DQUlRQUNvZENodHljRjlvT25CNlZuaHdValE1ZG1OVFgycFFZbmt6V1hBMlNXYxAB,29,23
Ci9DQUlRQUNvZENodHljRjlvT25CNlZuaHdValE1ZG1OVFgycFFZbmt6V1hBMlNXYxAB_03,Ci9DQUlRQUNvZENodHljRjlvT25CNlZuaHdValE1ZG1OVFgycFFZbmt6V1hBMlNXYxAB,5,4
Ci9DQUlRQUNvZENodHljRjlvT25CNlZuaHdValE1ZG1OVFgycFFZbmt6V1hBMlNXYxAB_04,Ci9DQUlRQUNvZENodHljRjlvT25CNlZuaHdValE1ZG1OVFgycFFZbmt6V1hBMlNXYxAB,-1,-1
Ci9DQUlRQUNvZENodHljRjlvT25CNlZuaHdValE1ZG1OVFgycFFZbmt6V1hBMlNXYxAB_05,Ci9DQUlRQUNvZENodHljRjlvT25CNlZuaHdValE1ZG1OVFgycFFZbmt6V1hBMlNXYxAB,-1,-1
Ci9DQUlRQUNvZENodHljRjlvT25CNlZuaHdValE1ZG1OVFgycFFZbmt6V1hBMlNXYxAB_06,Ci9DQUlRQUNvZENodHljRjlvT25CNlZuaHdValE1ZG1OVFgycFFZbmt6V1hBMlNXYxAB,-1,-1
Ci9DQUlRQUNvZENodHljRjlvT2twWGRUbHZWMVJmT0hOak4wODJjazlNWW1aMGFuYxAB_01,Ci9DQUlRQUNvZENodHljRjlvT2twWGRUbHZWMVJmT0hOak4wODJjazlNWW1aMGFuYxAB,10,10
Ci9DQUlRQUNvZENodHljRjlvT2twWGRUbHZWMVJmT0hOak4wODJjazlNWW1aMGFuYxAB_02,Ci9DQUlRQUNvZENodHljRjlvT2twWGRUbHZWMVJmT0hOak4wODJjazlNWW1aMGFuYxAB,-1,-1
Ci9DQUlRQUNvZENodHljRjlvT2twWGRUbHZWMVJmT0hOak4wODJjazlNWW1aMGFuYxAB_03,Ci9DQUlRQUNvZENodHljRjlvT2twWGRUbHZWMVJmT0hOak4wODJjazlNWW1aMGFuYxAB,-1,-1
Ci9DQUlRQUNvZENodHljRjlvT2twWGRUbHZWMVJmT0hOak4wODJjazlNWW1aMGFuYxAB_04,Ci9DQUlRQUNvZENodHljRjlvT2twWGRUbHZWMVJmT0hOak4wODJjazlNWW1aMGFuYxAB,4,-1
Ci9DQUlRQUNvZENodHljRjlvT2twWGRUbHZWMVJmT0hOak4wODJjazlNWW1aMGFuYxAB_05,Ci9DQUlRQUNvZENodHljRjlvT2twWGRUbHZWMVJmT0hOak4wODJjazlNWW1aMGFuYxAB,27,-1
Ci9DQUlRQUNvZENodHljRjlvT25KVE0yTlJVR1F4TURocVVtSjZWMlJFTUdWa1RHYxAB_01,Ci9DQUlRQUNvZENodHljRjlvT25KVE0yTlJVR1F4TURocVVtSjZWMlJFTUdWa1RHYxAB,-1,-1
Ci9DQUlRQUNvZENodHljRjlvT25KVE0yTlJVR1F4TURocVVtSjZWMlJFTUdWa1RHYxAB_02,Ci9DQUlRQUNvZENodHljRjlvT25KVE0yTlJVR1F4TURocVVtSjZWMlJFTUdWa1RHYxAB,38,40
Ci9DQUlRQUNvZENodHljRjlvT25KVE0yTlJVR1F4TURocVVtSjZWMlJFTUdWa1RHYxAB_03,Ci9DQUlRQUNvZENodHljRjlvT25KVE0yTlJVR1F4TURocVVtSjZWMlJFTUdWa1RHYxAB,-1,-1
Ci9DQUlRQUNvZENodHljRjlvT25KVE0yTlJVR1F4TURocVVtSjZWMlJFTUdWa1RHYxAB_04,Ci9DQUlRQUNvZENodHljRjlvT25KVE0yTlJVR1F4TURocVVtSjZWMlJFTUdWa1RHYxAB,12,30
Ci9DQUlRQUNvZENodHljRjlvT25KVE0yTlJVR1F4TURocVVtSjZWMlJFTUdWa1RHYxAB_05,Ci9DQUlRQUNvZENodHljRjlvT25KVE0yTlJVR1F4TURocVVtSjZWMlJFTUdWa1RHYxAB,4,5
Ci9DQUlRQUNvZENodHljRjlvT25KVE0yTlJVR1F4TURocVVtSjZWMlJFTUdWa1RHYxAB_06,Ci9DQUlRQUNvZENodHljRjlvT25KVE0yTlJVR1F4TURocVVtSjZWMlJFTUdWa1RHYxAB,5,4
Ci9DQUlRQUNvZENodHljRjlvT25KVE0yTlJVR1F4TURocVVtSjZWMlJFTUdWa1RHYxAB_07,Ci9DQUlRQUNvZENodHljRjlvT25KVE0yTlJVR1F4TURocVVtSjZWMlJFTUdWa1RHYxAB,-1,-1
Ci9DQUlRQUNvZENodHljRjlvT2xkb05GVnBMWGx0WlcwMFVVTlVVV1JyTFRFMWFGRRAB_01,Ci9DQUlRQUNvZENodHljRjlvT2xkb05GVnBMWGx0WlcwMFVVTlVVV1JyTFRFMWFGRRAB,18,20
Ci9DQUlRQUNvZENodHljRjlvT2xscWVUZFRSR1F4UnpSU1YyY3dXWFZ4VVZGV1gzYxAB_01,Ci9DQUlRQUNvZENodHljRjlvT2xscWVUZFRSR1F4UnpSU1YyY3dXWFZ4VVZGV1gzYxAB,3,3
Ci9DQUlRQUNvZENodHljRjlvT25KR04waE9abGx4Um5SWE9HbDZOMFpRUzFVNGRWRRAB_01,Ci9DQUlRQUNvZENodHljRjlvT25KR04waE9abGx4Um5SWE9HbDZOMFpRUzFVNGRWRRAB,9,9
Ci9DQUlRQUNvZENodHljRjlvT25KR04waE9abGx4Um5SWE9HbDZOMFpRUzFVNGRWRRAB_02,Ci9DQUlRQUNvZENodHljRjlvT25KR04waE9abGx4Um5SWE9HbDZOMFpRUzFVNGRWRRAB,29,23
Ci9DQUlRQUNvZENodHljRjlvT25KR04waE9abGx4Um5SWE9HbDZOMFpRUzFVNGRWRRAB_03,Ci9DQUlRQUNvZENodHljRjlvT25KR04waE9abGx4Um5SWE9HbDZOMFpRUzFVNGRWRRAB,4,5
Ci9DQUlRQUNvZENodHljRjlvT25KR04waE9abGx4Um5SWE9HbDZOMFpRUzFVNGRWRRAB_04,Ci9DQUlRQUNvZENodHljRjlvT25KR04waE9abGx4Um5SWE9HbDZOMFpRUzFVNGRWRRAB,-1,-1
Ci9DQUlRQUNvZENodHljRjlvT25KR04waE9abGx4Um5SWE9HbDZOMFpRUzFVNGRWRRAB_05,Ci9DQUlRQUNvZENodHljRjlvT25KR04waE9abGx4Um5SWE9HbDZOMFpRUzFVNGRWRRAB,10,-1
Ci9DQUlRQUNvZENodHljRjlvT25KR04waE9abGx4Um5SWE9HbDZOMFpRUzFVNGRWRRAB_06,Ci9DQUlRQUNvZENodHljRjlvT25KR04waE9abGx4Um5SWE9HbDZOMFpRUzFVNGRWRRAB,4,5
Ci9DQUlRQUNvZENodHljRjlvT25KR04waE9abGx4Um5SWE9HbDZOMFpRUzFVNGRWRRAB_07,Ci9DQUlRQUNvZENodHljRjlvT25KR04waE9abGx4Um5SWE9HbDZOMFpRUzFVNGRWRRAB,-1,-1
Ci9DQUlRQUNvZENodHljRjlvT25KR04waE9abGx4Um5SWE9HbDZOMFpRUzFVNGRWRRAB_08,Ci9DQUlRQUNvZENodHljRjlvT25KR04waE9abGx4Um5SWE9HbDZOMFpRUzFVNGRWRRAB,11,12
Ci9DQUlRQUNvZENodHljRjlvT25KR04waE9abGx4Um5SWE9HbDZOMFpRUzFVNGRWRRAB_09,Ci9DQUlRQUNvZENodHljRjlvT25KR04waE9abGx4Um5SWE9HbDZOMFpRUzFVNGRWRRAB,1,0
ChZDSUhNMG9nS0VJQ0FnSUMxODh6RUZ3EAE_01,ChZDSUhNMG9nS0VJQ0FnSUMxODh6RUZ3EAE,36,37
ChdDSUhNMG9nS0VJQ0FnSUNkdGRxZ3VRRRAB_01,ChdDSUhNMG9nS0VJQ0FnSUNkdGRxZ3VRRRAB,-1,-1
ChdDSUhNMG9nS0VJQ0FnSUNkdGRxZ3VRRRAB_02,ChdDSUhNMG9nS0VJQ0FnSUNkdGRxZ3VRRRAB,5,4
ChZDSUhNMG9nS0VJQ0FnSURqOXBHQ0Z3EAE_01,ChZDSUhNMG9nS0VJQ0FnSURqOXBHQ0Z3EAE,-1,-1
ChZDSUhNMG9nS0VJQ0FnSURqOXBHQ0Z3EAE_02,ChZDSUhNMG9nS0VJQ0FnSURqOXBHQ0Z3EAE,-1,-1
ChdDSUhNMG9nS0VJQ0FnSUNUc3ViYjlRRRAB_01,ChdDSUhNMG9nS0VJQ0FnSUNUc3ViYjlRRRAB,37,35
ChdDSUhNMG9nS0VJQ0FnSUNUc3ViYjlRRRAB_02,ChdDSUhNMG9nS0VJQ0FnSUNUc3ViYjlRRRAB,1,0
ChdDSUhNMG9nS0VJQ0FnSUNUc3ViYjlRRRAB_03,ChdDSUhNMG9nS0VJQ0FnSUNUc3ViYjlRRRAB,8,8
ChdDSUhNMG9nS0VJQ0FnSUNUc3ViYjlRRRAB_04,ChdDSUhNMG9nS0VJQ0FnSUNUc3ViYjlRRRAB,1,0
ChdDSUhNMG9nS0VJQ0FnSUNUc3ViYjlRRRAB_05,ChdDSUhNMG9nS0VJQ0FnSUNUc3ViYjlRRRAB,19,16
ChdDSUhNMG9nS0VJQ0FnSUNyNWRmdGpRRRAB_01,ChdDSUhNMG9nS0VJQ0FnSUNyNWRmdGpRRRAB,4,5
ChdDSUhNMG9nS0VJQ0FnSUNyNWRmdGpRRRAB_02,ChdDSUhNMG9nS0VJQ0FnSUNyNWRmdGpRRRAB,22,17
ChdDSUhNMG9nS0VJQ0FnSUNyNWRmdGpRRRAB_03,ChdDSUhNMG9nS0VJQ0FnSUNyNWRmdGpRRRAB,32,32
ChZDSUhNMG9nS0VJQ0FnSUR2dEpYLU9BEAE_01,ChZDSUhNMG9nS0VJQ0FnSUR2dEpYLU9BEAE,37,-1
ChdDSUhNMG9nS0VJQ0FnSURmXzhuTDZRRRAB_01,ChdDSUhNMG9nS0VJQ0FnSURmXzhuTDZRRRAB,3,-1
ChdDSUhNMG9nS0VJQ0FnSURmXzhuTDZRRRAB_02,ChdDSUhNMG9nS0VJQ0FnSURmXzhuTDZRRRAB,-1,-1
ChdDSUhNMG9nS0VJQ0FnSURmXzhuTDZRRRAB_03,ChdDSUhNMG9nS0VJQ0FnSURmXzhuTDZRRRAB,22,17
ChdDSUhNMG9nS0VJQ0FnTUNvNTRiOHV3RRAB_01,ChdDSUhNMG9nS0VJQ0FnTUNvNTRiOHV3RRAB,-1,-1
ChZDSUhNMG9nS0VJQ0FnTURvcEtDalVREAE_01,ChZDSUhNMG9nS0VJQ0FnTURvcEtDalVREAE,7,7
ChZDSUhNMG9nS0VJQ0FnTURvcEtDalVREAE_02,ChZDSUhNMG9nS0VJQ0FnTURvcEtDalVREAE,12,30
ChZDSUhNMG9nS0VJQ0FnTURvcEtDalVREAE_03,ChZDSUhNMG9nS0VJQ0FnTURvcEtDalVREAE,-1,-1
Ci9DQUlRQUNvZENodHljRjlvT2taVFIwVjFTalZ1ZEdWT2JURjBNSFkwYVV0cGJWRRAB_01,Ci9DQUlRQUNvZENodHljRjlvT2taVFIwVjFTalZ1ZEdWT2JURjBNSFkwYVV0cGJWRRAB,2,2
Ci9DQUlRQUNvZENodHljRjlvT2taVFIwVjFTalZ1ZEdWT2JURjBNSFkwYVV0cGJWRRAB_02,Ci9DQUlRQUNvZENodHljRjlvT2taVFIwVjFTalZ1ZEdWT2JURjBNSFkwYVV0cGJWRRAB,-1,-1
Ci9DQUlRQUNvZENodHljRjlvT2taVFIwVjFTalZ1ZEdWT2JURjBNSFkwYVV0cGJWRRAB_03,Ci9DQUlRQUNvZENodHljRjlvT2taVFIwVjFTalZ1ZEdWT2JURjBNSFkwYVV0cGJWRRAB,5,4
Ci9DQUlRQUNvZENodHljRjlvT25OclprZHlSSHAyVVRSNWVUaEtVMk5aUzBwcFozYxAB_01,Ci9DQUlRQUNvZENodHljRjlvT25OclprZHlSSHAyVVRSNWVUaEtVMk5aUzBwcFozYxAB,11,12
Ci9DQUlRQUNvZENodHljRjlvT25wa1QySkdWV05KVFRJMlZITnNPRGhrY3paU2JGRRAB_01,Ci9DQUlRQUNvZENodHljRjlvT25wa1QySkdWV05KVFRJMlZITnNPRGhrY3paU2JGRRAB,3,-1
Ci9DQUlRQUNvZENodHljRjlvT2kxRlVVaElVbG80U1d4QmNXUkNRMGRIVFZoV1ZVRRAB_01,Ci9DQUlRQUNvZENodHljRjlvT2kxRlVVaElVbG80U1d4QmNXUkNRMGRIVFZoV1ZVRRAB,6,6
Ci9DQUlRQUNvZENodHljRjlvT2kxRlVVaElVbG80U1d4QmNXUkNRMGRIVFZoV1ZVRRAB_02,Ci9DQUlRQUNvZENodHljRjlvT2kxRlVVaElVbG80U1d4QmNXUkNRMGRIVFZoV1ZVRRAB,25,25
ChZDSUhNMG9nS0VJQ0FnSUMxZzRlTU1REAE_01,ChZDSUhNMG9nS0VJQ0FnSUMxZzRlTU1REAE,-1,-1
ChZDSUhNMG9nS0VJQ0FnSUMxZzRlTU1REAE_02,ChZDSUhNMG9nS0VJQ0FnSUMxZzRlTU1REAE,0,1
ChdDSUhNMG9nS0VJQ0FnSUMxZzdmRjRnRRAB_01,ChdDSUhNMG9nS0VJQ0FnSUMxZzdmRjRnRRAB,-1,-1
ChdDSUhNMG9nS0VJQ0FnSUMxZzdmRjRnRRAB_02,ChdDSUhNMG9nS0VJQ0FnSUMxZzdmRjRnRRAB,-1,-1
ChdDSUhNMG9nS0VJQ0FnSUMxZzdmRjRnRRAB_03,ChdDSUhNMG9nS0VJQ0FnSUMxZzdmRjRnRRAB,1,0
ChdDSUhNMG9nS0VJQ0FnSUMxZzdmRjRnRRAB_04,ChdDSUhNMG9nS0VJQ0FnSUMxZzdmRjRnRRAB,-1,-1
ChdDSUhNMG9nS0VJQ0FnSUMxZzdmRjRnRRAB_05,ChdDSUhNMG9nS0VJQ0FnSUMxZzdmRjRnRRAB,5,4
ChZDSUhNMG9nS0VJQ0FnSUROcXNmYU1nEAE_01,ChZDSUhNMG9nS0VJQ0FnSUROcXNmYU1nEAE,4,5
ChZDSUhNMG9nS0VJQ0FnSUROcXNmYU1nEAE_02,ChZDSUhNMG9nS0VJQ0FnSUROcXNmYU1nEAE,5,4
ChZDSUhNMG9nS0VJQ0FnSUROcXNmYU1nEAE_03,ChZDSUhNMG9nS0VJQ0FnSUROcXNmYU1nEAE,17,-1
ChZDSUhNMG9nS0VJQ0FnSUROcXNmYU1nEAE_04,ChZDSUhNMG9nS0VJQ0FnSUROcXNmYU1nEAE,18,-1
ChZDSUhNMG9nS0VJQ0FnSUNkaE1ubGRREAE_01,ChZDSUhNMG9nS0VJQ0FnSUNkaE1ubGRREAE,12,21
ChZDSUhNMG9nS0VJQ0FnSUNkaE1ubGRREAE_02,ChZDSUhNMG9nS0VJQ0FnSUNkaE1ubGRREAE,17,19
ChZDSUhNMG9nS0VJQ0FnSUM5OFktckh3EAE_01,ChZDSUhNMG9nS0VJQ0FnSUM5OFktckh3EAE,14,13
ChZDSUhNMG9nS0VJQ0FnSUM5OFktckh3EAE_02,ChZDSUhNMG9nS0VJQ0FnSUM5OFktckh3EAE,1,0
ChZDSUhNMG9nS0VJQ0FnSUM5OFktckh3EAE_03,ChZDSUhNMG9nS0VJQ0FnSUM5OFktckh3EAE,-1,-1
ChZDSUhNMG9nS0VJQ0FnSUM5OFktckh3EAE_04,ChZDSUhNMG9nS0VJQ0FnSUM5OFktckh3EAE,0,1
ChZDSUhNMG9nS0VJQ0FnSUM5OFktckh3EAE_05,ChZDSUhNMG9nS0VJQ0FnSUM5OFktckh3EAE,-1,-1
ChdDSUhNMG9nS0VJQ0FnSUNqak9QN3lnRRAB_01,ChdDSUhNMG9nS0VJQ0FnSUNqak9QN3lnRRAB,6,6
ChdDSUhNMG9nS0VJQ0FnSUNqak9QN3lnRRAB_02,ChdDSUhNMG9nS0VJQ0FnSUNqak9QN3lnRRAB,6,6
ChdDSUhNMG9nS0VJQ0FnSUNqak9QN3lnRRAB_03,ChdDSUhNMG9nS0VJQ0FnSUNqak9QN3lnRRAB,0,1
ChZDSUhNMG9nS0VJQ0FnSUR6M2FYT1FnEAE_01,ChZDSUhNMG9nS0VJQ0FnSUR6M2FYT1FnEAE,0,1
ChdDSUhNMG9nS0VJQ0FnSUNiMU1pcmd3RRAB_01,ChdDSUhNMG9nS0VJQ0FnSUNiMU1pcmd3RRAB,6,6
ChZDSUhNMG9nS0VJQ0FnSUNIcE5XYlJREAE_01,ChZDSUhNMG9nS0VJQ0FnSUNIcE5XYlJREAE,11,-1
ChZDSUhNMG9nS0VJQ0FnSUNIcE5XYlJREAE_02,ChZDSUhNMG9nS0VJQ0FnSUNIcE5XYlJREAE,10,10
ChZDSUhNMG9nS0VJQ0FnSUNIcE5XYlJREAE_03,ChZDSUhNMG9nS0VJQ0FnSUNIcE5XYlJREAE,11,-1
ChZDSUhNMG9nS0VJQ0FnSUNUXzUzTkR3EAE_01,ChZDSUhNMG9nS0VJQ0FnSUNUXzUzTkR3EAE,4,-1
ChdDSUhNMG9nS0VJQ0FnSUN2NFlIQW9BRRAB_01,ChdDSUhNMG9nS0VJQ0FnSUN2NFlIQW9BRRAB,19,16
ChdDSUhNMG9nS0VJQ0FnSUN2NFlIQW9BRRAB_02,ChdDSUhNMG9nS0VJQ0FnSUN2NFlIQW9BRRAB,4,5
ChdDSUhNMG9nS0VJQ0FnSUN2NFlIQW9BRRAB_03,ChdDSUhNMG9nS0VJQ0FnSUN2NFlIQW9BRRAB,0,1
ChdDSUhNMG9nS0VJQ0FnSUN2NFlIQW9BRRAB_04,ChdDSUhNMG9nS0VJQ0FnSUN2NFlIQW9BRRAB,4,-1
ChdDSUhNMG9nS0VJQ0FnSUN2N2VhMnd3RRAB_01,ChdDSUhNMG9nS0VJQ0FnSUN2N2VhMnd3RRAB,21,-1
ChdDSUhNMG9nS0VJQ0FnSUN2N2VhMnd3RRAB_02,ChdDSUhNMG9nS0VJQ0FnSUN2N2VhMnd3RRAB,5,4
ChdDSUhNMG9nS0VJNzNtSzY2dE5mUnFRRRAB_01,ChdDSUhNMG9nS0VJNzNtSzY2dE5mUnFRRRAB,4,5
ChdDSUhNMG9nS0VJNzNtSzY2dE5mUnFRRRAB_02,ChdDSUhNMG9nS0VJNzNtSzY2dE5mUnFRRRAB,-1,-1
Ci9DQUlRQUNvZENodHljRjlvT210dFdWaHVRVXBsZG1oQk1tZHhUV1JKZEZCU2MyYxAB_01,Ci9DQUlRQUNvZENodHljRjlvT210dFdWaHVRVXBsZG1oQk1tZHhUV1JKZEZCU2MyYxAB,18,-1
Ci9DQUlRQUNvZENodHljRjlvT21ZM2NFZEJiMXBPTTFFMVpqVkZObkZVUlRoc05sRRAB_01,Ci9DQUlRQUNvZENodHljRjlvT21ZM2NFZEJiMXBPTTFFMVpqVkZObkZVUlRoc05sRRAB,25,25
Ci9DQUlRQUNvZENodHljRjlvT21scVVXMW1hMXAzWmpjMkxVdDBTbWN4Y2t4MlFtYxAB_01,Ci9DQUlRQUNvZENodHljRjlvT21scVVXMW1hMXAzWmpjMkxVdDBTbWN4Y2t4MlFtYxAB,-1,-1
Ci9DQUlRQUNvZENodHljRjlvT21scVVXMW1hMXAzWmpjMkxVdDBTbWN4Y2t4MlFtYxAB_02,Ci9DQUlRQUNvZENodHljRjlvT21scVVXMW1hMXAzWmpjMkxVdDBTbWN4Y2t4MlFtYxAB,10,10
Ci9DQUlRQUNvZENodHljRjlvT21scVVXMW1hMXAzWmpjMkxVdDBTbWN4Y2t4MlFtYxAB_03,Ci9DQUlRQUNvZENodHljRjlvT21scVVXMW1hMXAzWmpjMkxVdDBTbWN4Y2t4MlFtYxAB,8,8
Ci9DQUlRQUNvZENodHljRjlvT21scVVXMW1hMXAzWmpjMkxVdDBTbWN4Y2t4MlFtYxAB_04,Ci9DQUlRQUNvZENodHljRjlvT21scVVXMW1hMXAzWmpjMkxVdDBTbWN4Y2t4MlFtYxAB,0,1
Ci9DQUlRQUNvZENodHljRjlvT21scVVXMW1hMXAzWmpjMkxVdDBTbWN4Y2t4MlFtYxAB_05,Ci9DQUlRQUNvZENodHljRjlvT21scVVXMW1hMXAzWmpjMkxVdDBTbWN4Y2t4MlFtYxAB,1,0
ChdDSUhNMG9nS0VJQ0FnSURPeFBfYmt3RRAB_01,ChdDSUhNMG9nS0VJQ0FnSURPeFBfYmt3RRAB,2,2
ChdDSUhNMG9nS0VJQ0FnSURPeFBfYmt3RRAB_02,ChdDSUhNMG9nS0VJQ0FnSURPeFBfYmt3RRAB,16,14
ChdDSUhNMG9nS0VJQ0FnSURPeFBfYmt3RRAB_03,ChdDSUhNMG9nS0VJQ0FnSURPeFBfYmt3RRAB,4,5
ChdDSUhNMG9nS0VJQ0FnSUROeF9tb3FBRRAB_01,ChdDSUhNMG9nS0VJQ0FnSUROeF9tb3FBRRAB,2,2
ChdDSUhNMG9nS0VJQ0FnSUROeF9tb3FBRRAB_02,ChdDSUhNMG9nS0VJQ0FnSUROeF9tb3FBRRAB,19,16
ChZDSUhNMG9nS0VJQ0FnSUNqczZIQUtBEAE_01,ChZDSUhNMG9nS0VJQ0FnSUNqczZIQUtBEAE,3,3
ChdDSUhNMG9nS0VJQ0FnSURqNlBiYXN3RRAB_01,ChdDSUhNMG9nS0VJQ0FnSURqNlBiYXN3RRAB,19,16
ChdDSUhNMG9nS0VJQ0FnSURqNlBiYXN3RRAB_02,ChdDSUhNMG9nS0VJQ0FnSURqNlBiYXN3RRAB,2,2
ChZDSUhNMG9nS0VJQ0FnSURUdV9pUE1nEAE_01,ChZDSUhNMG9nS0VJQ0FnSURUdV9pUE1nEAE,9,9
ChZDSUhNMG9nS0VJQ0FnSUNMNXRtYUpBEAE_01,ChZDSUhNMG9nS0VJQ0FnSUNMNXRtYUpBEAE,0,1
ChZDSUhNMG9nS0VJQ0FnSUNMNXRtYUpBEAE_02,ChZDSUhNMG9nS0VJQ0FnSUNMNXRtYUpBEAE,10,10
ChZDSUhNMG9nS0VJQ0FnSUNMNXRtYUpBEAE_03,ChZDSUhNMG9nS0VJQ0FnSUNMNXRtYUpBEAE,-1,-1
ChZDSUhNMG9nS0VOdXJ4LVNRM3R1YlVnEAE_01,ChZDSUhNMG9nS0VOdXJ4LVNRM3R1YlVnEAE,2,2
ChZDSUhNMG9nS0VOdXJ4LVNRM3R1YlVnEAE_02,ChZDSUhNMG9nS0VOdXJ4LVNRM3R1YlVnEAE,5,4
ChZDSUhNMG9nS0VOdXJ4LVNRM3R1YlVnEAE_03,ChZDSUhNMG9nS0VOdXJ4LVNRM3R1YlVnEAE,8,8
ChZDSUhNMG9nS0VOdXJ4LVNRM3R1YlVnEAE_04,ChZDSUhNMG9nS0VOdXJ4LVNRM3R1YlVnEAE,19,16
Ci9DQUlRQUNvZENodHljRjlvT2tZeWJGazVWV2w0UmxCUk1HazFSSE5DUVhCTVNFRRAB_01,Ci9DQUlRQUNvZENodHljRjlvT2tZeWJGazVWV2w0UmxCUk1HazFSSE5DUVhCTVNFRRAB,37,35
Ci9DQUlRQUNvZENodHljRjlvT2tZeWJGazVWV2w0UmxCUk1HazFSSE5DUVhCTVNFRRAB_02,Ci9DQUlRQUNvZENodHljRjlvT2tZeWJGazVWV2w0UmxCUk1HazFSSE5DUVhCTVNFRRAB,14,13
Ci9DQUlRQUNvZENodHljRjlvT2tZeWJGazVWV2w0UmxCUk1HazFSSE5DUVhCTVNFRRAB_03,Ci9DQUlRQUNvZENodHljRjlvT2tZeWJGazVWV2w0UmxCUk1HazFSSE5DUVhCTVNFRRAB,1,0
Ci9DQUlRQUNvZENodHljRjlvT2tZeWJGazVWV2w0UmxCUk1HazFSSE5DUVhCTVNFRRAB_04,Ci9DQUlRQUNvZENodHljRjlvT2tZeWJGazVWV2w0UmxCUk1HazFSSE5DUVhCTVNFRRAB,2,2
Ci9DQUlRQUNvZENodHljRjlvT21WSE5WWkVlbmN5Vm5kNldWVjZWRU5ZVUhaUFMzYxAB_01,Ci9DQUlRQUNvZENodHljRjlvT21WSE5WWkVlbmN5Vm5kNldWVjZWRU5ZVUhaUFMzYxAB,21,28
Ci9DQUlRQUNvZENodHljRjlvT2xkcWRXVmFURk0xTldSSVRXTjJVRGREYTFKQ2EwRRAB_01,Ci9DQUlRQUNvZENodHljRjlvT2xkcWRXVmFURk0xTldSSVRXTjJVRGREYTFKQ2EwRRAB,14,13
Ci9DQUlRQUNvZENodHljRjlvT2xkcWRXVmFURk0xTldSSVRXTjJVRGREYTFKQ2EwRRAB_02,Ci9DQUlRQUNvZENodHljRjlvT2xkcWRXVmFURk0xTldSSVRXTjJVRGREYTFKQ2EwRRAB,17,19
ChdDSUhNMG9nS0VJQ0FnSUQyNzdEYTlBRRAB_01,ChdDSUhNMG9nS0VJQ0FnSUQyNzdEYTlBRRAB,23,31
ChdDSUhNMG9nS0VJQ0FnSUQyNzdEYTlBRRAB_02,ChdDSUhNMG9nS0VJQ0FnSUQyNzdEYTlBRRAB,0,1
Ci9DQUlRQUNvZENodHljRjlvT2swMGVHOXRWVWh5VjFOUlZ6VlVNVGRDVlV4clFsRRAB_01,Ci9DQUlRQUNvZENodHljRjlvT2swMGVHOXRWVWh5VjFOUlZ6VlVNVGRDVlV4clFsRRAB,2,2
Ci9DQUlRQUNvZENodHljRjlvT2swMGVHOXRWVWh5VjFOUlZ6VlVNVGRDVlV4clFsRRAB_02,Ci9DQUlRQUNvZENodHljRjlvT2swMGVHOXRWVWh5VjFOUlZ6VlVNVGRDVlV4clFsRRAB,1,0
Ci9DQUlRQUNvZENodHljRjlvT2swMGVHOXRWVWh5VjFOUlZ6VlVNVGRDVlV4clFsRRAB_03,Ci9DQUlRQUNvZENodHljRjlvT2swMGVHOXRWVWh5VjFOUlZ6VlVNVGRDVlV4clFsRRAB,0,1
Ci9DQUlRQUNvZENodHljRjlvT2swMGVHOXRWVWh5VjFOUlZ6VlVNVGRDVlV4clFsRRAB_04,Ci9DQUlRQUNvZENodHljRjlvT2swMGVHOXRWVWh5VjFOUlZ6VlVNVGRDVlV4clFsRRAB,40,41
Ci9DQUlRQUNvZENodHljRjlvT2swMGVHOXRWVWh5VjFOUlZ6VlVNVGRDVlV4clFsRRAB_05,Ci9DQUlRQUNvZENodHljRjlvT2swMGVHOXRWVWh5VjFOUlZ6VlVNVGRDVlV4clFsRRAB,4,5
Ci9DQUlRQUNvZENodHljRjlvT2swMGVHOXRWVWh5VjFOUlZ6VlVNVGRDVlV4clFsRRAB_06,Ci9DQUlRQUNvZENodHljRjlvT2swMGVHOXRWVWh5VjFOUlZ6VlVNVGRDVlV4clFsRRAB,31,27
Ci9DQUlRQUNvZENodHljRjlvT2s4NGIyMVBlR3RmVFdJNE5reGlZeTAyZG5CMU4zYxAB_01,Ci9DQUlRQUNvZENodHljRjlvT2s4NGIyMVBlR3RmVFdJNE5reGlZeTAyZG5CMU4zYxAB,-1,-1
Ci9DQUlRQUNvZENodHljRjlvT2s4NGIyMVBlR3RmVFdJNE5reGlZeTAyZG5CMU4zYxAB_02,Ci9DQUlRQUNvZENodHljRjlvT2s4NGIyMVBlR3RmVFdJNE5reGlZeTAyZG5CMU4zYxAB,0,1
Ci9DQUlRQUNvZENodHljRjlvT2s4NGIyMVBlR3RmVFdJNE5reGlZeTAyZG5CMU4zYxAB_03,Ci9DQUlRQUNvZENodHljRjlvT2s4NGIyMVBlR3RmVFdJNE5reGlZeTAyZG5CMU4zYxAB,-1,-1
Ci9DQUlRQUNvZENodHljRjlvT2s4NGIyMVBlR3RmVFdJNE5reGlZeTAyZG5CMU4zYxAB_04,Ci9DQUlRQUNvZENodHljRjlvT2s4NGIyMVBlR3RmVFdJNE5reGlZeTAyZG5CMU4zYxAB,-1,-1
Ci9DQUlRQUNvZENodHljRjlvT25ObWNHRldNREJUUlhka1ZWZEdOakJWUlRadk1rRRAB_01,Ci9DQUlRQUNvZENodHljRjlvT25ObWNHRldNREJUUlhka1ZWZEdOakJWUlRadk1rRRAB,5,4
Ci9DQUlRQUNvZENodHljRjlvT25ObWNHRldNREJUUlhka1ZWZEdOakJWUlRadk1rRRAB_02,Ci9DQUlRQUNvZENodHljRjlvT25ObWNHRldNREJUUlhka1ZWZEdOakJWUlRadk1rRRAB,14,13
Ci9DQUlRQUNvZENodHljRjlvT25ObWNHRldNREJUUlhka1ZWZEdOakJWUlRadk1rRRAB_03,Ci9DQUlRQUNvZENodHljRjlvT25ObWNHRldNREJUUlhka1ZWZEdOakJWUlRadk1rRRAB,12,21
Ci9DQUlRQUNvZENodHljRjlvT25ObWNHRldNREJUUlhka1ZWZEdOakJWUlRadk1rRRAB_04,Ci9DQUlRQUNvZENodHljRjlvT25ObWNHRldNREJUUlhka1ZWZEdOakJWUlRadk1rRRAB,-1,-1
Ci9DQUlRQUNvZENodHljRjlvT25ObWNHRldNREJUUlhka1ZWZEdOakJWUlRadk1rRRAB_05,Ci9DQUlRQUNvZENodHljRjlvT25ObWNHRldNREJUUlhka1ZWZEdOakJWUlRadk1rRRAB,2,2
Ci9DQUlRQUNvZENodHljRjlvT2tsU1YxbzBRVm95UlZrd01HOTFURzlQY25WQlMyYxAB_01,Ci9DQUlRQUNvZENodHljRjlvT2tsU1YxbzBRVm95UlZrd01HOTFURzlQY25WQlMyYxAB,2,2
Ci9DQUlRQUNvZENodHljRjlvT2tsU1YxbzBRVm95UlZrd01HOTFURzlQY25WQlMyYxAB_02,Ci9DQUlRQUNvZENodHljRjlvT2tsU1YxbzBRVm95UlZrd01HOTFURzlQY25WQlMyYxAB,-1,-1
Ci9DQUlRQUNvZENodHljRjlvT25oeWRrdzNkbE42UjFoRmMyZzVTMU13WkU5S01tYxAB_01,Ci9DQUlRQUNvZENodHljRjlvT25oeWRrdzNkbE42UjFoRmMyZzVTMU13WkU5S01tYxAB,5,4
Ci9DQUlRQUNvZENodHljRjlvT25oeWRrdzNkbE42UjFoRmMyZzVTMU13WkU5S01tYxAB_02,Ci9DQUlRQUNvZENodHljRjlvT25oeWRrdzNkbE42UjFoRmMyZzVTMU13WkU5S01tYxAB,16,14
