termino,idf,indice
abajo,8.298783339292532,0
abierta,8.586465411744314,1
abierto,7.605636158732587,2
aborrajado,8.586465411744314,3
aborrajados,7.605636158732587,4
aborrajados salpicón,8.586465411744314,5
abren,8.075639787978321,6
abren tarde,8.586465411744314,7
abrieron,8.586465411744314,8
abrir,8.298783339292532,9
absoluta,8.586465411744314,10
absolutamente,7.8933182311843675,11
absoluto,7.382492607418377,12
abuela,8.586465411744314,13
abuelas,8.298783339292532,14
abuelos,8.586465411744314,15
abundante,7.487853123076203,16
abundantes,7.739167551357109,17
aburrimiento,8.586465411744314,18
acabado,8.298783339292532,19
acabamos,8.586465411744314,20
acabar,8.586465411744314,21
acabar plato,8.586465411744314,22
acabo,8.298783339292532,23
acabo comer,8.586465411744314,24
acabó,8.586465411744314,25
acceder,8.586465411744314,26
accesible,8.075639787978321,27
accesibles,6.851864356356207,28
acceso,7.8933182311843675,29
aceite,7.487853123076203,30
aceite oliva,8.586465411744314,31
acepta,8.586465411744314,32
aceptable,7.8933182311843675,33
aceptan,7.8933182311843675,34
aceptar,8.586465411744314,35
acerca,8.075639787978321,36
acercaron,8.298783339292532,37
acercarse,8.586465411744314,38
acercó,7.487853123076203,39
acida,8.586465411744314,40
aclaro,8.298783339292532,41
acogedor,5.254260901569109,42
acogedor ambiente,8.075639787978321,43
acogedor buena,8.586465411744314,44
acogedor comida,7.487853123076203,45
acogedor cómodo,8.586465411744314,46
acogedor decoración,8.586465411744314,47
acogedor excelente,8.586465411744314,48
acogedor familiar,8.075639787978321,49
acogedor lugar,8.586465411744314,50
acogedor perfecto,8.298783339292532,51
acogedora,7.8933182311843675,52
acompaña,8.586465411744314,53
acompañaba,8.586465411744314,54
acompañado,7.487853123076203,55
acompañamiento,7.8933182311843675,56
acompañan,8.298783339292532,57
acompañante,8.298783339292532,58
acompañantes,7.739167551357109,59
acompañar,7.487853123076203,60
acompañe,8.586465411744314,61
acondicionado,8.586465411744314,62
acorde,7.487853123076203,63
acordes,7.605636158732587,64
acordes calidad,8.586465411744314,65
acordé,7.8933182311843675,66
acordé precio,8.586465411744314,67
actitud,6.251090495927277,68
actitud personal,8.586465411744314,69
actitud servicio,8.586465411744314,70
actualizados,8.298783339292532,71
actualizar,8.586465411744314,72
actualmente,8.298783339292532,73
acuerdo,8.298783339292532,74
acuerdo temática,8.586465411744314,75
acá,7.8933182311843675,76
adecuada,7.605636158732587,77
adecuadas,8.075639787978321,78
adecuado,7.487853123076203,79
ademas,7.739167551357109,80
además,5.185268030082158,81
además amables,8.586465411744314,82
además atención,8.298783339292532,83
además baño,8.586465411744314,84
además comida,7.605636158732587,85
además cuentan,8.586465411744314,86
además demora,8.586465411744314,87
además meseros,8.586465411744314,88
además no,8.586465411744314,89
además platos,8.586465411744314,90
además precios,8.298783339292532,91
además servicio,7.8933182311843675,92
además tamaño,8.586465411744314,93
además variedad,8.586465411744314,94
adentro,8.298783339292532,95
aderezo,8.298783339292532,96
aderezos,8.586465411744314,97
adicional,7.287182427614052,98
adicionales,8.586465411744314,99
adicionalmente,8.075639787978321,100
adiciones,8.586465411744314,101
adición,8.075639787978321,102
administración,8.075639787978321,103
administrador,7.200171050624422,104
administradora,8.075639787978321,105
adorno,8.586465411744314,106
adultos,8.586465411744314,107
afectó,8.298783339292532,108
afluencia,8.298783339292532,109
afuera,7.200171050624422,110
agilidad,8.298783339292532,111
agradable,4.015196777431903,112
agradable acogedor,8.586465411744314,113
agradable ambiente,7.739167551357109,114
agradable atención,6.7947059425162575,115
agradable buen,7.739167551357109,116
agradable buena,7.287182427614052,117
agradable comer,8.586465411744314,118
agradable comida,6.7947059425162575,119
agradable compartir,7.120128342950886,120
agradable decoración,8.075639787978321,121
agradable diferente,8.586465411744314,122
agradable diferentes,8.586465411744314,123
agradable disfrutar,8.298783339292532,124
agradable excelente,7.382492607418377,125
agradable experiencia,8.075639787978321,126
agradable gran,8.586465411744314,127
agradable lugar,7.739167551357109,128
agradable pareja,8.586465411744314,129
agradable perfecto,8.298783339292532,130
agradable sabor,8.586465411744314,131
agradable servicio,7.382492607418377,132
agradable sitio,7.739167551357109,133
agradable tranquilo,8.586465411744314,134
agradable vista,8.298783339292532,135
agradables,7.120128342950886,136
agradecerles,8.586465411744314,137
agradecidos,8.586465411744314,138
agrado,7.739167551357109,139
agregar,8.298783339292532,140
agria,7.8933182311843675,141
agria no,8.586465411744314,142
agrio,7.8933182311843675,143
agrio experiencia,8.586465411744314,144
agua,6.912488978172641,145
agua caliente,8.298783339292532,146
agua panela,8.298783339292532,147
aguacate,8.075639787978321,148
aguada,8.586465411744314,149
ahh,8.586465411744314,150
ahogao,8.075639787978321,151
ahora,6.317781870425948,152
ahora llama,8.586465411744314,153
ahora no,8.075639787978321,154
ahumado,8.586465411744314,155
ahí,6.640555262688999,156
aire,7.605636158732587,157
aire libre,8.298783339292532,158
aireado,8.586465411744314,159
ajiaco,8.298783339292532,160
ajo,7.605636158732587,161
ajustan,8.586465411744314,162
ají,6.7947059425162575,163
ají maní,7.739167551357109,164
ají piña,8.586465411744314,165
ala,8.298783339292532,166
albóndigas,8.586465411744314,167
alcanza,8.075639787978321,168
alcanza personas,8.586465411744314,169
alcanzaron,8.586465411744314,170
alegra,8.586465411744314,171
alejados,8.586465411744314,172
alguien,7.739167551357109,173
algun,8.586465411744314,174
algún,7.739167551357109,175
algún día,8.586465411744314,176
alimentación,8.586465411744314,177
alimento,8.586465411744314,178
alimentos,6.594035247054107,179
alimentos bebidas,8.586465411744314,180
alimentos calidad,8.586465411744314,181
alitas,7.8933182311843675,182
allá,7.487853123076203,183
allí,7.120128342950886,184
almohabanas,8.298783339292532,185
almohabanas deliciosas,8.586465411744314,186
almorzado,8.586465411744314,187
almorzar,6.219341797612696,188
almorzar cenar,8.298783339292532,189
almorzar familia,8.075639787978321,190
almuerzo,5.696093653848148,191
almuerzo día,7.287182427614052,192
almuerzo ejecutivo,7.8933182311843675,193
almuerzos,6.549583484483273,194
almuerzos ejecutivos,7.8933182311843675,195
aloja,8.586465411744314,196
alrededor,8.586465411744314,197
alta,7.046020370797164,198
alta calidad,7.8933182311843675,199
alta cocina,8.298783339292532,200
altamente,8.075639787978321,201
altamente recomendado,8.298783339292532,202
altanero,8.586465411744314,203
altas,7.8933182311843675,204
alternativa,7.8933182311843675,205
alternativas,8.075639787978321,206
alto,6.7947059425162575,207
alto volumen,8.586465411744314,208
altos,6.851864356356207,209
altos precios,8.586465411744314,210
altos relación,8.586465411744314,211
altura,7.8933182311843675,212
altura expectativas,8.586465411744314,213
aluminio,8.586465411744314,214
amabilidad,6.507023870064477,215
amabilidad personal,8.075639787978321,216
amabilidad servicio,8.298783339292532,217
amable,5.5261946170527505,218
amable atenta,8.586465411744314,219
amable atento,7.8933182311843675,220
amable comida,8.586465411744314,221
amable cordial,8.586465411744314,222
amable personal,8.586465411744314,223
amablemente,8.298783339292532,224
amables,5.971505633708115,225
amables atentos,8.075639787978321,226
amables comida,8.586465411744314,227
amables están,8.586465411744314,228
amante,7.739167551357109,229
amantes,7.487853123076203,230
amargo,8.586465411744314,231
ambientación,6.7947059425162575,232
ambientado,7.739167551357109,233
ambientado comida,8.586465411744314,234
ambiente,3.951736423514677,235
ambiente acogedor,6.7947059425162575,236
ambiente agradable,5.642026432577873,237
ambiente atención,8.075639787978321,238
ambiente bonito,8.298783339292532,239
ambiente buen,8.298783339292532,240
ambiente bueno,8.586465411744314,241
ambiente campestre,8.586465411744314,242
ambiente comida,7.487853123076203,243
ambiente cálido,7.739167551357109,244
ambiente cómodo,8.298783339292532,245
ambiente decoración,8.298783339292532,246
ambiente demasiado,8.298783339292532,247
ambiente espectacular,8.298783339292532,248
ambiente excelente,7.8933182311843675,249
ambiente familiar,6.977027499310212,250
ambiente genial,8.298783339292532,251
ambiente ideal,8.586465411744314,252
ambiente increíble,8.298783339292532,253
ambiente laboral,8.298783339292532,254
ambiente lugar,7.382492607418377,255
ambiente mejor,8.586465411744314,256
ambiente música,8.298783339292532,257
ambiente no,7.8933182311843675,258
ambiente personal,8.298783339292532,259
ambiente pesado,8.298783339292532,260
ambiente relajado,8.586465411744314,261
ambiente servicio,8.075639787978321,262
ambiente super,7.739167551357109,263
ambiente súper,7.8933182311843675,264
ambiente tranquilo,6.851864356356207,265
ambientes,7.487853123076203,266
ambos,8.298783339292532,267
ame,8.586465411744314,268
amena,8.586465411744314,269
ameno,7.605636158732587,270
ami,8.586465411744314,271
amiga,8.586465411744314,272
amigable,8.298783339292532,273
amigas,8.586465411744314,274
amigos,5.422397823371107,275
amigos disfrutar,8.298783339292532,276
amigos familia,7.046020370797164,277
amigos familiares,8.075639787978321,278
amigos no,8.586465411744314,279
amigos pareja,7.8933182311843675,280
amigos recomendado,8.586465411744314,281
amo,7.739167551357109,282
amor,6.977027499310212,283
amplia,6.640555262688999,284
amplia carta,8.298783339292532,285
amplia variedad,7.8933182311843675,286
ampliamente,8.075639787978321,287
ampliar,8.586465411744314,288
amplias,8.586465411744314,289
amplio,6.352873190237219,290
amplio buena,8.586465411744314,291
amplio cómodo,8.586465411744314,292
amplio parqueadero,8.586465411744314,293
amplios,8.075639787978321,294
anca,8.586465411744314,295
and,8.586465411744314,296
andaba,8.586465411744314,297
anfitriones,8.586465411744314,298
angus,8.298783339292532,299
animal,8.298783339292532,300
aniversario,7.739167551357109,301
aniversarios,8.586465411744314,302
anoche,8.586465411744314,303
antelación,8.586465411744314,304
anterior,7.605636158732587,305
anteriores,8.298783339292532,306
anteriormente,8.075639787978321,307
anticipación,8.075639787978321,308
antiguos,8.586465411744314,309
antipática,8.586465411744314,310
antipático,8.586465411744314,311
antojo,8.298783339292532,312
antojo dulce,8.586465411744314,313
apanado,8.075639787978321,314
apariencia,8.586465411744314,315
aparte,6.594035247054107,316
aparte demoran,8.586465411744314,317
aparte no,8.298783339292532,318
apenas,8.298783339292532,319
apesar,8.298783339292532,320
apetito,8.298783339292532,321
aplanchados,8.298783339292532,322
apoyo,8.586465411744314,323
apretado,8.586465411744314,324
apropiado,8.075639787978321,325
aproximadamente,7.487853123076203,326
aproximadamente minutos,8.586465411744314,327
apto,8.586465411744314,328
aquí,6.219341797612696,329
aquí encontré,8.586465411744314,330
arabe,8.586465411744314,331
arepa,7.287182427614052,332
arepas,7.200171050624422,333
arepas rellenas,8.586465411744314,334
arepas ricas,8.586465411744314,335
argentino,8.586465411744314,336
arquitectura,8.586465411744314,337
arroces,8.298783339292532,338
arroz,5.659726009677273,339
arroz blanco,8.586465411744314,340
arroz camarones,8.298783339292532,341
arroz chino,7.8933182311843675,342
arroz papas,8.586465411744314,343
arroz pollo,8.298783339292532,344
arroz wok,8.586465411744314,345
arte,8.075639787978321,346
artesanal,7.739167551357109,347
artesanales,8.586465411744314,348
artistas,8.298783339292532,349
arándanos,8.586465411744314,350
arándanos deliciosa,8.586465411744314,351
asada,8.075639787978321,352
asadas,8.586465411744314,353
asado,7.287182427614052,354
asados,7.739167551357109,355
asados especialmente,8.586465411744314,356
asco,7.8933182311843675,357
aseado,7.8933182311843675,358
asegura,8.586465411744314,359
asegurar,8.298783339292532,360
aseguraron,8.586465411744314,361
aseo,8.298783339292532,362
asequible,7.8933182311843675,363
asequibles,8.075639787978321,364
asientos,8.586465411744314,365
asistimos,8.298783339292532,366
asistir,8.075639787978321,367
asistir familia,8.586465411744314,368
asiática,8.586465411744314,369
aspecto,8.298783339292532,370
aspectos,8.298783339292532,371
asqueroso,8.075639787978321,372
así,5.607540256506703,373
así no,7.605636158732587,374
atencion,6.466201875544222,375
atencion excelente,8.586465411744314,376
atenciones,8.586465411744314,377
atención,3.0650044938820664,378
atención agradable,8.298783339292532,379
atención amabilidad,8.586465411744314,380
atención amable,7.605636158732587,381
atención amables,8.586465411744314,382
atención ambiente,7.200171050624422,383
atención bastante,8.586465411744314,384
atención brindan,8.298783339292532,385
atención buena,5.394618259264031,386
atención buenos,7.739167551357109,387
atención calidad,8.298783339292532,388
atención cliente,6.352873190237219,389
atención comida,6.047491540686036,390
atención deficiente,8.075639787978321,391
atención deliciosa,8.298783339292532,392
atención delicioso,8.298783339292532,393
atención demasiado,8.298783339292532,394
atención demorada,8.075639787978321,395
atención detalle,8.586465411744314,396
atención detalles,8.586465411744314,397
atención domicilio,8.586465411744314,398
atención especial,8.075639787978321,399
atención espectacular,7.605636158732587,400
atención estuvo,8.586465411744314,401
atención estándar,8.298783339292532,402
atención excelente,5.7730546949842765,403
atención excelentes,7.8933182311843675,404
atención excepcional,8.075639787978321,405
atención gastronomía,8.586465411744314,406
atención genial,8.298783339292532,407
atención grosera,8.586465411744314,408
atención impecable,7.487853123076203,409
atención increíble,8.075639787978321,410
atención lugar,7.046020370797164,411
atención magnífica,8.586465411744314,412
atención mala,7.739167551357109,413
atención maravillosa,7.605636158732587,414
atención mediocre,8.586465411744314,415
atención mejor,8.586465411744314,416
atención menú,8.586465411744314,417
atención mesa,8.586465411744314,418
atención mesero,7.605636158732587,419
atención meseros,7.605636158732587,420
atención más,8.586465411744314,421
atención ni,8.586465411744314,422
atención no,6.851864356356207,423
atención normal,8.298783339292532,424
atención pareció,8.586465411744314,425
atención parte,7.382492607418377,426
atención personal,7.487853123076203,427
atención personalizada,8.298783339292532,428
atención precio,8.586465411744314,429
atención precios,7.739167551357109,430
atención productos,8.586465411744314,431
atención puede,8.586465411744314,432
atención pésima,7.287182427614052,433
atención recomiendo,8.586465411744314,434
atención regular,7.8933182311843675,435
atención rápida,7.200171050624422,436
atención rápido,8.586465411744314,437
atención servicio,7.200171050624422,438
atención sin,8.298783339292532,439
atención sitio,8.075639787978321,440
atención solo,8.586465411744314,441
atención súper,7.739167551357109,442
atención también,7.487853123076203,443
atención totalmente,8.298783339292532,444
atención whatsapp,8.586465411744314,445
atender,5.996198246298486,446
atender buena,8.586465411744314,447
atender clientes,7.8933182311843675,448
atender mesa,8.586465411744314,449
atender meseros,8.586465411744314,450
atenderse,8.586465411744314,451
atenderte,8.586465411744314,452
atendido,6.912488978172641,453
atendido no,8.586465411744314,454
atendido propietarios,8.586465411744314,455
atendidos,7.739167551357109,456
atendiendo,8.298783339292532,457
atendieron,6.912488978172641,458
atendió,6.42698116239094,459
atendían,7.8933182311843675,460
atenta,7.8933182311843675,461
atentas,7.605636158732587,462
atento,6.129729638923009,463
atento amable,8.586465411744314,464
atento comida,8.586465411744314,465
atento conocedor,8.586465411744314,466
atento cordial,8.586465411744314,467
atentos,6.021516054282776,468
atentos amables,8.075639787978321,469
atentos dispuestos,8.586465411744314,470
atentos momento,8.586465411744314,471
atienda,8.298783339292532,472
atiendan,7.739167551357109,473
atiende,7.200171050624422,474
atiende teléfono,8.586465411744314,475
atienden,6.047491540686036,476
atienden amables,8.586465411744314,477
atienden hacen,8.586465411744314,478
atienden mala,8.075639787978321,479
atienden rápido,8.586465411744314,480
atienden sirven,8.586465411744314,481
atmósfera,7.382492607418377,482
atmósfera agradable,8.586465411744314,483
atractiva,8.586465411744314,484
atrevieron,8.586465411744314,485
atrevo,8.298783339292532,486
atrevo decir,8.586465411744314,487
atún,8.298783339292532,488
autenticidad,8.298783339292532,489
autor,8.586465411744314,490
autoservicio,8.586465411744314,491
auténtica,7.605636158732587,492
auténtico,7.382492607418377,493
auténtico sabor,8.586465411744314,494
aveces,7.8933182311843675,495
avisan,8.586465411744314,496
avisar,7.8933182311843675,497
ayer,7.382492607418377,498
ayudar,7.8933182311843675,499
ayudaran,8.586465411744314,500
ayudarnos,8.586465411744314,501
azúcar,8.075639787978321,502
año,7.605636158732587,503
años,6.466201875544222,504
años no,8.586465411744314,505
aún,6.283880318750267,506
aún así,7.487853123076203,507
aún mejor,8.586465411744314,508
aún más,7.739167551357109,509
baby,8.298783339292532,510
baby beef,8.586465411744314,511
baja,7.605636158732587,512
baja calidad,8.298783339292532,513
bajado,8.298783339292532,514
bajen,8.586465411744314,515
bajos,8.586465411744314,516
bajos calidad,8.586465411744314,517
balance,8.298783339292532,518
balanceada,8.586465411744314,519
balanceado,8.298783339292532,520
banano,8.586465411744314,521
bancolombia,8.075639787978321,522
bandeja,6.549583484483273,523
bandeja paisa,6.851864356356207,524
bandejas,8.075639787978321,525
bar,8.298783339292532,526
barata,8.586465411744314,527
barato,7.605636158732587,528
barato no,8.298783339292532,529
baratos,8.075639787978321,530
barista,8.298783339292532,531
barra,7.605636158732587,532
barriga,8.586465411744314,533
barril,8.298783339292532,534
barrio,7.739167551357109,535
base,7.605636158732587,536
base café,8.586465411744314,537
bastante,5.196441330680282,538
bastante agradable,7.487853123076203,539
bastante amplia,8.586465411744314,540
bastante arroz,8.586465411744314,541
bastante bueno,8.586465411744314,542
bastante deficiente,8.586465411744314,543
bastante grandes,8.586465411744314,544
bastante no,8.586465411744314,545
bastante tiempo,8.586465411744314,546
bastante variado,8.586465411744314,547
bastantes,8.075639787978321,548
bastantes opciones,8.586465411744314,549
baudilia,7.8933182311843675,550
baño,7.200171050624422,551
baño sucio,8.298783339292532,552
baños,7.739167551357109,553
bbq,7.605636158732587,554
bebida,6.507023870064477,555
bebida no,8.586465411744314,556
bebidas,5.5742038362391115,557
bebidas calientes,8.586465411744314,558
bebidas comida,8.586465411744314,559
bebidas deliciosas,8.298783339292532,560
bebidas presentación,8.586465411744314,561
bebidas sin,8.586465411744314,562
beef,7.8933182311843675,563
beef wellington,8.298783339292532,564
bella,8.298783339292532,565
bello,8.075639787978321,566
bendiciones,8.298783339292532,567
beneficio,8.075639787978321,568
bienvenido,8.586465411744314,569
birria,8.586465411744314,570
birriamen,7.8933182311843675,571
blanca,7.487853123076203,572
blanco,7.8933182311843675,573
blanda,8.586465411744314,574
blandas,8.586465411744314,575
bocado,6.912488978172641,576
bocados,8.586465411744314,577
bofe,8.586465411744314,578
bogota,8.586465411744314,579
bogotá,8.586465411744314,580
bolirana,8.586465411744314,581
bolitas,8.586465411744314,582
boloñesa,8.586465411744314,583
bolsa,7.605636158732587,584
bolsa sin,8.586465411744314,585
bolsillo,8.586465411744314,586
bonita,6.740638721245982,587
bonita experiencia,8.586465411744314,588
bonito,5.131200808811881,589
bonito acogedor,8.075639787978321,590
bonito agradable,8.075639787978321,591
bonito atención,8.298783339292532,592
bonito buena,8.298783339292532,593
bonito comida,7.8933182311843675,594
bonito comodo,8.586465411744314,595
bonito cómodo,8.586465411744314,596
bonito elegante,8.075639787978321,597
bonito lugar,6.912488978172641,598
bonito servicio,8.586465411744314,599
bonitos,7.8933182311843675,600
bono,8.298783339292532,601
borrachos,8.586465411744314,602
botella,8.298783339292532,603
boulevard,8.586465411744314,604
bowl,8.075639787978321,605
bowls,8.586465411744314,606
bravas,8.298783339292532,607
bravas ricas,8.586465411744314,608
brinda,8.298783339292532,609
brindan,7.487853123076203,610
brindaron,8.298783339292532,611
brownie,8.298783339292532,612
brunch,7.8933182311843675,613
brutal,8.586465411744314,614
buen,4.0610601942250835,615
buen ambiente,6.640555262688999,616
buen café,8.075639787978321,617
buen concepto,8.586465411744314,618
buen corte,8.298783339292532,619
buen detalle,8.586465411744314,620
buen espacio,8.586465411744314,621
buen gusto,8.298783339292532,622
buen lugar,5.947408082129054,623
buen menú,8.586465411744314,624
buen momento,8.586465411744314,625
buen parqueadero,8.586465411744314,626
buen plato,8.586465411744314,627
buen precio,6.549583484483273,628
buen sabor,5.856436303923328,629
buen sazón,8.075639787978321,630
buen servicio,5.367589586876112,631
buen sitio,7.200171050624422,632
buen tamaño,8.075639787978321,633
buen tiempo,8.586465411744314,634
buena,3.5029927936957908,635
buena actitud,8.075639787978321,636
buena alternativa,8.586465411744314,637
buena ambientación,8.075639787978321,638
buena ambiente,7.8933182311843675,639
buena atencion,8.586465411744314,640
buena atención,5.100110221741851,641
buena calidad,6.640555262688999,642
buena cantidad,8.075639787978321,643
buena carta,8.586465411744314,644
buena comida,5.480385081021456,645
buena disposición,8.586465411744314,646
buena experiencia,6.466201875544222,647
buena hace,8.586465411744314,648
buena lugar,7.739167551357109,649
buena manera,8.586465411744314,650
buena música,6.740638721245982,651
buena opción,6.851864356356207,652
buena pizza,8.298783339292532,653
buena platos,8.586465411744314,654
buena porción,7.605636158732587,655
buena precio,8.075639787978321,656
buena precios,8.298783339292532,657
buena presentación,8.298783339292532,658
buena relación,7.200171050624422,659
buena sazón,7.8933182311843675,660
buena servicio,7.8933182311843675,661
buena ubicación,8.298783339292532,662
buena variedad,8.298783339292532,663
buena vista,8.298783339292532,664
buenas,5.834930098702364,665
buenas empanadas,8.586465411744314,666
buenas opciones,8.586465411744314,667
buenas pizzas,8.586465411744314,668
buenas porciones,7.739167551357109,669
bueno,4.856763963110121,670
bueno ambiente,8.298783339292532,671
bueno atentos,8.075639787978321,672
bueno buena,8.586465411744314,673
bueno carne,8.586465411744314,674
bueno comida,7.8933182311843675,675
bueno espera,8.586465411744314,676
bueno igual,8.586465411744314,677
bueno lugar,7.8933182311843675,678
bueno rápido,8.586465411744314,679
bueno servicio,8.298783339292532,680
buenos,5.394618259264031,681
buenos atención,8.586465411744314,682
buenos ingredientes,8.586465411744314,683
buenos platos,8.586465411744314,684
buenos precios,6.507023870064477,685
buenos productos,8.075639787978321,686
buenos servicio,8.586465411744314,687
buenísima,8.075639787978321,688
burger,8.298783339292532,689
burger master,8.586465411744314,690
burguer,8.075639787978321,691
buscan,7.287182427614052,692
buscan comida,8.586465411744314,693
buscando,8.298783339292532,694
buscar,7.487853123076203,695
buscas,7.487853123076203,696
buscas lugar,8.298783339292532,697
busque,8.586465411744314,698
busquen,8.586465411744314,699
básica,8.298783339292532,700
básico,7.739167551357109,701
básicos,8.298783339292532,702
cabe,8.075639787978321,703
cabello,8.298783339292532,704
cafe,7.487853123076203,705
cafe delicioso,8.586465411744314,706
café,5.856436303923328,707
café chocolate,8.298783339292532,708
café comida,8.586465411744314,709
café delicioso,8.586465411744314,710
cafés,7.487853123076203,711
caigan,8.586465411744314,712
caja,6.912488978172641,713
caja arroz,8.586465411744314,714
cajera,7.739167551357109,715
cajero,8.075639787978321,716
caldas,7.8933182311843675,717
caldo,7.287182427614052,718
caldos,8.586465411744314,719
cali,7.605636158732587,720
calida,8.298783339292532,721
calidad,4.277905928952304,722
calidad ambiente,8.298783339292532,723
calidad arroz,8.586465411744314,724
calidad atención,8.298783339292532,725
calidad buen,8.298783339292532,726
calidad buena,8.586465411744314,727
calidad cantidad,8.075639787978321,728
calidad carne,8.586465411744314,729
calidad comida,6.851864356356207,730
calidad excelente,7.8933182311843675,731
calidad general,8.586465411744314,732
calidad ingredientes,8.075639787978321,733
calidad no,7.605636158732587,734
calidad platos,7.605636158732587,735
calidad porción,8.586465411744314,736
calidad precio,6.188570138945942,737
calidad presentación,8.075639787978321,738
calidad producto,8.298783339292532,739
calidad productos,7.382492607418377,740
calidad sabor,7.605636158732587,741
calidad servicio,7.8933182311843675,742
calidad sushi,8.586465411744314,743
calidez,7.382492607418377,744
caliente,7.120128342950886,745
calientes,7.739167551357109,746
calificación,7.487853123076203,747
calificación estrellas,8.586465411744314,748
calificado,8.586465411744314,749
callana,8.586465411744314,750
calle,6.912488978172641,751
calle cra,8.298783339292532,752
calor,7.739167551357109,753
camarera,8.298783339292532,754
camareros,8.586465411744314,755
camarones,6.912488978172641,756
camarones no,8.586465411744314,757
camarones panko,8.586465411744314,758
camarón,8.586465411744314,759
cambia,8.298783339292532,760
cambiado,8.586465411744314,761
cambian,8.586465411744314,762
cambiar,8.075639787978321,763
cambien,8.586465411744314,764
cambio,7.487853123076203,765
cambios,8.298783339292532,766
campanario,8.298783339292532,767
campesino,8.586465411744314,768
campestre,8.298783339292532,769
cancelar,7.8933182311843675,770
cancelar pedido,8.586465411744314,771
cansa,8.586465411744314,772
cantantes,8.586465411744314,773
cantidad,6.021516054282776,774
cantidad calidad,8.075639787978321,775
cantidad comida,8.298783339292532,776
cantidad no,8.586465411744314,777
cantidad pequeña,8.586465411744314,778
cantidad personas,8.298783339292532,779
cantidad precio,8.075639787978321,780
cantidades,8.586465411744314,781
cantina,8.586465411744314,782
capaces,8.075639787978321,783
capacidad,8.298783339292532,784
capacitación,8.586465411744314,785
capacitadas,8.586465411744314,786
capaz,8.298783339292532,787
capuchino,8.586465411744314,788
cara,7.287182427614052,789
caracteriza,8.298783339292532,790
carantanta,6.42698116239094,791
carantanta ahogao,8.586465411744314,792
carantanta empanadas,8.586465411744314,793
carantanta hogao,7.8933182311843675,794
carantantas,6.912488978172641,795
carantantas hogao,8.586465411744314,796
caras,8.586465411744314,797
carbonara,8.298783339292532,798
carbón,8.298783339292532,799
cargar,8.586465411744314,800
cargo,8.298783339292532,801
cariño,8.075639787978321,802
carlos,8.586465411744314,803
carne,5.031117350254899,804
carne angus,8.586465411744314,805
carne buen,8.586465411744314,806
carne buena,8.586465411744314,807
carne cerdo,8.586465411744314,808
carne deliciosa,8.298783339292532,809
carne demasiado,8.586465411744314,810
carne dura,8.075639787978321,811
carne llanera,8.298783339292532,812
carne molida,8.586465411744314,813
carne no,7.200171050624422,814
carne pasada,8.586465411744314,815
carne res,7.8933182311843675,816
carne seca,8.586465411744314,817
carne tenía,8.586465411744314,818
carne término,8.075639787978321,819
carnes,5.947408082129054,820
carnes asadas,8.586465411744314,821
carnes mejores,8.586465411744314,822
carnes parrilla,8.298783339292532,823
carnes platos,8.586465411744314,824
caro,6.851864356356207,825
caros,7.8933182311843675,826
carro,8.298783339292532,827
carros,8.298783339292532,828
carta,4.922903765614667,829
carta amplia,7.8933182311843675,830
carta bastante,8.298783339292532,831
carta carnes,8.586465411744314,832
carta dice,8.586465411744314,833
carta dijo,8.298783339292532,834
carta está,8.298783339292532,835
carta excelente,8.298783339292532,836
carta limitada,8.586465411744314,837
carta lugar,8.586465411744314,838
carta meseros,8.586465411744314,839
carta ni,8.586465411744314,840
carta no,7.487853123076203,841
carta precios,8.586465411744314,842
carta sería,8.586465411744314,843
carta solo,8.586465411744314,844
carta variada,7.739167551357109,845
cartas,8.586465411744314,846
carácter,8.586465411744314,847
casa,6.188570138945942,848
casa abuela,8.586465411744314,849
casera,7.487853123076203,850
casero,7.605636158732587,851
casero atención,8.586465411744314,852
caso,7.382492607418377,853
casona,8.586465411744314,854
casos,8.298783339292532,855
casual,8.298783339292532,856
casuela,8.586465411744314,857
categoría,8.586465411744314,858
caucana,8.298783339292532,859
caucanas,8.298783339292532,860
caucano,8.298783339292532,861
cazuela,6.594035247054107,862
cazuela frijoles,8.586465411744314,863
cazuela mariscos,7.8933182311843675,864
cazuela no,8.298783339292532,865
cazuelas,8.298783339292532,866
cebolla,7.739167551357109,867
cebolla no,8.586465411744314,868
celebraciones,7.287182427614052,869
celebraciones familiares,8.586465411744314,870
celebración,6.912488978172641,871
celebramos,8.075639787978321,872
celebrar,6.7947059425162575,873
celebrar aniversario,8.586465411744314,874
celebrar cualquier,8.586465411744314,875
celebrar cumpleaños,7.739167551357109,876
celebrar fecha,8.586465411744314,877
celular,7.8933182311843675,878
cena,6.851864356356207,879
cena romántica,8.586465411744314,880
cenar,6.851864356356207,881
cenas,8.586465411744314,882
central,8.298783339292532,883
central comida,8.586465411744314,884
centro,6.219341797612696,885
centro ciudad,8.298783339292532,886
centro comercial,8.586465411744314,887
centro histórico,7.046020370797164,888
cerca,6.7947059425162575,889
cerca centro,8.075639787978321,890
cerca zona,8.586465411744314,891
cercano,8.075639787978321,892
cercanos,8.586465411744314,893
cerdo,6.851864356356207,894
cero,7.120128342950886,895
cero recomendado,8.586465411744314,896
cerrado,7.382492607418377,897
cerrando,8.298783339292532,898
cerrar,8.586465411744314,899
cerraron,8.075639787978321,900
cerveza,8.298783339292532,901
chai,8.586465411744314,902
champiñones,7.287182427614052,903
champús,7.120128342950886,904
chashu,8.298783339292532,905
chat,7.8933182311843675,906
cheesecake,8.298783339292532,907
chef,6.740638721245982,908
chef equipo,8.586465411744314,909
chemex,8.586465411744314,910
chevere,7.8933182311843675,911
chica,7.287182427614052,912
chica atendió,8.075639787978321,913
chicas,8.586465411744314,914
chicharrón,7.287182427614052,915
chicharrón extremadamente,8.586465411744314,916
chicken,8.586465411744314,917
chicludo,8.586465411744314,918
chico,7.382492607418377,919
chico amable,8.586465411744314,920
chico atendió,8.298783339292532,921
chicos,7.739167551357109,922
chimichurri,8.586465411744314,923
china,7.739167551357109,924
chino,7.739167551357109,925
chocolate,7.200171050624422,926
chocolates,8.586465411744314,927
chontaduro,7.8933182311843675,928
chontanadas,8.586465411744314,929
chorizo,7.739167551357109,930
chorizos,8.586465411744314,931
chuleta,6.640555262688999,932
chuleta cerdo,8.075639787978321,933
chuleta trajeron,8.586465411744314,934
chuletas,8.075639787978321,935
churrasco,7.382492607418377,936
churrasco argentino,8.586465411744314,937
chévere,8.075639787978321,938
cierre,8.586465411744314,939
cierta,8.586465411744314,940
ciertas,8.586465411744314,941
cierto,7.8933182311843675,942
ciertos,8.298783339292532,943
cinco,7.739167551357109,944
cinco estrellas,8.075639787978321,945
cita,8.586465411744314,946
ciudad,5.050348712182787,947
ciudad además,8.586465411744314,948
ciudad atención,8.586465411744314,949
ciudad blanca,8.075639787978321,950
ciudad comida,7.739167551357109,951
ciudad no,8.298783339292532,952
ciudad sin,8.586465411744314,953
clara,8.298783339292532,954
claramente,8.075639787978321,955
claramente no,8.298783339292532,956
claro,7.8933182311843675,957
clase,8.586465411744314,958
clave,8.586465411744314,959
clienta,8.298783339292532,960
cliente,5.131200808811881,961
cliente bueno,8.586465411744314,962
cliente chat,8.586465411744314,963
cliente comida,8.298783339292532,964
cliente cómo,8.586465411744314,965
cliente excelente,8.586465411744314,966
cliente fiel,8.586465411744314,967
cliente habitual,8.586465411744314,968
cliente mala,8.586465411744314,969
cliente momento,8.586465411744314,970
cliente más,8.586465411744314,971
cliente no,8.075639787978321,972
cliente pésimo,8.586465411744314,973
clientela,8.075639787978321,974
clientes,5.947408082129054,975
clientes no,7.8933182311843675,976
clientes sientan,8.586465411744314,977
clásica,8.298783339292532,978
clásicas,8.298783339292532,979
clásico,8.298783339292532,980
cobraban,8.586465411744314,981
cobrado,8.586465411744314,982
cobran,6.740638721245982,983
cobran propina,8.075639787978321,984
cobrando,8.586465411744314,985
cobrar,7.605636158732587,986
cobraron,6.977027499310212,987
cobren,8.298783339292532,988
cobro,8.298783339292532,989
cocción,7.200171050624422,990
cocida,8.298783339292532,991
cocidos,8.586465411744314,992
cocina,5.92387758471886,993
cocina no,8.586465411744314,994
cocinan,8.586465411744314,995
cocineras,8.586465411744314,996
coco,7.046020370797164,997
coctelería,8.075639787978321,998
cocteles,8.586465411744314,999
coherente,8.586465411744314,1000
cola,8.586465411744314,1001
colaciones,8.586465411744314,1002
colegio,8.586465411744314,1003
colmo,7.8933182311843675,1004
colocan,8.298783339292532,1005
colocar,8.586465411744314,1006
colombiana,7.8933182311843675,1007
colombiano,7.487853123076203,1008
colombianos,8.586465411744314,1009
colonial,7.487853123076203,1010
color,8.075639787978321,1011
colorantes,8.586465411744314,1012
colores,8.298783339292532,1013
coman,8.586465411744314,1014
combate,8.586465411744314,1015
combina,7.8933182311843675,1016
combina ambiente,8.586465411744314,1017
combinaciones,8.075639787978321,1018
combinación,7.8933182311843675,1019
combinan,8.298783339292532,1020
combinar,8.586465411744314,1021
combo,8.075639787978321,1022
come,8.586465411744314,1023
comensal,8.586465411744314,1024
comensales,7.487853123076203,1025
comentamos,8.586465411744314,1026
comentar,8.298783339292532,1027
comentario,8.298783339292532,1028
comentarios,7.287182427614052,1029
comentarles,8.586465411744314,1030
comenzó,8.586465411744314,1031
comer,5.031117350254899,1032
comer ahí,8.298783339292532,1033
comer aquí,8.298783339292532,1034
comer buen,8.586465411744314,1035
comer bueno,8.586465411744314,1036
comer comida,8.586465411744314,1037
comer delicioso,8.075639787978321,1038
comer empanadas,8.586465411744314,1039
comer hamburguesas,8.586465411744314,1040
comer lugar,8.298783339292532,1041
comer más,8.298783339292532,1042
comer no,8.586465411744314,1043
comer pizza,8.586465411744314,1044
comer pollo,8.586465411744314,1045
comer rico,7.739167551357109,1046
comer sitio,8.586465411744314,1047
comercial,7.8933182311843675,1048
comercial campanario,8.586465411744314,1049
comerme,8.586465411744314,1050
comerse,8.586465411744314,1051
comes,8.298783339292532,1052
comida,2.6271797630005658,1053
comida aceptable,8.586465411744314,1054
comida ambiente,6.912488978172641,1055
comida asiática,8.586465411744314,1056
comida atencion,8.586465411744314,1057
comida atención,6.283880318750267,1058
comida bastante,7.8933182311843675,1059
comida bebidas,8.586465411744314,1060
comida buen,6.7947059425162575,1061
comida buena,5.677744515179952,1062
comida buenas,8.586465411744314,1063
comida buenos,8.298783339292532,1064
comida calidad,8.586465411744314,1065
comida casera,8.075639787978321,1066
comida china,8.075639787978321,1067
comida compartir,8.586465411744314,1068
comida corriente,8.586465411744314,1069
comida costosa,8.075639787978321,1070
comida cócteles,8.586465411744314,1071
comida decepción,8.586465411744314,1072
comida deja,8.586465411744314,1073
comida deli,8.075639787978321,1074
comida deliciosa,4.514593705374271,1075
comida delicioso,7.8933182311843675,1076
comida demasiado,8.075639787978321,1077
comida demora,8.298783339292532,1078
comida demoró,8.298783339292532,1079
comida encantó,8.586465411744314,1080
comida especial,8.298783339292532,1081
comida espectacular,6.851864356356207,1082
comida estuvo,6.689345426858432,1083
comida está,7.046020370797164,1084
comida excelente,5.971505633708115,1085
comida excelentes,8.075639787978321,1086
comida experiencia,8.586465411744314,1087
comida exquisita,6.7947059425162575,1088
comida fresca,7.605636158732587,1089
comida fría,7.8933182311843675,1090
comida general,8.586465411744314,1091
comida genial,8.075639787978321,1092
comida gourmet,8.298783339292532,1093
comida gran,8.586465411744314,1094
comida grasosa,8.586465411744314,1095
comida italiana,8.298783339292532,1096
comida japonesa,8.298783339292532,1097
comida lastima,8.586465411744314,1098
comida libanesa,8.586465411744314,1099
comida llega,8.586465411744314,1100
comida llegó,7.8933182311843675,1101
comida lugar,7.200171050624422,1102
comida mala,7.8933182311843675,1103
comida malita,8.586465411744314,1104
comida mar,6.689345426858432,1105
comida mejor,7.382492607418377,1106
comida mesa,8.586465411744314,1107
comida mexicana,7.382492607418377,1108
comida más,8.298783339292532,1109
comida nada,8.298783339292532,1110
comida ni,8.298783339292532,1111
comida nivel,8.586465411744314,1112
comida no,6.352873190237219,1113
comida normal,7.739167551357109,1114
comida nunca,8.586465411744314,1115
comida ofrecen,8.586465411744314,1116
comida pacifico,8.298783339292532,1117
comida pacífico,7.8933182311843675,1118
comida pedí,8.298783339292532,1119
comida porciones,8.298783339292532,1120
comida precios,7.8933182311843675,1121
comida preparada,8.298783339292532,1122
comida preparan,8.586465411744314,1123
comida puede,7.8933182311843675,1124
comida pésima,8.298783339292532,1125
comida pésimo,8.586465411744314,1126
comida realmente,8.298783339292532,1127
comida recomendado,8.075639787978321,1128
comida regular,8.075639787978321,1129
comida rica,5.242426443922106,1130
comida rico,8.298783339292532,1131
comida riquísima,8.298783339292532,1132
comida rápida,7.605636158732587,1133
comida sabor,8.075639787978321,1134
comida sabrosa,8.075639787978321,1135
comida sazón,8.298783339292532,1136
comida servicio,6.640555262688999,1137
comida servida,8.298783339292532,1138
comida simple,8.586465411744314,1139
comida simplemente,7.8933182311843675,1140
comida sin,7.8933182311843675,1141
comida sirven,8.586465411744314,1142
comida sirvieron,8.586465411744314,1143
comida super,7.120128342950886,1144
comida súper,7.382492607418377,1145
comida también,7.605636158732587,1146
comida tarda,8.586465411744314,1147
comida tipica,8.586465411744314,1148
comida tipo,8.586465411744314,1149
comida tradicional,7.739167551357109,1150
comida típica,6.689345426858432,1151
comida ubicado,8.586465411744314,1152
comida vegetariana,8.586465411744314,1153
comida verdad,7.739167551357109,1154
comidas,6.074159787768198,1155
comidas bebidas,8.586465411744314,1156
comidas rápidas,7.8933182311843675,1157
comidas típicas,8.298783339292532,1158
comido,7.046020370797164,1159
comido vida,8.586465411744314,1160
comiendo,7.605636158732587,1161
comienzo,8.586465411744314,1162
comimos,7.200171050624422,1163
comimos carantanta,8.586465411744314,1164
comimos tacos,8.586465411744314,1165
comió,8.586465411744314,1166
comoda,8.586465411744314,1167
comodidad,7.739167551357109,1168
comodidad clientes,8.586465411744314,1169
comodo,8.586465411744314,1170
comparación,7.605636158732587,1171
comparación lugar,8.586465411744314,1172
comparado,8.298783339292532,1173
compartiendo,8.586465411744314,1174
compartimos,8.586465411744314,1175
compartir,5.266237092615825,1176
compartir ambiente,8.586465411744314,1177
compartir amigos,7.382492607418377,1178
compartir buen,8.586465411744314,1179
compartir buena,8.298783339292532,1180
compartir comida,8.298783339292532,1181
compartir disfrutar,8.075639787978321,1182
compartir experiencia,8.586465411744314,1183
compartir familia,6.317781870425948,1184
compartir familiares,8.586465411744314,1185
compartir mesa,8.586465411744314,1186
compartir momentos,8.586465411744314,1187
compañera,8.298783339292532,1188
compañeros,8.586465411744314,1189
compañía,8.298783339292532,1190
compensa,7.605636158732587,1191
complementos,8.586465411744314,1192
completa,7.487853123076203,1193
completamente,7.605636158732587,1194
completamente lleno,8.586465411744314,1195
completar,8.298783339292532,1196
completas,8.586465411744314,1197
completo,7.382492607418377,1198
complican,8.586465411744314,1199
componentes,8.586465411744314,1200
comprando,8.586465411744314,1201
comprar,7.487853123076203,1202
comprar pan,8.586465411744314,1203
comprobante,8.586465411744314,1204
compré,8.586465411744314,1205
comunes,8.586465411744314,1206
comunicación,8.298783339292532,1207
comí,7.487853123076203,1208
común,7.739167551357109,1209
concepto,7.287182427614052,1210
conclusión,7.739167551357109,1211
concurrido,8.075639787978321,1212
condiciones,8.298783339292532,1213
condimentada,8.298783339292532,1214
condimentos,8.586465411744314,1215
confianza,8.586465411744314,1216
confirmar,8.586465411744314,1217
conforme,7.8933182311843675,1218
confundieron,8.586465411744314,1219
confusiones,8.586465411744314,1220
congestionado,8.586465411744314,1221
conocedor,8.586465411744314,1222
conocer,7.287182427614052,1223
conoci,8.586465411744314,1224
conoci hace,8.586465411744314,1225
conocido,8.298783339292532,1226
conocimos,8.586465411744314,1227
conozco,7.8933182311843675,1228
conserva,8.586465411744314,1229
conservan,8.075639787978321,1230
considerablemente,8.586465411744314,1231
consideración,8.586465411744314,1232
consideran,8.586465411744314,1233
considerando,8.298783339292532,1234
considero,7.487853123076203,1235
considero mejor,8.586465411744314,1236
consigue,8.586465411744314,1237
consistencia,7.605636158732587,1238
consistencia no,8.298783339292532,1239
consistente,8.298783339292532,1240
consomé,7.605636158732587,1241
constante,8.586465411744314,1242
consumidor,8.586465411744314,1243
consumiendo,8.586465411744314,1244
consumimos,8.586465411744314,1245
consumir,8.075639787978321,1246
consumo,8.298783339292532,1247
contar,8.075639787978321,1248
contenido,8.586465411744314,1249
contenta,8.586465411744314,1250
contento,8.075639787978321,1251
contesta,7.8933182311843675,1252
contestan,7.287182427614052,1253
contestar,7.8933182311843675,1254
contrario,8.075639787978321,1255
contratan,8.586465411744314,1256
contratar,8.298783339292532,1257
contratar más,8.586465411744314,1258
control,8.586465411744314,1259
convenció,8.586465411744314,1260
conversación,7.739167551357109,1261
conversando,8.586465411744314,1262
conversar,8.298783339292532,1263
convertido,8.075639787978321,1264
cop,8.586465411744314,1265
copa,8.298783339292532,1266
corazón,7.8933182311843675,1267
corazón ciudad,8.586465411744314,1268
cordial,7.382492607418377,1269
cordiales,8.586465411744314,1270
cordialidad,8.075639787978321,1271
corresponde,8.586465411744314,1272
corrientazo,8.298783339292532,1273
corrientazos,8.586465411744314,1274
corriente,8.075639787978321,1275
cortar,8.586465411744314,1276
corte,7.120128342950886,1277
corte carne,7.8933182311843675,1278
corte ofrecen,8.586465411744314,1279
cortes,7.739167551357109,1280
cortesía,7.739167551357109,1281
cortesía amabilidad,8.586465411744314,1282
cortos,8.298783339292532,1283
cosa,6.977027499310212,1284
cosas,6.549583484483273,1285
cosecha,8.586465411744314,1286
cositas,8.298783339292532,1287
costaba,8.075639787978321,1288
costilla,7.605636158732587,1289
costillas,7.287182427614052,1290
costillas bbq,8.586465411744314,1291
costillitas,8.586465411744314,1292
costo,6.389240834408094,1293
costo beneficio,8.298783339292532,1294
costo comida,8.586465411744314,1295
costo elevado,8.586465411744314,1296
costo no,8.586465411744314,1297
costos,7.8933182311843675,1298
costos elevados,8.586465411744314,1299
costosa,7.120128342950886,1300
costoso,6.549583484483273,1301
costoso no,8.586465411744314,1302
costoso ofrecen,8.586465411744314,1303
costosos,8.075639787978321,1304
costó,8.586465411744314,1305
costó mil,8.586465411744314,1306
coworking,8.586465411744314,1307
cra,8.298783339292532,1308
crea,8.586465411744314,1309
creación,8.586465411744314,1310
crean,8.298783339292532,1311
crean ambiente,8.586465411744314,1312
crear,8.298783339292532,1313
creatividad,8.075639787978321,1314
creen,8.298783339292532,1315
creer,8.586465411744314,1316
crema,7.382492607418377,1317
crema agria,8.075639787978321,1318
cremoso,8.298783339292532,1319
creo,6.352873190237219,1320
creo deberían,8.586465411744314,1321
creo no,8.298783339292532,1322
creo pueden,8.586465411744314,1323
crepa,7.739167551357109,1324
crepe,8.586465411744314,1325
crepes,7.200171050624422,1326
crepé,7.8933182311843675,1327
criolla,8.586465411744314,1328
crocante,8.075639787978321,1329
crocantes,8.298783339292532,1330
cruda,8.298783339292532,1331
crudas,8.586465411744314,1332
crudo,7.739167551357109,1333
crudos,7.8933182311843675,1334
crujiente,8.586465411744314,1335
crujiente fuera,8.586465411744314,1336
crujientes,8.298783339292532,1337
crédito,8.586465411744314,1338
crítica,8.586465411744314,1339
cuadra,8.075639787978321,1340
cuadras,8.586465411744314,1341
cualquier,6.047491540686036,1342
cualquier celebración,8.298783339292532,1343
cualquier hora,8.298783339292532,1344
cualquier ocasión,8.075639787978321,1345
cualquier pedido,8.586465411744314,1346
cualquier plato,8.586465411744314,1347
cualquier tipo,8.586465411744314,1348
cualquiera,7.8933182311843675,1349
cualquiera quiera,8.586465411744314,1350
cuatro,8.586465411744314,1351
cubiertos,7.382492607418377,1352
cuchara,8.586465411744314,1353
cuenta,5.495422958385997,1354
cuenta espacio,8.586465411744314,1355
cuenta estacionamiento,8.586465411744314,1356
cuenta no,8.586465411744314,1357
cuenta parqueadero,7.739167551357109,1358
cuentan,7.605636158732587,1359
cuentas,8.298783339292532,1360
cuento,8.298783339292532,1361
cuerpo,8.586465411744314,1362
cuesta,8.586465411744314,1363
cuestión,7.739167551357109,1364
cuestión sabor,8.586465411744314,1365
cuidado,6.640555262688999,1366
cuidado detalle,8.298783339292532,1367
cuidado preparación,8.298783339292532,1368
cuidadosamente,8.586465411744314,1369
cuidadosos,8.586465411744314,1370
cuidadosos detalles,8.586465411744314,1371
cuidan,8.075639787978321,1372
cuidar,8.075639787978321,1373
cuidar vehículos,8.586465411744314,1374
culinaria,7.120128342950886,1375
culinaria inolvidable,8.586465411744314,1376
cultura,7.382492607418377,1377
cumple,7.605636158732587,1378
cumple expectativas,8.586465411744314,1379
cumpleaños,6.42698116239094,1380
cumpleaños día,8.586465411744314,1381
cumpleaños lugar,8.586465411744314,1382
cumplen,8.586465411744314,1383
cumplió,7.739167551357109,1384
cumplió expectativas,7.8933182311843675,1385
curso,8.298783339292532,1386
curso atención,8.586465411744314,1387
cuál,7.8933182311843675,1388
cuánto,8.586465411744314,1389
cálida,7.8933182311843675,1390
cálido,7.200171050624422,1391
cálido acogedor,8.298783339292532,1392
cámaras,8.586465411744314,1393
céntrica,8.586465411744314,1394
cócteles,7.120128342950886,1395
cócteles preparados,8.586465411744314,1396
código,7.382492607418377,1397
cómida,7.8933182311843675,1398
cómida deliciosa,8.586465411744314,1399
cómo,6.389240834408094,1400
cómo demás,8.586465411744314,1401
cómo posible,8.298783339292532,1402
cómoda,8.298783339292532,1403
cómodas,8.298783339292532,1404
cómodo,6.640555262688999,1405
cómodo amplio,8.586465411744314,1406
cómodo comida,8.586465411744314,1407
cómodos,7.605636158732587,1408
daba,8.075639787978321,1409
dado,8.075639787978321,1410
dan,6.158717175796261,1411
dan bebida,8.586465411744314,1412
dan buena,8.586465411744314,1413
dan ganas,8.298783339292532,1414
dan opciones,8.586465411744314,1415
dan solución,8.586465411744314,1416
dando,8.586465411744314,1417
dar,7.120128342950886,1418
dar buenas,8.586465411744314,1419
dar opinión,8.586465411744314,1420
darle,7.605636158732587,1421
darles,8.586465411744314,1422
darme,8.586465411744314,1423
darse,8.075639787978321,1424
darse oportunidad,8.586465411744314,1425
datafono,8.298783339292532,1426
datáfono,7.8933182311843675,1427
daviplata,8.586465411744314,1428
daña,8.586465411744314,1429
dañada,8.075639787978321,1430
dañado,8.075639787978321,1431
debajo,8.586465411744314,1432
debe,6.594035247054107,1433
debe mejorar,8.298783339292532,1434
debe más,8.586465411744314,1435
deben,6.352873190237219,1436
deben mejorar,6.977027499310212,1437
deben realizar,8.586465411744314,1438
deber,8.586465411744314,1439
deberian,8.586465411744314,1440
debería,7.382492607418377,1441
deberían,6.549583484483273,1442
deberían contratar,8.586465411744314,1443
deberían implementar,8.586465411744314,1444
debes,7.605636158732587,1445
debido,8.298783339292532,1446
debiendo,8.586465411744314,1447
debo,8.075639787978321,1448
debo decir,8.298783339292532,1449
decente,8.298783339292532,1450
decentes,8.586465411744314,1451
decepcionada,7.487853123076203,1452
decepcionado,7.739167551357109,1453
decepcionado lugar,8.586465411744314,1454
decepcionan,8.298783339292532,1455
decepcionante,7.487853123076203,1456
decepcionó,7.8933182311843675,1457
decepción,6.977027499310212,1458
decepción total,8.586465411744314,1459
decidieron,8.586465411744314,1460
decidimos,7.605636158732587,1461
decidimos irnos,8.586465411744314,1462
decir,6.074159787768198,1463
decir carta,8.586465411744314,1464
decir nada,8.586465411744314,1465
decir no,8.075639787978321,1466
decirle,7.8933182311843675,1467
decirle no,8.298783339292532,1468
decirlo,8.586465411744314,1469
decisión,8.586465411744314,1470
decoracion,8.586465411744314,1471
decoración,5.753252067688097,1472
decoración acuerdo,8.586465411744314,1473
decoración atención,8.586465411744314,1474
decoración bonita,8.298783339292532,1475
decoración hace,8.586465411744314,1476
decoración mesa,8.586465411744314,1477
decoración servicio,8.586465411744314,1478
decorado,7.487853123076203,1479
decía,7.8933182311843675,1480
dedicación,8.298783339292532,1481
deficiente,7.287182427614052,1482
definitiva,8.586465411744314,1483
definitivamente,6.594035247054107,1484
definitivamente lugar,8.586465411744314,1485
definitivamente mala,8.586465411744314,1486
definitivamente no,8.075639787978321,1487
definitivamente volvería,8.586465411744314,1488
degustar,7.200171050624422,1489
degustar platos,8.586465411744314,1490
deja,6.977027499310212,1491
deja desear,7.605636158732587,1492
dejado,8.075639787978321,1493
dejan,7.382492607418377,1494
dejan entrar,8.586465411744314,1495
dejar,6.851864356356207,1496
dejar probar,8.586465411744314,1497
dejar vehículo,8.298783339292532,1498
dejar visitar,8.586465411744314,1499
dejaron,7.046020370797164,1500
dejen,8.075639787978321,1501
dejo,8.075639787978321,1502
dejó,8.075639787978321,1503
dejó carta,8.586465411744314,1504
deleitar,8.586465411744314,1505
deleitarse,8.586465411744314,1506
deleite,8.586465411744314,1507
delgada,8.586465411744314,1508
deli,7.382492607418377,1509
delicada,8.586465411744314,1510
delicadeza,8.298783339292532,1511
delicado,8.586465411744314,1512
delicia,6.977027499310212,1513
delicia comida,8.586465411744314,1514
delicia paladar,8.586465411744314,1515
delicias,7.382492607418377,1516
delicias tradicionales,8.586465411744314,1517
deliciosa,3.919886597627578,1518
deliciosa ambiente,7.605636158732587,1519
deliciosa atención,6.594035247054107,1520
deliciosa auténtica,8.586465411744314,1521
deliciosa buen,8.075639787978321,1522
deliciosa buena,7.605636158732587,1523
deliciosa buenos,8.586465411744314,1524
deliciosa comida,5.996198246298486,1525
deliciosa diferente,8.586465411744314,1526
deliciosa encantó,8.586465411744314,1527
deliciosa excelente,8.298783339292532,1528
deliciosa fresca,8.586465411744314,1529
deliciosa gracias,8.586465411744314,1530
deliciosa lugar,7.605636158732587,1531
deliciosa menú,8.298783339292532,1532
deliciosa nada,8.586465411744314,1533
deliciosa ofrecen,8.586465411744314,1534
deliciosa pedimos,8.586465411744314,1535
deliciosa pedí,8.586465411744314,1536
deliciosa personal,8.298783339292532,1537
deliciosa personas,8.586465411744314,1538
deliciosa pizza,8.586465411744314,1539
deliciosa precios,8.586465411744314,1540
deliciosa presentación,8.298783339292532,1541
deliciosa recomendado,8.075639787978321,1542
deliciosa recomiendo,8.586465411744314,1543
deliciosa relación,8.586465411744314,1544
deliciosa sabor,8.586465411744314,1545
deliciosa servicio,7.487853123076203,1546
deliciosa típica,8.586465411744314,1547
deliciosas,5.7147857868603005,1548
deliciosas hamburguesas,8.586465411744314,1549
deliciosas no,8.586465411744314,1550
deliciosas recomiendo,8.586465411744314,1551
delicioso,4.722233070152515,1552
delicioso ambiente,8.075639787978321,1553
delicioso atención,8.075639787978321,1554
delicioso auténtico,8.586465411744314,1555
delicioso buen,8.586465411744314,1556
delicioso buena,8.298783339292532,1557
delicioso cremoso,8.586465411744314,1558
delicioso excelente,8.298783339292532,1559
delicioso gusta,8.586465411744314,1560
delicioso kumis,8.586465411744314,1561
delicioso lugar,8.586465411744314,1562
delicioso menú,7.8933182311843675,1563
delicioso nota,8.586465411744314,1564
delicioso ofrecen,8.586465411744314,1565
delicioso plato,8.586465411744314,1566
delicioso postre,8.586465411744314,1567
delicioso precios,8.586465411744314,1568
delicioso sabor,7.8933182311843675,1569
delicioso súper,8.586465411744314,1570
delicioso vale,8.586465411744314,1571
deliciosos,5.642026432577873,1572
deliciosos excelente,8.586465411744314,1573
deliciosos lugar,8.586465411744314,1574
deliciosos platos,7.739167551357109,1575
demanda,8.586465411744314,1576
demasiada,8.075639787978321,1577
demasiado,5.394618259264031,1578
demasiado agradable,8.298783339292532,1579
demasiado caro,8.586465411744314,1580
demasiado largo,8.586465411744314,1581
demasiado rico,8.298783339292532,1582
demasiado ruidoso,8.586465411744314,1583
demasiado servir,8.075639787978321,1584
demora,5.971505633708115,1585
demora comida,8.298783339292532,1586
demora demasiado,8.075639787978321,1587
demora entrega,8.586465411744314,1588
demora exagerada,8.586465411744314,1589
demora hora,8.586465411744314,1590
demora más,8.298783339292532,1591
demora servir,8.586465411744314,1592
demoraba,8.075639787978321,1593
demorada,7.287182427614052,1594
demorada atención,8.586465411744314,1595
demorada comida,8.586465411744314,1596
demorado,6.188570138945942,1597
demorado más,8.586465411744314,1598
demorado servicio,8.586465411744314,1599
demorados,7.605636158732587,1600
demorados entregar,8.586465411744314,1601
demoran,6.42698116239094,1602
demoran demasiado,8.298783339292532,1603
demoran hora,8.586465411744314,1604
demoran muchísimo,8.586465411744314,1605
demoran más,8.298783339292532,1606
demoran servir,8.586465411744314,1607
demoraron,6.594035247054107,1608
demoraron demasiado,8.298783339292532,1609
demoraron hora,8.075639787978321,1610
demoras,8.586465411744314,1611
demore,8.586465411744314,1612
demoro,8.075639787978321,1613
demoró,7.046020370797164,1614
demoró horas,8.586465411744314,1615
demoró más,7.8933182311843675,1616
demuestra,8.298783339292532,1617
demás,6.219341797612696,1618
demás no,8.586465411744314,1619
demás platos,8.298783339292532,1620
den,8.075639787978321,1621
denigrante,8.586465411744314,1622
dentro,7.046020370797164,1623
depende,7.8933182311843675,1624
deplorable,8.298783339292532,1625
depronto,8.586465411744314,1626
derecho,8.586465411744314,1627
desabrida,8.075639787978321,1628
desactualizados,8.586465411744314,1629
desafortunadamente,8.298783339292532,1630
desagradable,7.046020370797164,1631
desagradable no,8.586465411744314,1632
desagradable ver,8.586465411744314,1633
desatenta,8.586465411744314,1634
desayunar,7.8933182311843675,1635
desayunar tardear,8.586465411744314,1636
desayuno,8.586465411744314,1637
desayunos,7.739167551357109,1638
desayunos ricos,8.586465411744314,1639
descomposición,8.586465411744314,1640
descorche,8.298783339292532,1641
descripción,8.298783339292532,1642
descuento,8.298783339292532,1643
descuido,8.586465411744314,1644
desea,8.298783339292532,1645
desear,7.287182427614052,1646
deseas,7.739167551357109,1647
desechables,8.586465411744314,1648
deseo,8.586465411744314,1649
desepcionada,8.586465411744314,1650
desmejora,8.586465411744314,1651
desmejorado,7.487853123076203,1652
desmejorado comida,8.586465411744314,1653
desorden,8.586465411744314,1654
desorden total,8.586465411744314,1655
desorganizado,8.586465411744314,1656
despacho,8.586465411744314,1657
despierta,8.586465411744314,1658
despues,8.586465411744314,1659
después,5.677744515179952,1660
después comer,8.586465411744314,1661
después espera,8.586465411744314,1662
después haber,8.586465411744314,1663
después habíamos,8.586465411744314,1664
después hora,7.739167551357109,1665
después horas,8.586465411744314,1666
después minutos,8.075639787978321,1667
después sirvieron,8.586465411744314,1668
destaca,7.382492607418377,1669
destaca ambiente,8.586465411744314,1670
destacados,8.586465411744314,1671
destacan,7.8933182311843675,1672
destacar,7.605636158732587,1673
destaco,8.586465411744314,1674
destino,8.298783339292532,1675
desventaja,8.586465411744314,1676
detalle,6.158717175796261,1677
detalle está,8.586465411744314,1678
detalle sabor,8.586465411744314,1679
detalles,6.594035247054107,1680
detalles bonitos,8.586465411744314,1681
detalles excelente,8.586465411744314,1682
detrás,8.586465411744314,1683
devolvieron,8.586465411744314,1684
devuelto,8.586465411744314,1685
dia,7.487853123076203,1686
dia hoy,8.586465411744314,1687
diagonal,8.586465411744314,1688
diario,7.739167551357109,1689
diavola,7.739167551357109,1690
dice,6.977027499310212,1691
dice no,8.298783339292532,1692
dicen,6.7947059425162575,1693
dicen no,8.586465411744314,1694
dicho,7.739167551357109,1695
diciendo,7.739167551357109,1696
dieran,8.586465411744314,1697
dieron,6.549583484483273,1698
diez,8.586465411744314,1699
diez minutos,8.586465411744314,1700
diferencia,7.8933182311843675,1701
diferente,6.158717175796261,1702
diferente rico,8.586465411744314,1703
diferente sitio,8.586465411744314,1704
diferentes,6.594035247054107,1705
diferentes espacios,8.586465411744314,1706
diferentes opciones,8.586465411744314,1707
diferentes tipos,8.298783339292532,1708
dificil,8.586465411744314,1709
dificulta,8.586465411744314,1710
difícil,7.739167551357109,1711
diga,7.739167551357109,1712
digan,7.8933182311843675,1713
digitales,8.586465411744314,1714
digno,8.586465411744314,1715
digo,7.739167551357109,1716
dije,7.739167551357109,1717
dijeron,7.046020370797164,1718
dijeron demoraba,8.586465411744314,1719
dijeron no,8.075639787978321,1720
dijimos,8.586465411744314,1721
dijo,6.7947059425162575,1722
dijo no,8.298783339292532,1723
dimos,8.298783339292532,1724
dimos cuenta,8.586465411744314,1725
dinero,6.977027499310212,1726
dio,7.287182427614052,1727
dios,8.586465411744314,1728
dirección,8.586465411744314,1729
directamente,8.298783339292532,1730
diría,7.739167551357109,1731
discreto,8.586465411744314,1732
disculpa,8.298783339292532,1733
disculpas,7.739167551357109,1734
diseñado,8.586465411744314,1735
diseño,7.605636158732587,1736
disfruta,8.075639787978321,1737
disfrutando,8.586465411744314,1738
disfrutar,5.394618259264031,1739
disfrutar buen,8.586465411744314,1740
disfrutar buena,7.487853123076203,1741
disfrutar comida,7.382492607418377,1742
disfrutar cualquier,8.075639787978321,1743
disfrutar experiencia,8.586465411744314,1744
disfrutar familia,7.8933182311843675,1745
disfrutar momento,8.586465411744314,1746
disfrutar pareja,8.586465411744314,1747
disfrutar relajarse,8.586465411744314,1748
disfrutar rica,8.586465411744314,1749
disfrutas,8.298783339292532,1750
disfruté,8.586465411744314,1751
disponibilidad,8.075639787978321,1752
disponible,7.200171050624422,1753
disponible mediante,8.586465411744314,1754
disponibles,7.8933182311843675,1755
disposición,7.382492607418377,1756
disposición atender,8.586465411744314,1757
dispuesto,7.8933182311843675,1758
dispuestos,8.075639787978321,1759
disque,8.586465411744314,1760
distintos,7.8933182311843675,1761
distintos espacios,8.586465411744314,1762
diversas,8.586465411744314,1763
diversas opciones,8.586465411744314,1764
diversidad,8.075639787978321,1765
diversidad platos,8.298783339292532,1766
diversión,8.586465411744314,1767
diversos,8.298783339292532,1768
diversos platos,8.586465411744314,1769
divertidos,8.298783339292532,1770
doble,7.8933182311843675,1771
dolor,8.075639787978321,1772
domiciliaria,8.298783339292532,1773
domiciliario,7.382492607418377,1774
domicilio,5.495422958385997,1775
domicilio llegó,8.586465411744314,1776
domicilio mala,8.586465411744314,1777
domicilio no,7.739167551357109,1778
domicilio nunca,7.8933182311843675,1779
domicilio rápido,8.586465411744314,1780
domicilios,6.640555262688999,1781
domicilios demoran,8.586465411744314,1782
domingo,7.739167551357109,1783
domingos,7.605636158732587,1784
domingos festivos,8.586465411744314,1785
donatello,8.586465411744314,1786
dorilocos,8.586465411744314,1787
doy,7.487853123076203,1788
doy cuenta,8.586465411744314,1789
doña,8.298783339292532,1790
doña ángela,8.586465411744314,1791
duda,5.7730546949842765,1792
duda lugar,7.487853123076203,1793
duda mejor,8.586465411744314,1794
duda recomiendo,8.298783339292532,1795
duda regresaría,8.586465411744314,1796
duda volveré,8.298783339292532,1797
duda volvería,8.075639787978321,1798
dudarlo,8.075639787978321,1799
dudas,7.382492607418377,1800
dueña,8.586465411744314,1801
dueño,6.977027499310212,1802
dueño lugar,8.586465411744314,1803
dueños,7.487853123076203,1804
dulce,7.120128342950886,1805
dulces,7.8933182311843675,1806
dura,7.120128342950886,1807
dura no,8.586465411744314,1808
dura seca,8.586465411744314,1809
durante,7.605636158732587,1810
durante horas,8.586465411744314,1811
duras,8.298783339292532,1812
duro,7.8933182311843675,1813
día,5.290628545739984,1814
día anterior,8.586465411744314,1815
día ayer,8.586465411744314,1816
día día,8.298783339292532,1817
día habían,8.586465411744314,1818
día hoy,7.739167551357109,1819
día importante,8.298783339292532,1820
día madre,8.586465411744314,1821
día no,8.586465411744314,1822
día padre,8.586465411744314,1823
día solo,8.586465411744314,1824
día viernes,8.586465411744314,1825
días,6.851864356356207,1826
días fuí,8.586465411744314,1827
dónde,7.487853123076203,1828
economicos,8.586465411744314,1829
económica,8.298783339292532,1830
económica buena,8.586465411744314,1831
económico,6.977027499310212,1832
edad,8.586465411744314,1833
edades,8.298783339292532,1834
eduardo,7.200171050624422,1835
eduardo santos,7.487853123076203,1836
educación,8.586465411744314,1837
educado,8.298783339292532,1838
efectivo,6.251090495927277,1839
efectivo no,8.075639787978321,1840
efectivo tarjeta,7.8933182311843675,1841
efectivo transferencia,7.382492607418377,1842
eficiencia,8.586465411744314,1843
eficiente,7.8933182311843675,1844
eficientes,8.298783339292532,1845
ejecución,8.586465411744314,1846
ejecutivo,7.382492607418377,1847
ejecutivos,7.739167551357109,1848
ejemplo,7.487853123076203,1849
elaboración,8.586465411744314,1850
elaborada,8.075639787978321,1851
elaboradas,8.586465411744314,1852
elección,8.075639787978321,1853
electrónico,8.586465411744314,1854
electrónicos,8.586465411744314,1855
elegancia,7.487853123076203,1856
elegante,6.594035247054107,1857
elegantes,8.586465411744314,1858
elegir,7.8933182311843675,1859
elementos,8.298783339292532,1860
elevado,7.739167551357109,1861
elevados,6.912488978172641,1862
elevados calidad,8.298783339292532,1863
elevados teniendo,8.586465411744314,1864
elotes,8.586465411744314,1865
embargo,8.298783339292532,1866
emblemático,7.8933182311843675,1867
emblemático ciudad,8.298783339292532,1868
empacado,8.586465411744314,1869
empanadas,5.659726009677273,1870
empanadas champús,8.298783339292532,1871
empanadas chontaduro,8.298783339292532,1872
empanadas deliciosas,8.586465411744314,1873
empanadas no,8.298783339292532,1874
empanadas pipian,7.287182427614052,1875
empanadas pipián,7.287182427614052,1876
empanadas pipían,8.586465411744314,1877
empanadas ricas,8.586465411744314,1878
empanadas tamales,8.586465411744314,1879
empanadillas,8.586465411744314,1880
empanaditas,7.046020370797164,1881
empanaditas pipian,7.8933182311843675,1882
empanaditas pipián,8.075639787978321,1883
empezando,8.075639787978321,1884
empieza,8.586465411744314,1885
emplatado,7.8933182311843675,1886
emplatado no,8.586465411744314,1887
empleados,6.977027499310212,1888
empleados no,8.586465411744314,1889
empresa,7.605636158732587,1890
empresarial,8.586465411744314,1891
enamorada,8.298783339292532,1892
enamoré,8.586465411744314,1893
encanta,5.971505633708115,1894
encanta arroz,8.586465411744314,1895
encanta comida,8.298783339292532,1896
encanta lugar,7.487853123076203,1897
encanta puedo,8.586465411744314,1898
encantada,8.586465411744314,1899
encantado,8.298783339292532,1900
encantador,8.298783339292532,1901
encantadora,8.298783339292532,1902
encantados,8.586465411744314,1903
encantan,7.739167551357109,1904
encantaría,8.298783339292532,1905
encanto,7.120128342950886,1906
encanto lugar,8.586465411744314,1907
encantó,5.878415210642102,1908
encantó comida,7.739167551357109,1909
encantó lugar,7.739167551357109,1910
encantó salpicón,8.586465411744314,1911
encargado,8.298783339292532,1912
encima,7.287182427614052,1913
encima tiempo,8.586465411744314,1914
encontraba,8.586465411744314,1915
encontramos,8.298783339292532,1916
encontrar,6.7947059425162575,1917
encontrar sitios,8.586465411744314,1918
encontrarás,8.586465411744314,1919
encontré,7.605636158732587,1920
encuentra,7.605636158732587,1921
encuentran,7.605636158732587,1922
encuentras,8.298783339292532,1923
encuentro,8.075639787978321,1924
ende,8.586465411744314,1925
ende no,8.586465411744314,1926
energía,7.739167551357109,1927
enero,8.298783339292532,1928
enfoque,8.586465411744314,1929
engaño,8.298783339292532,1930
engañosa,7.8933182311843675,1931
enormes,8.586465411744314,1932
ensalada,6.219341797612696,1933
ensalada arroz,8.298783339292532,1934
ensalada no,8.586465411744314,1935
ensalada pollo,8.586465411744314,1936
ensaladas,7.739167551357109,1937
enserio,8.586465411744314,1938
entero,8.298783339292532,1939
entiende,8.586465411744314,1940
entiendo,8.075639787978321,1941
entonces,7.287182427614052,1942
entorno,7.739167551357109,1943
entra,8.075639787978321,1944
entrada,6.188570138945942,1945
entradas,7.605636158732587,1946
entran,8.586465411744314,1947
entrar,7.605636158732587,1948
entrega,7.200171050624422,1949
entrega comida,8.586465411744314,1950
entrega pedido,8.586465411744314,1951
entrega platos,8.586465411744314,1952
entregan,7.8933182311843675,1953
entregar,7.739167551357109,1954
entregar pedido,8.298783339292532,1955
entregarnos,8.586465411744314,1956
entregaron,7.487853123076203,1957
entregaron orden,8.586465411744314,1958
entregó,8.586465411744314,1959
entré,8.298783339292532,1960
enviar,7.8933182311843675,1961
enviaron,7.739167551357109,1962
envuelto,8.298783339292532,1963
envían,8.075639787978321,1964
envíe,8.586465411744314,1965
equilibrado,8.075639787978321,1966
equilibrio,8.298783339292532,1967
equipo,7.605636158732587,1968
equivocaron,8.586465411744314,1969
eramos,8.586465411744314,1970
eramos grupo,8.586465411744314,1971
error,7.487853123076203,1972
errores,8.298783339292532,1973
escoger,8.298783339292532,1974
escogí,8.586465411744314,1975
escondido,8.586465411744314,1976
escribí,7.739167551357109,1977
escuchado,8.586465411744314,1978
escuchando,8.586465411744314,1979
escuchar,8.298783339292532,1980
esencia,8.075639787978321,1981
esfuerzo,8.298783339292532,1982
esmeran,8.298783339292532,1983
espacio,5.7730546949842765,1984
espacio agradable,8.075639787978321,1985
espacio cerrado,8.586465411744314,1986
espacio ideal,8.586465411744314,1987
espacio no,8.586465411744314,1988
espacio pequeño,8.586465411744314,1989
espacio suficiente,8.586465411744314,1990
espacio tranquilo,8.586465411744314,1991
espacios,6.7947059425162575,1992
espacios amplios,8.586465411744314,1993
espacios compartir,8.586465411744314,1994
espantosa,8.586465411744314,1995
españa,8.075639787978321,1996
español,8.075639787978321,1997
española,8.586465411744314,1998
especial,5.5261946170527505,1999
especial atención,8.586465411744314,2000
especial comida,7.8933182311843675,2001
especial compartir,8.586465411744314,2002
especial lomo,8.586465411744314,2003
especial ramen,8.586465411744314,2004
especial simplemente,8.586465411744314,2005
especiales,6.689345426858432,2006
especialidad,7.487853123076203,2007
especialmente,7.382492607418377,2008
especias,8.075639787978321,2009
especificaciones,8.298783339292532,2010
espectacular,5.207740885934216,2011
espectacular ambiente,8.298783339292532,2012
espectacular atención,8.075639787978321,2013
espectacular comida,8.075639787978321,2014
espectacular excelente,8.298783339292532,2015
espectacular platos,8.586465411744314,2016
espectacular servicio,8.586465411744314,2017
espectacular súper,8.586465411744314,2018
espectaculares,7.287182427614052,2019
espectativas,8.586465411744314,2020
espectáculo,8.075639787978321,2021
espera,5.878415210642102,2022
espera comida,8.586465411744314,2023
espera demasiado,8.586465411744314,2024
espera horas,8.586465411744314,2025
espera no,8.586465411744314,2026
esperaba,6.689345426858432,2027
esperaba costillas,8.586465411744314,2028
esperaba mejor,8.298783339292532,2029
esperaba más,7.605636158732587,2030
esperado,8.586465411744314,2031
esperamos,7.046020370797164,2032
esperamos aproximadamente,8.586465411744314,2033
esperamos horas,8.586465411744314,2034
esperamos minutos,8.586465411744314,2035
esperamos más,8.586465411744314,2036
esperando,6.101558761956312,2037
esperando atendidos,8.586465411744314,2038
esperando más,8.075639787978321,2039
esperando no,8.586465411744314,2040
esperando pedido,8.586465411744314,2041
esperar,6.101558761956312,2042
esperar bastante,8.586465411744314,2043
esperar hora,8.075639787978321,2044
esperar horas,7.739167551357109,2045
esperar minutos,8.586465411744314,2046
esperar más,8.075639787978321,2047
espere,8.586465411744314,2048
espero,6.640555262688999,2049
espero mejore,8.586465411744314,2050
espero mejoren,7.8933182311843675,2051
espero puedan,8.586465411744314,2052
espero volver,7.8933182311843675,2053
esperábamos,8.586465411744314,2054
esperé,8.075639787978321,2055
esperé hora,8.298783339292532,2056
espeso,8.586465411744314,2057
espina,8.586465411744314,2058
esposa,8.298783339292532,2059
esposo,7.8933182311843675,2060
esquinas,8.586465411744314,2061
estabamos,8.586465411744314,2062
establecimiento,6.317781870425948,2063
establecimiento comercial,8.586465411744314,2064
establecimiento no,8.298783339292532,2065
establecimientos,8.586465411744314,2066
establo,8.586465411744314,2067
estacionamiento,7.739167551357109,2068
estacionar,8.075639787978321,2069
estacionar fuera,8.586465411744314,2070
estado,7.200171050624422,2071
estadía,8.586465411744314,2072
estancia,8.586465411744314,2073
estando,8.075639787978321,2074
estaría,8.298783339292532,2075
estilo,7.120128342950886,2076
estimado,8.075639787978321,2077
estrecho,8.075639787978321,2078
estrella,7.487853123076203,2079
estrellas,6.7947059425162575,2080
estrellas lugar,8.586465411744314,2081
estrellas sin,8.586465411744314,2082
estudiantes,8.586465411744314,2083
estupenda,8.075639787978321,2084
estuve,7.120128342950886,2085
estuve más,8.586465411744314,2086
estuviera,8.075639787978321,2087
estuvieran,8.586465411744314,2088
estuvieron,7.200171050624422,2089
estuvieron deliciosos,8.298783339292532,2090
estuvimos,7.605636158732587,2091
estuvimos esperando,8.075639787978321,2092
estuvo,5.480385081021456,2093
estuvo altura,8.586465411744314,2094
estuvo buena,8.586465411744314,2095
estuvo bueno,8.298783339292532,2096
estuvo deliciosa,7.382492607418377,2097
estuvo delicioso,8.298783339292532,2098
estuvo mal,8.586465411744314,2099
estuvo pendiente,7.8933182311843675,2100
estuvo rica,7.739167551357109,2101
estuvo rico,8.298783339292532,2102
estuvo super,8.586465411744314,2103
está,4.914393075946758,2104
está acorde,8.586465411744314,2105
está ambientado,8.586465411744314,2106
está buena,8.075639787978321,2107
está bueno,8.586465411744314,2108
está decorado,8.075639787978321,2109
está deliciosa,8.586465411744314,2110
está disponible,8.075639787978321,2111
está hecho,8.586465411744314,2112
está lejos,8.586465411744314,2113
está lleno,8.075639787978321,2114
está mal,8.586465411744314,2115
está nada,8.586465411744314,2116
está pendiente,8.586465411744314,2117
está pensado,8.298783339292532,2118
está rica,8.298783339292532,2119
está súper,8.586465411744314,2120
está ubicado,7.287182427614052,2121
estábamos,7.739167551357109,2122
están,5.813876689504531,2123
están atentos,8.298783339292532,2124
están más,8.586465411744314,2125
están pendientes,8.298783339292532,2126
están preparados,8.586465411744314,2127
están ubicados,8.586465411744314,2128
estándar,7.605636158732587,2129
estándares,8.586465411744314,2130
estás,7.8933182311843675,2131
esté,7.487853123076203,2132
esté completamente,8.586465411744314,2133
estén,8.586465411744314,2134
estética,7.8933182311843675,2135
etc,7.382492607418377,2136
etiqueta,7.739167551357109,2137
evaluar,8.586465411744314,2138
evento,7.382492607418377,2139
eventos,6.912488978172641,2140
eventos especiales,8.075639787978321,2141
eventos grandes,8.586465411744314,2142
evidente,8.298783339292532,2143
evitar,7.8933182311843675,2144
exagerada,8.298783339292532,2145
exageradamente,8.586465411744314,2146
exagerado,8.298783339292532,2147
exagerados,8.298783339292532,2148
excelente,3.3806288979904413,2149
excelente agradable,8.586465411744314,2150
excelente amables,8.298783339292532,2151
excelente ambiente,6.740638721245982,2152
excelente atencion,8.586465411744314,2153
excelente atención,5.163289123363382,2154
excelente calidad,6.7947059425162575,2155
excelente comida,5.7730546949842765,2156
excelente comidas,8.586465411744314,2157
excelente decoración,8.586465411744314,2158
excelente deliciosa,8.586465411744314,2159
excelente experiencia,7.120128342950886,2160
excelente gran,8.586465411744314,2161
excelente lugar,5.408411581396368,2162
excelente menú,8.586465411744314,2163
excelente momento,8.586465411744314,2164
excelente música,8.075639787978321,2165
excelente opción,7.120128342950886,2166
excelente pizza,8.586465411744314,2167
excelente platos,8.075639787978321,2168
excelente precio,7.8933182311843675,2169
excelente presentación,8.075639787978321,2170
excelente pueden,8.586465411744314,2171
excelente recomendado,8.298783339292532,2172
excelente relación,8.298783339292532,2173
excelente rica,8.586465411744314,2174
excelente sabor,7.287182427614052,2175
excelente sazón,8.586465411744314,2176
excelente servicio,5.341272278558739,2177
excelente sitio,6.912488978172641,2178
excelente ubicación,8.075639787978321,2179
excelente variedad,8.298783339292532,2180
excelentes,6.074159787768198,2181
excelentes personas,8.586465411744314,2182
excelentes platos,8.075639787978321,2183
excelentes productos,8.075639787978321,2184
excepcional,6.912488978172641,2185
excesivamente,8.586465411744314,2186
excesivo,8.075639787978321,2187
exceso,8.298783339292532,2188
exclusivo,8.075639787978321,2189
excusa,8.586465411744314,2190
execelente,8.075639787978321,2191
exelente,6.7947059425162575,2192
exelente comida,8.075639787978321,2193
exelente servicio,7.8933182311843675,2194
exigentes,8.298783339292532,2195
existe,8.298783339292532,2196
existen,8.075639787978321,2197
existir,8.586465411744314,2198
expectativa,8.075639787978321,2199
expectativas,6.507023870064477,2200
expectativas sabor,8.586465411744314,2201
experiencia,4.2869149988946695,2202
experiencia agradable,7.739167551357109,2203
experiencia atención,7.739167551357109,2204
experiencia bastante,8.586465411744314,2205
experiencia bonita,8.586465411744314,2206
experiencia buena,7.8933182311843675,2207
experiencia ciudad,8.586465411744314,2208
experiencia comida,7.382492607418377,2209
experiencia completa,8.586465411744314,2210
experiencia culinaria,7.8933182311843675,2211
experiencia deja,8.586465411744314,2212
experiencia deliciosa,8.075639787978321,2213
experiencia diferente,8.586465411744314,2214
experiencia excelente,7.8933182311843675,2215
experiencia gastronómica,6.912488978172641,2216
experiencia increíble,8.586465411744314,2217
experiencia lugar,7.605636158732587,2218
experiencia maravillosa,8.298783339292532,2219
experiencia no,7.487853123076203,2220
experiencia personal,8.586465411744314,2221
experiencia recomiendo,8.586465411744314,2222
experiencia servicio,8.586465411744314,2223
experiencia sitio,8.586465411744314,2224
experiencia tuvimos,8.586465411744314,2225
experiencia única,8.298783339292532,2226
experiencias,7.287182427614052,2227
experiencias comida,8.586465411744314,2228
explican,8.586465411744314,2229
explicando,8.586465411744314,2230
explicó,8.586465411744314,2231
explorar,8.586465411744314,2232
explosión,7.8933182311843675,2233
explosión sabores,8.075639787978321,2234
expreso,8.586465411744314,2235
exquisita,6.158717175796261,2236
exquisita ambiente,7.8933182311843675,2237
exquisita comida,8.298783339292532,2238
exquisitas,8.298783339292532,2239
exquisito,7.200171050624422,2240
exquisitos,6.977027499310212,2241
exquisitos platos,8.586465411744314,2242
extensa,8.586465411744314,2243
extenso,8.586465411744314,2244
extra,8.075639787978321,2245
extraordinario,8.586465411744314,2246
extremadamente,7.200171050624422,2247
extremadamente salado,8.586465411744314,2248
facilidad,8.298783339292532,2249
factura,7.382492607418377,2250
falencia,8.298783339292532,2251
falta,5.7147857868603005,2252
falta atención,8.298783339292532,2253
falta cordialidad,8.586465411744314,2254
falta mejorar,8.298783339292532,2255
falta profesionalismo,8.298783339292532,2256
falta respeto,7.200171050624422,2257
faltaba,8.075639787978321,2258
familia,4.948879252017926,2259
familia ambiente,8.586465411744314,2260
familia amigos,6.389240834408094,2261
familia amplio,8.586465411744314,2262
familia atención,8.586465411744314,2263
familia comer,8.586465411744314,2264
familia comida,8.586465411744314,2265
familia grupo,8.298783339292532,2266
familia pareja,8.298783339292532,2267
familia rico,8.586465411744314,2268
familiar,6.466201875544222,2269
familiar excelente,8.586465411744314,2270
familiares,7.046020370797164,2271
familiares amigos,8.586465411744314,2272
famoso,8.586465411744314,2273
fan,8.586465411744314,2274
fantástica,8.075639787978321,2275
fantástico,8.298783339292532,2276
fatal,8.586465411744314,2277
favor,6.851864356356207,2278
favorita,7.605636158732587,2279
favoritas,8.075639787978321,2280
favorito,6.851864356356207,2281
favorito ciudad,8.586465411744314,2282
favoritos,7.487853123076203,2283
fecha,8.298783339292532,2284
fecha especial,8.298783339292532,2285
fechas,8.075639787978321,2286
fechas especiales,8.298783339292532,2287
felices,8.586465411744314,2288
felicidades,7.739167551357109,2289
felicitaciones,6.851864356356207,2290
felicitaciones chef,8.586465411744314,2291
felicito,8.586465411744314,2292
feliz,7.8933182311843675,2293
fenomenal,8.298783339292532,2294
feo,7.287182427614052,2295
festejar,8.586465411744314,2296
festejar cumpleaños,8.586465411744314,2297
festivo,8.075639787978321,2298
festivos,8.298783339292532,2299
fideos,8.075639787978321,2300
fiel,7.8933182311843675,2301
fila,8.586465411744314,2302
filas,8.298783339292532,2303
filet,8.586465411744314,2304
filet mignon,8.586465411744314,2305
filete,8.298783339292532,2306
filtrado,8.298783339292532,2307
fin,6.640555262688999,2308
fin llegó,8.586465411744314,2309
fin semana,7.739167551357109,2310
final,6.507023870064477,2311
final no,8.586465411744314,2312
finalmente,7.8933182311843675,2313
fines,8.298783339292532,2314
fines semana,8.298783339292532,2315
fino,8.075639787978321,2316
firme,8.586465411744314,2317
floja,8.586465411744314,2318
flujo,8.075639787978321,2319
flujo gente,8.586465411744314,2320
flujo personas,8.586465411744314,2321
fogata,7.739167551357109,2322
forma,6.640555262688999,2323
formal,7.8933182311843675,2324
formas,8.298783339292532,2325
fortuna,8.298783339292532,2326
fortunata,8.075639787978321,2327
foto,7.200171050624422,2328
fotografías,8.586465411744314,2329
fotos,7.287182427614052,2330
francesa,8.075639787978321,2331
francesas,8.586465411744314,2332
frecuentado,8.586465411744314,2333
frecuentarlo,8.586465411744314,2334
frente,7.605636158732587,2335
frente parque,8.298783339292532,2336
fresca,6.549583484483273,2337
fresca atención,8.586465411744314,2338
fresca buen,8.586465411744314,2339
frescas,7.739167551357109,2340
fresco,6.689345426858432,2341
frescos,6.594035247054107,2342
frescura,8.075639787978321,2343
fria,8.075639787978321,2344
friendly,7.739167551357109,2345
frijoles,7.046020370797164,2346
frijoles parecían,8.586465411744314,2347
frio,8.075639787978321,2348
frio sin,8.586465411744314,2349
frita,8.075639787978321,2350
fritar,8.586465411744314,2351
fritas,7.739167551357109,2352
frito,7.382492607418377,2353
frustrante,8.586465411744314,2354
fruta,7.8933182311843675,2355
frutas,8.298783339292532,2356
frutos,8.586465411744314,2357
fría,6.594035247054107,2358
frías,8.586465411744314,2359
frío,6.851864356356207,2360
fríos,7.382492607418377,2361
fuera,6.188570138945942,2362
fuera común,8.298783339292532,2363
fuera establecimiento,7.8933182311843675,2364
fuera más,8.298783339292532,2365
fuera suave,8.298783339292532,2366
fueran,8.075639787978321,2367
fuerte,6.466201875544222,2368
fuerte no,8.075639787978321,2369
fuertes,7.739167551357109,2370
fuese,8.586465411744314,2371
full,8.586465411744314,2372
funciona,8.586465411744314,2373
funcionan,8.586465411744314,2374
fusión,8.298783339292532,2375
fuí,7.8933182311843675,2376
fácil,7.046020370797164,2377
fácil acceso,7.8933182311843675,2378
fácil encontrar,8.586465411744314,2379
fácil llegar,8.586465411744314,2380
físico,7.8933182311843675,2381
gafas,8.586465411744314,2382
gallega,8.298783339292532,2383
galleta,8.586465411744314,2384
galletas,8.075639787978321,2385
gallina,8.075639787978321,2386
gana,7.287182427614052,2387
ganas,7.200171050624422,2388
ganas volver,7.739167551357109,2389
gas,7.8933182311843675,2390
gaseosa,8.586465411744314,2391
gaseosas,8.586465411744314,2392
gasolinera,8.586465411744314,2393
gastronomía,6.466201875544222,2394
gastronomía local,8.298783339292532,2395
gastronomía payanes,8.586465411744314,2396
gastronomía payanesa,8.586465411744314,2397
gastronómica,6.42698116239094,2398
gastronómica inolvidable,8.586465411744314,2399
gastronómica memorable,8.586465411744314,2400
gastronómica vida,8.586465411744314,2401
gastronómico,8.075639787978321,2402
genera,7.8933182311843675,2403
general,5.856436303923328,2404
general buen,8.586465411744314,2405
general bueno,8.298783339292532,2406
general experiencia,8.075639787978321,2407
general no,8.298783339292532,2408
general parece,8.586465411744314,2409
general servicio,8.586465411744314,2410
generalmente,8.075639787978321,2411
generosa,8.298783339292532,2412
generosas,6.851864356356207,2413
generosas no,8.586465411744314,2414
generosos,7.739167551357109,2415
genial,6.283880318750267,2416
genial ambiente,8.586465411744314,2417
geniales,8.075639787978321,2418
genio,8.298783339292532,2419
gente,6.251090495927277,2420
gente calle,8.586465411744314,2421
gestión,8.298783339292532,2422
gigante,8.586465411744314,2423
google,7.739167551357109,2424
gordos,8.586465411744314,2425
gourmet,7.200171050624422,2426
gracia,8.298783339292532,2427
gracias,6.021516054282776,2428
gracias excelente,8.586465411744314,2429
grado,8.298783339292532,2430
gran,5.510690430516785,2431
gran ambiente,8.586465411744314,2432
gran atención,8.298783339292532,2433
gran cosa,8.298783339292532,2434
gran decepción,8.075639787978321,2435
gran diversidad,8.586465411744314,2436
gran experiencia,8.075639787978321,2437
gran lugar,8.298783339292532,2438
gran parte,8.586465411744314,2439
gran servicio,8.586465411744314,2440
gran variedad,6.7947059425162575,2441
grande,6.352873190237219,2442
grande no,8.586465411744314,2443
grandes,6.352873190237219,2444
granizado,8.075639787978321,2445
grasosa,8.298783339292532,2446
grasosas,8.586465411744314,2447
grasoso,8.586465411744314,2448
grata,7.8933182311843675,2449
grata experiencia,8.298783339292532,2450
gratamente,8.298783339292532,2451
gratinado,8.586465411744314,2452
gratis,8.298783339292532,2453
grosera,7.382492607418377,2454
groseras,8.586465411744314,2455
grosero,7.287182427614052,2456
groseros,7.8933182311843675,2457
grosería,8.586465411744314,2458
gruesa,8.298783339292532,2459
grupo,6.689345426858432,2460
grupo amigos,8.586465411744314,2461
grupo grande,7.739167551357109,2462
grupo personas,8.586465411744314,2463
grupos,8.075639787978321,2464
guacamole,8.298783339292532,2465
guapi,8.075639787978321,2466
guardados,8.586465411744314,2467
guiso,8.298783339292532,2468
gusta,6.219341797612696,2469
gusta ambiente,8.298783339292532,2470
gusta frecuentarlo,8.586465411744314,2471
gusta lugar,8.075639787978321,2472
gusta más,8.586465411744314,2473
gusta sazón,8.586465411744314,2474
gustado,8.586465411744314,2475
gustaron,8.075639787978321,2476
gustaría,7.8933182311843675,2477
gusto,5.947408082129054,2478
gusto cliente,8.298783339292532,2479
gusto lugar,8.586465411744314,2480
gustos,7.120128342950886,2481
gustó,5.7730546949842765,2482
gustó bastante,8.075639787978321,2483
gustó comida,8.586465411744314,2484
gustó demasiado,8.586465411744314,2485
gustó experiencia,8.586465411744314,2486
gustó forma,8.298783339292532,2487
gustó servicio,8.586465411744314,2488
haber,7.120128342950886,2489
haber comido,8.586465411744314,2490
habitual,8.298783339292532,2491
habla,7.8933182311843675,2492
hablamos,8.586465411744314,2493
hablando,8.586465411744314,2494
hablar,6.851864356356207,2495
hablar atención,8.586465411744314,2496
habría,8.586465411744314,2497
había,5.659726009677273,2498
había crema,8.586465411744314,2499
había dicho,8.298783339292532,2500
había disponible,8.586465411744314,2501
había gente,8.586465411744314,2502
había ido,8.586465411744314,2503
había ni,8.586465411744314,2504
había pedido,8.075639787978321,2505
había probado,8.586465411744314,2506
había servicio,8.586465411744314,2507
había visto,8.586465411744314,2508
habíamos,7.120128342950886,2509
habíamos hecho,8.586465411744314,2510
habíamos ordenado,8.298783339292532,2511
habíamos pedido,7.739167551357109,2512
habían,6.352873190237219,2513
habían recomendado,8.586465411744314,2514
habían servido,7.739167551357109,2515
hace,5.495422958385997,2516
hace año,8.298783339292532,2517
hace años,7.8933182311843675,2518
hace calor,8.075639787978321,2519
hace días,8.298783339292532,2520
hace falta,8.586465411744314,2521
hace sentir,8.298783339292532,2522
hace sienta,8.586465411744314,2523
hace tiempo,8.298783339292532,2524
hace único,8.586465411744314,2525
hacen,5.834930098702364,2526
hacen estancia,8.586465411744314,2527
hacen no,8.586465411744314,2528
hacen perder,8.586465411744314,2529
hacen sentir,7.8933182311843675,2530
hacer,5.813876689504531,2531
hacer coworking,8.586465411744314,2532
hacer nada,8.298783339292532,2533
hacer observación,8.586465411744314,2534
hacer pedido,7.739167551357109,2535
hacer reclamo,7.8933182311843675,2536
hacer reserva,8.586465411744314,2537
hacerlo,7.739167551357109,2538
hacerme,8.586465411744314,2539
hacia,8.075639787978321,2540
haciendo,7.605636158732587,2541
haciéndome,8.586465411744314,2542
hacía,8.298783339292532,2543
haga,8.298783339292532,2544
hagan,8.298783339292532,2545
hagas,8.298783339292532,2546
hambre,7.287182427614052,2547
hamburguesa,6.158717175796261,2548
hamburguesa fria,8.586465411744314,2549
hamburguesa más,8.586465411744314,2550
hamburguesa rica,8.586465411744314,2551
hamburguesas,5.813876689504531,2552
hamburguesas deliciosas,8.075639787978321,2553
hamburguesas estuvieron,8.586465411744314,2554
harina,8.586465411744314,2555
haría,8.298783339292532,2556
haya,7.487853123076203,2557
hayan,8.298783339292532,2558
hecha,7.739167551357109,2559
hecho,6.977027499310212,2560
hechos,8.586465411744314,2561
helado,6.689345426858432,2562
helado frito,8.075639787978321,2563
helado paila,8.586465411744314,2564
helados,7.605636158732587,2565
hermana,8.586465411744314,2566
hermano,8.586465411744314,2567
hermosa,7.487853123076203,2568
hermosa velada,8.586465411744314,2569
hermoso,6.251090495927277,2570
hermoso acogedor,8.586465411744314,2571
hermoso excelente,8.586465411744314,2572
hermoso lugar,7.382492607418377,2573
hermoso tranquilo,8.586465411744314,2574
hermosos,8.586465411744314,2575
hice,7.8933182311843675,2576
hicieron,6.689345426858432,2577
hicieron esperar,8.075639787978321,2578
hicieron sentir,7.8933182311843675,2579
hicimos,7.739167551357109,2580
hicimos pedido,8.298783339292532,2581
hielo,8.298783339292532,2582
higiene,8.298783339292532,2583
higiene platos,8.586465411744314,2584
hija,7.739167551357109,2585
hijo,7.739167551357109,2586
hijos,8.586465411744314,2587
historia,7.382492607418377,2588
histórica,8.298783339292532,2589
histórico,6.851864356356207,2590
histórico ciudad,8.298783339292532,2591
histórico excelente,8.586465411744314,2592
hogao,7.287182427614052,2593
hogao empanaditas,8.586465411744314,2594
holguín,8.586465411744314,2595
hombro,8.586465411744314,2596
homenaje,8.586465411744314,2597
honesta,8.586465411744314,2598
honor,8.586465411744314,2599
hora,5.207740885934216,2600
hora almuerzo,8.586465411744314,2601
hora después,8.075639787978321,2602
hora día,8.586465411744314,2603
hora espera,8.298783339292532,2604
hora esperando,7.8933182311843675,2605
hora media,7.200171050624422,2606
hora minutos,7.8933182311843675,2607
hora sentados,8.586465411744314,2608
hora servir,8.586465411744314,2609
horario,7.487853123076203,2610
horarios,8.075639787978321,2611
horas,5.834930098702364,2612
horas comida,8.586465411744314,2613
horas entrada,8.586465411744314,2614
horas espera,8.586465411744314,2615
horas esperando,8.298783339292532,2616
horas llegar,8.586465411744314,2617
horas plato,8.586465411744314,2618
horas servir,8.586465411744314,2619
horas sirvieron,8.586465411744314,2620
hornado,8.586465411744314,2621
horno,8.586465411744314,2622
horrible,6.352873190237219,2623
horrible experiencia,8.586465411744314,2624
horribles,8.586465411744314,2625
hoshi,8.298783339292532,2626
hostil,8.298783339292532,2627
hotel,7.8933182311843675,2628
hoy,6.047491540686036,2629
hoy día,8.586465411744314,2630
hoy no,8.075639787978321,2631
hubiera,8.298783339292532,2632
hubiese,8.586465411744314,2633
hubo,7.046020370797164,2634
hueso,8.075639787978321,2635
huesos,8.075639787978321,2636
humanos,8.586465411744314,2637
humedad,8.586465411744314,2638
humilladero,7.8933182311843675,2639
humo,8.075639787978321,2640
iba,6.7947059425162575,2641
iban,8.298783339292532,2642
icopor,8.586465411744314,2643
icónico,8.586465411744314,2644
ida,8.586465411744314,2645
idea,7.8933182311843675,2646
ideal,5.793257402301796,2647
ideal compartir,7.382492607418377,2648
ideal cualquier,8.586465411744314,2649
ideal disfrutar,8.586465411744314,2650
ideal familia,8.586465411744314,2651
ideal venir,8.586465411744314,2652
ideal visitar,8.586465411744314,2653
identidad,8.586465411744314,2654
ido,6.640555262688999,2655
ido no,8.586465411744314,2656
ido varias,8.298783339292532,2657
ignoraron,8.586465411744314,2658
igual,5.947408082129054,2659
igual bebidas,8.586465411744314,2660
igual comida,8.586465411744314,2661
igual forma,8.075639787978321,2662
igual no,8.586465411744314,2663
igualmente,8.298783339292532,2664
iluminación,7.605636158732587,2665
imagen,8.298783339292532,2666
imaginar,8.586465411744314,2667
impecable,6.283880318750267,2668
impecable comida,7.8933182311843675,2669
impecables,8.586465411744314,2670
imperdible,7.605636158732587,2671
imperdibles,8.586465411744314,2672
implementar,7.8933182311843675,2673
importa,8.075639787978321,2674
importa cliente,8.298783339292532,2675
importante,6.977027499310212,2676
importante comida,8.586465411744314,2677
importantes,8.586465411744314,2678
importo,8.298783339292532,2679
importo nada,8.586465411744314,2680
importó,8.586465411744314,2681
imposible,8.075639787978321,2682
impresionante,8.586465411744314,2683
impresión,8.298783339292532,2684
incluida,8.298783339292532,2685
incluido,8.075639787978321,2686
incluido factura,8.586465411744314,2687
incluidos,8.586465411744314,2688
incluir,8.075639787978321,2689
incluye,7.8933182311843675,2690
incluye bebida,8.586465411744314,2691
incluyen,8.075639787978321,2692
incluyeron,8.586465411744314,2693
incluía,8.586465411744314,2694
incomible,8.586465411744314,2695
incomodo,8.298783339292532,2696
incompleto,7.8933182311843675,2697
incompletos,8.298783339292532,2698
inconformidad,8.075639787978321,2699
inconveniente,8.586465411744314,2700
inconvenientes,8.586465411744314,2701
increible,8.298783339292532,2702
increíble,6.021516054282776,2703
increíble atención,8.586465411744314,2704
increíble comida,8.075639787978321,2705
increíble experiencia,8.586465411744314,2706
increíble lugar,8.298783339292532,2707
increíbles,7.739167551357109,2708
incómoda,8.586465411744314,2709
incómodas,8.298783339292532,2710
incómodo,7.487853123076203,2711
indica,8.586465411744314,2712
indicado,8.586465411744314,2713
indigente,8.586465411744314,2714
indignante,8.586465411744314,2715
individual,8.075639787978321,2716
inexistente,8.586465411744314,2717
infancia,8.586465411744314,2718
información,7.605636158732587,2719
información no,8.586465411744314,2720
informar,8.298783339292532,2721
informarnos,8.586465411744314,2722
informaron,8.298783339292532,2723
informó,8.586465411744314,2724
ingrediente,8.298783339292532,2725
ingredientes,5.793257402301796,2726
ingredientes atención,8.586465411744314,2727
ingredientes buena,8.586465411744314,2728
ingredientes buenos,8.586465411744314,2729
ingredientes calidad,8.298783339292532,2730
ingredientes frescos,7.487853123076203,2731
ingredientes mejor,8.586465411744314,2732
ingredientes sazón,8.586465411744314,2733
ingresar,8.075639787978321,2734
inicialmente,8.586465411744314,2735
inicio,8.075639787978321,2736
inigualable,7.8933182311843675,2737
inigualables,8.298783339292532,2738
injusto,8.586465411744314,2739
inmediata,8.298783339292532,2740
inmediato,8.298783339292532,2741
inmejorable,7.739167551357109,2742
innecesario,8.586465411744314,2743
innovación,8.586465411744314,2744
innovadora,8.298783339292532,2745
innovadoras,8.586465411744314,2746
inolvidable,7.382492607418377,2747
inquietud,8.586465411744314,2748
insatisfacción,8.586465411744314,2749
inseguro,8.586465411744314,2750
insoportable,8.298783339292532,2751
inspira,8.586465411744314,2752
inspirada,8.586465411744314,2753
instagram,8.586465411744314,2754
instalaciones,7.200171050624422,2755
instante,8.298783339292532,2756
insulsa,8.586465411744314,2757
insumos,8.586465411744314,2758
insuperable,8.298783339292532,2759
insípida,8.075639787978321,2760
insípida sin,8.586465411744314,2761
insípido,8.586465411744314,2762
insípidos,8.586465411744314,2763
insípidos no,8.586465411744314,2764
intensos,8.586465411744314,2765
interesados,8.586465411744314,2766
interesante,8.586465411744314,2767
interior,8.075639787978321,2768
interior no,8.586465411744314,2769
internacionales,8.586465411744314,2770
internet,8.586465411744314,2771
interés,8.586465411744314,2772
intoxicación,7.8933182311843675,2773
invertir,8.586465411744314,2774
invita,7.8933182311843675,2775
invitación,8.075639787978321,2776
invitada,8.298783339292532,2777
invitado,8.586465411744314,2778
invitados,8.075639787978321,2779
invitan,8.586465411744314,2780
invitaron,8.586465411744314,2781
irnos,8.075639787978321,2782
irse,8.075639787978321,2783
italiana,7.8933182311843675,2784
italiano,8.075639787978321,2785
jamas,8.298783339292532,2786
jamás,6.912488978172641,2787
jamón,8.586465411744314,2788
japonesa,7.8933182311843675,2789
japonés,8.586465411744314,2790
japón,8.586465411744314,2791
jarra,8.298783339292532,2792
jarra limonada,8.298783339292532,2793
joven,8.586465411744314,2794
joya,7.8933182311843675,2795
juego,8.075639787978321,2796
juego rana,8.586465411744314,2797
juegos,6.851864356356207,2798
juegos fogata,8.586465411744314,2799
juegos mesa,8.298783339292532,2800
juegos niños,8.298783339292532,2801
jueves,8.586465411744314,2802
jugar,8.075639787978321,2803
jugo,6.977027499310212,2804
jugos,7.382492607418377,2805
jugos naturales,8.075639787978321,2806
jugosa,8.075639787978321,2807
jugoso,8.298783339292532,2808
junio,8.586465411744314,2809
junto,7.120128342950886,2810
juntos,8.586465411744314,2811
justifica,8.298783339292532,2812
justificada,8.586465411744314,2813
justo,6.851864356356207,2814
justos,7.046020370797164,2815
jóvenes,8.298783339292532,2816
karaoke,8.586465411744314,2817
kumis,8.298783339292532,2818
laboral,8.298783339292532,2819
lado,6.466201875544222,2820
lado precio,8.586465411744314,2821
lamentablemente,7.120128342950886,2822
lamentablemente servicio,8.586465411744314,2823
langosta,8.586465411744314,2824
langostino,8.586465411744314,2825
larga,8.075639787978321,2826
largas,8.586465411744314,2827
largo,7.739167551357109,2828
lasagna,7.200171050624422,2829
lasagna deliciosa,8.298783339292532,2830
lasagña,8.075639787978321,2831
lasaña,7.382492607418377,2832
lastima,6.594035247054107,2833
lastima atención,8.298783339292532,2834
lastima comida,8.298783339292532,2835
lastimosamente,7.382492607418377,2836
latte,8.586465411744314,2837
leche,8.075639787978321,2838
lechona,7.287182427614052,2839
lechona rica,8.586465411744314,2840
lechuga,8.586465411744314,2841
lejos,7.605636158732587,2842
lengua,8.075639787978321,2843
lengua criolla,8.586465411744314,2844
lengua salsa,8.586465411744314,2845
lento,7.200171050624422,2846
lento servicio,8.586465411744314,2847
levantó,8.586465411744314,2848
leña,8.586465411744314,2849
libanesa,8.075639787978321,2850
libre,8.075639787978321,2851
ligeramente,8.586465411744314,2852
ligero,8.298783339292532,2853
limitada,8.298783339292532,2854
limonada,6.188570138945942,2855
limonada arándanos,8.586465411744314,2856
limonada coco,7.200171050624422,2857
limonada panela,8.586465411744314,2858
limpieza,8.075639787978321,2859
limpio,6.7947059425162575,2860
limpio agradable,8.586465411744314,2861
limpios,8.586465411744314,2862
limón,7.487853123076203,2863
linda,7.287182427614052,2864
linda decoración,8.298783339292532,2865
linda vista,8.586465411744314,2866
lindo,5.733833981830995,2867
lindo agradable,8.586465411744314,2868
lindo ambiente,8.586465411744314,2869
lindo atención,8.298783339292532,2870
lindo comida,8.298783339292532,2871
lindo excelente,8.586465411744314,2872
lindo lugar,7.487853123076203,2873
lindo sitio,8.586465411744314,2874
lista,8.586465411744314,2875
listo,7.739167551357109,2876
literal,8.586465411744314,2877
llama,7.382492607418377,2878
llamada,8.298783339292532,2879
llamadas,8.298783339292532,2880
llamado,8.075639787978321,2881
llamamos,8.586465411744314,2882
llaman,8.586465411744314,2883
llamar,7.8933182311843675,2884
llamar atención,8.586465411744314,2885
llamativa,7.8933182311843675,2886
llame,8.586465411744314,2887
llamo,7.8933182311843675,2888
llamé,8.586465411744314,2889
llamó,8.586465411744314,2890
llamó atención,8.586465411744314,2891
llanera,8.075639787978321,2892
llega,6.640555262688999,2893
llega fría,8.586465411744314,2894
llega pedido,8.586465411744314,2895
llega pide,8.586465411744314,2896
llegada,7.8933182311843675,2897
llegado,8.298783339292532,2898
llegamos,6.977027499310212,2899
llegan,7.046020370797164,2900
llegar,6.389240834408094,2901
llegar comida,8.298783339292532,2902
llegar lugar,8.586465411744314,2903
llegar pedido,8.586465411744314,2904
llegaron,6.352873190237219,2905
llegaron después,7.605636158732587,2906
llegaron fríos,8.586465411744314,2907
llegas,8.298783339292532,2908
llego,6.851864356356207,2909
llego fría,8.586465411744314,2910
llego frío,8.586465411744314,2911
llegue,7.8933182311843675,2912
llegué,7.8933182311843675,2913
llegó,5.793257402301796,2914
llegó comida,8.586465411744314,2915
llegó fría,8.075639787978321,2916
llegó frío,8.298783339292532,2917
llegó incompleto,8.298783339292532,2918
llegó pedido,8.586465411744314,2919
llegó rápido,8.075639787978321,2920
llegó tiempo,8.298783339292532,2921
llena,7.200171050624422,2922
llena demasiado,8.586465411744314,2923
llenan,8.586465411744314,2924
llenas,8.075639787978321,2925
llenas aceite,8.586465411744314,2926
lleno,6.389240834408094,2927
lleno sabor,8.586465411744314,2928
llenos,8.586465411744314,2929
lleva,8.075639787978321,2930
llevaba,8.586465411744314,2931
llevado,8.586465411744314,2932
llevamos,7.8933182311843675,2933
llevan,8.075639787978321,2934
llevar,6.549583484483273,2935
llevar fritar,8.586465411744314,2936
llevar mesa,8.586465411744314,2937
llevarlo,8.586465411744314,2938
llevaron,8.075639787978321,2939
llevarán,8.586465411744314,2940
llevarán comida,8.586465411744314,2941
lleve,7.739167551357109,2942
lleve mala,8.586465411744314,2943
llevo,7.739167551357109,2944
llueve,8.586465411744314,2945
local,6.219341797612696,2946
local bonito,8.298783339292532,2947
local pequeño,8.586465411744314,2948
locales,8.075639787978321,2949
locos,8.586465411744314,2950
locura,8.298783339292532,2951
logran,8.298783339292532,2952
logística,8.298783339292532,2953
lomo,7.200171050624422,2954
lomo café,8.586465411744314,2955
lomo res,8.586465411744314,2956
loncheria,8.586465411744314,2957
luego,6.507023870064477,2958
luego no,8.586465411744314,2959
luego pedí,8.586465411744314,2960
lugar,2.9684829268914443,2961
lugar acogedor,6.689345426858432,2962
lugar agradable,5.290628545739984,2963
lugar almorzar,7.739167551357109,2964
lugar ambientación,8.586465411744314,2965
lugar ambiente,7.487853123076203,2966
lugar ameno,8.586465411744314,2967
lugar amplio,7.200171050624422,2968
lugar asistir,8.586465411744314,2969
lugar así,8.586465411744314,2970
lugar atencion,8.586465411744314,2971
lugar atención,6.594035247054107,2972
lugar bastante,7.8933182311843675,2973
lugar bello,8.298783339292532,2974
lugar bonito,6.074159787768198,2975
lugar buen,7.739167551357109,2976
lugar buena,7.200171050624422,2977
lugar bueno,8.075639787978321,2978
lugar buenos,8.586465411744314,2979
lugar celebraciones,8.586465411744314,2980
lugar celebrar,7.8933182311843675,2981
lugar combina,8.586465411744314,2982
lugar comer,7.287182427614052,2983
lugar comida,6.047491540686036,2984
lugar comidas,8.586465411744314,2985
lugar compartir,6.7947059425162575,2986
lugar cómodo,8.586465411744314,2987
lugar decorado,8.586465411744314,2988
lugar deliciosa,8.586465411744314,2989
lugar demasiado,8.586465411744314,2990
lugar destaca,8.586465411744314,2991
lugar diferente,8.298783339292532,2992
lugar disfrutar,6.977027499310212,2993
lugar dudas,7.8933182311843675,2994
lugar espacios,8.586465411744314,2995
lugar espectacular,8.586465411744314,2996
lugar está,7.8933182311843675,2997
lugar excelente,6.851864356356207,2998
lugar experiencia,8.586465411744314,2999
lugar favorito,8.075639787978321,3000
lugar gran,8.586465411744314,3001
lugar hermoso,7.605636158732587,3002
lugar ideal,7.8933182311843675,3003
lugar increíble,7.739167551357109,3004
lugar lastima,8.586465411744314,3005
lugar limpio,8.586465411744314,3006
lugar lindo,6.594035247054107,3007
lugar maravilloso,7.739167551357109,3008
lugar medio,8.586465411744314,3009
lugar mejores,8.586465411744314,3010
lugar más,8.586465411744314,3011
lugar no,6.912488978172641,3012
lugar nunca,8.586465411744314,3013
lugar ordenado,8.586465411744314,3014
lugar pareció,8.298783339292532,3015
lugar pasar,8.298783339292532,3016
lugar pequeño,7.487853123076203,3017
lugar perfecto,8.075639787978321,3018
lugar personas,8.586465411744314,3019
lugar picar,8.586465411744314,3020
lugar podría,8.298783339292532,3021
lugar precioso,7.739167551357109,3022
lugar preferido,8.586465411744314,3023
lugar probar,8.298783339292532,3024
lugar puede,8.298783339292532,3025
lugar puedes,8.298783339292532,3026
lugar realizar,8.586465411744314,3027
lugar realmente,8.586465411744314,3028
lugar recomendado,7.487853123076203,3029
lugar recomiendo,8.586465411744314,3030
lugar sencillo,8.586465411744314,3031
lugar servicio,8.586465411744314,3032
lugar sin,8.586465411744314,3033
lugar solo,8.586465411744314,3034
lugar super,7.382492607418377,3035
lugar súper,7.605636158732587,3036
lugar también,8.586465411744314,3037
lugar tardear,8.298783339292532,3038
lugar tradicional,8.075639787978321,3039
lugar tradición,8.298783339292532,3040
lugar tranquilo,7.120128342950886,3041
lugar transmite,8.298783339292532,3042
lugar típico,8.298783339292532,3043
lugar visitar,8.586465411744314,3044
lugar volvería,7.739167551357109,3045
lugares,5.971505633708115,3046
lugares comida,8.298783339292532,3047
lugares favoritos,8.075639787978321,3048
lugares más,8.298783339292532,3049
lujo,8.075639787978321,3050
lulada,7.739167551357109,3051
lulo,8.586465411744314,3052
luz,8.586465411744314,3053
lástima,7.120128342950886,3054
lástima comida,8.586465411744314,3055
lástima no,8.298783339292532,3056
línea,8.586465411744314,3057
madre,7.739167551357109,3058
madurado,8.586465411744314,3059
madurito,8.586465411744314,3060
maduro,8.586465411744314,3061
maestra,8.586465411744314,3062
maestría,8.586465411744314,3063
magia,8.075639787978321,3064
magnífica,8.075639787978321,3065
magnífico,8.298783339292532,3066
mal,5.152478207259167,3067
mal carácter,8.586465411744314,3068
mal educado,8.586465411744314,3069
mal genio,8.298783339292532,3070
mal gusto,8.075639787978321,3071
mal preparado,8.298783339292532,3072
mal sabor,8.586465411744314,3073
mal servicio,6.101558761956312,3074
mala,4.940145572049172,3075
mala actitud,7.8933182311843675,3076
mala atencion,8.298783339292532,3077
mala atención,6.389240834408094,3078
mala calidad,7.382492607418377,3079
mala cara,8.586465411744314,3080
mala comida,8.075639787978321,3081
mala experiencia,6.689345426858432,3082
mala gana,7.487853123076203,3083
mala manera,8.298783339292532,3084
mala presentación,7.8933182311843675,3085
malas,7.8933182311843675,3086
malita,8.586465411744314,3087
malo,6.352873190237219,3088
malo no,7.8933182311843675,3089
malos,7.8933182311843675,3090
maluca,8.586465411744314,3091
malvaviscos,8.586465411744314,3092
malísima,8.586465411744314,3093
mamá,8.586465411744314,3094
mandan,8.586465411744314,3095
manejan,7.287182427614052,3096
manera,6.317781870425948,3097
mango,8.298783339292532,3098
mani,8.586465411744314,3099
manifestar,8.298783339292532,3100
manifestar inconformidad,8.586465411744314,3101
mano,7.8933182311843675,3102
manos,7.739167551357109,3103
mantel,8.586465411744314,3104
mantelería,8.586465411744314,3105
mantenimiento,8.586465411744314,3106
mantiene,8.298783339292532,3107
mantienen,8.586465411744314,3108
manzana,8.586465411744314,3109
maní,7.200171050624422,3110
maní salpicón,8.298783339292532,3111
maps,8.586465411744314,3112
mar,6.42698116239094,3113
mar excelente,8.586465411744314,3114
mar tierra,8.586465411744314,3115
maracuyá,8.586465411744314,3116
maravilla,8.075639787978321,3117
maravillosa,6.740638721245982,3118
maravillosa comida,7.739167551357109,3119
maravilloso,6.689345426858432,3120
maravilloso lugar,7.8933182311843675,3121
maravillosos,8.075639787978321,3122
margarita,8.298783339292532,3123
marisco,8.586465411744314,3124
mariscos,7.046020370797164,3125
marranitas,8.298783339292532,3126
martes,8.298783339292532,3127
masa,6.594035247054107,3128
masa crujiente,8.586465411744314,3129
masa queso,8.298783339292532,3130
mascota,8.298783339292532,3131
mascotas,7.605636158732587,3132
master,8.075639787978321,3133
mayor,7.120128342950886,3134
mayor comodidad,8.586465411744314,3135
mayores,8.298783339292532,3136
mayoría,7.8933182311843675,3137
mayoría veces,8.586465411744314,3138
maíz,8.075639787978321,3139
mañana,8.298783339292532,3140
media,6.740638721245982,3141
media comida,8.298783339292532,3142
media esperando,8.586465411744314,3143
media hora,8.298783339292532,3144
mediana,8.586465411744314,3145
mediante,8.586465411744314,3146
mediante código,8.586465411744314,3147
medida,8.586465411744314,3148
medidas,8.586465411744314,3149
medio,6.047491540686036,3150
medio día,7.8933182311843675,3151
medio vaso,8.586465411744314,3152
mediocre,8.075639787978321,3153
mediodía,8.586465411744314,3154
medios,7.382492607418377,3155
medios pago,8.075639787978321,3156
mediterráneo,8.586465411744314,3157
mediterráneos,8.586465411744314,3158
mejor,4.396810669717887,3159
mejor ambiente,8.586465411744314,3160
mejor arroz,8.586465411744314,3161
mejor atención,7.382492607418377,3162
mejor calidad,7.046020370797164,3163
mejor chuleta,8.586465411744314,3164
mejor ciudad,8.075639787978321,3165
mejor comida,7.382492607418377,3166
mejor horas,8.586465411744314,3167
mejor lechona,8.586465411744314,3168
mejor lugar,7.200171050624422,3169
mejor manera,8.298783339292532,3170
mejor no,8.075639787978321,3171
mejor pizza,7.487853123076203,3172
mejor precio,8.586465411744314,3173
mejor sabor,8.075639787978321,3174
mejor salchipapa,8.586465411744314,3175
mejor servicio,7.605636158732587,3176
mejor sin,8.586465411744314,3177
mejor sitio,8.298783339292532,3178
mejora,8.298783339292532,3179
mejorado,8.298783339292532,3180
mejorar,5.2783584531481695,3181
mejorar atención,7.287182427614052,3182
mejorar bebidas,8.586465411744314,3183
mejorar calidad,8.586465411744314,3184
mejorar más,8.586465411744314,3185
mejorar sabor,8.586465411744314,3186
mejorar servicio,7.487853123076203,3187
mejorar sería,8.586465411744314,3188
mejorar tiempos,8.586465411744314,3189
mejoras,8.586465411744314,3190
mejore,8.586465411744314,3191
mejoren,7.487853123076203,3192
mejores,5.480385081021456,3193
mejores cazuelas,8.586465411744314,3194
mejores ciudad,7.8933182311843675,3195
mejores empanadas,8.586465411744314,3196
mejores ingredientes,8.298783339292532,3197
mejores lugares,7.605636158732587,3198
mejores opciones,8.298783339292532,3199
mejores pizzas,8.586465411744314,3200
mejores platos,8.586465411744314,3201
mejores probado,8.586465411744314,3202
mejores sabores,8.586465411744314,3203
mejores sitios,8.586465411744314,3204
memorable,8.298783339292532,3205
mencionados,8.586465411744314,3206
mencionar,7.8933182311843675,3207
menos,5.971505633708115,3208
menos mitad,8.298783339292532,3209
menos no,8.586465411744314,3210
mensaje,8.075639787978321,3211
mensajeria,8.586465411744314,3212
mentir,8.298783339292532,3213
menu,7.605636158732587,3214
menú,5.196441330680282,3215
menú bastante,8.586465411744314,3216
menú diario,8.586465411744314,3217
menú día,7.487853123076203,3218
menú extenso,8.586465411744314,3219
menú físico,8.586465411744314,3220
menú no,8.075639787978321,3221
menú similar,8.586465411744314,3222
menú variado,7.287182427614052,3223
menús,8.586465411744314,3224
merece,7.287182427614052,3225
merece pena,8.586465411744314,3226
merecen,8.298783339292532,3227
mes,8.298783339292532,3228
mesa,5.131200808811881,3229
mesa no,7.8933182311843675,3230
mesa pedido,8.586465411744314,3231
mesa sin,8.586465411744314,3232
mesa sucia,8.586465411744314,3233
mesa toma,8.586465411744314,3234
mesa totalmente,8.586465411744314,3235
mesas,5.878415210642102,3236
mesas grandes,8.586465411744314,3237
mesas llegaron,8.586465411744314,3238
mesas no,8.075639787978321,3239
mesas sillas,8.075639787978321,3240
mesera,6.101558761956312,3241
mesera amable,8.586465411744314,3242
mesera atendió,8.586465411744314,3243
meseras,7.046020370797164,3244
meseras no,8.586465411744314,3245
mesero,6.021516054282776,3246
mesero amable,8.586465411744314,3247
mesero dejó,8.586465411744314,3248
mesero dijo,8.586465411744314,3249
mesero no,7.739167551357109,3250
mesero particular,8.586465411744314,3251
meseros,5.465569995236316,3252
meseros amables,8.586465411744314,3253
meseros atentos,7.8933182311843675,3254
meseros atienden,8.586465411744314,3255
meseros comida,8.586465411744314,3256
meseros groseros,8.586465411744314,3257
meseros no,8.075639787978321,3258
meseros pésimo,8.586465411744314,3259
meses,8.298783339292532,3260
mex,8.586465411744314,3261
mexicana,6.977027499310212,3262
mexicano,8.075639787978321,3263
mezcla,7.200171050624422,3264
mezcla sabores,8.298783339292532,3265
mienten,8.586465411744314,3266
mientras,7.200171050624422,3267
mignon,8.586465411744314,3268
mil,6.219341797612696,3269
mil pesos,7.120128342950886,3270
mil veces,7.8933182311843675,3271
min,7.382492607418377,3272
mini,8.298783339292532,3273
minutos,5.659726009677273,3274
minutos atiendan,8.586465411744314,3275
minutos después,8.298783339292532,3276
minutos esperando,8.075639787978321,3277
minutos llegar,8.298783339292532,3278
minutos más,8.586465411744314,3279
minutos ningún,8.586465411744314,3280
minutos nunca,8.298783339292532,3281
minutos sin,8.586465411744314,3282
minutos tomar,8.586465411744314,3283
mira,8.586465411744314,3284
miran,8.586465411744314,3285
mirando,8.075639787978321,3286
mirar,8.298783339292532,3287
miserable,8.586465411744314,3288
misma,7.487853123076203,3289
mismas,8.298783339292532,3290
mismo,6.352873190237219,3291
mismo comida,8.586465411744314,3292
mismo lugar,8.586465411744314,3293
mismo no,8.586465411744314,3294
mismos,7.739167551357109,3295
mitad,7.487853123076203,3296
mixta,8.586465411744314,3297
mobiliario,8.586465411744314,3298
moderados,8.586465411744314,3299
moderna,8.586465411744314,3300
moderno,7.8933182311843675,3301
modestos,8.586465411744314,3302
moho,8.298783339292532,3303
mojito,8.586465411744314,3304
mojitos,8.586465411744314,3305
molesta,8.075639787978321,3306
molestar,8.586465411744314,3307
molida,8.586465411744314,3308
molino,8.586465411744314,3309
momento,5.659726009677273,3310
momento entré,8.586465411744314,3311
momento hacer,8.586465411744314,3312
momento mágico,8.586465411744314,3313
momento ordenar,8.586465411744314,3314
momentos,7.739167551357109,3315
montón,8.586465411744314,3316
mora,8.298783339292532,3317
mordida,8.586465411744314,3318
moscas,8.298783339292532,3319
mostró,8.298783339292532,3320
moto,8.298783339292532,3321
motos,7.739167551357109,3322
movieron,8.586465411744314,3323
muchachas,8.586465411744314,3324
muchísimas,8.075639787978321,3325
muchísimas opciones,8.586465411744314,3326
muchísimo,7.046020370797164,3327
muchísimos,8.586465411744314,3328
muestra,8.298783339292532,3329
mujer,8.586465411744314,3330
mundo,7.605636158732587,3331
musica,8.298783339292532,3332
musical,8.586465411744314,3333
mágico,7.8933182311843675,3334
máquina,8.298783339292532,3335
más,4.057456586721786,3336
más agradable,8.298783339292532,3337
más allá,8.586465411744314,3338
más atención,8.298783339292532,3339
más años,8.586465411744314,3340
más aún,8.586465411744314,3341
más bonito,8.586465411744314,3342
más caro,8.298783339292532,3343
más destacados,8.586465411744314,3344
más económico,8.586465411744314,3345
más especial,7.8933182311843675,3346
más fuerte,8.586465411744314,3347
más grande,7.739167551357109,3348
más grandes,8.586465411744314,3349
más hora,6.640555262688999,3350
más horas,8.586465411744314,3351
más importante,8.075639787978321,3352
más interesados,8.586465411744314,3353
más lugar,8.586465411744314,3354
más menos,8.298783339292532,3355
más mesas,8.586465411744314,3356
más min,8.586465411744314,3357
más minutos,7.382492607418377,3358
más moderno,8.586465411744314,3359
más pagas,8.586465411744314,3360
más pendiente,8.586465411744314,3361
más personas,8.586465411744314,3362
más plato,8.586465411744314,3363
más platos,8.298783339292532,3364
más porciones,8.586465411744314,3365
más ricas,8.586465411744314,3366
más rico,8.586465411744314,3367
más rápido,8.586465411744314,3368
más solo,8.586465411744314,3369
más tiempo,8.298783339292532,3370
más tradicionales,8.586465411744314,3371
máster,8.586465411744314,3372
método,8.298783339292532,3373
método pago,8.586465411744314,3374
métodos,8.075639787978321,3375
métodos pago,8.586465411744314,3376
mínimas,8.586465411744314,3377
mínimo,8.586465411744314,3378
múltiples,7.8933182311843675,3379
múltiples espacios,8.586465411744314,3380
música,5.5261946170527505,3381
música agradable,8.075639787978321,3382
música ambiente,8.298783339292532,3383
música atención,8.586465411744314,3384
música comida,8.298783339292532,3385
música espacio,8.586465411744314,3386
música están,8.586465411744314,3387
música fuerte,8.298783339292532,3388
música lugar,8.586465411744314,3389
música variada,8.586465411744314,3390
nachos,8.586465411744314,3391
nada,4.975547499100088,3392
nada agradable,8.586465411744314,3393
nada agradables,8.586465411744314,3394
nada comida,8.298783339292532,3395
nada decir,8.586465411744314,3396
nada destacar,8.586465411744314,3397
nada especial,8.298783339292532,3398
nada fuera,8.586465411744314,3399
nada más,7.8933182311843675,3400
nada nada,8.586465411744314,3401
nada no,8.075639787978321,3402
nada recomendado,8.586465411744314,3403
nada ver,7.046020370797164,3404
nadie,6.977027499310212,3405
narra,8.298783339292532,3406
natural,7.739167551357109,3407
naturales,7.8933182311843675,3408
naturales buenos,8.586465411744314,3409
naturaleza,8.586465411744314,3410
necesaria,8.586465411744314,3411
necesario,8.298783339292532,3412
necesidad,8.298783339292532,3413
necesidades,8.586465411744314,3414
necesita,7.8933182311843675,3415
necesitaba,8.586465411744314,3416
necesitamos,8.298783339292532,3417
necesitan,8.586465411744314,3418
necesitas,8.586465411744314,3419
necesitábamos,8.586465411744314,3420
negaron,8.586465411744314,3421
negaron entrada,8.586465411744314,3422
negativa,7.8933182311843675,3423
negativo,8.298783339292532,3424
negativos,8.586465411744314,3425
negocio,7.605636158732587,3426
negocio no,8.586465411744314,3427
negocios,7.200171050624422,3428
nequi,7.120128342950886,3429
new,8.298783339292532,3430
new york,8.298783339292532,3431
ni,5.120729508944586,3432
ni calidad,8.298783339292532,3433
ni carta,8.586465411744314,3434
ni diga,7.8933182311843675,3435
ni estrella,8.586465411744314,3436
ni hablar,7.8933182311843675,3437
ni meseros,8.586465411744314,3438
ni siquiera,6.507023870064477,3439
nigiri,8.298783339292532,3440
ningun,8.298783339292532,3441
ninguna,7.046020370797164,3442
ninguna parte,8.586465411744314,3443
ningún,6.851864356356207,3444
ningún lado,7.8933182311843675,3445
ningún momento,8.298783339292532,3446
ningún sentido,8.586465411744314,3447
nisiquiera,8.298783339292532,3448
nivel,6.912488978172641,3449
niños,7.287182427614052,3450
no,2.8360114177789653,3451
no aceptan,8.075639787978321,3452
no agradable,7.739167551357109,3453
no agrado,8.075639787978321,3454
no amabilidad,8.586465411744314,3455
no amable,8.586465411744314,3456
no amante,8.586465411744314,3457
no apto,8.586465411744314,3458
no aquí,8.586465411744314,3459
no así,8.298783339292532,3460
no atendieron,8.586465411744314,3461
no atienden,8.075639787978321,3462
no buen,8.298783339292532,3463
no buena,6.851864356356207,3464
no bueno,7.605636158732587,3465
no buenos,8.298783339292532,3466
no caigan,8.586465411744314,3467
no calidad,8.586465411744314,3468
no capaces,8.075639787978321,3469
no capacitadas,8.586465411744314,3470
no capaz,8.586465411744314,3471
no clientes,8.586465411744314,3472
no cobran,8.586465411744314,3473
no cobren,8.586465411744314,3474
no comparación,8.586465411744314,3475
no compensa,8.298783339292532,3476
no consideran,8.586465411744314,3477
no contestan,7.739167551357109,3478
no convenció,8.586465411744314,3479
no corresponde,8.586465411744314,3480
no costoso,8.586465411744314,3481
no cuenta,7.739167551357109,3482
no cumple,8.586465411744314,3483
no cumplió,8.586465411744314,3484
no cómo,8.586465411744314,3485
no dan,7.487853123076203,3486
no datafono,8.586465411744314,3487
no datáfono,8.586465411744314,3488
no debe,8.586465411744314,3489
no decepcionó,8.586465411744314,3490
no decir,8.298783339292532,3491
no dejan,8.586465411744314,3492
no dejen,8.298783339292532,3493
no demora,8.298783339292532,3494
no demoraron,8.075639787978321,3495
no destaca,8.586465411744314,3496
no dicen,8.586465411744314,3497
no dieron,8.075639787978321,3498
no digo,8.298783339292532,3499
no diría,8.586465411744314,3500
no doy,8.586465411744314,3501
no encuentran,8.586465411744314,3502
no encuentro,8.586465411744314,3503
no entiendo,8.586465411744314,3504
no entregan,8.586465411744314,3505
no entregaron,8.586465411744314,3506
no estuvo,8.075639787978321,3507
no está,7.382492607418377,3508
no están,7.739167551357109,3509
no existe,8.586465411744314,3510
no existen,8.586465411744314,3511
no falta,8.298783339292532,3512
no fresco,8.298783339292532,3513
no frescos,8.075639787978321,3514
no fácil,8.586465411744314,3515
no gran,8.298783339292532,3516
no grande,8.586465411744314,3517
no gusta,7.739167551357109,3518
no gustaron,8.075639787978321,3519
no gusto,7.8933182311843675,3520
no gustó,6.851864356356207,3521
no habla,8.586465411744314,3522
no hablar,8.586465411744314,3523
no había,6.389240834408094,3524
no habíamos,8.586465411744314,3525
no habían,7.739167551357109,3526
no hace,8.586465411744314,3527
no hacen,7.739167551357109,3528
no hacer,8.298783339292532,3529
no hubiera,8.586465411744314,3530
no hubo,7.8933182311843675,3531
no iba,8.075639787978321,3532
no importa,8.586465411744314,3533
no justifica,8.298783339292532,3534
no justo,8.586465411744314,3535
no limpio,8.586465411744314,3536
no llega,7.8933182311843675,3537
no llegan,8.298783339292532,3538
no llego,8.586465411744314,3539
no lleno,8.298783339292532,3540
no lleva,8.586465411744314,3541
no lugar,8.298783339292532,3542
no mala,8.586465411744314,3543
no manera,8.075639787978321,3544
no mejor,6.851864356356207,3545
no merece,8.586465411744314,3546
no meseros,8.298783339292532,3547
no mismo,8.075639787978321,3548
no mismos,8.586465411744314,3549
no más,7.487853123076203,3550
no nada,7.046020370797164,3551
no ni,8.586465411744314,3552
no ninguna,8.586465411744314,3553
no no,8.075639787978321,3554
no olviden,8.298783339292532,3555
no pagar,8.586465411744314,3556
no pareció,8.075639787978321,3557
no parqueadero,7.739167551357109,3558
no parquear,8.586465411744314,3559
no pasa,8.298783339292532,3560
no pedido,8.586465411744314,3561
no personal,8.298783339292532,3562
no pidan,8.586465411744314,3563
no pido,8.586465411744314,3564
no pienses,8.586465411744314,3565
no plan,8.586465411744314,3566
no podemos,8.586465411744314,3567
no poder,8.586465411744314,3568
no podia,8.586465411744314,3569
no posible,8.298783339292532,3570
no preparan,8.586465411744314,3571
no presentación,8.586465411744314,3572
no primera,8.586465411744314,3573
no probado,8.586465411744314,3574
no productos,8.586465411744314,3575
no pude,7.382492607418377,3576
no pudimos,8.298783339292532,3577
no puede,7.287182427614052,3578
no pueden,7.487853123076203,3579
no puedes,7.8933182311843675,3580
no puedo,8.586465411744314,3581
no punto,8.586465411744314,3582
no queda,8.586465411744314,3583
no quería,8.586465411744314,3584
no queríamos,8.586465411744314,3585
no querían,8.586465411744314,3586
no quieres,8.298783339292532,3587
no quiero,8.586465411744314,3588
no quisieron,8.075639787978321,3589
no quita,8.586465411744314,3590
no realizan,8.586465411744314,3591
no reciban,8.586465411744314,3592
no reciben,8.586465411744314,3593
no recomendable,8.298783339292532,3594
no recomendado,7.739167551357109,3595
no recomendar,8.586465411744314,3596
no recomendaría,8.298783339292532,3597
no recomienda,8.586465411744314,3598
no recomiendo,5.480385081021456,3599
no recordaba,8.586465411744314,3600
no recuerdo,8.586465411744314,3601
no regresaré,8.586465411744314,3602
no responden,8.586465411744314,3603
no resulta,8.586465411744314,3604
no rica,8.075639787978321,3605
no sabe,7.8933182311843675,3606
no saben,8.298783339292532,3607
no sabía,7.739167551357109,3608
no sabían,8.586465411744314,3609
no salen,8.586465411744314,3610
no salieron,8.586465411744314,3611
no servicio,8.586465411744314,3612
no siente,8.298783339292532,3613
no sirven,8.298783339292532,3614
no sirvieron,8.298783339292532,3615
no sitio,8.586465411744314,3616
no solo,7.382492607418377,3617
no solución,8.586465411744314,3618
no suficiente,8.586465411744314,3619
no suficientemente,8.075639787978321,3620
no tenga,8.586465411744314,3621
no tenía,6.977027499310212,3622
no tenían,7.287182427614052,3623
no tuviera,8.586465411744314,3624
no tuvieron,8.586465411744314,3625
no tuvo,8.586465411744314,3626
no vale,7.046020370797164,3627
no vayan,8.075639787978321,3628
no venden,8.586465411744314,3629
no ver,8.586465411744314,3630
no volveria,8.586465411744314,3631
no volveré,7.605636158732587,3632
no volvería,7.200171050624422,3633
no volvieron,8.586465411744314,3634
no vuelvo,8.586465411744314,3635
noche,6.283880318750267,3636
noche no,8.586465411744314,3637
noches,8.298783339292532,3638
nocturno,8.586465411744314,3639
nombre,7.487853123076203,3640
normal,6.389240834408094,3641
normal nada,8.586465411744314,3642
normal no,8.586465411744314,3643
normales,8.298783339292532,3644
normalmente,7.8933182311843675,3645
norte,7.739167551357109,3646
norte frente,8.586465411744314,3647
nota,6.640555262688999,3648
nota cuidado,8.298783339292532,3649
nota esfuerzo,8.586465411744314,3650
nota usan,8.586465411744314,3651
notaba,8.586465411744314,3652
notan,8.586465411744314,3653
novia,8.298783339292532,3654
nueva,7.487853123076203,3655
nueva ubicación,8.586465411744314,3656
nuevamente,7.8933182311843675,3657
nuevo,7.287182427614052,3658
nuevos,7.605636158732587,3659
nula,8.298783339292532,3660
numeros,8.586465411744314,3661
nunca,5.541942974020889,3662
nunca atendieron,8.075639787978321,3663
nunca decepcionan,8.586465411744314,3664
nunca había,8.586465411744314,3665
nunca llega,8.075639787978321,3666
nunca llegaron,8.586465411744314,3667
nunca llego,8.586465411744314,3668
nunca llegó,7.120128342950886,3669
nunca volvió,8.298783339292532,3670
nutritivo,8.586465411744314,3671
número,7.120128342950886,3672
número no,8.586465411744314,3673
número whatsapp,8.586465411744314,3674
números,8.298783339292532,3675
obligación,8.586465411744314,3676
obligada,7.8933182311843675,3677
obligado,8.298783339292532,3678
obligatoria,8.586465411744314,3679
obligatorio,8.075639787978321,3680
obra,8.586465411744314,3681
obra maestra,8.586465411744314,3682
observación,7.8933182311843675,3683
obtener,8.586465411744314,3684
obviamente,8.586465411744314,3685
ocasiones,6.851864356356207,3686
ocasiones especiales,8.298783339292532,3687
ocasiones ido,8.586465411744314,3688
ocasión,6.689345426858432,3689
ocasión especial,7.739167551357109,3690
occidente,8.586465411744314,3691
ocupados,8.586465411744314,3692
ofensivos,8.586465411744314,3693
oferta,7.487853123076203,3694
oferta gastronómica,8.298783339292532,3695
oficina,8.586465411744314,3696
ofrece,6.689345426858432,3697
ofrece amplia,8.586465411744314,3698
ofrece experiencia,8.586465411744314,3699
ofrece variedad,8.586465411744314,3700
ofrecen,5.900888066494161,3701
ofrecen gran,8.586465411744314,3702
ofrecen platos,8.586465411744314,3703
ofrecen variedad,8.586465411744314,3704
ofrecer,7.287182427614052,3705
ofreciendo,8.298783339292532,3706
ofrecieran,8.586465411744314,3707
ofrecieron,7.487853123076203,3708
ofrecieron no,8.586465411744314,3709
ofreció,8.075639787978321,3710
ofrecían,8.586465411744314,3711
ojala,8.075639787978321,3712
ojalá,7.200171050624422,3713
ojalá puedan,8.586465411744314,3714
ojo,8.075639787978321,3715
oliva,8.586465411744314,3716
olor,7.739167551357109,3717
olvida,8.586465411744314,3718
olvidar,8.298783339292532,3719
olvidaron,8.075639787978321,3720
olviden,8.298783339292532,3721
olvidó,7.739167551357109,3722
opacan,8.586465411744314,3723
opciones,5.7147857868603005,3724
opciones almorzar,8.586465411744314,3725
opciones carnes,8.586465411744314,3726
opciones comida,8.075639787978321,3727
opciones menú,8.075639787978321,3728
opciones más,8.586465411744314,3729
opciones vegetarianas,8.298783339292532,3730
opción,5.813876689504531,3731
opción disfrutar,8.586465411744314,3732
opinión,7.287182427614052,3733
opinión comida,8.586465411744314,3734
oportuna,8.586465411744314,3735
oportunidad,6.851864356356207,3736
oportunidades,7.8933182311843675,3737
oportuno,8.075639787978321,3738
orden,6.549583484483273,3739
orden llegada,8.586465411744314,3740
ordenada,8.586465411744314,3741
ordenado,7.382492607418377,3742
ordenado limpio,8.586465411744314,3743
ordenar,7.739167551357109,3744
ordenes,8.586465411744314,3745
organización,8.075639787978321,3746
oriental,8.298783339292532,3747
origen,8.586465411744314,3748
original,7.605636158732587,3749
originales,8.586465411744314,3750
oscuro,8.075639787978321,3751
osea,8.586465411744314,3752
oveja,8.075639787978321,3753
pablo,8.298783339292532,3754
paciencia,7.605636158732587,3755
pacifico,7.8933182311843675,3756
pacífico,6.640555262688999,3757
pacífico colombiano,8.075639787978321,3758
padre,7.8933182311843675,3759
padres,8.586465411744314,3760
pagado,8.586465411744314,3761
pagamos,8.075639787978321,3762
pagan,8.586465411744314,3763
pagar,6.283880318750267,3764
pagar efectivo,8.298783339292532,3765
pagar irnos,8.586465411744314,3766
pagar nequi,8.586465411744314,3767
pagar no,8.586465411744314,3768
pagarla,8.586465411744314,3769
pagarlo,8.586465411744314,3770
pagas,8.075639787978321,3771
pago,5.996198246298486,3772
pago efectivo,6.977027499310212,3773
pago transferencia,8.586465411744314,3774
pagos,7.120128342950886,3775
pagos pueden,7.8933182311843675,3776
pague,7.8933182311843675,3777
pagó,8.586465411744314,3778
paila,8.298783339292532,3779
paisa,6.7947059425162575,3780
paisa deliciosa,8.586465411744314,3781
paisa no,8.586465411744314,3782
paisaje,8.586465411744314,3783
palabra,8.586465411744314,3784
palabras,8.075639787978321,3785
paladar,6.851864356356207,3786
paladares,8.586465411744314,3787
paladares exigentes,8.586465411744314,3788
palitos,8.586465411744314,3789
pan,6.466201875544222,3790
panceta,8.075639787978321,3791
pancook,8.586465411744314,3792
pandebono,8.586465411744314,3793
panela,7.8933182311843675,3794
panes,8.298783339292532,3795
panko,8.298783339292532,3796
papa,7.605636158732587,3797
papa no,8.586465411744314,3798
papas,6.219341797612696,3799
papas francesa,8.298783339292532,3800
papas francesas,8.586465411744314,3801
papas también,8.586465411744314,3802
papel,7.382492607418377,3803
papel aluminio,8.586465411744314,3804
papá,8.586465411744314,3805
papás,8.075639787978321,3806
paquete,7.8933182311843675,3807
parada,7.487853123076203,3808
parada obligatoria,8.586465411744314,3809
parece,6.074159787768198,3810
parece excesivo,8.586465411744314,3811
parece falta,8.586465411744314,3812
parece manejan,8.586465411744314,3813
parece no,8.298783339292532,3814
parecen,8.075639787978321,3815
parecer,7.200171050624422,3816
parecer no,8.586465411744314,3817
parecido,8.075639787978321,3818
pareciera,8.586465411744314,3819
parecieron,8.298783339292532,3820
parecio,8.586465411744314,3821
pareció,6.317781870425948,3822
pareció bastante,8.298783339292532,3823
pareció bueno,8.586465411744314,3824
pareció costoso,8.586465411744314,3825
parecía,6.977027499310212,3826
parecía buena,8.586465411744314,3827
parecían,8.075639787978321,3828
parecían recalentados,8.586465411744314,3829
pareja,6.158717175796261,3830
pareja amigos,7.605636158732587,3831
pareja familia,8.075639787978321,3832
parque,7.046020370797164,3833
parque caldas,7.8933182311843675,3834
parque carantanta,8.586465411744314,3835
parqueadero,6.549583484483273,3836
parqueadero propio,8.586465411744314,3837
parqueadero puede,8.586465411744314,3838
parqueaderos,8.586465411744314,3839
parquear,7.487853123076203,3840
parquedero,8.586465411744314,3841
parqueo,7.739167551357109,3842
parqueo no,8.586465411744314,3843
parrilla,7.120128342950886,3844
parte,5.793257402301796,3845
parte experiencia,8.586465411744314,3846
parte mesera,8.298783339292532,3847
parte meseros,8.586465411744314,3848
parte no,8.586465411744314,3849
parte personal,7.8933182311843675,3850
parte señor,8.586465411744314,3851
parte tradición,8.586465411744314,3852
particular,7.120128342950886,3853
particularmente,8.298783339292532,3854
partido,8.586465411744314,3855
pasa,7.739167551357109,3856
pasable,8.298783339292532,3857
pasabocas,8.586465411744314,3858
pasada,8.586465411744314,3859
pasado,7.605636158732587,3860
pasado veces,8.586465411744314,3861
pasados,8.586465411744314,3862
pasamos,7.487853123076203,3863
pasamos super,8.586465411744314,3864
pasan,8.298783339292532,3865
pasar,6.689345426858432,3866
pasar familia,8.586465411744314,3867
pasar rato,7.8933182311843675,3868
pasarla,8.586465411744314,3869
pasaron,7.8933182311843675,3870
pasaron minutos,8.586465411744314,3871
pase,8.298783339292532,3872
pasen,7.8933182311843675,3873
paseo,8.586465411744314,3874
paso,7.287182427614052,3875
pasos,8.586465411744314,3876
pasta,6.851864356356207,3877
pasta carbonara,8.298783339292532,3878
pasta pizza,8.586465411744314,3879
pasta rica,8.586465411744314,3880
pastas,7.287182427614052,3881
pasó,8.298783339292532,3882
patacones,7.739167551357109,3883
patatas,8.298783339292532,3884
patatas bravas,8.298783339292532,3885
patio,8.586465411744314,3886
patoja,8.586465411744314,3887
patojo,8.298783339292532,3888
payanes,6.740638721245982,3889
payanes rico,8.586465411744314,3890
payanesa,7.382492607418377,3891
payanesas,8.586465411744314,3892
payaneses,8.298783339292532,3893
payanés,7.739167551357109,3894
país,7.739167551357109,3895
pechuga,8.586465411744314,3896
pedazo,7.605636158732587,3897
pedazos,8.586465411744314,3898
pedi,7.487853123076203,3899
pedi domicilio,8.586465411744314,3900
pedido,4.897585957630376,3901
pedido completo,8.298783339292532,3902
pedido domicilio,8.586465411744314,3903
pedido horas,8.586465411744314,3904
pedido llegó,8.586465411744314,3905
pedido lugar,8.586465411744314,3906
pedido más,8.298783339292532,3907
pedido no,7.8933182311843675,3908
pedido nunca,8.298783339292532,3909
pedido platos,8.586465411744314,3910
pedidos,6.129729638923009,3911
pedidos demoran,8.586465411744314,3912
pedidos domicilio,8.586465411744314,3913
pedidos no,8.298783339292532,3914
pedimos,5.624634689866003,3915
pedimos domicilio,8.586465411744314,3916
pedimos empanadas,8.586465411744314,3917
pedimos favor,8.586465411744314,3918
pedimos picada,8.298783339292532,3919
pedimos platos,8.586465411744314,3920
pedir,5.753252067688097,3921
pedir domicilio,8.075639787978321,3922
pedir llevar,8.586465411744314,3923
pedir más,8.586465411744314,3924
pedirle,8.586465411744314,3925
pedirlo,8.586465411744314,3926
pedí,5.131200808811881,3927
pedí carne,8.298783339292532,3928
pedí cazuela,8.298783339292532,3929
pedí costillas,8.586465411744314,3930
pedí domicilio,7.487853123076203,3931
pedí favor,8.586465411744314,3932
pedí hamburguesa,8.298783339292532,3933
pedí jugo,8.586465411744314,3934
pedí limonada,8.586465411744314,3935
pedí lomo,8.586465411744314,3936
pedí no,8.075639787978321,3937
pedí pizza,8.586465411744314,3938
pedí salchipapa,8.586465411744314,3939
pedí sushi,8.298783339292532,3940
peligroso,8.586465411744314,3941
pelo,8.586465411744314,3942
pena,5.793257402301796,3943
pena esperar,8.298783339292532,3944
pena pagar,8.586465411744314,3945
pena precio,8.298783339292532,3946
pena venir,8.586465411744314,3947
pena visitar,8.586465411744314,3948
pena visitarlo,8.586465411744314,3949
pendiente,7.046020370797164,3950
pendientes,8.298783339292532,3951
pensado,7.8933182311843675,3952
pensado comida,8.586465411744314,3953
pensados,8.586465411744314,3954
pensando,7.8933182311843675,3955
pensar,8.298783339292532,3956
pensarlo,8.298783339292532,3957
pensarlo veces,8.586465411744314,3958
pensaría,8.586465411744314,3959
pensé,8.298783339292532,3960
peor,6.507023870064477,3961
peor comida,8.586465411744314,3962
peor experiencia,7.8933182311843675,3963
peor servicio,8.298783339292532,3964
peores,8.586465411744314,3965
peores experiencias,8.586465411744314,3966
pequeña,6.640555262688999,3967
pequeña precio,8.586465411744314,3968
pequeñas,6.977027499310212,3969
pequeñas precio,8.586465411744314,3970
pequeño,6.047491540686036,3971
pequeño lugar,8.298783339292532,3972
pequeños,7.487853123076203,3973
pequeños detalles,8.586465411744314,3974
percepción,8.586465411744314,3975
perder,7.487853123076203,3976
perder tiempo,8.586465411744314,3977
perdido,8.298783339292532,3978
perdidos,8.586465411744314,3979
perdiendo,8.586465411744314,3980
perdieron,7.8933182311843675,3981
perdieron cliente,8.298783339292532,3982
perdió,8.586465411744314,3983
perfecta,6.977027499310212,3984
perfectamente,8.075639787978321,3985
perfectas,7.8933182311843675,3986
perfecto,5.878415210642102,3987
perfecto almorzar,8.586465411744314,3988
perfecto compartir,8.586465411744314,3989
perfecto cualquier,8.298783339292532,3990
perfecto disfrutar,8.586465411744314,3991
perfecto ocasión,8.586465411744314,3992
perfecto visitar,8.586465411744314,3993
permanente,8.586465411744314,3994
permite,7.8933182311843675,3995
permiten,8.298783339292532,3996
perrito,8.298783339292532,3997
perritos,8.586465411744314,3998
perro,8.586465411744314,3999
perros,8.075639787978321,4000
persona,6.251090495927277,4001
persona atendió,8.075639787978321,4002
persona grupo,8.586465411744314,4003
persona puede,8.586465411744314,4004
personal,5.050348712182787,4005
personal amable,6.740638721245982,4006
personal atento,7.605636158732587,4007
personal atiende,8.298783339292532,4008
personal buena,8.586465411744314,4009
personal cocina,8.586465411744314,4010
personal demasiado,8.298783339292532,4011
personal hace,8.586465411744314,4012
personal jamás,8.586465411744314,4013
personal no,7.605636158732587,4014
personal recomiendo,8.586465411744314,4015
personal servicio,8.586465411744314,4016
personal suficiente,8.586465411744314,4017
personalizada,8.075639787978321,4018
personalmente,7.8933182311843675,4019
personalmente no,8.586465411744314,4020
personas,5.120729508944586,4021
personas atendían,8.586465411744314,4022
personas atienden,7.382492607418377,4023
personas llegaron,8.298783339292532,4024
personas mesa,8.586465411744314,4025
personas no,7.739167551357109,4026
personas toman,8.586465411744314,4027
pesado,8.075639787978321,4028
pesar,6.549583484483273,4029
pesar haber,8.586465411744314,4030
pescado,7.046020370797164,4031
pescado mariscos,8.586465411744314,4032
pese,7.8933182311843675,4033
pesima,7.605636158732587,4034
pesima atencion,8.586465411744314,4035
pesimo,7.487853123076203,4036
pesimo servicio,7.739167551357109,4037
peso,8.075639787978321,4038
pesos,6.42698116239094,4039
pesos más,8.298783339292532,4040
pesos no,8.075639787978321,4041
pet,7.8933182311843675,4042
pet friendly,7.8933182311843675,4043
peticiones,8.075639787978321,4044
picada,6.912488978172641,4045
picante,6.977027499310212,4046
picar,8.298783339292532,4047
pida,8.075639787978321,4048
pidan,7.200171050624422,4049
pidan domicilio,8.586465411744314,4050
pidas,8.586465411744314,4051
pide,7.120128342950886,4052
pide domicilio,8.586465411744314,4053
piden,7.487853123076203,4054
piden comprobante,8.586465411744314,4055
pides,8.586465411744314,4056
pidiendo,8.075639787978321,4057
pidiendo dinero,8.586465411744314,4058
pidieron,7.382492607418377,4059
pidieron llegaron,8.586465411744314,4060
pidio,8.586465411744314,4061
pidió,7.382492607418377,4062
pido,7.739167551357109,4063
pie,7.8933182311843675,4064
pie limón,8.586465411744314,4065
piedra,8.298783339292532,4066
piensan,8.586465411744314,4067
pienses,8.586465411744314,4068
pienso,7.8933182311843675,4069
pierde,7.605636158732587,4070
pierden,8.586465411744314,4071
pieza,8.586465411744314,4072
pimienta,8.075639787978321,4073
pipian,6.549583484483273,4074
pipian carantanta,8.586465411744314,4075
pipian carantantas,8.586465411744314,4076
pipian deliciosas,8.586465411744314,4077
pipian lulada,8.586465411744314,4078
pipilongo,8.586465411744314,4079
pipián,6.507023870064477,4080
pipián ají,8.298783339292532,4081
pipián carantanta,8.298783339292532,4082
pipián delicioso,8.586465411744314,4083
pipían,7.8933182311843675,4084
pipían buenas,8.586465411744314,4085
piso,6.7947059425162575,4086
pisos,8.586465411744314,4087
pitillo,8.586465411744314,4088
pizza,5.303051065738541,4089
pizza artesanal,8.586465411744314,4090
pizza deliciosa,7.200171050624422,4091
pizza diavola,8.298783339292532,4092
pizza lasagna,8.586465411744314,4093
pizza no,8.586465411744314,4094
pizza rica,8.586465411744314,4095
pizza sin,8.586465411744314,4096
pizzas,6.42698116239094,4097
pizzas deliciosas,8.586465411744314,4098
pizzería,8.075639787978321,4099
piña,7.605636158732587,4100
place,8.586465411744314,4101
placentero,8.586465411744314,4102
placer,8.075639787978321,4103
plan,7.605636158732587,4104
planeado,8.586465411744314,4105
plata,7.487853123076203,4106
platillos,8.075639787978321,4107
plato,4.794728572190669,4108
plato comida,8.586465411744314,4109
plato creo,8.586465411744314,4110
plato día,8.586465411744314,4111
plato está,8.586465411744314,4112
plato fuerte,7.739167551357109,4113
plato llegó,8.586465411744314,4114
plato mar,8.586465411744314,4115
plato no,7.8933182311843675,4116
plato nunca,8.586465411744314,4117
plato pedimos,8.586465411744314,4118
plato preparado,8.586465411744314,4119
plato reina,8.586465411744314,4120
plato sabor,8.586465411744314,4121
plato sin,8.586465411744314,4122
platos,4.0538659185910575,4123
platos atención,8.586465411744314,4124
platos bastante,8.298783339292532,4125
platos bebidas,8.298783339292532,4126
platos buen,8.586465411744314,4127
platos buena,8.075639787978321,4128
platos carta,7.200171050624422,4129
platos deliciosos,7.739167551357109,4130
platos exquisitos,8.298783339292532,4131
platos fríos,8.298783339292532,4132
platos fuertes,8.298783339292532,4133
platos grandes,8.586465411744314,4134
platos llegaron,8.586465411744314,4135
platos mesa,8.586465411744314,4136
platos más,8.298783339292532,4137
platos no,7.120128342950886,4138
platos ofrecen,8.586465411744314,4139
platos pequeños,8.298783339292532,4140
platos pidieron,8.586465411744314,4141
platos preparados,8.586465411744314,4142
platos recomiendo,8.586465411744314,4143
platos ricos,8.298783339292532,4144
platos sabor,8.586465411744314,4145
platos tradicionales,8.075639787978321,4146
platos tuvimos,8.298783339292532,4147
platos típicos,6.851864356356207,4148
platos variados,8.586465411744314,4149
platós,8.586465411744314,4150
plazuela,8.586465411744314,4151
pleno,8.298783339292532,4152
plus,7.8933182311843675,4153
plástico,7.605636158732587,4154
plátano,7.8933182311843675,4155
plátanos,8.586465411744314,4156
pobre,7.8933182311843675,4157
poca,7.046020370797164,4158
poca comida,8.586465411744314,4159
pocas,7.8933182311843675,4160
podemos,8.298783339292532,4161
poder,7.382492607418377,4162
poder comer,8.586465411744314,4163
poder disfrutar,8.586465411744314,4164
podia,8.586465411744314,4165
podido,8.586465411744314,4166
podria,7.8933182311843675,4167
podria mejorar,8.075639787978321,4168
podría,6.7947059425162575,4169
podría decir,8.586465411744314,4170
podría mejor,8.298783339292532,4171
podría mejorar,8.586465411744314,4172
podrían,7.382492607418377,4173
podrían mejorar,7.8933182311843675,4174
podía,8.586465411744314,4175
podían,8.075639787978321,4176
pollo,5.394618259264031,4177
pollo asado,7.605636158732587,4178
pollo crudo,8.586465411744314,4179
pollo no,8.298783339292532,4180
pollo pasta,8.586465411744314,4181
pollo tocineta,8.586465411744314,4182
pollo viejo,8.586465411744314,4183
pollos,8.586465411744314,4184
política,8.298783339292532,4185
pomodoro,8.298783339292532,4186
pone,8.586465411744314,4187
ponen,7.046020370797164,4188
poner,7.287182427614052,4189
pongan,8.586465411744314,4190
pongo,8.075639787978321,4191
pongo estrellas,8.298783339292532,4192
popular,8.298783339292532,4193
poquitas,8.586465411744314,4194
poquito,7.382492607418377,4195
poquito más,8.298783339292532,4196
porcion,8.586465411744314,4197
porciones,5.7730546949842765,4198
porciones abundantes,8.298783339292532,4199
porciones adecuadas,8.298783339292532,4200
porciones buena,8.586465411744314,4201
porciones generosas,7.120128342950886,4202
porciones grandes,8.075639787978321,4203
porciones pequeñas,8.075639787978321,4204
porciones precios,8.586465411744314,4205
porción,5.971505633708115,4206
porción buena,8.586465411744314,4207
porción papas,8.586465411744314,4208
porción pequeña,8.075639787978321,4209
porfavor,8.298783339292532,4210
porq,8.298783339292532,4211
posible,7.382492607418377,4212
posible pida,8.586465411744314,4213
positiva,8.586465411744314,4214
positivo,8.075639787978321,4215
postre,6.074159787768198,4216
postre delicioso,8.586465411744314,4217
postre eduardo,7.605636158732587,4218
postre no,8.586465411744314,4219
postres,6.352873190237219,4220
potenciar,8.586465411744314,4221
prados,8.586465411744314,4222
prados norte,8.586465411744314,4223
pre,8.586465411744314,4224
precio,4.585211272588224,4225
precio accesible,8.586465411744314,4226
precio adecuado,8.586465411744314,4227
precio alto,8.298783339292532,4228
precio asequible,8.298783339292532,4229
precio buena,8.075639787978321,4230
precio calidad,7.287182427614052,4231
precio comida,8.586465411744314,4232
precio costoso,8.586465411744314,4233
precio cómodo,8.586465411744314,4234
precio económico,8.586465411744314,4235
precio elevado,8.586465411744314,4236
precio esperaba,8.586465411744314,4237
precio está,7.8933182311843675,4238
precio justo,8.586465411744314,4239
precio lugar,8.075639787978321,4240
precio mal,8.586465411744314,4241
precio mejor,8.586465411744314,4242
precio no,7.382492607418377,4243
precio ofrecen,8.586465411744314,4244
precio platos,8.586465411744314,4245
precio razonable,8.586465411744314,4246
precio servicio,8.586465411744314,4247
precios,4.5551789854893485,4248
precios accesibles,7.046020370797164,4249
precios acorde,8.586465411744314,4250
precios acordes,8.298783339292532,4251
precios ajustan,8.586465411744314,4252
precios altos,7.487853123076203,4253
precios asequibles,8.075639787978321,4254
precios bastante,8.586465411744314,4255
precios buena,8.586465411744314,4256
precios buenos,8.075639787978321,4257
precios caros,8.586465411744314,4258
precios cómodos,8.075639787978321,4259
precios economicos,8.586465411744314,4260
precios elevados,7.739167551357109,4261
precios están,8.075639787978321,4262
precios exagerados,8.298783339292532,4263
precios justos,7.382492607418377,4264
precios manejan,8.586465411744314,4265
precios mejor,8.586465411744314,4266
precios menú,8.586465411744314,4267
precios moderados,8.586465411744314,4268
precios nada,8.586465411744314,4269
precios no,7.605636158732587,4270
precios parecieron,8.298783339292532,4271
precios razonables,7.8933182311843675,4272
precioso,7.382492607418377,4273
precioso acogedor,8.586465411744314,4274
precioso comida,8.586465411744314,4275
preferencias,8.298783339292532,4276
preferible,8.586465411744314,4277
preferido,7.8933182311843675,4278
preferidos,8.586465411744314,4279
preferí,8.298783339292532,4280
preferí no,8.586465411744314,4281
prefiero,8.075639787978321,4282
pregunta,8.298783339292532,4283
preguntamos,8.075639787978321,4284
preguntan,8.298783339292532,4285
preguntar,6.851864356356207,4286
preguntar ingredientes,8.586465411744314,4287
preguntarle,8.298783339292532,4288
preguntarte,8.586465411744314,4289
preguntarte deseas,8.586465411744314,4290
preguntas,8.298783339292532,4291
pregunté,8.298783339292532,4292
premium,8.298783339292532,4293
preparaciones,7.605636158732587,4294
preparación,6.283880318750267,4295
preparación alimentos,8.586465411744314,4296
preparación cafés,8.586465411744314,4297
preparación comidas,8.586465411744314,4298
preparada,7.487853123076203,4299
preparado,7.200171050624422,4300
preparado ni,8.586465411744314,4301
preparados,7.120128342950886,4302
preparan,6.640555262688999,4303
preparan platos,8.298783339292532,4304
preparar,8.298783339292532,4305
prepotente,8.298783339292532,4306
presencia,8.586465411744314,4307
presenta,8.298783339292532,4308
presentacion,8.586465411744314,4309
presentaciones,8.586465411744314,4310
presentación,5.480385081021456,4311
presentación comida,8.586465411744314,4312
presentación impecable,8.298783339292532,4313
presentación lugar,8.586465411744314,4314
presentación personal,8.586465411744314,4315
presentación plato,8.075639787978321,4316
presentación platos,7.287182427614052,4317
presentación preparación,8.586465411744314,4318
presentada,7.8933182311843675,4319
presentados,8.075639787978321,4320
presentamos,8.586465411744314,4321
presentar,8.586465411744314,4322
prestar,7.8933182311843675,4323
prestar atención,8.586465411744314,4324
presten,8.586465411744314,4325
presupuesto,8.075639787978321,4326
presupuestos,8.298783339292532,4327
primer,7.046020370797164,4328
primer bocado,8.298783339292532,4329
primer momento,8.298783339292532,4330
primer piso,7.8933182311843675,4331
primera,6.188570138945942,4332
primera calidad,8.586465411744314,4333
primera vez,6.594035247054107,4334
primero,6.977027499310212,4335
primero personas,8.586465411744314,4336
principal,8.586465411744314,4337
principalmente,8.586465411744314,4338
principio,7.487853123076203,4339
principio fin,8.298783339292532,4340
prioridad,8.298783339292532,4341
privado,8.586465411744314,4342
probado,6.594035247054107,4343
probado varios,8.298783339292532,4344
probamos,7.200171050624422,4345
probamos tenían,8.586465411744314,4346
probando,8.586465411744314,4347
probar,5.7730546949842765,4348
probar comida,7.8933182311843675,4349
probar degustar,8.586465411744314,4350
probar gastronomía,8.586465411744314,4351
probar más,8.298783339292532,4352
probar platos,7.382492607418377,4353
probar postres,8.586465411744314,4354
probar salpicón,8.586465411744314,4355
probar varios,8.586465411744314,4356
probarlo,8.586465411744314,4357
probarlos,8.298783339292532,4358
probe,8.586465411744314,4359
problema,7.120128342950886,4360
problemas,7.605636158732587,4361
probé,6.977027499310212,4362
probé hamburguesa,8.586465411744314,4363
proceso,7.8933182311843675,4364
producto,6.507023870064477,4365
productos,5.607540256506703,4366
productos baratos,8.586465411744314,4367
productos buenos,8.586465411744314,4368
productos carta,8.298783339292532,4369
productos deliciosos,8.075639787978321,4370
productos excelente,8.586465411744314,4371
productos típicos,8.298783339292532,4372
profesional,7.739167551357109,4373
profesionalismo,8.075639787978321,4374
promedio,7.487853123076203,4375
promete,8.586465411744314,4376
prometen,8.298783339292532,4377
promoción,8.298783339292532,4378
pronto,7.120128342950886,4379
propia,7.8933182311843675,4380
propietario,7.739167551357109,4381
propietarios,7.739167551357109,4382
propina,7.046020370797164,4383
propina sin,8.586465411744314,4384
propio,8.075639787978321,4385
propios,8.298783339292532,4386
proporcional,8.586465411744314,4387
propuesta,6.740638721245982,4388
propuesta culinaria,8.298783339292532,4389
propuesta diferente,8.586465411744314,4390
propuesta gastronómica,8.586465411744314,4391
propósito,8.586465411744314,4392
propósito crema,8.586465411744314,4393
proteina,8.586465411744314,4394
proteína,7.605636158732587,4395
proteínas,7.8933182311843675,4396
pruebo,8.586465411744314,4397
prácticamente,7.382492607418377,4398
prácticamente vacío,8.586465411744314,4399
próxima,8.298783339292532,4400
publicidad,7.739167551357109,4401
publicidad engañosa,8.075639787978321,4402
pude,7.120128342950886,4403
pude comer,8.298783339292532,4404
pude disfrutar,8.586465411744314,4405
pudiera,8.075639787978321,4406
pudimos,7.8933182311843675,4407
pudimos probar,8.586465411744314,4408
pueda,8.298783339292532,4409
puedan,7.605636158732587,4410
puedan mejorar,8.586465411744314,4411
puede,5.266237092615825,4412
puede compartir,8.586465411744314,4413
puede decir,8.586465411744314,4414
puede dejar,8.075639787978321,4415
puede encontrar,8.298783339292532,4416
puede estacionar,8.586465411744314,4417
puede llegar,8.586465411744314,4418
puede mejorar,7.120128342950886,4419
puede pagar,7.8933182311843675,4420
puede pedir,8.586465411744314,4421
puede realizar,8.075639787978321,4422
pueden,5.996198246298486,4423
pueden hacer,8.586465411744314,4424
pueden mejorar,7.287182427614052,4425
pueden perder,8.586465411744314,4426
pueden realizar,7.8933182311843675,4427
puedes,6.594035247054107,4428
puedes comer,8.586465411744314,4429
puedes compartir,8.586465411744314,4430
puedes comprar,8.586465411744314,4431
puedes dejar,8.586465411744314,4432
puedes encontrar,8.075639787978321,4433
puedo,7.487853123076203,4434
puedo asegurar,8.586465411744314,4435
puedo decir,8.586465411744314,4436
puente,7.8933182311843675,4437
puente humilladero,7.8933182311843675,4438
puerta,8.075639787978321,4439
puesto,7.8933182311843675,4440
pulpo,8.075639787978321,4441
pulpo gallega,8.298783339292532,4442
punta,8.586465411744314,4443
punta anca,8.586465411744314,4444
punto,5.642026432577873,4445
punto comparación,8.586465411744314,4446
punto deben,8.586465411744314,4447
punto favor,8.586465411744314,4448
punto fuerte,8.586465411744314,4449
punto malo,8.586465411744314,4450
punto mejorar,8.586465411744314,4451
punto perfecto,8.586465411744314,4452
puntos,7.8933182311843675,4453
pura,8.586465411744314,4454
purace,8.586465411744314,4455
pusieron,7.8933182311843675,4456
puso,8.586465411744314,4457
pésima,5.642026432577873,4458
pésima atención,6.466201875544222,4459
pésima calidad,8.586465411744314,4460
pésima comida,7.8933182311843675,4461
pésima experiencia,8.298783339292532,4462
pésimo,5.5261946170527505,4463
pésimo servicio,5.92387758471886,4464
público,7.739167551357109,4465
qaray,8.075639787978321,4466
queda,6.740638721245982,4467
quedaba,8.586465411744314,4468
quedamos,7.8933182311843675,4469
quedan,7.8933182311843675,4470
quedan cortos,8.586465411744314,4471
quedar,7.739167551357109,4472
quedaron,8.586465411744314,4473
quedarse,8.586465411744314,4474
quede,7.382492607418377,4475
quedo,8.298783339292532,4476
quedé,7.739167551357109,4477
quedó,7.382492607418377,4478
queja,7.739167551357109,4479
quejas,8.586465411744314,4480
quemada,8.298783339292532,4481
quemadas,8.298783339292532,4482
quemado,8.075639787978321,4483
querido,8.586465411744314,4484
queridos,8.586465411744314,4485
quería,7.382492607418377,4486
queríamos,7.605636158732587,4487
querían,8.586465411744314,4488
queso,6.188570138945942,4489
queso campesino,8.586465411744314,4490
queso crema,8.586465411744314,4491
queso perfecto,8.586465411744314,4492
quesos,8.586465411744314,4493
quiera,7.739167551357109,4494
quieran,7.8933182311843675,4495
quiere,7.046020370797164,4496
quiere probar,8.586465411744314,4497
quieren,7.120128342950886,4498
quieres,7.046020370797164,4499
quieres probar,8.075639787978321,4500
quiero,7.120128342950886,4501
quiero comentar,8.586465411744314,4502
quiero imaginar,8.586465411744314,4503
quise,8.586465411744314,4504
quisiera,8.586465411744314,4505
quisieron,7.8933182311843675,4506
quisieron atender,8.586465411744314,4507
quisimos,8.298783339292532,4508
quisimos probar,8.586465411744314,4509
quita,8.586465411744314,4510
quitaron,8.586465411744314,4511
quizá,8.586465411744314,4512
quizás,7.8933182311843675,4513
quizás mejor,8.586465411744314,4514
quién,8.298783339292532,4515
qué,6.129729638923009,4516
qué atención,8.586465411744314,4517
qué lugar,8.586465411744314,4518
qué pedir,8.586465411744314,4519
rainbow,8.586465411744314,4520
rainbow roll,8.586465411744314,4521
ramen,6.594035247054107,4522
ramen chashu,8.586465411744314,4523
rana,8.298783339292532,4524
rango,8.586465411744314,4525
rapidez,8.586465411744314,4526
rapido,7.287182427614052,4527
rappi,8.298783339292532,4528
raro,8.075639787978321,4529
raros,8.586465411744314,4530
rato,6.977027499310212,4531
rato agradable,8.586465411744314,4532
rato ameno,8.586465411744314,4533
rato dijeron,8.586465411744314,4534
razonable,7.8933182311843675,4535
razonables,7.739167551357109,4536
razones,8.586465411744314,4537
razón,7.739167551357109,4538
raíces,8.586465411744314,4539
real,8.298783339292532,4540
realidad,7.605636158732587,4541
realizado,8.586465411744314,4542
realizamos,8.586465411744314,4543
realizan,7.739167551357109,4544
realizar,6.740638721245982,4545
realizar efectivo,8.586465411744314,4546
realizar eventos,8.586465411744314,4547
realizar pago,8.586465411744314,4548
realizar tarjeta,8.298783339292532,4549
realizó,8.298783339292532,4550
realmente,5.696093653848148,4551
realmente bueno,8.586465411744314,4552
realmente deliciosa,8.586465411744314,4553
realmente delicioso,8.586465411744314,4554
realmente encantó,8.586465411744314,4555
realmente hace,8.586465411744314,4556
realmente no,8.298783339292532,4557
realmente sitio,8.586465411744314,4558
realmente vale,8.075639787978321,4559
recalentada,8.586465411744314,4560
recalentado,8.586465411744314,4561
recalentados,8.298783339292532,4562
recargo,8.586465411744314,4563
recepción,8.586465411744314,4564
receta,8.298783339292532,4565
recetas,8.075639787978321,4566
rechazo,8.586465411744314,4567
reciban,8.586465411744314,4568
recibe,8.298783339292532,4569
reciben,7.739167551357109,4570
recibes,8.586465411744314,4571
recibido,8.075639787978321,4572
recibieron,8.298783339292532,4573
recibimiento,8.298783339292532,4574
recibimos,8.586465411744314,4575
recibir,7.8933182311843675,4576
recibí,8.075639787978321,4577
recién,7.8933182311843675,4578
reclamar,8.586465411744314,4579
reclamo,7.605636158732587,4580
recoger,8.298783339292532,4581
recomendable,6.188570138945942,4582
recomendable lugar,8.586465411744314,4583
recomendable probar,8.586465411744314,4584
recomendaciones,7.739167551357109,4585
recomendación,6.466201875544222,4586
recomendada,7.739167551357109,4587
recomendadas,7.8933182311843675,4588
recomendadisimo,7.382492607418377,4589
recomendadisimos,8.075639787978321,4590
recomendado,4.268977298208002,4591
recomendado buscan,8.586465411744314,4592
recomendado comer,8.586465411744314,4593
recomendado comida,8.298783339292532,4594
recomendado familia,8.298783339292532,4595
recomendado lugar,8.298783339292532,4596
recomendado sitio,8.075639787978321,4597
recomendado totalmente,8.586465411744314,4598
recomendados,7.046020370797164,4599
recomendadísimo,8.075639787978321,4600
recomendando,8.075639787978321,4601
recomendar,7.487853123076203,4602
recomendaria,8.586465411744314,4603
recomendaron,8.075639787978321,4604
recomendaría,7.046020370797164,4605
recomendó,8.586465411744314,4606
recomienda,7.605636158732587,4607
recomiendo,4.391772875687931,4608
recomiendo absoluto,8.586465411744314,4609
recomiendo atención,8.586465411744314,4610
recomiendo buen,8.586465411744314,4611
recomiendo chuleta,8.586465411744314,4612
recomiendo cualquiera,8.298783339292532,4613
recomiendo empanadas,8.298783339292532,4614
recomiendo falta,8.586465411744314,4615
recomiendo limonada,8.586465411744314,4616
recomiendo lugar,7.046020370797164,4617
recomiendo muchísimo,8.586465411744314,4618
recomiendo nada,7.382492607418377,4619
recomiendo no,8.075639787978321,4620
recomiendo picada,8.586465411744314,4621
recomiendo pizza,8.298783339292532,4622
recomiendo postre,8.586465411744314,4623
recomiendo sin,8.586465411744314,4624
recomiendo sitio,8.586465411744314,4625
reconocido,8.075639787978321,4626
recordaba,8.298783339292532,4627
recordó,8.586465411744314,4628
recuerda,8.075639787978321,4629
recuerdo,7.8933182311843675,4630
recuerdos,8.586465411744314,4631
rededor,8.298783339292532,4632
redes,7.8933182311843675,4633
redes sociales,8.298783339292532,4634
redimir,8.586465411744314,4635
reducida,8.586465411744314,4636
reducido,8.586465411744314,4637
referente,7.8933182311843675,4638
referente gastronómico,8.586465411744314,4639
refinada,8.298783339292532,4640
refinado,8.586465411744314,4641
refleja,8.298783339292532,4642
reflejan,8.586465411744314,4643
refrescante,7.739167551357109,4644
regalan,8.586465411744314,4645
regaña,8.586465411744314,4646
regañar,8.586465411744314,4647
region,8.586465411744314,4648
región,6.912488978172641,4649
regresar,7.8933182311843675,4650
regresaré,8.586465411744314,4651
regresaría,8.075639787978321,4652
regreso,7.8933182311843675,4653
regresó,8.586465411744314,4654
regular,6.283880318750267,4655
regular servicio,8.298783339292532,4656
regulares,8.298783339292532,4657
reina,8.586465411744314,4658
relación,5.753252067688097,4659
relación calidad,6.317781870425948,4660
relación costo,8.586465411744314,4661
relación precio,7.287182427614052,4662
relación precios,8.586465411744314,4663
relajado,8.075639787978321,4664
relajarse,8.298783339292532,4665
relativamente,7.8933182311843675,4666
rellena,8.075639787978321,4667
rellenas,8.298783339292532,4668
relleno,8.586465411744314,4669
remal,8.586465411744314,4670
renovado,8.298783339292532,4671
repetir,7.605636158732587,4672
repetiría,8.298783339292532,4673
repito,8.586465411744314,4674
representativo,8.298783339292532,4675
requerimientos,8.586465411744314,4676
requieren,8.586465411744314,4677
res,7.287182427614052,4678
res dura,8.586465411744314,4679
resalta,8.586465411744314,4680
resaltar,8.586465411744314,4681
resalto,8.586465411744314,4682
rescatable,8.075639787978321,4683
rescatar,8.586465411744314,4684
reserva,6.851864356356207,4685
reserva cumpleaños,8.298783339292532,4686
reserva mesa,8.586465411744314,4687
reservacion,8.586465411744314,4688
reservado,8.075639787978321,4689
reservamos,8.586465411744314,4690
reservar,8.298783339292532,4691
reservas,8.075639787978321,4692
reservo,8.586465411744314,4693
reservé,8.298783339292532,4694
reservó,8.586465411744314,4695
reseña,8.298783339292532,4696
reseña más,8.586465411744314,4697
reseñas,8.586465411744314,4698
resolver,8.298783339292532,4699
resolver preguntas,8.586465411744314,4700
respecto,6.689345426858432,4701
respecto atención,8.586465411744314,4702
respecto calidad,8.586465411744314,4703
respecto servicio,8.586465411744314,4704
respetar,8.298783339292532,4705
respeto,6.594035247054107,4706
respeto clientes,8.586465411744314,4707
respetuoso,8.586465411744314,4708
responde,7.8933182311843675,4709
responden,7.605636158732587,4710
responden rápido,8.298783339292532,4711
responder,8.075639787978321,4712
respondieron,8.586465411744314,4713
respondió,8.298783339292532,4714
respuesta,6.977027499310212,4715
respuesta ni,8.586465411744314,4716
respuestas,7.8933182311843675,4717
resto,6.317781870425948,4718
resto comida,8.298783339292532,4719
resto no,8.586465411744314,4720
resto perfecto,8.586465411744314,4721
resto personal,8.586465411744314,4722
restricciones,8.586465411744314,4723
resulta,7.739167551357109,4724
resulta agradable,8.586465411744314,4725
resulta incómodo,8.586465411744314,4726
resultado,7.8933182311843675,4727
resultaron,8.586465411744314,4728
resultó,8.298783339292532,4729
resumen,7.605636158732587,4730
resumen lugar,8.586465411744314,4731
retirar,8.298783339292532,4732
retirarnos,8.586465411744314,4733
retiraron,8.586465411744314,4734
reuniones,8.075639787978321,4735
reunión,8.075639787978321,4736
revisar,8.298783339292532,4737
revise,8.586465411744314,4738
rey,8.586465411744314,4739
rica,4.4755915475710015,4740
rica ambiente,8.586465411744314,4741
rica atención,7.739167551357109,4742
rica buen,7.8933182311843675,4743
rica buena,8.075639787978321,4744
rica comida,6.158717175796261,4745
rica fresca,8.586465411744314,4746
rica hamburguesa,8.586465411744314,4747
rica lugar,8.075639787978321,4748
rica no,8.586465411744314,4749
rica porciones,7.8933182311843675,4750
rica precio,8.298783339292532,4751
rica recomendado,8.586465411744314,4752
rica recomiendo,8.298783339292532,4753
rica sabores,8.586465411744314,4754
rica salsa,8.586465411744314,4755
rica servicio,8.075639787978321,4756
rica variada,8.586465411744314,4757
ricas,6.283880318750267,4758
rico,5.060104887128151,4759
rico almuerzo,8.586465411744314,4760
rico atención,8.586465411744314,4761
rico buen,8.298783339292532,4762
rico buena,8.075639787978321,4763
rico ciudad,8.586465411744314,4764
rico excelente,8.075639787978321,4765
rico precio,8.298783339292532,4766
rico recomendado,8.586465411744314,4767
rico también,8.586465411744314,4768
rico variado,8.586465411744314,4769
ricos,6.251090495927277,4770
rincón,8.075639787978321,4771
riqueza,8.586465411744314,4772
riquísima,7.8933182311843675,4773
risotto,8.586465411744314,4774
riéndose,8.586465411744314,4775
robaron,8.586465411744314,4776
robo,8.075639787978321,4777
rogar,8.298783339292532,4778
rogarles,8.586465411744314,4779
roja,8.586465411744314,4780
rojo,8.586465411744314,4781
roll,8.298783339292532,4782
romana,8.586465411744314,4783
romántica,8.586465411744314,4784
rugula,8.586465411744314,4785
rugula carne,8.586465411744314,4786
ruido,7.8933182311843675,4787
ruidoso,7.8933182311843675,4788
rápida,6.283880318750267,4789
rápida atención,8.586465411744314,4790
rápida buen,8.586465411744314,4791
rápida buena,8.586465411744314,4792
rápida recomiendo,8.586465411744314,4793
rápidas,7.8933182311843675,4794
rápido,5.510690430516785,4795
rápido amables,8.586465411744314,4796
rápido delicioso,8.586465411744314,4797
rápido rico,8.298783339292532,4798
rápidos,7.739167551357109,4799
rápidos atentos,8.586465411744314,4800
río,8.586465411744314,4801
río molino,8.586465411744314,4802
sabe,7.287182427614052,4803
sabemos,8.586465411744314,4804
saben,7.605636158732587,4805
saben atender,8.586465411744314,4806
saben cómo,8.586465411744314,4807
saber,7.739167551357109,4808
sabes,8.586465411744314,4809
sabor,4.229756585054721,4810
sabor aceptable,8.586465411744314,4811
sabor agradable,8.586465411744314,4812
sabor atención,8.298783339292532,4813
sabor buen,8.298783339292532,4814
sabor calidad,8.586465411744314,4815
sabor cantidad,8.586465411744314,4816
sabor carne,8.586465411744314,4817
sabor comida,7.605636158732587,4818
sabor delicioso,7.739167551357109,4819
sabor desagradable,8.586465411744314,4820
sabor diferente,8.586465411744314,4821
sabor excelente,8.586465411744314,4822
sabor excepcional,8.586465411744314,4823
sabor exquisito,8.586465411744314,4824
sabor lugar,8.586465411744314,4825
sabor menú,8.586465411744314,4826
sabor mexicano,8.586465411744314,4827
sabor ni,8.298783339292532,4828
sabor no,7.120128342950886,4829
sabor normal,8.586465411744314,4830
sabor pizza,8.298783339292532,4831
sabor plato,8.586465411744314,4832
sabor platos,8.298783339292532,4833
sabor pollo,8.586465411744314,4834
sabor porciones,8.586465411744314,4835
sabor presentación,8.586465411744314,4836
sabor regular,8.586465411744314,4837
sabor rico,8.586465411744314,4838
sabor servicio,8.586465411744314,4839
sabor súper,8.298783339292532,4840
sabor ácido,8.586465411744314,4841
sabores,5.408411581396368,4842
sabores diferentes,8.586465411744314,4843
sabores distintos,8.586465411744314,4844
sabores intensos,8.586465411744314,4845
sabores mediterráneos,8.586465411744314,4846
sabores pizza,8.298783339292532,4847
sabores precios,8.586465411744314,4848
sabores presentación,8.298783339292532,4849
sabores sorprenden,8.586465411744314,4850
sabores tradicionales,8.586465411744314,4851
sabores únicos,8.586465411744314,4852
sabrosa,7.287182427614052,4853
sabroso,7.739167551357109,4854
sabrosos,8.075639787978321,4855
sabía,7.287182427614052,4856
sabían,8.298783339292532,4857
sacar,8.586465411744314,4858
sacaron,8.586465411744314,4859
sal,7.046020370797164,4860
sal ni,8.586465411744314,4861
sal no,8.586465411744314,4862
sala,8.298783339292532,4863
salada,7.605636158732587,4864
salado,7.8933182311843675,4865
salados,8.298783339292532,4866
salas,8.075639787978321,4867
salas juego,8.586465411744314,4868
salchicha,8.586465411744314,4869
salchipapa,7.200171050624422,4870
salchipapas,7.605636158732587,4871
sale,7.739167551357109,4872
salen,7.8933182311843675,4873
sales,8.586465411744314,4874
salida,8.586465411744314,4875
salido,8.075639787978321,4876
saliendo,8.586465411744314,4877
salieron,7.605636158732587,4878
salieron huesos,8.586465411744314,4879
salimos,8.586465411744314,4880
salio,8.298783339292532,4881
salir,6.7947059425162575,4882
salió,6.912488978172641,4883
salió más,8.586465411744314,4884
salmón,7.8933182311843675,4885
salmón salsa,8.298783339292532,4886
salpicon,8.075639787978321,4887
salpicon payanes,8.298783339292532,4888
salpicón,6.021516054282776,4889
salpicón baudilia,7.8933182311843675,4890
salpicón helado,8.075639787978321,4891
salpicón payanes,7.287182427614052,4892
salpicón payanés,7.739167551357109,4893
salsa,5.834930098702364,4894
salsa ajo,8.298783339292532,4895
salsa bbq,8.298783339292532,4896
salsa camarones,8.586465411744314,4897
salsa maní,8.298783339292532,4898
salsa picante,8.586465411744314,4899
salsa pomodoro,8.298783339292532,4900
salsa rica,8.586465411744314,4901
salsa soya,8.586465411744314,4902
salsa tomate,8.586465411744314,4903
salsas,6.640555262688999,4904
salsas no,8.586465411744314,4905
salsas ricas,8.586465411744314,4906
salud,7.8933182311843675,4907
saludable,8.298783339292532,4908
saludables,8.586465411744314,4909
saludar,8.075639787978321,4910
saludo,8.586465411744314,4911
salí,8.075639787978321,4912
salón,8.075639787978321,4913
sana,8.586465411744314,4914
sancocho,7.200171050624422,4915
sancocho gallina,8.298783339292532,4916
sancochos,8.586465411744314,4917
sanduche,8.075639787978321,4918
sandwich,7.487853123076203,4919
sangre,8.586465411744314,4920
santa,8.075639787978321,4921
santo,8.586465411744314,4922
santos,7.487853123076203,4923
sapo,8.586465411744314,4924
sashimi,8.586465411744314,4925
satisfecha,8.298783339292532,4926
satisfecho,7.605636158732587,4927
satisfechos,7.739167551357109,4928
sazón,5.7730546949842765,4929
sazón atención,8.298783339292532,4930
sazón espectacular,8.586465411744314,4931
sazón exquisita,8.586465411744314,4932
sazón guapi,8.586465411744314,4933
sazón ni,8.586465411744314,4934
sazón precios,8.586465411744314,4935
seca,7.046020370797164,4936
secarse,8.586465411744314,4937
secarse manos,8.586465411744314,4938
secas,7.8933182311843675,4939
seco,7.046020370797164,4940
seco sin,8.586465411744314,4941
secos,8.298783339292532,4942
sector,7.8933182311843675,4943
sector histórico,8.298783339292532,4944
sede,7.605636158732587,4945
sedes,8.586465411744314,4946
seguido,8.298783339292532,4947
seguir,8.298783339292532,4948
segunda,7.8933182311843675,4949
segunda vez,8.075639787978321,4950
segundo,6.977027499310212,4951
segundo piso,7.287182427614052,4952
seguridad,8.075639787978321,4953
seguro,7.487853123076203,4954
según,7.739167551357109,4955
selección,7.8933182311843675,4956
selección vinos,8.586465411744314,4957
sellado,8.586465411744314,4958
selva,8.586465411744314,4959
semana,6.7947059425162575,4960
semana santa,8.586465411744314,4961
sencilla,8.075639787978321,4962
sencillamente,7.8933182311843675,4963
sencillamente espectacular,8.586465411744314,4964
sencillo,7.120128342950886,4965
sensaciones,8.586465411744314,4966
sensación,7.739167551357109,4967
sentados,8.298783339292532,4968
sentados esperando,8.586465411744314,4969
sentarse,7.8933182311843675,4970
sentido,7.287182427614052,4971
sentir,6.912488978172641,4972
sentir casa,7.8933182311843675,4973
sentir especiales,8.586465411744314,4974
sentí,7.487853123076203,4975
sentía,8.075639787978321,4976
separado,8.298783339292532,4977
seres,8.298783339292532,4978
seres queridos,8.586465411744314,4979
seria,8.586465411744314,4980
seriedad,8.586465411744314,4981
servicial,8.298783339292532,4982
servicio,3.248927332042995,4983
servicio amabilidad,8.298783339292532,4984
servicio amable,7.8933182311843675,4985
servicio amables,8.075639787978321,4986
servicio ambiente,7.487853123076203,4987
servicio atención,6.851864356356207,4988
servicio atento,7.605636158732587,4989
servicio atentos,8.586465411744314,4990
servicio buen,7.739167551357109,4991
servicio buena,7.487853123076203,4992
servicio bueno,6.389240834408094,4993
servicio calidad,8.075639787978321,4994
servicio cercano,8.586465411744314,4995
servicio cliente,6.740638721245982,4996
servicio cocina,8.586465411744314,4997
servicio comida,5.878415210642102,4998
servicio cómida,8.298783339292532,4999
servicio deficiente,8.586465411744314,5000
servicio deliciosa,7.8933182311843675,5001
servicio delicioso,8.586465411744314,5002
servicio demorado,7.487853123076203,5003
servicio demoran,8.586465411744314,5004
servicio domicilio,7.382492607418377,5005
servicio domicilios,8.586465411744314,5006
servicio día,8.586465411744314,5007
servicio eficiente,8.586465411744314,5008
servicio espectacular,7.8933182311843675,5009
servicio excelente,6.507023870064477,5010
servicio excepcional,8.298783339292532,5011
servicio exelente,8.586465411744314,5012
servicio experiencia,8.586465411744314,5013
servicio falta,8.586465411744314,5014
servicio horas,8.586465411744314,5015
servicio impecable,7.487853123076203,5016
servicio lento,7.8933182311843675,5017
servicio lugar,7.487853123076203,5018
servicio mala,7.8933182311843675,5019
servicio malo,7.605636158732587,5020
servicio mesa,7.8933182311843675,5021
servicio meseros,8.075639787978321,5022
servicio minutos,8.586465411744314,5023
servicio más,8.586465411744314,5024
servicio no,6.640555262688999,5025
servicio parte,8.586465411744314,5026
servicio pedí,8.586465411744314,5027
servicio personal,8.075639787978321,5028
servicio precios,8.075639787978321,5029
servicio primera,8.075639787978321,5030
servicio profesional,8.586465411744314,5031
servicio puede,8.075639787978321,5032
servicio pésimo,7.605636158732587,5033
servicio rapido,8.298783339292532,5034
servicio recomendado,8.586465411744314,5035
servicio regular,8.298783339292532,5036
servicio rápido,6.7947059425162575,5037
servicio sin,8.075639787978321,5038
servicio super,8.075639787978321,5039
servicio también,7.8933182311843675,5040
servicio trato,8.586465411744314,5041
servicio veces,8.586465411744314,5042
servicio óptimo,8.586465411744314,5043
servicios,8.075639787978321,5044
servida,7.8933182311843675,5045
servidas,8.298783339292532,5046
servido,7.120128342950886,5047
servidos,8.075639787978321,5048
servilletas,7.739167551357109,5049
servir,6.251090495927277,5050
servir bebidas,8.586465411744314,5051
servir comida,8.075639787978321,5052
servir mesa,8.586465411744314,5053
servir platos,8.298783339292532,5054
servirlo,8.586465411744314,5055
servirme,8.586465411744314,5056
servirnos,8.298783339292532,5057
servirse,8.586465411744314,5058
servían,8.298783339292532,5059
será,7.382492607418377,5060
sería,6.7947059425162575,5061
sería bueno,8.298783339292532,5062
sería genial,8.586465411744314,5063
sería importante,8.586465411744314,5064
señal,8.586465411744314,5065
señor,6.640555262688999,5066
señor contesta,8.586465411744314,5067
señora,6.977027499310212,5068
señora atiende,8.298783339292532,5069
señora cajera,8.586465411744314,5070
señoras,8.586465411744314,5071
shawarma,8.298783339292532,5072
shows,8.586465411744314,5073
siendo,7.200171050624422,5074
siendo excelente,8.586465411744314,5075
sienta,8.298783339292532,5076
sientan,8.298783339292532,5077
sientas,8.298783339292532,5078
siente,6.689345426858432,5079
siente ambiente,8.586465411744314,5080
sienten,8.075639787978321,5081
sienten frescos,8.586465411744314,5082
siento,6.851864356356207,5083
significa,8.298783339292532,5084
significa no,8.586465411744314,5085
significativas,8.586465411744314,5086
sigue,7.382492607418377,5087
sigue siendo,7.605636158732587,5088
siguen,8.075639787978321,5089
sillas,7.120128342950886,5090
sillas incómodas,8.298783339292532,5091
sillas más,8.586465411744314,5092
similar,8.075639787978321,5093
similares,8.298783339292532,5094
simple,6.977027499310212,5095
simplemente,6.549583484483273,5096
simplemente deliciosa,8.298783339292532,5097
simplemente deliciosos,8.586465411744314,5098
simplemente espectacular,8.298783339292532,5099
simples,8.075639787978321,5100
sin,4.531786105914644,5101
sin avisar,8.586465411744314,5102
sin bebida,8.586465411744314,5103
sin clientes,8.586465411744314,5104
sin comer,8.586465411744314,5105
sin contar,8.586465411744314,5106
sin decir,8.586465411744314,5107
sin duda,5.813876689504531,5108
sin dudarlo,8.075639787978321,5109
sin embargo,8.298783339292532,5110
sin encima,8.586465411744314,5111
sin gracia,8.586465411744314,5112
sin igual,8.586465411744314,5113
sin lugar,7.8933182311843675,5114
sin mentir,8.586465411744314,5115
sin nada,8.586465411744314,5116
sin ninguna,8.298783339292532,5117
sin ningún,8.586465411744314,5118
sin pensarlo,8.586465411744314,5119
sin sabor,7.200171050624422,5120
sin salsas,8.586465411744314,5121
sin sazón,8.586465411744314,5122
sin sopa,8.586465411744314,5123
sinceramente,8.298783339292532,5124
sino,7.120128342950886,5125
sintió,7.382492607418377,5126
siquiera,6.389240834408094,5127
siquiera disculpas,8.586465411744314,5128
sirva,8.586465411744314,5129
sirvan,7.739167551357109,5130
sirve,8.075639787978321,5131
sirven,6.129729638923009,5132
sirven carne,8.586465411744314,5133
sirven platos,8.586465411744314,5134
sirven rápido,8.586465411744314,5135
sirven super,8.586465411744314,5136
sirviendo,8.586465411744314,5137
sirvieran,7.739167551357109,5138
sirvieran comida,8.586465411744314,5139
sirvieron,6.251090495927277,5140
sirvieron comida,7.739167551357109,5141
sirvieron mesas,8.298783339292532,5142
sirvió,8.586465411744314,5143
sistema,8.075639787978321,5144
sitio,4.323785534702997,5145
sitio acogedor,8.586465411744314,5146
sitio agradable,6.507023870064477,5147
sitio ambiente,8.586465411744314,5148
sitio amplio,8.586465411744314,5149
sitio bonito,6.977027499310212,5150
sitio buena,8.586465411744314,5151
sitio bueno,8.586465411744314,5152
sitio ciudad,8.586465411744314,5153
sitio comer,8.586465411744314,5154
sitio comida,7.739167551357109,5155
sitio compartir,8.298783339292532,5156
sitio cumple,8.586465411744314,5157
sitio degustar,8.586465411744314,5158
sitio disfrutar,8.298783339292532,5159
sitio especial,8.586465411744314,5160
sitio está,8.586465411744314,5161
sitio excelente,8.586465411744314,5162
sitio favorito,8.586465411744314,5163
sitio hermoso,8.586465411744314,5164
sitio ideal,8.298783339292532,5165
sitio limpio,8.586465411744314,5166
sitio lindo,8.298783339292532,5167
sitio maravilloso,8.586465411744314,5168
sitio no,7.739167551357109,5169
sitio parquear,8.586465411744314,5170
sitio parqueo,8.586465411744314,5171
sitio pequeño,8.075639787978321,5172
sitio precios,8.586465411744314,5173
sitio recomendable,8.586465411744314,5174
sitio recomendado,8.586465411744314,5175
sitio recomiendo,8.586465411744314,5176
sitio super,8.586465411744314,5177
sitio súper,8.586465411744314,5178
sitio tradicional,8.586465411744314,5179
sitio tranquilo,8.298783339292532,5180
sitios,6.851864356356207,5181
sitios más,8.586465411744314,5182
situación,7.382492607418377,5183
sobrebarriga,8.586465411744314,5184
sobretodo,7.8933182311843675,5185
sobrevalorado,8.298783339292532,5186
sociales,8.075639787978321,5187
soda,8.298783339292532,5188
sodas,8.075639787978321,5189
sola,8.075639787978321,5190
solamente,8.075639787978321,5191
solicitada,8.586465411744314,5192
solicitado,7.8933182311843675,5193
solicitamos,7.8933182311843675,5194
solicitando,8.586465411744314,5195
solicitar,7.8933182311843675,5196
solicitar pedido,8.586465411744314,5197
solicite,8.586465411744314,5198
solicitud,8.075639787978321,5199
solicitudes,8.586465411744314,5200
solicité,8.298783339292532,5201
solitario,8.586465411744314,5202
solo,4.948879252017926,5203
solo comer,8.586465411744314,5204
solo está,8.586465411744314,5205
solo experiencia,8.586465411744314,5206
solo falta,8.586465411744314,5207
solo había,8.298783339292532,5208
solo meseros,8.586465411744314,5209
solo mirando,8.586465411744314,5210
solo piden,8.586465411744314,5211
solo probado,8.586465411744314,5212
solo puede,8.298783339292532,5213
solo punto,8.586465411744314,5214
solo quiere,8.586465411744314,5215
solo venden,8.586465411744314,5216
solucionar,8.586465411744314,5217
soluciones,8.298783339292532,5218
solución,7.200171050624422,5219
solución problema,8.586465411744314,5220
solía,8.298783339292532,5221
sonido,8.075639787978321,5222
sonriente,8.586465411744314,5223
sonrisa,8.075639787978321,5224
sopa,6.507023870064477,5225
sopa carantanta,8.586465411744314,5226
sopa cebolla,8.586465411744314,5227
sopa tomate,8.586465411744314,5228
sopas,8.075639787978321,5229
sorprende,8.298783339292532,5230
sorprenden,8.075639787978321,5231
sorprenden primer,8.586465411744314,5232
sorprendió,7.487853123076203,5233
sorprendió gratamente,8.586465411744314,5234
sorpresa,7.120128342950886,5235
sostener,8.586465411744314,5236
sostener conversación,8.586465411744314,5237
soya,8.586465411744314,5238
staff,8.586465411744314,5239
steak,8.075639787978321,5240
suave,7.487853123076203,5241
suave dentro,8.586465411744314,5242
subido,8.586465411744314,5243
subieron,8.075639787978321,5244
subieron precios,8.586465411744314,5245
subió,8.586465411744314,5246
sucedido,8.298783339292532,5247
sucia,8.298783339292532,5248
sucias,7.8933182311843675,5249
sucio,7.739167551357109,5250
sucios,8.586465411744314,5251
sucursal,8.586465411744314,5252
suele,7.8933182311843675,5253
suele bastante,8.586465411744314,5254
suerte,8.075639787978321,5255
suficiente,7.382492607418377,5256
suficientemente,7.605636158732587,5257
sugerencia,7.8933182311843675,5258
sugerencia mejorar,8.586465411744314,5259
sugerencias,8.075639787978321,5260
sugerencias final,8.586465411744314,5261
sugiere,8.298783339292532,5262
sugiero,8.075639787978321,5263
sumado,8.298783339292532,5264
super,4.966578829117328,5265
super agradable,7.739167551357109,5266
super amables,8.586465411744314,5267
super atención,8.586465411744314,5268
super bueno,8.586465411744314,5269
super deliciosa,7.739167551357109,5270
super delicioso,8.586465411744314,5271
super excelente,8.586465411744314,5272
super recomendable,8.298783339292532,5273
super recomendada,8.586465411744314,5274
super recomendadas,8.586465411744314,5275
super recomendado,6.158717175796261,5276
super recomendando,8.586465411744314,5277
super rica,8.298783339292532,5278
super rico,8.586465411744314,5279
super rápido,8.298783339292532,5280
super simple,8.586465411744314,5281
supera,8.586465411744314,5282
superior,8.075639787978321,5283
superó,8.586465411744314,5284
supone,8.586465411744314,5285
supremamente,8.075639787978321,5286
supuesta,8.586465411744314,5287
supuestamente,7.8933182311843675,5288
supuesto,8.298783339292532,5289
sur,8.586465411744314,5290
sur occidente,8.586465411744314,5291
sushi,6.352873190237219,5292
sushi delicioso,8.586465411744314,5293
sushis,8.298783339292532,5294
sábados,8.586465411744314,5295
sándwich,7.739167551357109,5296
sándwiches,8.586465411744314,5297
síntomas,8.586465411744314,5298
sólo,8.075639787978321,5299
súper,4.922903765614667,5300
súper agradable,7.8933182311843675,5301
súper bonito,8.586465411744314,5302
súper buena,8.075639787978321,5303
súper bueno,8.586465411744314,5304
súper deliciosa,7.487853123076203,5305
súper delicioso,8.298783339292532,5306
súper grosero,8.586465411744314,5307
súper mal,8.586465411744314,5308
súper recomendado,6.158717175796261,5309
súper recomendados,8.586465411744314,5310
súper recomiendo,7.739167551357109,5311
súper rico,7.8933182311843675,5312
súper rápido,7.8933182311843675,5313
tacos,6.977027499310212,5314
tacos deliciosos,8.586465411744314,5315
tal,6.594035247054107,5316
tal vez,7.200171050624422,5317
talla,8.586465411744314,5318
tamal,6.7947059425162575,5319
tamal pipian,7.8933182311843675,5320
tamal pipián,8.586465411744314,5321
tamal tolimense,8.298783339292532,5322
tamales,6.912488978172641,5323
tamales empanadas,8.586465411744314,5324
tamales pipián,7.739167551357109,5325
tamalitos,8.298783339292532,5326
tamaño,6.689345426858432,5327
tamaño porción,8.075639787978321,5328
también,5.069957183571163,5329
también buena,7.739167551357109,5330
también bueno,8.298783339292532,5331
también deliciosos,8.586465411744314,5332
también hacen,8.586465411744314,5333
también pidió,8.586465411744314,5334
también puedes,8.586465411744314,5335
también regular,8.586465411744314,5336
también rica,8.298783339292532,5337
también ricos,8.586465411744314,5338
también venden,8.586465411744314,5339
tampoco,6.977027499310212,5340
tarda,7.739167551357109,5341
tarda llegar,8.586465411744314,5342
tardado,8.586465411744314,5343
tardan,7.739167551357109,5344
tardan muchísimo,8.586465411744314,5345
tardaron,7.605636158732587,5346
tardaron horas,8.586465411744314,5347
tarde,6.689345426858432,5348
tarde noche,8.586465411744314,5349
tardear,7.120128342950886,5350
tardes,8.586465411744314,5351
tardo,8.298783339292532,5352
tardó,8.586465411744314,5353
tarjeta,7.046020370797164,5354
tarjeta efectivo,8.298783339292532,5355
tarjeta transferencia,8.586465411744314,5356
tarjetas,8.075639787978321,5357
techo,8.298783339292532,5358
teléfono,7.382492607418377,5359
tema,7.8933182311843675,5360
temperatura,8.298783339292532,5361
temporada,8.298783339292532,5362
temprano,7.120128342950886,5363
temprano lugar,8.586465411744314,5364
temática,7.120128342950886,5365
tenga,7.487853123076203,5366
tengan,7.8933182311843675,5367
tengan cuenta,8.586465411744314,5368
tenia,7.8933182311843675,5369
teniamos,8.586465411744314,5370
tenido,7.605636158732587,5371
teniendo,7.382492607418377,5372
teniendo cuenta,7.605636158732587,5373
tenía,5.947408082129054,5374
tenía actitud,8.586465411744314,5375
tenía buen,8.586465411744314,5376
tenía sabor,7.605636158732587,5377
teníamos,7.739167551357109,5378
teníamos hambre,8.586465411744314,5379
tenían,6.507023870064477,5380
tenían sabor,8.298783339292532,5381
tercera,8.298783339292532,5382
termina,8.586465411744314,5383
terminamos,8.586465411744314,5384
terminando,8.586465411744314,5385
terminar,7.739167551357109,5386
terminar delicioso,8.586465411744314,5387
terminas,8.586465411744314,5388
termines,8.586465411744314,5389
termino,8.075639787978321,5390
termináramos,8.586465411744314,5391
terminé,8.586465411744314,5392
terraza,7.739167551357109,5393
terrible,6.42698116239094,5394
terrible atención,8.075639787978321,5395
terrible comida,8.586465411744314,5396
terrible experiencia,8.298783339292532,5397
terrible no,8.586465411744314,5398
terrible servicio,8.075639787978321,5399
tes,8.586465411744314,5400
tesoro,8.586465411744314,5401
tex,8.586465411744314,5402
tex mex,8.586465411744314,5403
texana,8.586465411744314,5404
textura,7.739167551357109,5405
textura perfecta,8.586465411744314,5406
texturas,8.586465411744314,5407
tibia,8.298783339292532,5408
tiempo,5.341272278558739,5409
tiempo atención,8.586465411744314,5410
tiempo buen,8.586465411744314,5411
tiempo espera,6.851864356356207,5412
tiempo estimado,8.586465411744314,5413
tiempo no,8.298783339292532,5414
tiempo plato,8.586465411744314,5415
tiempo razonable,8.586465411744314,5416
tiempo servicio,8.298783339292532,5417
tiempo tuvimos,8.586465411744314,5418
tiempos,8.298783339292532,5419
tienes,7.200171050624422,5420
tierra,7.8933182311843675,5421
tiesa,8.586465411744314,5422
tieso,8.075639787978321,5423
timbio,8.586465411744314,5424
timbre,8.586465411744314,5425
tipica,8.298783339292532,5426
tipo,6.129729638923009,5427
tipo comida,8.586465411744314,5428
tipos,7.8933182311843675,5429
tipos comida,8.586465411744314,5430
tiramisú,8.298783339292532,5431
tirando,8.298783339292532,5432
tiras,8.586465411744314,5433
toallas,8.586465411744314,5434
toca,7.046020370797164,5435
toca rogarles,8.586465411744314,5436
tocar,8.586465411744314,5437
tocineta,8.075639787978321,5438
toco,8.298783339292532,5439
tocó,6.851864356356207,5440
tolima,8.586465411744314,5441
tolimense,8.075639787978321,5442
toma,7.8933182311843675,5443
toma pedido,8.298783339292532,5444
tomaban,8.586465411744314,5445
tomaban pedido,8.586465411744314,5446
tomahawk,8.586465411744314,5447
tomamos,8.586465411744314,5448
toman,7.8933182311843675,5449
toman pedido,8.075639787978321,5450
tomar,6.594035247054107,5451
tomar orden,8.586465411744314,5452
tomar pedido,8.298783339292532,5453
tomaran,8.586465411744314,5454
tomarle,8.298783339292532,5455
tomarle foto,8.586465411744314,5456
tomarse,8.075639787978321,5457
tomarte,8.586465411744314,5458
tomarán,8.586465411744314,5459
tomate,7.605636158732587,5460
tomates,8.298783339292532,5461
tomates secos,8.298783339292532,5462
tomen,8.298783339292532,5463
tomo,8.298783339292532,5464
tomó,7.8933182311843675,5465
tono,8.586465411744314,5466
top,8.586465411744314,5467
toppings,8.586465411744314,5468
toque,6.640555262688999,5469
toques,8.298783339292532,5470
torta,7.487853123076203,5471
tortas,8.075639787978321,5472
tortilla,8.298783339292532,5473
toscana,8.586465411744314,5474
tosco,8.586465411744314,5475
total,6.594035247054107,5476
total decepción,8.586465411744314,5477
total no,8.298783339292532,5478
totalmente,5.878415210642102,5479
totalmente decepcionada,8.586465411744314,5480
totalmente pena,8.298783339292532,5481
totalmente recomendado,7.382492607418377,5482
trabaja,8.586465411744314,5483
trabajadores,7.739167551357109,5484
trabajan,8.586465411744314,5485
trabajar,7.487853123076203,5486
trabajo,7.382492607418377,5487
tradicional,6.219341797612696,5488
tradicional ciudad,8.586465411744314,5489
tradicional excelente,8.586465411744314,5490
tradicionales,6.851864356356207,5491
tradiciones,8.586465411744314,5492
tradición,6.851864356356207,5493
trae,7.739167551357109,5494
traen,8.586465411744314,5495
traer,7.605636158732587,5496
traernos,8.586465411744314,5497
traerte,8.586465411744314,5498
tragos,8.586465411744314,5499
trajeron,7.287182427614052,5500
trajeron no,8.586465411744314,5501
trajo,8.298783339292532,5502
tranquila,8.075639787978321,5503
tranquilidad,8.075639787978321,5504
tranquilo,5.677744515179952,5505
tranquilo acogedor,8.298783339292532,5506
tranquilo agradable,8.075639787978321,5507
tranquilo atención,8.586465411744314,5508
tranquilo buena,8.075639787978321,5509
tranquilo comida,7.8933182311843675,5510
tranquilo ideal,8.586465411744314,5511
transferencia,6.7947059425162575,5512
transferencia bancolombia,8.298783339292532,5513
transmite,7.8933182311843675,5514
transporta,8.586465411744314,5515
transportan,8.586465411744314,5516
transporte,8.075639787978321,5517
transporte público,8.586465411744314,5518
tras,8.298783339292532,5519
trata,8.075639787978321,5520
tratan,7.739167551357109,5521
tratan cliente,8.586465411744314,5522
tratar,8.586465411744314,5523
trato,7.200171050624422,5524
trato empleados,8.586465411744314,5525
través,8.298783339292532,5526
tremenda,8.586465411744314,5527
tremendo,8.586465411744314,5528
tres,7.287182427614052,5529
triple,8.586465411744314,5530
tris,8.298783339292532,5531
triste,7.287182427614052,5532
triste ver,8.586465411744314,5533
tristeza,7.739167551357109,5534
trozo,7.8933182311843675,5535
trucha,8.075639787978321,5536
turista,7.739167551357109,5537
turistas,8.586465411744314,5538
tuve,6.352873190237219,5539
tuve buena,8.586465411744314,5540
tuve experiencia,8.298783339292532,5541
tuve oportunidad,8.586465411744314,5542
tuviera,8.298783339292532,5543
tuvieron,7.8933182311843675,5544
tuvimos,6.42698116239094,5545
tuvimos esperar,7.8933182311843675,5546
tuvimos pedir,8.075639787978321,5547
tuvo,7.605636158732587,5548
técnica,8.298783339292532,5549
técnicas,8.586465411744314,5550
técnicas vanguardia,8.586465411744314,5551
término,7.046020370797164,5552
término medio,8.075639787978321,5553
término pedimos,8.586465411744314,5554
términos,8.586465411744314,5555
típica,6.352873190237219,5556
típica ciudad,8.586465411744314,5557
típica payanesa,8.075639787978321,5558
típica rica,8.298783339292532,5559
típica zona,8.298783339292532,5560
típicas,7.287182427614052,5561
típicas región,8.075639787978321,5562
típico,7.046020370797164,5563
típico ciudad,8.586465411744314,5564
típicos,6.549583484483273,5565
típicos buen,8.586465411744314,5566
típicos payaneses,8.586465411744314,5567
típicos región,8.298783339292532,5568
ubicación,6.42698116239094,5569
ubicación ambiente,8.586465411744314,5570
ubicación buena,8.586465411744314,5571
ubicación comida,8.586465411744314,5572
ubicada,8.298783339292532,5573
ubicado,6.251090495927277,5574
ubicado centro,7.8933182311843675,5575
ubicado cerca,8.586465411744314,5576
ubicado ciudad,8.586465411744314,5577
ubicado fácil,8.586465411744314,5578
ubicado prados,8.586465411744314,5579
ubicados,8.075639787978321,5580
ubicarse,8.586465411744314,5581
uchuva,8.586465411744314,5582
udon,8.586465411744314,5583
ufff,8.298783339292532,5584
ultima,8.586465411744314,5585
ultimo,8.586465411744314,5586
usan,8.075639787978321,5587
usan ingredientes,8.586465411744314,5588
usar,8.298783339292532,5589
uso,7.8933182311843675,5590
utilizan,8.586465411744314,5591
vacío,7.605636158732587,5592
vacío no,8.586465411744314,5593
vale,5.696093653848148,5594
vale mil,8.586465411744314,5595
vale pena,6.074159787768198,5596
vale totalmente,8.298783339292532,5597
valen,7.8933182311843675,5598
valor,7.487853123076203,5599
valores,7.8933182311843675,5600
valoro,8.586465411744314,5601
vanguardia,8.298783339292532,5602
variable,8.586465411744314,5603
variada,6.640555262688999,5604
variada carta,8.586465411744314,5605
variada exquisita,8.586465411744314,5606
variadas,8.586465411744314,5607
variado,6.389240834408094,5608
variado atención,8.586465411744314,5609
variado menú,8.075639787978321,5610
variados,7.739167551357109,5611
variados deliciosos,8.586465411744314,5612
varias,6.42698116239094,5613
varias cosas,8.586465411744314,5614
varias ocasiones,8.586465411744314,5615
varias opciones,8.586465411744314,5616
varias oportunidades,8.298783339292532,5617
varias personas,8.586465411744314,5618
varias veces,7.382492607418377,5619
variedad,5.381012607208253,5620
variedad carta,8.298783339292532,5621
variedad comida,8.586465411744314,5622
variedad comidas,8.298783339292532,5623
variedad menú,8.075639787978321,5624
variedad opciones,7.487853123076203,5625
variedad platos,6.507023870064477,5626
variedades,8.298783339292532,5627
varios,6.740638721245982,5628
varios ambientes,8.298783339292532,5629
varios platos,7.739167551357109,5630
vas,7.382492607418377,5631
vas fin,8.586465411744314,5632
vasca,8.586465411744314,5633
vaso,7.739167551357109,5634
vaso jugo,8.586465411744314,5635
vasos,7.8933182311843675,5636
vaya,7.487853123076203,5637
vaya no,8.586465411744314,5638
vayan,7.487853123076203,5639
vayan no,8.298783339292532,5640
vayas,8.075639787978321,5641
vean,8.586465411744314,5642
veces,5.642026432577873,5643
veces comida,8.298783339292532,5644
veces ido,8.298783339292532,5645
veces más,8.298783339292532,5646
veces no,8.586465411744314,5647
vegano,8.586465411744314,5648
vegetales,7.739167551357109,5649
vegetariana,7.739167551357109,5650
vegetarianas,8.298783339292532,5651
vegetariano,8.586465411744314,5652
vegetarianos,8.586465411744314,5653
vehículo,7.8933182311843675,5654
vehículos,8.298783339292532,5655
velada,7.287182427614052,5656
ven,8.298783339292532,5657
vendan,8.586465411744314,5658
vende,8.298783339292532,5659
venden,6.549583484483273,5660
venden allí,8.586465411744314,5661
venden almuerzos,8.586465411744314,5662
venden hamburguesas,8.586465411744314,5663
venden pollo,8.586465411744314,5664
vender,7.739167551357109,5665
vengo,7.8933182311843675,5666
venido,8.298783339292532,5667
venimos,8.586465411744314,5668
venir,6.912488978172641,5669
venir amigos,8.586465411744314,5670
venir aquí,8.586465411744314,5671
venta,8.586465411744314,5672
ventilado,8.586465411744314,5673
venía,8.075639787978321,5674
veo,8.586465411744314,5675
ver,6.352873190237219,5676
ver comida,8.586465411744314,5677
ver cómo,8.586465411744314,5678
ver no,8.298783339292532,5679
verdad,5.450971195815163,5680
verdad buen,8.298783339292532,5681
verdad encantó,8.586465411744314,5682
verdad esperaba,8.586465411744314,5683
verdad no,7.120128342950886,5684
verdad nunca,8.586465411744314,5685
verdad servicio,8.586465411744314,5686
verdad sitio,8.586465411744314,5687
verdadera,7.739167551357109,5688
verdaderamente,7.739167551357109,5689
verdaderamente delicioso,8.586465411744314,5690
verdadero,8.586465411744314,5691
verde,8.586465411744314,5692
verdes,8.586465411744314,5693
verduras,7.8933182311843675,5694
vergüenza,8.075639787978321,5695
verificar,8.298783339292532,5696
ves,8.586465411744314,5697
vez,5.354344360126091,5698
vez carta,8.586465411744314,5699
vez comida,8.586465411744314,5700
vez comiendo,8.586465411744314,5701
vez ido,8.586465411744314,5702
vez más,8.586465411744314,5703
vez no,8.586465411744314,5704
vez pido,8.586465411744314,5705
vez vengo,8.586465411744314,5706
vez visito,8.586465411744314,5707
veía,8.586465411744314,5708
veían,8.586465411744314,5709
viaje,7.046020370797164,5710
viajo,8.586465411744314,5711
vida,7.120128342950886,5712
video,8.586465411744314,5713
vieja,7.739167551357109,5714
viejas,8.586465411744314,5715
viejo,7.487853123076203,5716
viendo,8.075639787978321,5717
viene,7.287182427614052,5718
vienen,7.382492607418377,5719
vienes,8.586465411744314,5720
viernes,7.739167551357109,5721
vieron,8.586465411744314,5722
vimos,8.586465411744314,5723
vinagreta,8.586465411744314,5724
vine,8.586465411744314,5725
vino,8.075639787978321,5726
vinos,7.739167551357109,5727
virtual,8.586465411744314,5728
visita,6.740638721245982,5729
visita experiencia,8.586465411744314,5730
visita obligada,8.298783339292532,5731
visitado,7.8933182311843675,5732
visitado lugar,8.586465411744314,5733
visitamos,8.298783339292532,5734
visitan,8.298783339292532,5735
visitando,7.8933182311843675,5736
visitantes,8.298783339292532,5737
visitar,6.317781870425948,5738
visitar lugar,8.298783339292532,5739
visitar pareja,8.586465411744314,5740
visitarlo,8.075639787978321,5741
visitarlos,8.586465411744314,5742
visitas,7.8933182311843675,5743
visite,7.8933182311843675,5744
visite lugar,8.586465411744314,5745
visito,8.298783339292532,5746
visité,8.075639787978321,5747
vista,6.507023870064477,5748
vista espectacular,8.586465411744314,5749
visto,7.8933182311843675,5750
viva,8.586465411744314,5751
vive,8.075639787978321,5752
vive gran,8.586465411744314,5753
viviendo,8.586465411744314,5754
vivir,8.075639787978321,5755
vivir experiencia,8.586465411744314,5756
vivo,7.739167551357109,5757
volumen,7.487853123076203,5758
volver,6.317781870425948,5759
volver pronto,8.298783339292532,5760
volvere,8.586465411744314,5761
volveremos,7.287182427614052,5762
volveria,8.298783339292532,5763
volveré,6.640555262688999,5764
volvería,5.971505633708115,5765
volvería gusto,8.586465411744314,5766
volvería jamás,8.586465411744314,5767
volvería mil,8.586465411744314,5768
volvería probar,8.586465411744314,5769
volvería sin,7.739167551357109,5770
volveríamos,8.586465411744314,5771
volvieron,8.075639787978321,5772
volvió,7.605636158732587,5773
volví,8.075639787978321,5774
volví llamar,8.586465411744314,5775
voz,8.586465411744314,5776
vuelta,8.586465411744314,5777
vueltas,8.586465411744314,5778
vuelva,8.298783339292532,5779
vuelve,8.298783339292532,5780
vuelvo,7.382492607418377,5781
vía,8.298783339292532,5782
waffle,8.075639787978321,5783
wellington,8.298783339292532,5784
whatsapp,7.287182427614052,5785
wifi,8.298783339292532,5786
wok,8.298783339292532,5787
york,8.298783339292532,5788
york steak,8.586465411744314,5789
zanahoria,8.075639787978321,5790
zona,6.219341797612696,5791
zona céntrica,8.586465411744314,5792
zona estacionamiento,8.586465411744314,5793
zona histórica,8.586465411744314,5794
zonas,7.8933182311843675,5795
zonas verdes,8.586465411744314,5796
ácido,7.8933182311843675,5797
ágil,8.298783339292532,5798
ángela,8.586465411744314,5799
ánimo,8.586465411744314,5800
área,8.298783339292532,5801
época,8.298783339292532,5802
éramos,7.8933182311843675,5803
éramos personas,8.586465411744314,5804
ésta,8.586465411744314,5805
ética,8.586465411744314,5806
ético,8.586465411744314,5807
íbamos,8.586465411744314,5808
óptimo,8.586465411744314,5809
órdenes,8.075639787978321,5810
última,7.382492607418377,5811
última vez,8.075639787978321,5812
última visita,8.586465411744314,5813
últimamente,8.586465411744314,5814
último,7.382492607418377,5815
últimos,8.075639787978321,5816
única,6.689345426858432,5817
único,6.219341797612696,5818
único lugar,8.586465411744314,5819
único ofrece,8.586465411744314,5820
único punto,8.586465411744314,5821
únicos,8.075639787978321,5822
